url,page_family,title,h1,meta_description,status,primary_keyword,secondary_keywords,schema_types,faq_present,breadcrumb_present,rfq_cta_present,internal_link_notes,image_status,design_score,seo_score,aeo_score,eeat_score,conversion_score,priority,recommended_action,notes
https://rubinoxmetal.com/,Home,"Stainless Steel Supplier in Mumbai, India | Rubinox","Stainless Steel Supplier, Stockist & Exporter in Mumbai, India | Nickel Alloy & Duplex Metals","Rubinox is a Mumbai stockist and supplier of stainless steel, nickel alloys, duplex, titanium and industrial metals across India and worldwide.",representative scored,"Stainless Steel Supplier in Mumbai, India",,Answer; ContactPoint; FAQPage; ImageObject; LocalBusiness; Organization; PostalAddress; Question; WebPage; WebSite,yes,yes,yes,Mapped from sitemap and local HTML; preserve canonical/internal links unless task-specific.,image or visual asset referenced,8,8.5,7.8,7.6,8.2,P1,Homepage buyer journey polish,Representative scoring based on latest site-wide design analysis.
https://rubinoxmetal.com/about-us.html,Company / trust,About Rubinox Metal and Alloys | Industrial Metal Supplier in India,About Rubinox Metal and Alloys,"Learn about Rubinox Metal and Alloys, a Mumbai-based stockist, supplier, importer, exporter and project supplier for stainless steel, nickel alloys and industrial metals.",needs detailed scoring,About,,Answer; BreadcrumbList; FAQPage; ListItem; Question; WebPage,yes,yes,yes,Mapped from sitemap and local HTML; preserve canonical/internal links unless task-specific.,image or visual asset referenced,,,,,,P3,Wait for owner-approved trust assets,Complete URL/family mapping done; detailed scoring deferred to page-family audit batch.
https://rubinoxmetal.com/industries.html,Industries hub,Industries We Serve | Industrial Metal Supplier | Rubinox,Industries We Serve,"Metals for oil and gas, chemical, marine, power, fabrication and infrastructure projects. PAN India supply, export support and fast quotations.",polished in Batch 8,Industries We Serve,,Answer; BreadcrumbList; FAQPage; ListItem; Question; WebPage,yes,yes,yes,"Batch 8 added grouped industry RFQ pathways, material/grade/product-form links, Knowledge Hub links, technical/documentation links, safe location/export routing and quotation CTAs; preserve canonical/internal links unless task-specific.",image or visual asset referenced,8,8.1,7.8,7.3,8.4,P2,Monitor industry hub performance; create individual industry pages only after query/enquiry evidence,"Batch 8 improved the existing industries hub only; no new industry URLs, sitemap URLs, H1 intent, title/meta/canonical targets or schema meaning changed."
https://rubinoxmetal.com/quotation.html,RFQ page,Request Metal Quotation | Industrial Metals RFQ | Rubinox,Request an Industrial Metal Quotation,"Send an RFQ to Rubinox for stainless steel, nickel alloys, duplex, titanium and industrial metals. Share grade, form, size, quantity, standard, documentation and delivery details.",representative scored,Request Metal Quotation,,Answer; BreadcrumbList; FAQPage; ListItem; Organization; Question; WebPage; WebSite,yes,yes,yes,Mapped from sitemap and local HTML; preserve canonical/internal links unless task-specific.,image or visual asset referenced,7.8,8.2,7.2,7.5,8.6,P1,RFQ conversion tracking and form backend planning,Representative scoring based on latest site-wide design analysis.
https://rubinoxmetal.com/contact.html,Contact page,"Contact Rubinox Metal and Alloys | Metal Supplier in Mumbai, India",Contact Rubinox Metal and Alloys,"Contact Rubinox Metal and Alloys in Mumbai for stainless steel, nickel alloys, duplex, titanium, SMO 254 and industrial metal RFQs with PAN India and export enquiry support.",representative scored,Contact,,Answer; BreadcrumbList; ContactPage; FAQPage; ListItem; Question; WebPage,yes,yes,yes,Mapped from sitemap and local HTML; preserve canonical/internal links unless task-specific.,image or visual asset referenced,7.8,8,7.2,7.2,8,P2,Contact trust assets after owner approval,Representative scoring based on latest site-wide design analysis.
https://rubinoxmetal.com/locations.html,Location pages,PAN India Metal Supply Locations | Rubinox Metal and Alloys,PAN India Metal Supply Locations,"Rubinox Metal and Alloys supports PAN India RFQs for stainless steel, duplex, nickel alloys, titanium, SMO 254, aluminium, copper, brass, carbon steel, mild steel and industrial metal products.",improved in Batch 5,PAN India Metal Supply Locations,,Answer; BreadcrumbList; FAQPage; ListItem; Question; WebPage,yes,yes,yes,Mapped from sitemap and local HTML; preserve canonical/internal links unless task-specific.,image or visual asset referenced,,,,,,P2,Monitor location hub clustering and expand only from GSC/enquiry evidence,"Batch 5 polished the existing location hub with priority clusters and RFQ internal links; no new URL, canonical or sitemap change."
https://rubinoxmetal.com/export.html,Export pages,Metal Export Enquiry Support from India | Rubinox Metal and Alloys,Metal Export Enquiry Support from India,"Rubinox Metal and Alloys supports export RFQs from India for stainless steel, duplex, nickel alloys, titanium, SMO 254, aluminium, copper, brass, carbon steel, mild steel and industrial metal products.",needs detailed scoring,Metal Export Enquiry Support from India,,Answer; BreadcrumbList; FAQPage; ListItem; Question; WebPage,yes,yes,yes,Mapped from sitemap and local HTML; preserve canonical/internal links unless task-specific.,image or visual asset referenced,,,,,,P2,Differentiate safely without fake local/export claims,Complete URL/family mapping done; detailed scoring deferred to page-family audit batch.
https://rubinoxmetal.com/materials/stainless-steel.html,Material family pages,Stainless Steel Supplier in India | Grades & Forms | Rubinox,Stainless Steel Supplier in India,"Stainless steel supplier for 200, 300 and 400 series, duplex, PH and specialty grades in pipes, plates, sheets, coils, bars and fittings.",Batch 9 polished,Stainless Steel Supplier in India,,Answer; BreadcrumbList; FAQPage; ListItem; Organization; Product; PropertyValue; Question; WebPage,yes,yes,yes,Mapped from sitemap and local HTML; preserve canonical/internal links unless task-specific.,image or visual asset referenced,,,,,,P3,Batch 9 polished,"Batch 9 added material family RFQ pathways, grade/spec/product/resource links and documentation routing; SEO URL, canonical, H1, title/meta, schema meaning and sitemap URL preserved."
https://rubinoxmetal.com/materials/stainless-steel-supplier-mumbai.html,Grade / specification pages,Stainless Steel Supplier Mumbai | SS 304 & 316 | Rubinox,"Stainless Steel Supplier, Dealer & Stockist in Mumbai","Mumbai stainless steel stockist supplying SS 304, 316 and 316L pipes, sheets, plates, coils, bars, flanges and fittings across India.",needs detailed scoring,Stainless Steel Supplier Mumbai,,BreadcrumbList; ListItem; Organization; Product; PropertyValue; WebPage,yes,yes,yes,Mapped from sitemap and local HTML; preserve canonical/internal links unless task-specific.,image or visual asset referenced,,,,,,P3,Use pilot before broad template changes,Complete URL/family mapping done; detailed scoring deferred to page-family audit batch.
https://rubinoxmetal.com/materials/ss-201-supplier-india.html,Grade / specification pages,SS 201 Supplier in India | Rubinox,SS 201 Supplier in India,"Rubinox supplies SS 201 stainless steel sheets, coils, plates, strips, pipes, tubes across India, with export support, MTC documentation and fast quotations.",needs detailed scoring,SS 201 Supplier in India,,BreadcrumbList; ListItem; Organization; Product; PropertyValue; WebPage,yes,yes,yes,Mapped from sitemap and local HTML; preserve canonical/internal links unless task-specific.,image or visual asset referenced,,,,,,P3,Use pilot before broad template changes,Complete URL/family mapping done; detailed scoring deferred to page-family audit batch.
https://rubinoxmetal.com/materials/ss-202-supplier-india.html,Grade / specification pages,SS 202 Supplier in India | Rubinox,SS 202 Supplier in India,"Rubinox supplies SS 202 stainless steel sheets, plates, coils, pipes, tubes, rods, bars, angles, flats, fasteners, fittings and flanges across India.",needs detailed scoring,SS 202 Supplier in India,,BreadcrumbList; ListItem; Organization; Product; PropertyValue; WebPage,yes,yes,yes,Mapped from sitemap and local HTML; preserve canonical/internal links unless task-specific.,image or visual asset referenced,,,,,,P3,Use pilot before broad template changes,Complete URL/family mapping done; detailed scoring deferred to page-family audit batch.
https://rubinoxmetal.com/materials/ss-304-supplier-india.html,Grade / specification pages,"SS 304 Supplier in India | Pipes, Sheets, Coils, Bars",SS 304 Supplier in India,"Rubinox supplies SS 304 pipes, tubes, sheets, plates, coils, bars, rods, angles, flats, flanges, fittings and fasteners across India.",needs detailed scoring,SS 304 Supplier in India,,BreadcrumbList; ListItem; Organization; Product; PropertyValue; WebPage,yes,yes,yes,Mapped from sitemap and local HTML; preserve canonical/internal links unless task-specific.,image or visual asset referenced,,,,,,P3,Use pilot before broad template changes,Complete URL/family mapping done; detailed scoring deferred to page-family audit batch.
https://rubinoxmetal.com/materials/ss-304l-supplier-india.html,Grade / specification pages,SS 304L Supplier in India | Rubinox,SS 304L Supplier in India,"Rubinox supplies SS 304L stainless steel pipes, tubes, sheets, plates, coils, bars across India, with export support, MTC documentation and fast quotations.",polished in Batch 10B,SS 304L Supplier in India,,BreadcrumbList; ListItem; Organization; Product; PropertyValue; WebPage,yes,yes,yes,Mapped from sitemap and local HTML; preserve canonical/internal links unless task-specific.,image or visual asset referenced,8.5,8.2,8.1,7.8,8.4,P2,Monitor Batch 10B polished grade/spec pages; defer remaining grade/spec rollout to Batch 10C.,"Batch 10B grade/spec rollout applied; URL, H1 intent, title/meta/canonical targets, schema meaning and sitemap URL preserved. Visual gate passed at 1366 and 390, with representative 1280/768/360 checks."
https://rubinoxmetal.com/materials/ss-309-supplier-india.html,Grade / specification pages,SS 309 / 309S Supplier in India | Rubinox,SS 309 / 309S Supplier in India,"Rubinox supplies SS 309 and SS 309S pipes, tubes, sheets, plates, coils, bars, rods across India, with export support, MTC documentation and fast quotations.",needs detailed scoring,SS 309 / 309S Supplier in India,,BreadcrumbList; ListItem; Organization; Product; PropertyValue; WebPage,yes,yes,yes,Mapped from sitemap and local HTML; preserve canonical/internal links unless task-specific.,image or visual asset referenced,,,,,,P3,Use pilot before broad template changes,Complete URL/family mapping done; detailed scoring deferred to page-family audit batch.
https://rubinoxmetal.com/materials/ss-309s-supplier-india.html,Grade / specification pages,"SS 309S Supplier in India | SS 309S Pipes, Sheets, Plates",Stainless Steel 309S Supplier in India,"Rubinox supplies Stainless Steel 309S and SS 309S pipes, tubes, sheets, plates, coils across India, with export support, MTC documentation and fast quotations.",needs detailed scoring,SS 309S Supplier in India,,BreadcrumbList; ListItem; Organization; Product; PropertyValue; WebPage,yes,yes,yes,Mapped from sitemap and local HTML; preserve canonical/internal links unless task-specific.,image or visual asset referenced,,,,,,P3,Use pilot before broad template changes,Complete URL/family mapping done; detailed scoring deferred to page-family audit batch.
https://rubinoxmetal.com/materials/ss-310-supplier-india.html,Grade / specification pages,SS 310 Supplier in India | Rubinox,SS 310 Supplier in India,"Rubinox supplies SS 310 stainless steel sheets, plates, coils, pipes, tubes, rods, bars, angles, flats, fasteners, fittings and flanges across India.",polished in Batch 10B,SS 310 Supplier in India,,BreadcrumbList; ListItem; Organization; Product; PropertyValue; WebPage,yes,yes,yes,Mapped from sitemap and local HTML; preserve canonical/internal links unless task-specific.,image or visual asset referenced,8.5,8.2,8.1,7.8,8.4,P2,Monitor Batch 10B polished grade/spec pages; defer remaining grade/spec rollout to Batch 10C.,"Batch 10B grade/spec rollout applied; URL, H1 intent, title/meta/canonical targets, schema meaning and sitemap URL preserved. Visual gate passed at 1366 and 390, with representative 1280/768/360 checks."
https://rubinoxmetal.com/materials/ss-310s-supplier-india.html,Grade / specification pages,"SS 310S Supplier in India | SS 310S Pipes, Tubes, Plates",Stainless Steel 310S Supplier in India,"Rubinox supplies Stainless Steel 310S and SS 310S pipes, tubes, sheets, plates, coils across India, with export support, MTC documentation and fast quotations.",polished in Batch 10B,SS 310S Supplier in India,,BreadcrumbList; ListItem; Organization; Product; PropertyValue; WebPage,yes,yes,yes,Mapped from sitemap and local HTML; preserve canonical/internal links unless task-specific.,image or visual asset referenced,8.5,8.2,8.1,7.8,8.4,P2,Monitor Batch 10B polished grade/spec pages; defer remaining grade/spec rollout to Batch 10C.,"Batch 10B grade/spec rollout applied; URL, H1 intent, title/meta/canonical targets, schema meaning and sitemap URL preserved. Visual gate passed at 1366 and 390, with representative 1280/768/360 checks."
https://rubinoxmetal.com/materials/ss-321-supplier-india.html,Grade / specification pages,SS 321 Supplier in India | Rubinox,SS 321 Supplier in India,"Rubinox supplies SS 321 stainless steel sheets, plates, coils, pipes, tubes, rods, bars, angles, flats, fasteners, fittings and flanges across India.",polished in Batch 10B,SS 321 Supplier in India,,BreadcrumbList; ListItem; Organization; Product; PropertyValue; WebPage,yes,yes,yes,Mapped from sitemap and local HTML; preserve canonical/internal links unless task-specific.,image or visual asset referenced,8.5,8.2,8.1,7.8,8.4,P2,Monitor Batch 10B polished grade/spec pages; defer remaining grade/spec rollout to Batch 10C.,"Batch 10B grade/spec rollout applied; URL, H1 intent, title/meta/canonical targets, schema meaning and sitemap URL preserved. Visual gate passed at 1366 and 390, with representative 1280/768/360 checks."
https://rubinoxmetal.com/materials/ss-321h-supplier-india.html,Grade / specification pages,"SS 321H Supplier in India | SS 321H Pipes, Tubes, Plates",Stainless Steel 321H Supplier in India,"Rubinox supplies Stainless Steel 321H and SS 321H pipes, tubes, sheets, plates, coils across India, with export support, MTC documentation and fast quotations.",needs detailed scoring,SS 321H Supplier in India,,BreadcrumbList; ListItem; Organization; Product; PropertyValue; WebPage,yes,yes,yes,Mapped from sitemap and local HTML; preserve canonical/internal links unless task-specific.,image or visual asset referenced,,,,,,P3,Use pilot before broad template changes,Complete URL/family mapping done; detailed scoring deferred to page-family audit batch.
https://rubinoxmetal.com/materials/ss-347-supplier-india.html,Grade / specification pages,"SS 347 Supplier in India | SS 347 Pipes, Tubes, Plates",Stainless Steel 347 Supplier in India,"Rubinox supplies Stainless Steel 347 and SS 347 pipes, tubes, sheets, plates, coils across India, with export support, MTC documentation and fast quotations.",polished in Batch 10B,SS 347 Supplier in India,,BreadcrumbList; ListItem; Organization; Product; PropertyValue; WebPage,yes,yes,yes,Mapped from sitemap and local HTML; preserve canonical/internal links unless task-specific.,image or visual asset referenced,8.5,8.2,8.1,7.8,8.4,P2,Monitor Batch 10B polished grade/spec pages; defer remaining grade/spec rollout to Batch 10C.,"Batch 10B grade/spec rollout applied; URL, H1 intent, title/meta/canonical targets, schema meaning and sitemap URL preserved. Visual gate passed at 1366 and 390, with representative 1280/768/360 checks."
https://rubinoxmetal.com/materials/ss-347h-supplier-india.html,Grade / specification pages,"SS 347H Supplier in India | SS 347H Pipes, Tubes, Plates",Stainless Steel 347H Supplier in India,"Rubinox supplies Stainless Steel 347H and SS 347H pipes, tubes, sheets, plates, coils across India, with export support, MTC documentation and fast quotations.",needs detailed scoring,SS 347H Supplier in India,,BreadcrumbList; ListItem; Organization; Product; PropertyValue; WebPage,yes,yes,yes,Mapped from sitemap and local HTML; preserve canonical/internal links unless task-specific.,image or visual asset referenced,,,,,,P3,Use pilot before broad template changes,Complete URL/family mapping done; detailed scoring deferred to page-family audit batch.
https://rubinoxmetal.com/materials/ss-253ma-supplier-india.html,Grade / specification pages,"SS 253MA Supplier in India | SS 253MA Pipes, Tubes, Plates",Stainless Steel 253MA Supplier in India,"Rubinox supplies Stainless Steel 253MA and SS 253MA pipes, tubes, sheets, plates across India, with export support, MTC documentation and fast quotations.",needs detailed scoring,SS 253MA Supplier in India,,BreadcrumbList; ListItem; Organization; Product; PropertyValue; WebPage,yes,yes,yes,Mapped from sitemap and local HTML; preserve canonical/internal links unless task-specific.,image or visual asset referenced,,,,,,P3,Use pilot before broad template changes,Complete URL/family mapping done; detailed scoring deferred to page-family audit batch.
https://rubinoxmetal.com/materials/ss-316-supplier-india.html,Grade / specification pages,"SS 316 Supplier in India | Pipes, Sheets, Plates, Bars",SS 316 Supplier in India,"Rubinox supplies SS 316 pipes, tubes, sheets, plates, coils, bars, rods, angles, flats, flanges, fittings and fasteners across India.",needs detailed scoring,SS 316 Supplier in India,,BreadcrumbList; ListItem; Organization; Product; PropertyValue; WebPage,yes,yes,yes,Mapped from sitemap and local HTML; preserve canonical/internal links unless task-specific.,image or visual asset referenced,,,,,,P3,Use pilot before broad template changes,Complete URL/family mapping done; detailed scoring deferred to page-family audit batch.
https://rubinoxmetal.com/materials/ss-316l-supplier-india.html,Grade / specification pages,"SS 316L Supplier in India | Tubes, Sheets, Coils, Fittings",SS 316L Supplier in India,"Rubinox supplies SS 316L pipes, tubes, sheets, plates, coils, bars, flanges, fittings and fasteners across India with export support.",representative scored,SS 316L Supplier in India,,BreadcrumbList; ListItem; Organization; Product; PropertyValue; WebPage,yes,yes,yes,Mapped from sitemap and local HTML; preserve canonical/internal links unless task-specific.,image or visual asset referenced,7.3,8.7,8.2,7.2,7.9,P1,Five-page grade/spec pilot,Representative scoring based on latest site-wide design analysis.
https://rubinoxmetal.com/materials/ss-316ti-supplier-india.html,Grade / specification pages,"SS 316Ti Supplier in India | SS 316Ti Pipes, Tubes, Plates",Stainless Steel 316Ti Supplier in India,"Rubinox supplies Stainless Steel 316Ti and SS 316Ti pipes, tubes, sheets, plates across India, with export support, MTC documentation and fast quotations.",needs detailed scoring,SS 316Ti Supplier in India,,BreadcrumbList; ListItem; Organization; Product; PropertyValue; WebPage,yes,yes,yes,Mapped from sitemap and local HTML; preserve canonical/internal links unless task-specific.,image or visual asset referenced,,,,,,P3,Use pilot before broad template changes,Complete URL/family mapping done; detailed scoring deferred to page-family audit batch.
https://rubinoxmetal.com/materials/ss-317l-supplier-india.html,Grade / specification pages,SS 317L Supplier in India | Rubinox,SS 317L Supplier in India,"Rubinox supplies SS 317L pipes, tubes, sheets, plates, coils, bars, rods, flanges across India, with export support, MTC documentation and fast quotations.",needs detailed scoring,SS 317L Supplier in India,,BreadcrumbList; ListItem; Organization; Product; PropertyValue; WebPage,yes,yes,yes,Mapped from sitemap and local HTML; preserve canonical/internal links unless task-specific.,image or visual asset referenced,,,,,,P3,Use pilot before broad template changes,Complete URL/family mapping done; detailed scoring deferred to page-family audit batch.
https://rubinoxmetal.com/materials/ss-904l-supplier-india.html,Grade / specification pages,SS 904L Supplier in India | Rubinox,SS 904L Supplier in India,"Rubinox supplies SS 904L pipes, tubes, sheets, plates, coils, bars, rods, flanges across India, with export support, MTC documentation and fast quotations.",needs detailed scoring,SS 904L Supplier in India,,BreadcrumbList; ListItem; Organization; Product; PropertyValue; WebPage,yes,yes,yes,Mapped from sitemap and local HTML; preserve canonical/internal links unless task-specific.,image or visual asset referenced,,,,,,P3,Use pilot before broad template changes,Complete URL/family mapping done; detailed scoring deferred to page-family audit batch.
https://rubinoxmetal.com/materials/ss-409-supplier-india.html,Grade / specification pages,SS 409 Supplier in India | Rubinox,SS 409 Supplier in India,"Rubinox supplies SS 409 stainless steel sheets, coils, plates, strips, pipes, tubes across India, with export support, MTC documentation and fast quotations.",needs detailed scoring,SS 409 Supplier in India,,BreadcrumbList; ListItem; Organization; Product; PropertyValue; WebPage,yes,yes,yes,Mapped from sitemap and local HTML; preserve canonical/internal links unless task-specific.,image or visual asset referenced,,,,,,P3,Use pilot before broad template changes,Complete URL/family mapping done; detailed scoring deferred to page-family audit batch.
https://rubinoxmetal.com/materials/ss-410-supplier-india.html,Grade / specification pages,SS 410 Supplier in India | Rubinox,SS 410 Supplier in India,"Rubinox supplies SS 410 stainless steel bars, rods, sheets, plates, pipes, tubes across India, with export support, MTC documentation and fast quotations.",needs detailed scoring,SS 410 Supplier in India,,BreadcrumbList; ListItem; Organization; Product; PropertyValue; WebPage,yes,yes,yes,Mapped from sitemap and local HTML; preserve canonical/internal links unless task-specific.,image or visual asset referenced,,,,,,P3,Use pilot before broad template changes,Complete URL/family mapping done; detailed scoring deferred to page-family audit batch.
https://rubinoxmetal.com/materials/ss-420-supplier-india.html,Grade / specification pages,SS 420 Supplier in India | Rubinox,SS 420 Supplier in India,"Rubinox supplies SS 420 stainless steel bars, rods, sheets, plates, pipes, tubes across India, with export support, MTC documentation and fast quotations.",needs detailed scoring,SS 420 Supplier in India,,BreadcrumbList; ListItem; Organization; Product; PropertyValue; WebPage,yes,yes,yes,Mapped from sitemap and local HTML; preserve canonical/internal links unless task-specific.,image or visual asset referenced,,,,,,P3,Use pilot before broad template changes,Complete URL/family mapping done; detailed scoring deferred to page-family audit batch.
https://rubinoxmetal.com/materials/ss-430-supplier-india.html,Grade / specification pages,SS 430 Supplier in India | Rubinox,SS 430 Supplier in India,"Rubinox supplies SS 430 stainless steel sheets, coils, plates, strips, flats, angles across India, with export support, MTC documentation and fast quotations.",needs detailed scoring,SS 430 Supplier in India,,BreadcrumbList; ListItem; Organization; Product; PropertyValue; WebPage,yes,yes,yes,Mapped from sitemap and local HTML; preserve canonical/internal links unless task-specific.,image or visual asset referenced,,,,,,P3,Use pilot before broad template changes,Complete URL/family mapping done; detailed scoring deferred to page-family audit batch.
https://rubinoxmetal.com/materials/ss-17-4-ph-supplier-india.html,Grade / specification pages,"SS 17-4 PH Supplier in India | SS 17-4 PH Bars, Rods, Plates",Stainless Steel 17-4 PH Supplier in India,"Rubinox supplies Stainless Steel 17-4 PH and SS 17-4 PH round bars, rods, plates across India, with export support, MTC documentation and fast quotations.",polished in Batch 10B,SS 17-4 PH Supplier in India,,BreadcrumbList; ListItem; Organization; Product; PropertyValue; WebPage,yes,yes,yes,Mapped from sitemap and local HTML; preserve canonical/internal links unless task-specific.,image or visual asset referenced,8.5,8.2,8.1,7.8,8.4,P2,Monitor Batch 10B polished grade/spec pages; defer remaining grade/spec rollout to Batch 10C.,"Batch 10B grade/spec rollout applied; URL, H1 intent, title/meta/canonical targets, schema meaning and sitemap URL preserved. Visual gate passed at 1366 and 390, with representative 1280/768/360 checks."
https://rubinoxmetal.com/materials/nitronic-60-supplier-india.html,Grade / specification pages,Nitronic 60 Supplier in India | Rubinox,Nitronic 60 Supplier in India,"Rubinox supplies Nitronic 60 stainless steel round bars, rods, shafts, hex bars across India, with export support, MTC documentation and fast quotations.",polished in Batch 10B,Nitronic 60 Supplier in India,,BreadcrumbList; ListItem; Organization; Product; PropertyValue; WebPage,yes,yes,yes,Mapped from sitemap and local HTML; preserve canonical/internal links unless task-specific.,image or visual asset referenced,8.5,8.2,8.1,7.8,8.4,P2,Monitor Batch 10B polished grade/spec pages; defer remaining grade/spec rollout to Batch 10C.,"Batch 10B grade/spec rollout applied; URL, H1 intent, title/meta/canonical targets, schema meaning and sitemap URL preserved. Visual gate passed at 1366 and 390, with representative 1280/768/360 checks."
https://rubinoxmetal.com/materials/smo-254-supplier-india.html,Grade / specification pages,SMO 254 Supplier in India | Rubinox,SMO 254 Supplier in India,"Rubinox supplies SMO 254 and 6Mo stainless steel pipes, tubes, sheets, plates, coils across India, with export support, MTC documentation and fast quotations.",polished in Batch 10B,SMO 254 Supplier in India,,BreadcrumbList; ListItem; Organization; Product; PropertyValue; WebPage,yes,yes,yes,Mapped from sitemap and local HTML; preserve canonical/internal links unless task-specific.,image or visual asset referenced,8.5,8.2,8.1,7.8,8.4,P2,Monitor Batch 10B polished grade/spec pages; defer remaining grade/spec rollout to Batch 10C.,"Batch 10B grade/spec rollout applied; URL, H1 intent, title/meta/canonical targets, schema meaning and sitemap URL preserved. Visual gate passed at 1366 and 390, with representative 1280/768/360 checks."
https://rubinoxmetal.com/materials/duplex-2205-supplier-india.html,Grade / specification pages,Duplex 2205 Supplier in India | Rubinox,Duplex 2205 Supplier in India,"Rubinox supplies Duplex 2205 stainless steel pipes, tubes, plates, sheets, coils, bars across India, with export support, MTC documentation and fast quotations.",representative scored,Duplex 2205 Supplier in India,,Answer; BreadcrumbList; FAQPage; ListItem; Organization; Product; PropertyValue; Question; WebPage,yes,yes,yes,Mapped from sitemap and local HTML; preserve canonical/internal links unless task-specific.,image or visual asset referenced,7.3,8.7,8.2,7.2,7.9,P1,Five-page grade/spec pilot,Representative scoring based on latest site-wide design analysis.
https://rubinoxmetal.com/materials/super-duplex-2507-supplier-india.html,Grade / specification pages,Super Duplex 2507 Supplier in India | Rubinox,Super Duplex 2507 Supplier in India,"Rubinox supplies Super Duplex 2507 pipes, tubes, plates, sheets, coils, bars, rods across India, with export support, MTC documentation and fast quotations.",needs detailed scoring,Super Duplex 2507 Supplier in India,,Answer; BreadcrumbList; FAQPage; ListItem; Organization; Product; PropertyValue; Question; WebPage,yes,yes,yes,Mapped from sitemap and local HTML; preserve canonical/internal links unless task-specific.,image or visual asset referenced,,,,,,P3,Use pilot before broad template changes,Complete URL/family mapping done; detailed scoring deferred to page-family audit batch.
https://rubinoxmetal.com/materials/zeron-100-supplier-india.html,Grade / specification pages,Zeron 100 Supplier in India | UNS S32760 | Rubinox,Zeron 100 Supplier in India,"Zeron 100 / UNS S32760 supplier in India for project-specific super duplex pipes, plates, bars, flanges, fittings and components with RFQ and documentation support.",polished in Batch 10B,Zeron 100 Supplier in India,,Answer; BreadcrumbList; FAQPage; ListItem; Organization; Product; PropertyValue; Question; WebPage,yes,yes,yes,Mapped from sitemap and local HTML; preserve canonical/internal links unless task-specific.,image or visual asset referenced,8.5,8.2,8.1,7.8,8.4,P2,Monitor Batch 10B polished grade/spec pages; defer remaining grade/spec rollout to Batch 10C.,"Batch 10B grade/spec rollout applied; URL, H1 intent, title/meta/canonical targets, schema meaning and sitemap URL preserved. Visual gate passed at 1366 and 390, with representative 1280/768/360 checks."
https://rubinoxmetal.com/materials/stainless-steel-pipes-supplier-india.html,Product form pages,SS Pipes Supplier in India | SS Seamless & Welded Pipes,Stainless Steel Pipes Supplier in India,"Rubinox supplies stainless steel seamless, welded and ERW pipes in SS 304, 316, 316L, 202, 310, 321 and more across India.",needs detailed scoring,SS Pipes Supplier in India,,BreadcrumbList; ListItem; Organization; Product; PropertyValue; WebPage,yes,yes,yes,Mapped from sitemap and local HTML; preserve canonical/internal links unless task-specific.,image or visual asset referenced,,,,,,P3,Polish form hierarchy after grade/spec pilot,Complete URL/family mapping done; detailed scoring deferred to page-family audit batch.
https://rubinoxmetal.com/materials/stainless-steel-tubes-supplier-india.html,Product form pages,SS Tubes Supplier in India | SS Seamless & Welded Tubes,Stainless Steel Tubes Supplier in India,"Rubinox supplies stainless steel seamless, welded, square, rectangular and instrumentation tubes in SS 304, 316, 316L and more across India.",needs detailed scoring,SS Tubes Supplier in India,,BreadcrumbList; ListItem; Organization; Product; PropertyValue; WebPage,yes,yes,yes,Mapped from sitemap and local HTML; preserve canonical/internal links unless task-specific.,image or visual asset referenced,,,,,,P3,Polish form hierarchy after grade/spec pilot,Complete URL/family mapping done; detailed scoring deferred to page-family audit batch.
https://rubinoxmetal.com/materials/stainless-steel-sheets-supplier-india.html,Product form pages,"SS Sheets Supplier in India | SS 304, 316, 316L Sheets",Stainless Steel Sheets Supplier in India,"Buy Stainless Steel Sheets products from Rubinox with PAN India delivery, export support, material documentation and fast quotations.",needs detailed scoring,SS Sheets Supplier in India,,BreadcrumbList; ListItem; Organization; Product; PropertyValue; WebPage,yes,yes,yes,Mapped from sitemap and local HTML; preserve canonical/internal links unless task-specific.,image or visual asset referenced,,,,,,P3,Polish form hierarchy after grade/spec pilot,Complete URL/family mapping done; detailed scoring deferred to page-family audit batch.
https://rubinoxmetal.com/materials/stainless-steel-plates-supplier-india.html,Product form pages,"SS Plates Supplier in India | SS 304, 316, 316L Plates",Stainless Steel Plates Supplier in India,"Buy Stainless Steel Plates products from Rubinox with PAN India delivery, export support, material documentation and fast quotations.",needs detailed scoring,SS Plates Supplier in India,,BreadcrumbList; ListItem; Organization; Product; PropertyValue; WebPage,yes,yes,yes,Mapped from sitemap and local HTML; preserve canonical/internal links unless task-specific.,image or visual asset referenced,,,,,,P3,Polish form hierarchy after grade/spec pilot,Complete URL/family mapping done; detailed scoring deferred to page-family audit batch.
https://rubinoxmetal.com/materials/stainless-steel-coils-supplier-india.html,Product form pages,"SS Coils Supplier in India | SS 304, 316, 316L Coils",Stainless Steel Coils Supplier in India,"Buy Stainless Steel Coils products from Rubinox with PAN India delivery, export support, material documentation and fast quotations.",needs detailed scoring,SS Coils Supplier in India,,BreadcrumbList; ListItem; Organization; Product; PropertyValue; WebPage,yes,yes,yes,Mapped from sitemap and local HTML; preserve canonical/internal links unless task-specific.,image or visual asset referenced,,,,,,P3,Polish form hierarchy after grade/spec pilot,Complete URL/family mapping done; detailed scoring deferred to page-family audit batch.
https://rubinoxmetal.com/materials/stainless-steel-flanges-supplier-india.html,Product form pages,"SS Flanges Supplier in India | SS 304, 316, 316L Flanges",Stainless Steel Flanges Supplier in India,"Buy Stainless Steel Flanges products from Rubinox with PAN India delivery, export support, material documentation and fast quotations.",needs detailed scoring,SS Flanges Supplier in India,,BreadcrumbList; ListItem; Organization; Product; PropertyValue; WebPage,yes,yes,yes,Mapped from sitemap and local HTML; preserve canonical/internal links unless task-specific.,image or visual asset referenced,,,,,,P3,Polish form hierarchy after grade/spec pilot,Complete URL/family mapping done; detailed scoring deferred to page-family audit batch.
https://rubinoxmetal.com/materials/stainless-steel-fittings-supplier-india.html,Product form pages,SS Fittings Supplier in India | SS Pipe Fittings,Stainless Steel Fittings Supplier in India,"Rubinox supplies stainless steel pipe fittings including elbows, tees, reducers, caps, couplings and stub ends across India.",needs detailed scoring,SS Fittings Supplier in India,,BreadcrumbList; ListItem; Organization; Product; PropertyValue; WebPage,yes,yes,yes,Mapped from sitemap and local HTML; preserve canonical/internal links unless task-specific.,image or visual asset referenced,,,,,,P3,Polish form hierarchy after grade/spec pilot,Complete URL/family mapping done; detailed scoring deferred to page-family audit batch.
https://rubinoxmetal.com/materials/stainless-steel-fasteners-supplier-india.html,Product form pages,"SS Fasteners Supplier in India | SS Bolts, Nuts, Washers",Stainless Steel Fasteners Supplier in India,"Rubinox supplies stainless steel fasteners including bolts, nuts, washers, screws, studs and threaded rods across India.",needs detailed scoring,SS Fasteners Supplier in India,,BreadcrumbList; ListItem; Organization; Product; PropertyValue; WebPage,yes,yes,yes,Mapped from sitemap and local HTML; preserve canonical/internal links unless task-specific.,image or visual asset referenced,,,,,,P3,Polish form hierarchy after grade/spec pilot,Complete URL/family mapping done; detailed scoring deferred to page-family audit batch.
https://rubinoxmetal.com/materials/stainless-steel-angles-supplier-india.html,Product form pages,"SS Angles Supplier in India | SS 304, 316, 316L Angles",Stainless Steel Angles Supplier in India,"Rubinox supplies stainless steel angles including equal angles, unequal angles and L angles in SS 304, 316, 316L and other grades across India.",needs detailed scoring,SS Angles Supplier in India,,BreadcrumbList; ListItem; Organization; Product; PropertyValue; WebPage,yes,yes,yes,Mapped from sitemap and local HTML; preserve canonical/internal links unless task-specific.,image or visual asset referenced,,,,,,P3,Polish form hierarchy after grade/spec pilot,Complete URL/family mapping done; detailed scoring deferred to page-family audit batch.
https://rubinoxmetal.com/materials/stainless-steel-bars-rods-supplier-india.html,Product form pages,"SS Bars & Rods Supplier in India | SS 304, 316, 316L Bars",Stainless Steel Bars & Rods Supplier in India,"Rubinox supplies stainless steel bars and rods including round bars, square bars across India, with export support, MTC documentation and fast quotations.",needs detailed scoring,SS Bars & Rods Supplier in India,,BreadcrumbList; ListItem; Organization; Product; PropertyValue; WebPage,yes,yes,yes,Mapped from sitemap and local HTML; preserve canonical/internal links unless task-specific.,image or visual asset referenced,,,,,,P3,Polish form hierarchy after grade/spec pilot,Complete URL/family mapping done; detailed scoring deferred to page-family audit batch.
https://rubinoxmetal.com/materials/stainless-steel-bars-supplier-india.html,Product form pages,Stainless Steel Bars Supplier in India | SS Square & Hex Bars,Stainless Steel Bars Supplier in India,"Rubinox supplies stainless steel bars in square, hex, rectangular and flat solid sections across India, with export enquiry and RFQ support.",needs detailed scoring,Stainless Steel Bars Supplier in India,,BreadcrumbList; ListItem; Organization; Product; PropertyValue; WebPage,yes,yes,yes,Mapped from sitemap and local HTML; preserve canonical/internal links unless task-specific.,image or visual asset referenced,,,,,,P3,Polish form hierarchy after grade/spec pilot,Complete URL/family mapping done; detailed scoring deferred to page-family audit batch.
https://rubinoxmetal.com/materials/stainless-steel-rods-supplier-india.html,Product form pages,Stainless Steel Rods Supplier in India | SS Round Rods,Stainless Steel Rods Supplier in India,"Rubinox supplies stainless steel rods and round solid sections across India for machining, shafts, fasteners and industrial applications.",needs detailed scoring,Stainless Steel Rods Supplier in India,,BreadcrumbList; ListItem; Organization; Product; PropertyValue; WebPage,yes,yes,yes,Mapped from sitemap and local HTML; preserve canonical/internal links unless task-specific.,image or visual asset referenced,,,,,,P3,Polish form hierarchy after grade/spec pilot,Complete URL/family mapping done; detailed scoring deferred to page-family audit batch.
https://rubinoxmetal.com/materials/stainless-steel-flats-supplier-india.html,Product form pages,"SS Flats Supplier in India | SS 304, 316, 316L Flat Bars",Stainless Steel Flats Supplier in India,"Rubinox supplies stainless steel flats and flat bars in SS 304, 316, 316L, 202, 310, 321 and other grades with PAN India delivery and export support.",needs detailed scoring,SS Flats Supplier in India,,BreadcrumbList; ListItem; Organization; Product; PropertyValue; WebPage,yes,yes,yes,Mapped from sitemap and local HTML; preserve canonical/internal links unless task-specific.,image or visual asset referenced,,,,,,P3,Polish form hierarchy after grade/spec pilot,Complete URL/family mapping done; detailed scoring deferred to page-family audit batch.
https://rubinoxmetal.com/materials/stainless-steel-circles-supplier-india.html,Product form pages,"SS Circles Supplier in India | SS 304, 316, 316L Circles",Stainless Steel Circles Supplier in India,"Rubinox supplies stainless steel circles, discs and round blanks in SS 304, 316, 316L, 202, 310, 321 and other grades across India.",needs detailed scoring,SS Circles Supplier in India,,BreadcrumbList; ListItem; Organization; Product; PropertyValue; WebPage,yes,yes,yes,Mapped from sitemap and local HTML; preserve canonical/internal links unless task-specific.,image or visual asset referenced,,,,,,P3,Polish form hierarchy after grade/spec pilot,Complete URL/family mapping done; detailed scoring deferred to page-family audit batch.
https://rubinoxmetal.com/materials/stainless-steel-wire-mesh-supplier-india.html,Product form pages,"SS Wire Mesh Supplier in India | SS 304, 316 Wire Mesh",Stainless Steel Wire Mesh Supplier in India,"Rubinox supplies stainless steel wire mesh, woven mesh, welded mesh, filter mesh and screen mesh in SS 304, 316, 316L and other grades across India.",needs detailed scoring,SS Wire Mesh Supplier in India,,BreadcrumbList; ListItem; Organization; Product; PropertyValue; WebPage,yes,yes,yes,Mapped from sitemap and local HTML; preserve canonical/internal links unless task-specific.,image or visual asset referenced,,,,,,P3,Polish form hierarchy after grade/spec pilot,Complete URL/family mapping done; detailed scoring deferred to page-family audit batch.
https://rubinoxmetal.com/materials/aluminium.html,Material family pages,"Aluminium Supplier in India | 6061, 6063 & 7075 | Rubinox","Aluminium 6061, 6063 & 7075 Supplier in India","Aluminium supplier for 6061, 6063, 7075 and other alloys in sheets, plates, bars, rods, pipes and tubes with PAN India delivery.",Batch 9 polished,Aluminium Supplier in India,,Answer; BreadcrumbList; FAQPage; ListItem; Organization; Product; PropertyValue; Question; WebPage,yes,yes,yes,Mapped from sitemap and local HTML; preserve canonical/internal links unless task-specific.,image or visual asset referenced,,,,,,P3,Batch 9 polished,"Batch 9 added material family RFQ pathways, grade/spec/product/resource links and documentation routing; SEO URL, canonical, H1, title/meta, schema meaning and sitemap URL preserved."
https://rubinoxmetal.com/materials/aluminium-6061-supplier-india.html,Grade / specification pages,Aluminium 6061 Supplier in India | 6061-T6 & T651,Aluminium 6061 Supplier in India,"Aluminium 6061 supplier in India for sheets, plates, bars, rods, tubes and sections in T6/T651 temper with RFQ and documentation support.",polished in Batch 10B,Aluminium 6061 Supplier in India,,Answer; BreadcrumbList; FAQPage; ListItem; Organization; Product; PropertyValue; Question; WebPage,yes,yes,yes,Mapped from sitemap and local HTML; preserve canonical/internal links unless task-specific.,image or visual asset referenced,8.5,8.2,8.1,7.8,8.4,P2,Monitor Batch 10B polished grade/spec pages; defer remaining grade/spec rollout to Batch 10C.,"Batch 10B grade/spec rollout applied; URL, H1 intent, title/meta/canonical targets, schema meaning and sitemap URL preserved. Visual gate passed at 1366 and 390, with representative 1280/768/360 checks."
https://rubinoxmetal.com/materials/aluminium-6063-supplier-india.html,Grade / specification pages,Aluminium 6063 Supplier in India | Extrusion Alloy,Aluminium 6063 Supplier in India,"Aluminium 6063 supplier in India for sections, tubes, bars, channels, angles and architectural extrusion requirements with RFQ support.",needs detailed scoring,Aluminium 6063 Supplier in India,,Answer; BreadcrumbList; FAQPage; ListItem; Organization; Product; PropertyValue; Question; WebPage,yes,yes,yes,Mapped from sitemap and local HTML; preserve canonical/internal links unless task-specific.,image or visual asset referenced,,,,,,P3,Use pilot before broad template changes,Complete URL/family mapping done; detailed scoring deferred to page-family audit batch.
https://rubinoxmetal.com/materials/aluminium-7075-supplier-india.html,Grade / specification pages,Aluminium 7075 Supplier in India | High Strength Alloy,Aluminium 7075 Supplier in India,"Aluminium 7075 supplier in India for high-strength plates, sheets, bars and rods in T6/T651 temper for engineering RFQs.",needs detailed scoring,Aluminium 7075 Supplier in India,,Answer; BreadcrumbList; FAQPage; ListItem; Organization; Product; PropertyValue; Question; WebPage,yes,yes,yes,Mapped from sitemap and local HTML; preserve canonical/internal links unless task-specific.,image or visual asset referenced,,,,,,P3,Use pilot before broad template changes,Complete URL/family mapping done; detailed scoring deferred to page-family audit batch.
https://rubinoxmetal.com/materials/aluminium-5083-supplier-india.html,Grade / specification pages,Aluminium 5083 Supplier in India | Marine Plates,Aluminium 5083 Supplier in India,"Aluminium 5083 supplier in India for marine plates, sheets and fabrication requirements in H111/H116/H321 temper with RFQ support.",needs detailed scoring,Aluminium 5083 Supplier in India,,Answer; BreadcrumbList; FAQPage; ListItem; Organization; Product; PropertyValue; Question; WebPage,yes,yes,yes,Mapped from sitemap and local HTML; preserve canonical/internal links unless task-specific.,image or visual asset referenced,,,,,,P3,Use pilot before broad template changes,Complete URL/family mapping done; detailed scoring deferred to page-family audit batch.
https://rubinoxmetal.com/materials/aluminium-5052-supplier-india.html,Grade / specification pages,Aluminium 5052 Supplier in India | Sheet & Plate,Aluminium 5052 Supplier in India,"Aluminium 5052 supplier in India for sheets, plates, coils and formed fabrication requirements in H32/H34 temper with RFQ support.",needs detailed scoring,Aluminium 5052 Supplier in India,,Answer; BreadcrumbList; FAQPage; ListItem; Organization; Product; PropertyValue; Question; WebPage,yes,yes,yes,Mapped from sitemap and local HTML; preserve canonical/internal links unless task-specific.,image or visual asset referenced,,,,,,P3,Use pilot before broad template changes,Complete URL/family mapping done; detailed scoring deferred to page-family audit batch.
https://rubinoxmetal.com/materials/aluminium-6082-supplier-india.html,Grade / specification pages,Aluminium 6082 Supplier in India | Structural Alloy,Aluminium 6082 Supplier in India,"Aluminium 6082 supplier in India for structural plates, bars, rods, tubes, sections and profiles with RFQ support for temper, standards and documentation.",needs detailed scoring,Aluminium 6082 Supplier in India,,Answer; BreadcrumbList; FAQPage; ListItem; Organization; Product; PropertyValue; Question; WebPage,yes,yes,yes,Mapped from sitemap and local HTML; preserve canonical/internal links unless task-specific.,image or visual asset referenced,,,,,,P3,Use pilot before broad template changes,Complete URL/family mapping done; detailed scoring deferred to page-family audit batch.
https://rubinoxmetal.com/materials/copper.html,Material family pages,"Copper Supplier in India | C101, C110 & C122 | Rubinox","Copper C101, C110 & C122 Supplier in India","Copper supplier for C101, C110 and C122 sheets, plates, pipes, tubes, bars and coils with PAN India supply and export support.",Batch 9 polished,Copper Supplier in India,,Answer; BreadcrumbList; FAQPage; ListItem; Organization; Product; PropertyValue; Question; WebPage,yes,yes,yes,Mapped from sitemap and local HTML; preserve canonical/internal links unless task-specific.,image or visual asset referenced,,,,,,P3,Batch 9 polished,"Batch 9 added material family RFQ pathways, grade/spec/product/resource links and documentation routing; SEO URL, canonical, H1, title/meta, schema meaning and sitemap URL preserved."
https://rubinoxmetal.com/materials/copper-c101-supplier-india.html,Grade / specification pages,Copper C101 Supplier in India | OFE Copper,Copper C101 Supplier in India,"Copper C101 supplier in India for oxygen-free copper sheets, plates, rods, bars, strips, busbars and electrical RFQs.",needs detailed scoring,Copper C101 Supplier in India,,Answer; BreadcrumbList; FAQPage; ListItem; Organization; Product; PropertyValue; Question; WebPage,yes,yes,yes,Mapped from sitemap and local HTML; preserve canonical/internal links unless task-specific.,image or visual asset referenced,,,,,,P3,Use pilot before broad template changes,Complete URL/family mapping done; detailed scoring deferred to page-family audit batch.
https://rubinoxmetal.com/materials/copper-c110-supplier-india.html,Grade / specification pages,Copper C110 Supplier in India | ETP Copper,Copper C110 Supplier in India,"Copper C110 supplier in India for ETP copper sheets, plates, busbars, rods, bars, pipes, tubes and electrical applications.",needs detailed scoring,Copper C110 Supplier in India,,Answer; BreadcrumbList; FAQPage; ListItem; Organization; Product; PropertyValue; Question; WebPage,yes,yes,yes,Mapped from sitemap and local HTML; preserve canonical/internal links unless task-specific.,image or visual asset referenced,,,,,,P3,Use pilot before broad template changes,Complete URL/family mapping done; detailed scoring deferred to page-family audit batch.
https://rubinoxmetal.com/materials/copper-c122-supplier-india.html,Grade / specification pages,Copper C122 Supplier in India | DHP Copper,Copper C122 Supplier in India,"Copper C122 supplier in India for DHP copper tubes, pipes, sheets, coils and heat exchanger or plumbing RFQs.",needs detailed scoring,Copper C122 Supplier in India,,Answer; BreadcrumbList; FAQPage; ListItem; Organization; Product; PropertyValue; Question; WebPage,yes,yes,yes,Mapped from sitemap and local HTML; preserve canonical/internal links unless task-specific.,image or visual asset referenced,,,,,,P3,Use pilot before broad template changes,Complete URL/family mapping done; detailed scoring deferred to page-family audit batch.
https://rubinoxmetal.com/materials/copper-c145-supplier-india.html,Grade / specification pages,Copper C145 Supplier in India | Tellurium Copper,Copper C145 Supplier in India,"Copper C145 supplier in India for tellurium copper rods, bars, plates and machined electrical component RFQs.",needs detailed scoring,Copper C145 Supplier in India,,Answer; BreadcrumbList; FAQPage; ListItem; Organization; Product; PropertyValue; Question; WebPage,yes,yes,yes,Mapped from sitemap and local HTML; preserve canonical/internal links unless task-specific.,image or visual asset referenced,,,,,,P3,Use pilot before broad template changes,Complete URL/family mapping done; detailed scoring deferred to page-family audit batch.
https://rubinoxmetal.com/materials/copper-c172-supplier-india.html,Grade / specification pages,Copper C172 Supplier in India | Beryllium Copper,Copper C172 Supplier in India,"Copper C172 supplier in India for beryllium copper rods, bars, strips, sheets and high-strength spring or contact RFQs.",needs detailed scoring,Copper C172 Supplier in India,,Answer; BreadcrumbList; FAQPage; ListItem; Organization; Product; PropertyValue; Question; WebPage,yes,yes,yes,Mapped from sitemap and local HTML; preserve canonical/internal links unless task-specific.,image or visual asset referenced,,,,,,P3,Use pilot before broad template changes,Complete URL/family mapping done; detailed scoring deferred to page-family audit batch.
https://rubinoxmetal.com/materials/brass.html,Material family pages,"Brass Supplier in India | C260, C360 & C464 | Rubinox","Brass C260, C360 & C464 Supplier in India","Brass supplier for C260, C360 and C464 rods, sheets, plates, pipes, tubes and fittings with PAN India delivery and export support.",Batch 9 polished,Brass Supplier in India,,Answer; BreadcrumbList; FAQPage; ListItem; Organization; Product; PropertyValue; Question; WebPage,yes,yes,yes,Mapped from sitemap and local HTML; preserve canonical/internal links unless task-specific.,image or visual asset referenced,,,,,,P3,Batch 9 polished,"Batch 9 added material family RFQ pathways, grade/spec/product/resource links and documentation routing; SEO URL, canonical, H1, title/meta, schema meaning and sitemap URL preserved."
https://rubinoxmetal.com/materials/brass-c260-supplier-india.html,Grade / specification pages,Brass C260 Supplier in India | Cartridge Brass,Brass C260 Supplier in India,"Brass C260 supplier in India for cartridge brass sheets, strips, plates, coils and formed component RFQs.",needs detailed scoring,Brass C260 Supplier in India,,Answer; BreadcrumbList; FAQPage; ListItem; Organization; Product; PropertyValue; Question; WebPage,yes,yes,yes,Mapped from sitemap and local HTML; preserve canonical/internal links unless task-specific.,image or visual asset referenced,,,,,,P3,Use pilot before broad template changes,Complete URL/family mapping done; detailed scoring deferred to page-family audit batch.
https://rubinoxmetal.com/materials/brass-c360-supplier-india.html,Grade / specification pages,Brass C360 Supplier in India | Free Cutting Brass,Brass C360 Supplier in India,"Brass C360 supplier in India for free cutting brass rods, bars, hex bars, flats and precision machined component RFQs.",needs detailed scoring,Brass C360 Supplier in India,,Answer; BreadcrumbList; FAQPage; ListItem; Organization; Product; PropertyValue; Question; WebPage,yes,yes,yes,Mapped from sitemap and local HTML; preserve canonical/internal links unless task-specific.,image or visual asset referenced,,,,,,P3,Use pilot before broad template changes,Complete URL/family mapping done; detailed scoring deferred to page-family audit batch.
https://rubinoxmetal.com/materials/brass-c464-supplier-india.html,Grade / specification pages,Brass C464 Supplier in India | Naval Brass,Brass C464 Supplier in India,"Brass C464 supplier in India for naval brass rods, bars, plates, sheets, tubes and marine hardware RFQs.",needs detailed scoring,Brass C464 Supplier in India,,Answer; BreadcrumbList; FAQPage; ListItem; Organization; Product; PropertyValue; Question; WebPage,yes,yes,yes,Mapped from sitemap and local HTML; preserve canonical/internal links unless task-specific.,image or visual asset referenced,,,,,,P3,Use pilot before broad template changes,Complete URL/family mapping done; detailed scoring deferred to page-family audit batch.
https://rubinoxmetal.com/materials/brass-c280-supplier-india.html,Grade / specification pages,Brass C280 Supplier in India | Muntz Brass,Brass C280 Supplier in India,"Brass C280 supplier in India for Muntz brass sheets, plates, rods and fabrication component RFQs.",needs detailed scoring,Brass C280 Supplier in India,,Answer; BreadcrumbList; FAQPage; ListItem; Organization; Product; PropertyValue; Question; WebPage,yes,yes,yes,Mapped from sitemap and local HTML; preserve canonical/internal links unless task-specific.,image or visual asset referenced,,,,,,P3,Use pilot before broad template changes,Complete URL/family mapping done; detailed scoring deferred to page-family audit batch.
https://rubinoxmetal.com/materials/brass-c385-supplier-india.html,Grade / specification pages,Brass C385 Supplier in India | Architectural Brass,Brass C385 Supplier in India,"Brass C385 supplier in India for architectural brass rods, bars, profiles, shapes and machined hardware RFQs.",needs detailed scoring,Brass C385 Supplier in India,,Answer; BreadcrumbList; FAQPage; ListItem; Organization; Product; PropertyValue; Question; WebPage,yes,yes,yes,Mapped from sitemap and local HTML; preserve canonical/internal links unless task-specific.,image or visual asset referenced,,,,,,P3,Use pilot before broad template changes,Complete URL/family mapping done; detailed scoring deferred to page-family audit batch.
https://rubinoxmetal.com/materials/carbon-steel.html,Material family pages,"Carbon Steel Supplier India | Plates, Pipes & Bars","Carbon Steel A36, 1018, 1045 & A516 Gr 70 Supplier in India","Carbon steel supplier for A36, 1018, 1045 and A516 Grade 70 plates, pipes, sheets and bars with PAN India project supply.",Batch 9 polished,Carbon Steel Supplier India,,Answer; BreadcrumbList; FAQPage; ListItem; Organization; Product; PropertyValue; Question; WebPage,yes,yes,yes,Mapped from sitemap and local HTML; preserve canonical/internal links unless task-specific.,image or visual asset referenced,,,,,,P3,Batch 9 polished,"Batch 9 added material family RFQ pathways, grade/spec/product/resource links and documentation routing; SEO URL, canonical, H1, title/meta, schema meaning and sitemap URL preserved."
https://rubinoxmetal.com/materials/carbon-steel-a36-supplier-india.html,Grade / specification pages,ASTM A36 Carbon Steel Supplier India | Plates & Structural Steel,ASTM A36 Carbon Steel Supplier in India,"ASTM A36 carbon steel supplier in India for plates, sheets, angles, channels, flats and structural fabrication RFQs with documentation support.",needs detailed scoring,ASTM A36 Carbon Steel Supplier India,,Answer; BreadcrumbList; FAQPage; ListItem; Organization; Product; PropertyValue; Question; WebPage,yes,yes,yes,Mapped from sitemap and local HTML; preserve canonical/internal links unless task-specific.,image or visual asset referenced,,,,,,P3,Use pilot before broad template changes,Complete URL/family mapping done; detailed scoring deferred to page-family audit batch.
https://rubinoxmetal.com/materials/carbon-steel-1018-supplier-india.html,Grade / specification pages,"Carbon Steel 1018 Supplier India | Bars, Rods & Machining Steel",Carbon Steel 1018 Supplier in India,"Carbon Steel 1018 supplier in India for bars, rods, flats, squares and machining requirements with RFQ support for size, tolerance and documentation.",needs detailed scoring,Carbon Steel 1018 Supplier India,,Answer; BreadcrumbList; FAQPage; ListItem; Organization; Product; PropertyValue; Question; WebPage,yes,yes,yes,Mapped from sitemap and local HTML; preserve canonical/internal links unless task-specific.,image or visual asset referenced,,,,,,P3,Use pilot before broad template changes,Complete URL/family mapping done; detailed scoring deferred to page-family audit batch.
https://rubinoxmetal.com/materials/carbon-steel-1045-supplier-india.html,Grade / specification pages,"Carbon Steel 1045 Supplier India | Shafts, Bars & Rods",Carbon Steel 1045 Supplier in India,"Carbon Steel 1045 supplier in India for round bars, rods, shafts, flats and higher-strength machining components with RFQ and documentation support.",needs detailed scoring,Carbon Steel 1045 Supplier India,,Answer; BreadcrumbList; FAQPage; ListItem; Organization; Product; PropertyValue; Question; WebPage,yes,yes,yes,Mapped from sitemap and local HTML; preserve canonical/internal links unless task-specific.,image or visual asset referenced,,,,,,P3,Use pilot before broad template changes,Complete URL/family mapping done; detailed scoring deferred to page-family audit batch.
https://rubinoxmetal.com/materials/carbon-steel-a516-grade-70-supplier-india.html,Grade / specification pages,ASTM A516 Grade 70 Supplier India | Carbon Steel Pressure Vessel Plate,ASTM A516 Grade 70 Supplier in India,"ASTM A516 Grade 70 carbon steel plate supplier in India for pressure vessel, boiler and tank fabrication RFQs with documentation and inspection support where applicable.",polished in Batch 10B,ASTM A516 Grade 70 Supplier India,,Answer; BreadcrumbList; FAQPage; ListItem; Organization; Product; PropertyValue; Question; WebPage,yes,yes,yes,Mapped from sitemap and local HTML; preserve canonical/internal links unless task-specific.,image or visual asset referenced,8.5,8.2,8.1,7.8,8.4,P2,Monitor Batch 10B polished grade/spec pages; defer remaining grade/spec rollout to Batch 10C.,"Batch 10B grade/spec rollout applied; URL, H1 intent, title/meta/canonical targets, schema meaning and sitemap URL preserved. Visual gate passed at 1366 and 390, with representative 1280/768/360 checks."
https://rubinoxmetal.com/materials/mild-steel.html,Material family pages,"Mild Steel Supplier India | Plates, Pipes & Bars","Mild Steel A36, A500, 1018, 1020, S235 & S355 Supplier in India","Mild steel supplier for A36, A500, 1018, 1020, S235 and S355 plates, pipes, sheets, bars and structural products across India.",Batch 9 polished,Mild Steel Supplier India,,Answer; BreadcrumbList; FAQPage; ListItem; Organization; Product; PropertyValue; Question; WebPage,yes,yes,yes,Mapped from sitemap and local HTML; preserve canonical/internal links unless task-specific.,image or visual asset referenced,,,,,,P3,Batch 9 polished,"Batch 9 added material family RFQ pathways, grade/spec/product/resource links and documentation routing; SEO URL, canonical, H1, title/meta, schema meaning and sitemap URL preserved."
https://rubinoxmetal.com/materials/nickel-alloys.html,Material family pages,"Nickel Alloy Supplier in India | Inconel, Monel & Hastelloy",Nickel Alloys Supplier in India,"Nickel alloy supplier for Inconel, Monel, Hastelloy, Incoloy and Nickel 200/201 pipes, plates, bars, flanges and fittings across India.",Batch 9 polished,Nickel Alloy Supplier in India,,Answer; BreadcrumbList; FAQPage; ListItem; Organization; Product; PropertyValue; Question; WebPage,yes,yes,yes,Mapped from sitemap and local HTML; preserve canonical/internal links unless task-specific.,image or visual asset referenced,,,,,,P3,Batch 9 polished,"Batch 9 added material family RFQ pathways, grade/spec/product/resource links and documentation routing; SEO URL, canonical, H1, title/meta, schema meaning and sitemap URL preserved."
https://rubinoxmetal.com/materials/inconel-600-supplier-india.html,Grade / specification pages,Inconel 600 Supplier in India | Rubinox,Inconel 600 Supplier in India,"Rubinox supplies Inconel 600 and Alloy 600 pipes, tubes, sheets, plates, coils across India, with export support, MTC documentation and fast quotations.",polished in Batch 10B,Inconel 600 Supplier in India,,BreadcrumbList; ListItem; Organization; Product; PropertyValue; WebPage,yes,yes,yes,Mapped from sitemap and local HTML; preserve canonical/internal links unless task-specific.,image or visual asset referenced,8.5,8.2,8.1,7.8,8.4,P2,Monitor Batch 10B polished grade/spec pages; defer remaining grade/spec rollout to Batch 10C.,"Batch 10B grade/spec rollout applied; URL, H1 intent, title/meta/canonical targets, schema meaning and sitemap URL preserved. Visual gate passed at 1366 and 390, with representative 1280/768/360 checks."
https://rubinoxmetal.com/materials/inconel-625-supplier-india.html,Grade / specification pages,Inconel 625 Supplier in India | Rubinox,Inconel 625 Supplier in India,"Rubinox supplies Inconel 625 and Alloy 625 pipes, tubes, sheets, plates, coils across India, with export support, MTC documentation and fast quotations.",representative scored,Inconel 625 Supplier in India,,BreadcrumbList; ListItem; Organization; Product; PropertyValue; WebPage,yes,yes,yes,Mapped from sitemap and local HTML; preserve canonical/internal links unless task-specific.,image or visual asset referenced,7.3,8.7,8.2,7.2,7.9,P1,Five-page grade/spec pilot,Representative scoring based on latest site-wide design analysis.
https://rubinoxmetal.com/materials/inconel-718-supplier-india.html,Grade / specification pages,Inconel 718 Supplier in India | Rubinox,Inconel 718 Supplier in India,"Rubinox supplies Inconel 718 and Alloy 718 round bars, rods, plates, sheets, pipes across India, with export support, MTC documentation and fast quotations.",polished in Batch 10B,Inconel 718 Supplier in India,,BreadcrumbList; ListItem; Organization; Product; PropertyValue; WebPage,yes,yes,yes,Mapped from sitemap and local HTML; preserve canonical/internal links unless task-specific.,image or visual asset referenced,8.5,8.2,8.1,7.8,8.4,P2,Monitor Batch 10B polished grade/spec pages; defer remaining grade/spec rollout to Batch 10C.,"Batch 10B grade/spec rollout applied; URL, H1 intent, title/meta/canonical targets, schema meaning and sitemap URL preserved. Visual gate passed at 1366 and 390, with representative 1280/768/360 checks."
https://rubinoxmetal.com/materials/monel-400-supplier-india.html,Grade / specification pages,"Monel 400 Supplier in India | Alloy 400 Pipes, Plates, Bars",Monel 400 Supplier in India,"Rubinox supplies Monel 400 and Alloy 400 pipes, tubes, sheets, plates, coils across India, with export support, MTC documentation and fast quotations.",needs detailed scoring,Monel 400 Supplier in India,,BreadcrumbList; ListItem; Organization; Product; PropertyValue; WebPage,yes,yes,yes,Mapped from sitemap and local HTML; preserve canonical/internal links unless task-specific.,image or visual asset referenced,,,,,,P3,Use pilot before broad template changes,Complete URL/family mapping done; detailed scoring deferred to page-family audit batch.
https://rubinoxmetal.com/materials/monel-k-500-supplier-india.html,Grade / specification pages,Monel K-500 Supplier in India | Rubinox,Monel K-500 Supplier in India,"Rubinox supplies Monel K-500 and Alloy K-500 round bars, rods, sheets, plates, pipes across India, with export support, MTC documentation and fast quotations.",polished in Batch 10B,Monel K-500 Supplier in India,,BreadcrumbList; ListItem; Organization; Product; PropertyValue; WebPage,yes,yes,yes,Mapped from sitemap and local HTML; preserve canonical/internal links unless task-specific.,image or visual asset referenced,8.5,8.2,8.1,7.8,8.4,P2,Monitor Batch 10B polished grade/spec pages; defer remaining grade/spec rollout to Batch 10C.,"Batch 10B grade/spec rollout applied; URL, H1 intent, title/meta/canonical targets, schema meaning and sitemap URL preserved. Visual gate passed at 1366 and 390, with representative 1280/768/360 checks."
https://rubinoxmetal.com/materials/hastelloy-b-2-supplier-india.html,Grade / specification pages,Hastelloy B-2 Supplier in India | Rubinox,Hastelloy B-2 Supplier in India,"Rubinox supplies Hastelloy B-2 and Alloy B2 pipes, tubes, sheets, plates, round bars across India, with export support, MTC documentation and fast quotations.",needs detailed scoring,Hastelloy B-2 Supplier in India,,BreadcrumbList; ListItem; Organization; Product; PropertyValue; WebPage,yes,yes,yes,Mapped from sitemap and local HTML; preserve canonical/internal links unless task-specific.,image or visual asset referenced,,,,,,P3,Use pilot before broad template changes,Complete URL/family mapping done; detailed scoring deferred to page-family audit batch.
https://rubinoxmetal.com/materials/hastelloy-b-3-supplier-india.html,Grade / specification pages,Hastelloy B-3 Supplier in India | Rubinox,Hastelloy B-3 Supplier in India,"Rubinox supplies Hastelloy B-3 and Alloy B3 pipes, tubes, sheets, plates, bars across India, with export support, MTC documentation and fast quotations.",needs detailed scoring,Hastelloy B-3 Supplier in India,,BreadcrumbList; ListItem; Organization; Product; PropertyValue; WebPage,yes,yes,yes,Mapped from sitemap and local HTML; preserve canonical/internal links unless task-specific.,image or visual asset referenced,,,,,,P3,Use pilot before broad template changes,Complete URL/family mapping done; detailed scoring deferred to page-family audit batch.
https://rubinoxmetal.com/materials/hastelloy-c-4-supplier-india.html,Grade / specification pages,Hastelloy C-4 Supplier in India | Rubinox,Hastelloy C-4 Supplier in India,"Rubinox supplies Hastelloy C-4 and Alloy C4 pipes, tubes, sheets, plates, bars across India, with export support, MTC documentation and fast quotations.",needs detailed scoring,Hastelloy C-4 Supplier in India,,BreadcrumbList; ListItem; Organization; Product; PropertyValue; WebPage,yes,yes,yes,Mapped from sitemap and local HTML; preserve canonical/internal links unless task-specific.,image or visual asset referenced,,,,,,P3,Use pilot before broad template changes,Complete URL/family mapping done; detailed scoring deferred to page-family audit batch.
https://rubinoxmetal.com/materials/hastelloy-c-22-supplier-india.html,Grade / specification pages,Hastelloy C-22 Supplier in India | Rubinox,Hastelloy C-22 Supplier in India,"Rubinox supplies Hastelloy C-22 and Alloy C22 pipes, tubes, sheets, plates, round bars across India, with export support, MTC documentation and fast quotations.",polished in Batch 10B,Hastelloy C-22 Supplier in India,,BreadcrumbList; ListItem; Organization; Product; PropertyValue; WebPage,yes,yes,yes,Mapped from sitemap and local HTML; preserve canonical/internal links unless task-specific.,image or visual asset referenced,8.5,8.2,8.1,7.8,8.4,P2,Monitor Batch 10B polished grade/spec pages; defer remaining grade/spec rollout to Batch 10C.,"Batch 10B grade/spec rollout applied; URL, H1 intent, title/meta/canonical targets, schema meaning and sitemap URL preserved. Visual gate passed at 1366 and 390, with representative 1280/768/360 checks."
https://rubinoxmetal.com/materials/hastelloy-c-276-supplier-india.html,Grade / specification pages,Hastelloy C-276 Supplier in India | Rubinox,Hastelloy C-276 Supplier in India,"Rubinox supplies Hastelloy C-276 and Alloy C276 pipes, tubes, sheets, plates across India, with export support, MTC documentation and fast quotations.",needs detailed scoring,Hastelloy C-276 Supplier in India,,BreadcrumbList; ListItem; Organization; Product; PropertyValue; WebPage,yes,yes,yes,Mapped from sitemap and local HTML; preserve canonical/internal links unless task-specific.,image or visual asset referenced,,,,,,P3,Use pilot before broad template changes,Complete URL/family mapping done; detailed scoring deferred to page-family audit batch.
https://rubinoxmetal.com/materials/hastelloy-x-supplier-india.html,Grade / specification pages,Hastelloy X Supplier in India | Rubinox,Hastelloy X Supplier in India,"Rubinox supplies Hastelloy X and Alloy X sheets, plates, tubes, pipes, bars, rings across India, with export support, MTC documentation and fast quotations.",needs detailed scoring,Hastelloy X Supplier in India,,BreadcrumbList; ListItem; Organization; Product; PropertyValue; WebPage,yes,yes,yes,Mapped from sitemap and local HTML; preserve canonical/internal links unless task-specific.,image or visual asset referenced,,,,,,P3,Use pilot before broad template changes,Complete URL/family mapping done; detailed scoring deferred to page-family audit batch.
https://rubinoxmetal.com/materials/incoloy-800-supplier-india.html,Grade / specification pages,Incoloy 800 Supplier in India | Rubinox,Incoloy 800 Supplier in India,"Rubinox supplies Incoloy 800 and Alloy 800 pipes, tubes, heat exchanger tubes, sheets across India, with export support, MTC documentation and fast quotations.",needs detailed scoring,Incoloy 800 Supplier in India,,BreadcrumbList; ListItem; Organization; Product; PropertyValue; WebPage,yes,yes,yes,Mapped from sitemap and local HTML; preserve canonical/internal links unless task-specific.,image or visual asset referenced,,,,,,P3,Use pilot before broad template changes,Complete URL/family mapping done; detailed scoring deferred to page-family audit batch.
https://rubinoxmetal.com/materials/incoloy-825-supplier-india.html,Grade / specification pages,Incoloy 825 Supplier in India | Rubinox,Incoloy 825 Supplier in India,"Rubinox supplies Incoloy 825 and Alloy 825 pipes, tubes, sheets, plates, round bars across India, with export support, MTC documentation and fast quotations.",polished in Batch 10B,Incoloy 825 Supplier in India,,BreadcrumbList; ListItem; Organization; Product; PropertyValue; WebPage,yes,yes,yes,Mapped from sitemap and local HTML; preserve canonical/internal links unless task-specific.,image or visual asset referenced,8.5,8.2,8.1,7.8,8.4,P2,Monitor Batch 10B polished grade/spec pages; defer remaining grade/spec rollout to Batch 10C.,"Batch 10B grade/spec rollout applied; URL, H1 intent, title/meta/canonical targets, schema meaning and sitemap URL preserved. Visual gate passed at 1366 and 390, with representative 1280/768/360 checks."
https://rubinoxmetal.com/materials/nickel-200-supplier-india.html,Grade / specification pages,Nickel 200 Supplier in India | Rubinox,Nickel 200 Supplier in India,"Rubinox supplies Nickel 200 commercially pure nickel pipes, tubes, sheets, plates across India, with export support, MTC documentation and fast quotations.",polished in Batch 10B,Nickel 200 Supplier in India,,BreadcrumbList; ListItem; Organization; Product; PropertyValue; WebPage,yes,yes,yes,Mapped from sitemap and local HTML; preserve canonical/internal links unless task-specific.,image or visual asset referenced,8.5,8.2,8.1,7.8,8.4,P2,Monitor Batch 10B polished grade/spec pages; defer remaining grade/spec rollout to Batch 10C.,"Batch 10B grade/spec rollout applied; URL, H1 intent, title/meta/canonical targets, schema meaning and sitemap URL preserved. Visual gate passed at 1366 and 390, with representative 1280/768/360 checks."
https://rubinoxmetal.com/materials/nickel-201-supplier-india.html,Grade / specification pages,Nickel 201 Supplier in India | Rubinox,Nickel 201 Supplier in India,"Rubinox supplies Nickel 201 low carbon commercially pure nickel pipes, tubes, sheets across India, with export support, MTC documentation and fast quotations.",polished in Batch 10B,Nickel 201 Supplier in India,,BreadcrumbList; ListItem; Organization; Product; PropertyValue; WebPage,yes,yes,yes,Mapped from sitemap and local HTML; preserve canonical/internal links unless task-specific.,image or visual asset referenced,8.5,8.2,8.1,7.8,8.4,P2,Monitor Batch 10B polished grade/spec pages; defer remaining grade/spec rollout to Batch 10C.,"Batch 10B grade/spec rollout applied; URL, H1 intent, title/meta/canonical targets, schema meaning and sitemap URL preserved. Visual gate passed at 1366 and 390, with representative 1280/768/360 checks."
https://rubinoxmetal.com/materials/duplex-super-duplex.html,Material family pages,Duplex & Super Duplex Steel Supplier in India | Rubinox,Duplex 2205 & Super Duplex 2507 Supplier in India,"Duplex 2205 and Super Duplex 2507 supplier for pipes, plates, sheets, bars, flanges and fittings with PAN India project delivery.",Batch 9 polished,Duplex & Super Duplex Steel Supplier in India,,Answer; BreadcrumbList; FAQPage; ListItem; Organization; Product; PropertyValue; Question; WebPage,yes,yes,yes,Mapped from sitemap and local HTML; preserve canonical/internal links unless task-specific.,image or visual asset referenced,,,,,,P3,Batch 9 polished,"Batch 9 added material family RFQ pathways, grade/spec/product/resource links and documentation routing; SEO URL, canonical, H1, title/meta, schema meaning and sitemap URL preserved."
https://rubinoxmetal.com/materials/smo-254.html,Material family pages,SMO 254 Supplier in India | UNS S31254 / 6Mo | Rubinox,SMO 254 (UNS S31254 / 6Mo) Supplier in India,"SMO 254 and UNS S31254 supplier for pipes, plates, sheets, bars, flanges and fittings for chloride and seawater service.",Batch 9 polished,SMO 254 Supplier in India,,Answer; BreadcrumbList; FAQPage; ListItem; Organization; Product; PropertyValue; Question; WebPage,yes,yes,yes,Mapped from sitemap and local HTML; preserve canonical/internal links unless task-specific.,image or visual asset referenced,,,,,,P3,Batch 9 polished,"Batch 9 added material family RFQ pathways, grade/spec/product/resource links and documentation routing; SEO URL, canonical, H1, title/meta, schema meaning and sitemap URL preserved."
https://rubinoxmetal.com/materials/titanium.html,Material family pages,"Titanium Supplier India | Grades 1, 2, 5 & 23 | Rubinox","Titanium Grade 1, 2 & Grade 5 Supplier in India","Titanium supplier for Grades 1, 2, 5 and 23 sheets, plates, pipes, tubes and bars with PAN India delivery and export support.",Batch 9 polished,Titanium Supplier India,,Answer; BreadcrumbList; FAQPage; ListItem; Organization; Product; PropertyValue; Question; WebPage,yes,yes,yes,Mapped from sitemap and local HTML; preserve canonical/internal links unless task-specific.,image or visual asset referenced,,,,,,P3,Batch 9 polished,"Batch 9 added material family RFQ pathways, grade/spec/product/resource links and documentation routing; SEO URL, canonical, H1, title/meta, schema meaning and sitemap URL preserved."
https://rubinoxmetal.com/materials/titanium-grade-1-supplier-india.html,Grade / specification pages,Titanium Grade 1 Supplier in India | Rubinox,Titanium Grade 1 Supplier in India,"Rubinox supplies Titanium Grade 1 sheets, plates, strips, tubes, pipes, bars, rods across India, with export support, MTC documentation and fast quotations.",polished in Batch 10B,Titanium Grade 1 Supplier in India,,BreadcrumbList; ListItem; Organization; Product; PropertyValue; WebPage,yes,yes,yes,Mapped from sitemap and local HTML; preserve canonical/internal links unless task-specific.,image or visual asset referenced,8.5,8.2,8.1,7.8,8.4,P2,Monitor Batch 10B polished grade/spec pages; defer remaining grade/spec rollout to Batch 10C.,"Batch 10B grade/spec rollout applied; URL, H1 intent, title/meta/canonical targets, schema meaning and sitemap URL preserved. Visual gate passed at 1366 and 390, with representative 1280/768/360 checks."
https://rubinoxmetal.com/materials/titanium-grade-2-supplier-india.html,Grade / specification pages,Titanium Grade 2 Supplier in India | Rubinox,Titanium Grade 2 Supplier in India,"Rubinox supplies Titanium Grade 2 pipes, tubes, sheets, plates, round bars, rods across India, with export support, MTC documentation and fast quotations.",polished in Batch 10B,Titanium Grade 2 Supplier in India,,BreadcrumbList; ListItem; Organization; Product; PropertyValue; WebPage,yes,yes,yes,Mapped from sitemap and local HTML; preserve canonical/internal links unless task-specific.,image or visual asset referenced,8.5,8.2,8.1,7.8,8.4,P2,Monitor Batch 10B polished grade/spec pages; defer remaining grade/spec rollout to Batch 10C.,"Batch 10B grade/spec rollout applied; URL, H1 intent, title/meta/canonical targets, schema meaning and sitemap URL preserved. Visual gate passed at 1366 and 390, with representative 1280/768/360 checks."
https://rubinoxmetal.com/materials/titanium-grade-5-supplier-india.html,Grade / specification pages,Titanium Grade 5 Supplier in India | Rubinox,Titanium Grade 5 Supplier in India,"Rubinox supplies Titanium Grade 5 Ti-6Al-4V round bars, rods, sheets, plates, tubes across India, with export support, MTC documentation and fast quotations.",needs detailed scoring,Titanium Grade 5 Supplier in India,,BreadcrumbList; ListItem; Organization; Product; PropertyValue; WebPage,yes,yes,yes,Mapped from sitemap and local HTML; preserve canonical/internal links unless task-specific.,image or visual asset referenced,,,,,,P3,Use pilot before broad template changes,Complete URL/family mapping done; detailed scoring deferred to page-family audit batch.
https://rubinoxmetal.com/materials/titanium-grade-23-supplier-india.html,Grade / specification pages,Titanium Grade 23 Supplier in India | Rubinox,Titanium Grade 23 Supplier in India,"Rubinox supplies Titanium Grade 23 Ti-6Al-4V ELI bars, rods, sheets, plates, tubes across India, with export support, MTC documentation and fast quotations.",polished in Batch 10B,Titanium Grade 23 Supplier in India,,BreadcrumbList; ListItem; Organization; Product; PropertyValue; WebPage,yes,yes,yes,Mapped from sitemap and local HTML; preserve canonical/internal links unless task-specific.,image or visual asset referenced,8.5,8.2,8.1,7.8,8.4,P2,Monitor Batch 10B polished grade/spec pages; defer remaining grade/spec rollout to Batch 10C.,"Batch 10B grade/spec rollout applied; URL, H1 intent, title/meta/canonical targets, schema meaning and sitemap URL preserved. Visual gate passed at 1366 and 390, with representative 1280/768/360 checks."
https://rubinoxmetal.com/materials/mild-steel-a500-supplier-india.html,Grade / specification pages,ASTM A500 Mild Steel Supplier India | Structural Hollow Sections,ASTM A500 Mild Steel Supplier in India,"ASTM A500 mild steel supplier in India for structural hollow sections, square tubes, rectangular tubes and round HSS RFQs with documentation support.",needs detailed scoring,ASTM A500 Mild Steel Supplier India,,Answer; BreadcrumbList; FAQPage; ListItem; Organization; Product; PropertyValue; Question; WebPage,yes,yes,yes,Mapped from sitemap and local HTML; preserve canonical/internal links unless task-specific.,image or visual asset referenced,,,,,,P3,Use pilot before broad template changes,Complete URL/family mapping done; detailed scoring deferred to page-family audit batch.
https://rubinoxmetal.com/materials/mild-steel-a513-supplier-india.html,Grade / specification pages,ASTM A513 Mild Steel Supplier India | Mechanical Tubing,ASTM A513 Mild Steel Supplier in India,"ASTM A513 mild steel supplier in India for mechanical tubing, ERW tube and fabrication tube RFQs with size, tolerance and documentation guidance.",needs detailed scoring,ASTM A513 Mild Steel Supplier India,,Answer; BreadcrumbList; FAQPage; ListItem; Organization; Product; PropertyValue; Question; WebPage,yes,yes,yes,Mapped from sitemap and local HTML; preserve canonical/internal links unless task-specific.,image or visual asset referenced,,,,,,P3,Use pilot before broad template changes,Complete URL/family mapping done; detailed scoring deferred to page-family audit batch.
https://rubinoxmetal.com/materials/mild-steel-1020-supplier-india.html,Grade / specification pages,"Mild Steel 1020 Supplier India | Bars, Rods & Engineering Steel",Mild Steel 1020 Supplier in India,"Mild Steel 1020 supplier in India for bars, rods, flats, machined blanks and general engineering RFQs with documentation and size guidance.",needs detailed scoring,Mild Steel 1020 Supplier India,,Answer; BreadcrumbList; FAQPage; ListItem; Organization; Product; PropertyValue; Question; WebPage,yes,yes,yes,Mapped from sitemap and local HTML; preserve canonical/internal links unless task-specific.,image or visual asset referenced,,,,,,P3,Use pilot before broad template changes,Complete URL/family mapping done; detailed scoring deferred to page-family audit batch.
https://rubinoxmetal.com/materials/mild-steel-is-2062-supplier-india.html,Grade / specification pages,IS 2062 Mild Steel Supplier India | Structural Plates & Sections,IS 2062 Mild Steel Supplier in India,"IS 2062 mild steel supplier in India for structural plates, sheets, flats, angles, channels and project fabrication RFQs with documentation support.",needs detailed scoring,IS 2062 Mild Steel Supplier India,,Answer; BreadcrumbList; FAQPage; ListItem; Organization; Product; PropertyValue; Question; WebPage,yes,yes,yes,Mapped from sitemap and local HTML; preserve canonical/internal links unless task-specific.,image or visual asset referenced,,,,,,P3,Use pilot before broad template changes,Complete URL/family mapping done; detailed scoring deferred to page-family audit batch.
https://rubinoxmetal.com/materials/mild-steel-s235-supplier-india.html,Grade / specification pages,EN S235 Mild Steel Supplier India | Structural Plates & Sections,EN S235 Mild Steel Supplier in India,"EN S235 mild steel supplier in India for structural plates, sheets, sections, angles, channels and fabrication RFQs with standard guidance.",needs detailed scoring,EN S235 Mild Steel Supplier India,,Answer; BreadcrumbList; FAQPage; ListItem; Organization; Product; PropertyValue; Question; WebPage,yes,yes,yes,Mapped from sitemap and local HTML; preserve canonical/internal links unless task-specific.,image or visual asset referenced,,,,,,P3,Use pilot before broad template changes,Complete URL/family mapping done; detailed scoring deferred to page-family audit batch.
https://rubinoxmetal.com/materials/mild-steel-s275-supplier-india.html,Grade / specification pages,EN S275 Mild Steel Supplier India | Structural Plates & Sections,EN S275 Mild Steel Supplier in India,"EN S275 mild steel supplier in India for structural plates, sheets, sections, angles, channels and fabrication RFQs with documentation support.",needs detailed scoring,EN S275 Mild Steel Supplier India,,Answer; BreadcrumbList; FAQPage; ListItem; Organization; Product; PropertyValue; Question; WebPage,yes,yes,yes,Mapped from sitemap and local HTML; preserve canonical/internal links unless task-specific.,image or visual asset referenced,,,,,,P3,Use pilot before broad template changes,Complete URL/family mapping done; detailed scoring deferred to page-family audit batch.
https://rubinoxmetal.com/materials/mild-steel-s355-supplier-india.html,Grade / specification pages,EN S355 Mild Steel Supplier India | Higher Strength Structural Steel,EN S355 Mild Steel Supplier in India,"EN S355 mild steel supplier in India for higher-strength structural plates, sections, angles, channels and fabrication RFQs with documentation support.",needs detailed scoring,EN S355 Mild Steel Supplier India,,Answer; BreadcrumbList; FAQPage; ListItem; Organization; Product; PropertyValue; Question; WebPage,yes,yes,yes,Mapped from sitemap and local HTML; preserve canonical/internal links unless task-specific.,image or visual asset referenced,,,,,,P3,Use pilot before broad template changes,Complete URL/family mapping done; detailed scoring deferred to page-family audit batch.
https://rubinoxmetal.com/materials/phosphor-bronze-c510-supplier-india.html,Grade / specification pages,Phosphor Bronze C510 Supplier in India | Spring Grade,Phosphor Bronze C510 Supplier in India,"Phosphor Bronze C510 supplier in India for sheets, strips, coils, rods and spring or electrical contact RFQs.",needs detailed scoring,Phosphor Bronze C510 Supplier in India,,Answer; BreadcrumbList; FAQPage; ListItem; Organization; Product; PropertyValue; Question; WebPage,yes,yes,yes,Mapped from sitemap and local HTML; preserve canonical/internal links unless task-specific.,image or visual asset referenced,,,,,,P3,Use pilot before broad template changes,Complete URL/family mapping done; detailed scoring deferred to page-family audit batch.
https://rubinoxmetal.com/materials/phosphor-bronze-c521-supplier-india.html,Grade / specification pages,Phosphor Bronze C521 Supplier in India | High Strength,Phosphor Bronze C521 Supplier in India,"Phosphor Bronze C521 supplier in India for high-strength strips, sheets, coils, rods and spring component RFQs.",needs detailed scoring,Phosphor Bronze C521 Supplier in India,,Answer; BreadcrumbList; FAQPage; ListItem; Organization; Product; PropertyValue; Question; WebPage,yes,yes,yes,Mapped from sitemap and local HTML; preserve canonical/internal links unless task-specific.,image or visual asset referenced,,,,,,P3,Use pilot before broad template changes,Complete URL/family mapping done; detailed scoring deferred to page-family audit batch.
https://rubinoxmetal.com/materials/phosphor-bronze-c544-supplier-india.html,Grade / specification pages,Phosphor Bronze C544 Supplier in India | Free Cutting,Phosphor Bronze C544 Supplier in India,"Phosphor Bronze C544 supplier in India for free-cutting rods, bars, bushings, bearings and machined component RFQs.",needs detailed scoring,Phosphor Bronze C544 Supplier in India,,Answer; BreadcrumbList; FAQPage; ListItem; Organization; Product; PropertyValue; Question; WebPage,yes,yes,yes,Mapped from sitemap and local HTML; preserve canonical/internal links unless task-specific.,image or visual asset referenced,,,,,,P3,Use pilot before broad template changes,Complete URL/family mapping done; detailed scoring deferred to page-family audit batch.
https://rubinoxmetal.com/materials/phosphor-bronze.html,Material family pages,"Phosphor Bronze Supplier in India | C510, C521 & C544",Phosphor Bronze Supplier in India,"Phosphor bronze supplier for C510, C521 and C544 sheets, strips, coils, rods and bars with PAN India supply and export support.",Batch 9 polished,Phosphor Bronze Supplier in India,,Answer; BreadcrumbList; FAQPage; ListItem; Organization; Product; PropertyValue; Question; WebPage,yes,yes,yes,Mapped from sitemap and local HTML; preserve canonical/internal links unless task-specific.,image or visual asset referenced,,,,,,P3,Batch 9 polished,"Batch 9 added material family RFQ pathways, grade/spec/product/resource links and documentation routing; SEO URL, canonical, H1, title/meta, schema meaning and sitemap URL preserved."
https://rubinoxmetal.com/materials/other-metals.html,Material family pages,Special Engineering Alloys Supplier in India | Rubinox,Special Engineering Alloys Supplier in India,"Special engineering alloys supplier in India for specification-based ferrous and non-ferrous metal enquiries, project grades, product forms and RFQs.",Batch 9 polished,Special Engineering Alloys Supplier in India,,Answer; BreadcrumbList; FAQPage; ListItem; Organization; Product; PropertyValue; Question; WebPage,yes,yes,yes,Mapped from sitemap and local HTML; preserve canonical/internal links unless task-specific.,image or visual asset referenced,,,,,,P3,Batch 9 polished,"Batch 9 added material family RFQ pathways, grade/spec/product/resource links and documentation routing; SEO URL, canonical, H1, title/meta, schema meaning and sitemap URL preserved."
https://rubinoxmetal.com/locations/mumbai.html,Location pages,Metal Supplier in Mumbai | Stainless Steel & Alloys | Rubinox,Metal Supplier in Mumbai,"Rubinox supports Mumbai RFQs for Trading, fabrication, pharma, engineering, marine, project buying, with stainless steel, alloys and industrial metal procurement support from Mumbai for PAN India enquiries.",improved in Batch 5,Metal Supplier in Mumbai,,Answer; BreadcrumbList; FAQPage; ListItem; Organization; Question; WebPage; WebSite,yes,yes,yes,Mapped from sitemap and local HTML; preserve canonical/internal links unless task-specific.,image or visual asset referenced,,,,,,P2,Monitor Search Console; expand city pages only with differentiated buyer value,"Batch 5 improved the existing city pilot template with industry, materials, product forms, RFQ checklist, safe FAQ and internal links; no local presence, inventory or fixed delivery timing claim."
https://rubinoxmetal.com/locations/pune.html,Location pages,Metal Supplier in Pune | Stainless Steel & Alloys | Rubinox,Metal Supplier in Pune,"Rubinox supports Pune RFQs for Automotive, engineering, EV, fabrication, machine building, with stainless steel, alloys and industrial metal procurement support from Mumbai for PAN India enquiries.",improved in Batch 5,Metal Supplier in Pune,,Answer; BreadcrumbList; FAQPage; ListItem; Organization; Question; WebPage; WebSite,yes,yes,yes,Mapped from sitemap and local HTML; preserve canonical/internal links unless task-specific.,image or visual asset referenced,,,,,,P2,Monitor Search Console; expand city pages only with differentiated buyer value,"Batch 5 improved the existing city pilot template with industry, materials, product forms, RFQ checklist, safe FAQ and internal links; no local presence, inventory or fixed delivery timing claim."
https://rubinoxmetal.com/locations/chennai.html,Location pages,Metal Supplier in Chennai | Stainless Steel & Alloys | Rubinox,Metal Supplier in Chennai,"Rubinox supports Chennai RFQs for Automotive, marine, engineering, power, export-linked projects, with stainless steel, alloys and industrial metal procurement support from Mumbai for PAN India enquiries.",improved in Batch 5,Metal Supplier in Chennai,,Answer; BreadcrumbList; FAQPage; ListItem; Organization; Question; WebPage; WebSite,yes,yes,yes,Mapped from sitemap and local HTML; preserve canonical/internal links unless task-specific.,image or visual asset referenced,7.1,8,7.6,6.8,7.4,P2,Monitor Search Console; expand city pages only with differentiated buyer value,"Batch 5 improved the existing city pilot template with industry, materials, product forms, RFQ checklist, safe FAQ and internal links; no local presence, inventory or fixed delivery timing claim."
https://rubinoxmetal.com/locations/ahmedabad.html,Location pages,Metal Supplier in Ahmedabad | Stainless Steel & Alloys | Rubinox,Metal Supplier in Ahmedabad,"Rubinox supports Ahmedabad RFQs for Pharma, chemical, textile machinery, engineering, with stainless steel, alloys and industrial metal procurement support from Mumbai for PAN India enquiries.",improved in Batch 5,Metal Supplier in Ahmedabad,,Answer; BreadcrumbList; FAQPage; ListItem; Organization; Question; WebPage; WebSite,yes,yes,yes,Mapped from sitemap and local HTML; preserve canonical/internal links unless task-specific.,image or visual asset referenced,,,,,,P2,Monitor Search Console; expand city pages only with differentiated buyer value,"Batch 5 improved the existing city pilot template with industry, materials, product forms, RFQ checklist, safe FAQ and internal links; no local presence, inventory or fixed delivery timing claim."
https://rubinoxmetal.com/locations/vadodara.html,Location pages,Metal Supplier in Vadodara | Stainless Steel & Alloys | Rubinox,Metal Supplier in Vadodara,"Rubinox supports Vadodara RFQs for Chemical, petrochemical, engineering, EPC, with stainless steel, alloys and industrial metal procurement support from Mumbai for PAN India enquiries.",improved in Batch 5,Metal Supplier in Vadodara,,Answer; BreadcrumbList; FAQPage; ListItem; Organization; Question; WebPage; WebSite,yes,yes,yes,Mapped from sitemap and local HTML; preserve canonical/internal links unless task-specific.,image or visual asset referenced,,,,,,P2,Monitor Search Console; expand city pages only with differentiated buyer value,"Batch 5 improved the existing city pilot template with industry, materials, product forms, RFQ checklist, safe FAQ and internal links; no local presence, inventory or fixed delivery timing claim."
https://rubinoxmetal.com/locations/hyderabad.html,Location pages,Metal Supplier in Hyderabad | Stainless Steel & Alloys | Rubinox,Metal Supplier in Hyderabad,"Rubinox supports Hyderabad RFQs for pharma, aerospace, engineering, fabrication, EPC and infrastructure with stainless steel, duplex steel, nickel alloys, carbon steel and non-ferrous metal quotation support from Mumbai for PAN India enquiries.",improved in Batch 6,Metal Supplier in Hyderabad,,Answer; BreadcrumbList; FAQPage; ListItem; Organization; Question; WebPage; WebSite,yes,yes,yes,Mapped from sitemap and local HTML; preserve canonical/internal links unless task-specific.,image or visual asset referenced,,,,,,P2,Monitor Batch 6A city page performance; defer additional location expansion until query evidence supports it,"Batch 6 improved this existing city page with RFQ-focused sections, buyer-search wording, safe role FAQ, documentation checklist and related links; no local presence, inventory, price or fixed timing claim."
https://rubinoxmetal.com/locations/bengaluru.html,Location pages,Metal Supplier in Bengaluru | Stainless Steel & Alloys | Rubinox,Metal Supplier in Bengaluru,"Rubinox supports Bengaluru RFQs for Aerospace, defence, electronics, precision engineering, with stainless steel, alloys and industrial metal procurement support from Mumbai for PAN India enquiries.",improved in Batch 5,Metal Supplier in Bengaluru,,Answer; BreadcrumbList; FAQPage; ListItem; Organization; Question; WebPage; WebSite,yes,yes,yes,Mapped from sitemap and local HTML; preserve canonical/internal links unless task-specific.,image or visual asset referenced,,,,,,P2,Monitor Search Console; expand city pages only with differentiated buyer value,"Batch 5 improved the existing city pilot template with industry, materials, product forms, RFQ checklist, safe FAQ and internal links; no local presence, inventory or fixed delivery timing claim."
https://rubinoxmetal.com/locations/navi-mumbai.html,Location pages,Metal Supplier in Navi Mumbai | Stainless Steel & Alloys | Rubinox,Metal Supplier in Navi Mumbai,"Rubinox supports Navi Mumbai RFQs for EPC, logistics, fabrication, chemical and port-linked projects with stainless steel, duplex steel, nickel alloys, carbon steel and non-ferrous metal quotation support from Mumbai for PAN India enquiries.",improved in Batch 6,Metal Supplier in Navi Mumbai,,Answer; BreadcrumbList; FAQPage; ListItem; Organization; Question; WebPage; WebSite,yes,yes,yes,Mapped from sitemap and local HTML; preserve canonical/internal links unless task-specific.,image or visual asset referenced,,,,,,P2,Monitor Batch 6A city page performance; defer additional location expansion until query evidence supports it,"Batch 6 improved this existing city page with RFQ-focused sections, buyer-search wording, safe role FAQ, documentation checklist and related links; no local presence, inventory, price or fixed timing claim."
https://rubinoxmetal.com/locations/coimbatore.html,Location pages,Metal Supplier in Coimbatore | Stainless Steel & Alloys | Rubinox,Metal Supplier in Coimbatore,"Rubinox supports Coimbatore RFQs for pumps, textile machinery, engineering, foundry, fabrication and equipment with stainless steel, duplex steel, nickel alloys, carbon steel and non-ferrous metal quotation support from Mumbai for PAN India enquiries.",improved in Batch 6,Metal Supplier in Coimbatore,,Answer; BreadcrumbList; FAQPage; ListItem; Organization; Question; WebPage; WebSite,yes,yes,yes,Mapped from sitemap and local HTML; preserve canonical/internal links unless task-specific.,image or visual asset referenced,,,,,,P2,Monitor Batch 6A city page performance; defer additional location expansion until query evidence supports it,"Batch 6 improved this existing city page with RFQ-focused sections, buyer-search wording, safe role FAQ, documentation checklist and related links; no local presence, inventory, price or fixed timing claim."
https://rubinoxmetal.com/locations/delhi.html,Location pages,Metal Supplier in Delhi | Stainless Steel & Alloys | Rubinox,Metal Supplier in Delhi,"Rubinox supports Delhi RFQs for Infrastructure, trading, fabrication, engineering, with stainless steel, alloys and industrial metal procurement support from Mumbai for PAN India enquiries.",improved in Batch 5,Metal Supplier in Delhi,,Answer; BreadcrumbList; FAQPage; ListItem; Organization; Question; WebPage; WebSite,yes,yes,yes,Mapped from sitemap and local HTML; preserve canonical/internal links unless task-specific.,image or visual asset referenced,,,,,,P2,Monitor Search Console; expand city pages only with differentiated buyer value,"Batch 5 improved the existing city pilot template with industry, materials, product forms, RFQ checklist, safe FAQ and internal links; no local presence, inventory or fixed delivery timing claim."
https://rubinoxmetal.com/locations/thane.html,Location pages,Metal Supplier in Thane | Stainless Steel & Alloys | Rubinox,Metal Supplier in Thane,"Rubinox supports Thane RFQs for engineering, pharma, chemical, fabrication, MRO and infrastructure with stainless steel, duplex steel, nickel alloys, carbon steel and non-ferrous metal quotation support from Mumbai for PAN India enquiries.",improved in Batch 6,Metal Supplier in Thane,,Answer; BreadcrumbList; FAQPage; ListItem; Organization; Question; WebPage; WebSite,yes,yes,yes,Mapped from sitemap and local HTML; preserve canonical/internal links unless task-specific.,image or visual asset referenced,,,,,,P2,Monitor Batch 6A city page performance; defer additional location expansion until query evidence supports it,"Batch 6 improved this existing city page with RFQ-focused sections, buyer-search wording, safe role FAQ, documentation checklist and related links; no local presence, inventory, price or fixed timing claim."
https://rubinoxmetal.com/locations/chakan-pimpri-chinchwad.html,Location pages,Metal Supplier in Chakan / Pimpri-Chinchwad | Rubinox,Metal Supplier in Chakan / Pimpri-Chinchwad,"Rubinox supports Chakan / Pimpri-Chinchwad RFQs for automotive, engineering, fabrication, machinery and project buying with stainless steel, duplex steel, nickel alloys, carbon steel and non-ferrous metal quotation support from Mumbai for PAN India enquiries.",improved in Batch 6B,Metal Supplier in Chakan / Pimpri-Chinchwad,,Answer; BreadcrumbList; FAQPage; ListItem; Organization; Question; WebPage; WebSite,yes,yes,yes,Mapped from sitemap and local HTML; preserve canonical/internal links unless task-specific.,image or visual asset referenced,,,,,,P2,Monitor Batch 6B location/export page performance; defer new location/export pages until query evidence supports differentiated content.,"Batch 6B improved this existing city page with RFQ-focused sections, buyer-search wording, safe role FAQ, documentation checklist and related links; no local presence, inventory, price or fixed timing claim."
https://rubinoxmetal.com/locations/nashik.html,Location pages,Metal Supplier in Nashik | Stainless Steel & Alloys | Rubinox,Metal Supplier in Nashik,"Rubinox supports Nashik RFQs for engineering, automotive, food processing, pharma, fabrication and infrastructure with stainless steel, duplex steel, nickel alloys, carbon steel and non-ferrous metal quotation support from Mumbai for PAN India enquiries.",improved in Batch 6,Metal Supplier in Nashik,,Answer; BreadcrumbList; FAQPage; ListItem; Organization; Question; WebPage; WebSite,yes,yes,yes,Mapped from sitemap and local HTML; preserve canonical/internal links unless task-specific.,image or visual asset referenced,,,,,,P2,Monitor Batch 6A city page performance; defer additional location expansion until query evidence supports it,"Batch 6 improved this existing city page with RFQ-focused sections, buyer-search wording, safe role FAQ, documentation checklist and related links; no local presence, inventory, price or fixed timing claim."
https://rubinoxmetal.com/locations/surat.html,Location pages,Metal Supplier in Surat | Stainless Steel & Alloys | Rubinox,Metal Supplier in Surat,"Rubinox supports Surat RFQs for Chemical, textile, engineering, fabrication, with stainless steel, alloys and industrial metal procurement support from Mumbai for PAN India enquiries.",improved in Batch 5,Metal Supplier in Surat,,Answer; BreadcrumbList; FAQPage; ListItem; Organization; Question; WebPage; WebSite,yes,yes,yes,Mapped from sitemap and local HTML; preserve canonical/internal links unless task-specific.,image or visual asset referenced,,,,,,P2,Monitor Search Console; expand city pages only with differentiated buyer value,"Batch 5 improved the existing city pilot template with industry, materials, product forms, RFQ checklist, safe FAQ and internal links; no local presence, inventory or fixed delivery timing claim."
https://rubinoxmetal.com/locations/bharuch.html,Location pages,Metal Supplier in Bharuch | Stainless Steel & Alloys | Rubinox,Metal Supplier in Bharuch,"Rubinox supports Bharuch RFQs for chemical, petrochemical, fertilizer, process plants, EPC and maintenance with stainless steel, duplex steel, nickel alloys, carbon steel and non-ferrous metal quotation support from Mumbai for PAN India enquiries.",improved in Batch 6,Metal Supplier in Bharuch,,Answer; BreadcrumbList; FAQPage; ListItem; Organization; Question; WebPage; WebSite,yes,yes,yes,Mapped from sitemap and local HTML; preserve canonical/internal links unless task-specific.,image or visual asset referenced,,,,,,P2,Monitor Batch 6A city page performance; defer additional location expansion until query evidence supports it,"Batch 6 improved this existing city page with RFQ-focused sections, buyer-search wording, safe role FAQ, documentation checklist and related links; no local presence, inventory, price or fixed timing claim."
https://rubinoxmetal.com/locations/ankleshwar.html,Location pages,Metal Supplier in Ankleshwar | Stainless Steel & Alloys | Rubinox,Metal Supplier in Ankleshwar,"Rubinox supports Ankleshwar RFQs for chemical, pharma, process equipment, utilities, fabrication and maintenance with stainless steel, duplex steel, nickel alloys, carbon steel and non-ferrous metal quotation support from Mumbai for PAN India enquiries.",improved in Batch 6,Metal Supplier in Ankleshwar,,Answer; BreadcrumbList; FAQPage; ListItem; Organization; Question; WebPage; WebSite,yes,yes,yes,Mapped from sitemap and local HTML; preserve canonical/internal links unless task-specific.,image or visual asset referenced,,,,,,P2,Monitor Batch 6A city page performance; defer additional location expansion until query evidence supports it,"Batch 6 improved this existing city page with RFQ-focused sections, buyer-search wording, safe role FAQ, documentation checklist and related links; no local presence, inventory, price or fixed timing claim."
https://rubinoxmetal.com/locations/vapi.html,Location pages,Metal Supplier in Vapi | Stainless Steel & Alloys | Rubinox,Metal Supplier in Vapi,"Rubinox supports Vapi RFQs for chemical, pharma, process plants, fabrication, utilities and maintenance with stainless steel, duplex steel, nickel alloys, carbon steel and non-ferrous metal quotation support from Mumbai for PAN India enquiries.",improved in Batch 6,Metal Supplier in Vapi,,Answer; BreadcrumbList; FAQPage; ListItem; Organization; Question; WebPage; WebSite,yes,yes,yes,Mapped from sitemap and local HTML; preserve canonical/internal links unless task-specific.,image or visual asset referenced,,,,,,P2,Monitor Batch 6A city page performance; defer additional location expansion until query evidence supports it,"Batch 6 improved this existing city page with RFQ-focused sections, buyer-search wording, safe role FAQ, documentation checklist and related links; no local presence, inventory, price or fixed timing claim."
https://rubinoxmetal.com/locations/rajkot.html,Location pages,Metal Supplier in Rajkot | Stainless Steel & Alloys | Rubinox,Metal Supplier in Rajkot,"Rubinox supports Rajkot RFQs for engineering, casting, machine tools, fabrication, pumps and project buying with stainless steel, duplex steel, nickel alloys, carbon steel and non-ferrous metal quotation support from Mumbai for PAN India enquiries.",improved in Batch 6,Metal Supplier in Rajkot,,Answer; BreadcrumbList; FAQPage; ListItem; Organization; Question; WebPage; WebSite,yes,yes,yes,Mapped from sitemap and local HTML; preserve canonical/internal links unless task-specific.,image or visual asset referenced,,,,,,P2,Monitor Batch 6A city page performance; defer additional location expansion until query evidence supports it,"Batch 6 improved this existing city page with RFQ-focused sections, buyer-search wording, safe role FAQ, documentation checklist and related links; no local presence, inventory, price or fixed timing claim."
https://rubinoxmetal.com/locations/jamnagar.html,Location pages,Metal Supplier in Jamnagar | Stainless Steel & Alloys | Rubinox,Metal Supplier in Jamnagar,"Rubinox supports Jamnagar RFQs for Brass, refinery, marine, engineering, with stainless steel, alloys and industrial metal procurement support from Mumbai for PAN India enquiries.",improved in Batch 5,Metal Supplier in Jamnagar,,Answer; BreadcrumbList; FAQPage; ListItem; Organization; Question; WebPage; WebSite,yes,yes,yes,Mapped from sitemap and local HTML; preserve canonical/internal links unless task-specific.,image or visual asset referenced,,,,,,P2,Monitor Search Console; expand city pages only with differentiated buyer value,"Batch 5 improved the existing city pilot template with industry, materials, product forms, RFQ checklist, safe FAQ and internal links; no local presence, inventory or fixed delivery timing claim."
https://rubinoxmetal.com/locations/hosur.html,Location pages,Metal Supplier in Hosur | Stainless Steel & Alloys | Rubinox,Metal Supplier in Hosur,"Rubinox supports Hosur RFQs for automotive, engineering, fabrication, electronics, machinery and project buying with stainless steel, duplex steel, nickel alloys, carbon steel and non-ferrous metal quotation support from Mumbai for PAN India enquiries.",improved in Batch 6,Metal Supplier in Hosur,,Answer; BreadcrumbList; FAQPage; ListItem; Organization; Question; WebPage; WebSite,yes,yes,yes,Mapped from sitemap and local HTML; preserve canonical/internal links unless task-specific.,image or visual asset referenced,,,,,,P2,Monitor Batch 6A city page performance; defer additional location expansion until query evidence supports it,"Batch 6 improved this existing city page with RFQ-focused sections, buyer-search wording, safe role FAQ, documentation checklist and related links; no local presence, inventory, price or fixed timing claim."
https://rubinoxmetal.com/locations/sriperumbudur-oragadam.html,Location pages,Metal Supplier in Sriperumbudur / Oragadam | Rubinox,Metal Supplier in Sriperumbudur / Oragadam,"Rubinox supports Sriperumbudur / Oragadam RFQs for automotive, electronics, engineering, fabrication and project buying with stainless steel, duplex steel, nickel alloys, carbon steel and non-ferrous metal quotation support from Mumbai for PAN India enquiries.",improved in Batch 6B,Metal Supplier in Sriperumbudur / Oragadam,,Answer; BreadcrumbList; FAQPage; ListItem; Organization; Question; WebPage; WebSite,yes,yes,yes,Mapped from sitemap and local HTML; preserve canonical/internal links unless task-specific.,image or visual asset referenced,,,,,,P2,Monitor Batch 6B location/export page performance; defer new location/export pages until query evidence supports differentiated content.,"Batch 6B improved this existing city page with RFQ-focused sections, buyer-search wording, safe role FAQ, documentation checklist and related links; no local presence, inventory, price or fixed timing claim."
https://rubinoxmetal.com/locations/visakhapatnam.html,Location pages,Metal Supplier in Visakhapatnam | Rubinox,Metal Supplier in Visakhapatnam,"Rubinox supports Visakhapatnam RFQs for marine, steel, shipyard, port, power, EPC and fabrication with stainless steel, duplex steel, nickel alloys, carbon steel and non-ferrous metal quotation support from Mumbai for PAN India enquiries.",improved in Batch 6,Metal Supplier in Visakhapatnam,,Answer; BreadcrumbList; FAQPage; ListItem; Organization; Question; WebPage; WebSite,yes,yes,yes,Mapped from sitemap and local HTML; preserve canonical/internal links unless task-specific.,image or visual asset referenced,,,,,,P2,Monitor Batch 6A city page performance; defer additional location expansion until query evidence supports it,"Batch 6 improved this existing city page with RFQ-focused sections, buyer-search wording, safe role FAQ, documentation checklist and related links; no local presence, inventory, price or fixed timing claim."
https://rubinoxmetal.com/locations/gurugram-manesar.html,Location pages,Metal Supplier in Gurugram / Manesar | Rubinox,Metal Supplier in Gurugram / Manesar,"Rubinox supports Gurugram / Manesar RFQs for automotive, engineering, fabrication, machinery, EPC and maintenance with stainless steel, duplex steel, nickel alloys, carbon steel and non-ferrous metal quotation support from Mumbai for PAN India enquiries.",improved in Batch 6,Metal Supplier in Gurugram / Manesar,,Answer; BreadcrumbList; FAQPage; ListItem; Organization; Question; WebPage; WebSite,yes,yes,yes,Mapped from sitemap and local HTML; preserve canonical/internal links unless task-specific.,image or visual asset referenced,,,,,,P2,Monitor Batch 6A city page performance; defer additional location expansion until query evidence supports it,"Batch 6 improved this existing city page with RFQ-focused sections, buyer-search wording, safe role FAQ, documentation checklist and related links; no local presence, inventory, price or fixed timing claim."
https://rubinoxmetal.com/locations/faridabad.html,Location pages,Metal Supplier in Faridabad | Stainless Steel & Alloys | Rubinox,Metal Supplier in Faridabad,"Rubinox supports Faridabad RFQs for fabrication, machinery, engineering, automotive, power and EPC with stainless steel, duplex steel, nickel alloys, carbon steel and non-ferrous metal quotation support from Mumbai for PAN India enquiries.",improved in Batch 6,Metal Supplier in Faridabad,,Answer; BreadcrumbList; FAQPage; ListItem; Organization; Question; WebPage; WebSite,yes,yes,yes,Mapped from sitemap and local HTML; preserve canonical/internal links unless task-specific.,image or visual asset referenced,,,,,,P2,Monitor Batch 6A city page performance; defer additional location expansion until query evidence supports it,"Batch 6 improved this existing city page with RFQ-focused sections, buyer-search wording, safe role FAQ, documentation checklist and related links; no local presence, inventory, price or fixed timing claim."
https://rubinoxmetal.com/locations/noida.html,Location pages,Metal Supplier in Noida | Stainless Steel & Alloys | Rubinox,Metal Supplier in Noida,"Rubinox supports Noida RFQs for electronics, fabrication, engineering, HVAC, infrastructure and EPC with stainless steel, duplex steel, nickel alloys, carbon steel and non-ferrous metal quotation support from Mumbai for PAN India enquiries.",improved in Batch 6,Metal Supplier in Noida,,Answer; BreadcrumbList; FAQPage; ListItem; Organization; Question; WebPage; WebSite,yes,yes,yes,Mapped from sitemap and local HTML; preserve canonical/internal links unless task-specific.,image or visual asset referenced,,,,,,P2,Monitor Batch 6A city page performance; defer additional location expansion until query evidence supports it,"Batch 6 improved this existing city page with RFQ-focused sections, buyer-search wording, safe role FAQ, documentation checklist and related links; no local presence, inventory, price or fixed timing claim."
https://rubinoxmetal.com/locations/greater-noida.html,Location pages,Metal Supplier in Greater Noida | Rubinox,Metal Supplier in Greater Noida,"Rubinox supports Greater Noida RFQs for electronics, automotive, engineering, fabrication and project buying with stainless steel, duplex steel, nickel alloys, carbon steel and non-ferrous metal quotation support from Mumbai for PAN India enquiries.",improved in Batch 6B,Metal Supplier in Greater Noida,,Answer; BreadcrumbList; FAQPage; ListItem; Organization; Question; WebPage; WebSite,yes,yes,yes,Mapped from sitemap and local HTML; preserve canonical/internal links unless task-specific.,image or visual asset referenced,,,,,,P2,Monitor Batch 6B location/export page performance; defer new location/export pages until query evidence supports differentiated content.,"Batch 6B improved this existing city page with RFQ-focused sections, buyer-search wording, safe role FAQ, documentation checklist and related links; no local presence, inventory, price or fixed timing claim."
https://rubinoxmetal.com/locations/ghaziabad.html,Location pages,Metal Supplier in Ghaziabad | Stainless Steel & Alloys | Rubinox,Metal Supplier in Ghaziabad,"Rubinox supports Ghaziabad RFQs for engineering, fabrication, construction, rail, machinery and infrastructure with stainless steel, duplex steel, nickel alloys, carbon steel and non-ferrous metal quotation support from Mumbai for PAN India enquiries.",improved in Batch 6,Metal Supplier in Ghaziabad,,Answer; BreadcrumbList; FAQPage; ListItem; Organization; Question; WebPage; WebSite,yes,yes,yes,Mapped from sitemap and local HTML; preserve canonical/internal links unless task-specific.,image or visual asset referenced,,,,,,P2,Monitor Batch 6A city page performance; defer additional location expansion until query evidence supports it,"Batch 6 improved this existing city page with RFQ-focused sections, buyer-search wording, safe role FAQ, documentation checklist and related links; no local presence, inventory, price or fixed timing claim."
https://rubinoxmetal.com/locations/ludhiana.html,Location pages,Metal Supplier in Ludhiana | Stainless Steel & Alloys | Rubinox,Metal Supplier in Ludhiana,"Rubinox supports Ludhiana RFQs for auto components, machine tools, fabrication, fasteners, engineering and agricultural equipment with stainless steel, duplex steel, nickel alloys, carbon steel and non-ferrous metal quotation support from Mumbai for PAN India enquiries.",improved in Batch 6,Metal Supplier in Ludhiana,,Answer; BreadcrumbList; FAQPage; ListItem; Organization; Question; WebPage; WebSite,yes,yes,yes,Mapped from sitemap and local HTML; preserve canonical/internal links unless task-specific.,image or visual asset referenced,,,,,,P2,Monitor Batch 6A city page performance; defer additional location expansion until query evidence supports it,"Batch 6 improved this existing city page with RFQ-focused sections, buyer-search wording, safe role FAQ, documentation checklist and related links; no local presence, inventory, price or fixed timing claim."
https://rubinoxmetal.com/locations/indore-pithampur.html,Location pages,Metal Supplier in Indore / Pithampur | Rubinox,Metal Supplier in Indore / Pithampur,"Rubinox supports Indore / Pithampur RFQs for automotive, pharma, engineering, fabrication, food processing and infrastructure with stainless steel, duplex steel, nickel alloys, carbon steel and non-ferrous metal quotation support from Mumbai for PAN India enquiries.",improved in Batch 6,Metal Supplier in Indore / Pithampur,,Answer; BreadcrumbList; FAQPage; ListItem; Organization; Question; WebPage; WebSite,yes,yes,yes,Mapped from sitemap and local HTML; preserve canonical/internal links unless task-specific.,image or visual asset referenced,,,,,,P2,Monitor Batch 6A city page performance; defer additional location expansion until query evidence supports it,"Batch 6 improved this existing city page with RFQ-focused sections, buyer-search wording, safe role FAQ, documentation checklist and related links; no local presence, inventory, price or fixed timing claim."
https://rubinoxmetal.com/locations/jamshedpur.html,Location pages,Metal Supplier in Jamshedpur | Stainless Steel & Alloys | Rubinox,Metal Supplier in Jamshedpur,"Rubinox supports Jamshedpur RFQs for steel, automotive, engineering, fabrication, power and maintenance with stainless steel, duplex steel, nickel alloys, carbon steel and non-ferrous metal quotation support from Mumbai for PAN India enquiries.",improved in Batch 6,Metal Supplier in Jamshedpur,,Answer; BreadcrumbList; FAQPage; ListItem; Organization; Question; WebPage; WebSite,yes,yes,yes,Mapped from sitemap and local HTML; preserve canonical/internal links unless task-specific.,image or visual asset referenced,,,,,,P2,Monitor Batch 6A city page performance; defer additional location expansion until query evidence supports it,"Batch 6 improved this existing city page with RFQ-focused sections, buyer-search wording, safe role FAQ, documentation checklist and related links; no local presence, inventory, price or fixed timing claim."
https://rubinoxmetal.com/locations/chhatrapati-sambhajinagar-aurangabad.html,Location pages,Metal Supplier in Sambhajinagar / Aurangabad | Rubinox,Metal Supplier in Chhatrapati Sambhajinagar / Aurangabad,"Rubinox supports Chhatrapati Sambhajinagar / Aurangabad RFQs for automotive, engineering, pharma, beverage processing, fabrication and infrastructure with stainless steel, duplex steel, nickel alloys, carbon steel and non-ferrous metal quotation support from Mumbai for PAN India enquiries.",improved in Batch 6,Metal Supplier in Chhatrapati Sambhajinagar / Aurangabad,,Answer; BreadcrumbList; FAQPage; ListItem; Organization; Question; WebPage; WebSite,yes,yes,yes,Mapped from sitemap and local HTML; preserve canonical/internal links unless task-specific.,image or visual asset referenced,,,,,,P2,Monitor Batch 6A city page performance; defer additional location expansion until query evidence supports it,"Batch 6 improved this existing city page with RFQ-focused sections, buyer-search wording, safe role FAQ, documentation checklist and related links; no local presence, inventory, price or fixed timing claim."
https://rubinoxmetal.com/locations/nagpur.html,Location pages,Metal Supplier in Nagpur | Stainless Steel & Alloys | Rubinox,Metal Supplier in Nagpur,"Rubinox supports Nagpur RFQs for infrastructure, power, mining, fabrication, engineering and rail and MRO with stainless steel, duplex steel, nickel alloys, carbon steel and non-ferrous metal quotation support from Mumbai for PAN India enquiries.",improved in Batch 6,Metal Supplier in Nagpur,,Answer; BreadcrumbList; FAQPage; ListItem; Organization; Question; WebPage; WebSite,yes,yes,yes,Mapped from sitemap and local HTML; preserve canonical/internal links unless task-specific.,image or visual asset referenced,,,,,,P2,Monitor Batch 6A city page performance; defer additional location expansion until query evidence supports it,"Batch 6 improved this existing city page with RFQ-focused sections, buyer-search wording, safe role FAQ, documentation checklist and related links; no local presence, inventory, price or fixed timing claim."
https://rubinoxmetal.com/locations/dholera-sanand.html,Location pages,Metal Supplier in Dholera / Sanand | Rubinox,Metal Supplier in Dholera / Sanand,"Rubinox supports Dholera / Sanand RFQs for automotive, engineering, infrastructure, industrial parks and project buying with stainless steel, duplex steel, nickel alloys, carbon steel and non-ferrous metal quotation support from Mumbai for PAN India enquiries.",improved in Batch 6B,Metal Supplier in Dholera / Sanand,,Answer; BreadcrumbList; FAQPage; ListItem; Organization; Question; WebPage; WebSite,yes,yes,yes,Mapped from sitemap and local HTML; preserve canonical/internal links unless task-specific.,image or visual asset referenced,,,,,,P2,Monitor Batch 6B location/export page performance; defer new location/export pages until query evidence supports differentiated content.,"Batch 6B improved this existing city page with RFQ-focused sections, buyer-search wording, safe role FAQ, documentation checklist and related links; no local presence, inventory, price or fixed timing claim."
https://rubinoxmetal.com/locations/salem.html,Location pages,Metal Supplier in Salem | Rubinox,Metal Supplier in Salem,"Rubinox supports Salem RFQs for steel, foundry, textile machinery, fabrication and project buying with stainless steel, duplex steel, nickel alloys, carbon steel and non-ferrous metal quotation support from Mumbai for PAN India enquiries.",improved in Batch 6B,Metal Supplier in Salem,,Answer; BreadcrumbList; FAQPage; ListItem; Organization; Question; WebPage; WebSite,yes,yes,yes,Mapped from sitemap and local HTML; preserve canonical/internal links unless task-specific.,image or visual asset referenced,,,,,,P2,Monitor Batch 6B location/export page performance; defer new location/export pages until query evidence supports differentiated content.,"Batch 6B improved this existing city page with RFQ-focused sections, buyer-search wording, safe role FAQ, documentation checklist and related links; no local presence, inventory, price or fixed timing claim."
https://rubinoxmetal.com/locations/tiruchirappalli.html,Location pages,Metal Supplier in Tiruchirappalli | Rubinox,Metal Supplier in Tiruchirappalli,"Rubinox supports Tiruchirappalli RFQs for fabrication, boiler equipment, engineering, power and project buying with stainless steel, duplex steel, nickel alloys, carbon steel and non-ferrous metal quotation support from Mumbai for PAN India enquiries.",improved in Batch 6B,Metal Supplier in Tiruchirappalli,,Answer; BreadcrumbList; FAQPage; ListItem; Organization; Question; WebPage; WebSite,yes,yes,yes,Mapped from sitemap and local HTML; preserve canonical/internal links unless task-specific.,image or visual asset referenced,,,,,,P2,Monitor Batch 6B location/export page performance; defer new location/export pages until query evidence supports differentiated content.,"Batch 6B improved this existing city page with RFQ-focused sections, buyer-search wording, safe role FAQ, documentation checklist and related links; no local presence, inventory, price or fixed timing claim."
https://rubinoxmetal.com/locations/thoothukudi.html,Location pages,Metal Supplier in Thoothukudi | Rubinox,Metal Supplier in Thoothukudi,"Rubinox supports Thoothukudi RFQs for port, marine, chemical, fertilizer and project buying with stainless steel, duplex steel, nickel alloys, carbon steel and non-ferrous metal quotation support from Mumbai for PAN India enquiries.",improved in Batch 6B,Metal Supplier in Thoothukudi,,Answer; BreadcrumbList; FAQPage; ListItem; Organization; Question; WebPage; WebSite,yes,yes,yes,Mapped from sitemap and local HTML; preserve canonical/internal links unless task-specific.,image or visual asset referenced,,,,,,P2,Monitor Batch 6B location/export page performance; defer new location/export pages until query evidence supports differentiated content.,"Batch 6B improved this existing city page with RFQ-focused sections, buyer-search wording, safe role FAQ, documentation checklist and related links; no local presence, inventory, price or fixed timing claim."
https://rubinoxmetal.com/locations/tumakuru.html,Location pages,Metal Supplier in Tumakuru | Rubinox,Metal Supplier in Tumakuru,"Rubinox supports Tumakuru RFQs for automotive, engineering, fabrication, industrial parks and project buying with stainless steel, duplex steel, nickel alloys, carbon steel and non-ferrous metal quotation support from Mumbai for PAN India enquiries.",improved in Batch 6B,Metal Supplier in Tumakuru,,Answer; BreadcrumbList; FAQPage; ListItem; Organization; Question; WebPage; WebSite,yes,yes,yes,Mapped from sitemap and local HTML; preserve canonical/internal links unless task-specific.,image or visual asset referenced,,,,,,P2,Monitor Batch 6B location/export page performance; defer new location/export pages until query evidence supports differentiated content.,"Batch 6B improved this existing city page with RFQ-focused sections, buyer-search wording, safe role FAQ, documentation checklist and related links; no local presence, inventory, price or fixed timing claim."
https://rubinoxmetal.com/locations/mysuru.html,Location pages,Metal Supplier in Mysuru | Rubinox,Metal Supplier in Mysuru,"Rubinox supports Mysuru RFQs for engineering, food processing, automotive, fabrication and project buying with stainless steel, duplex steel, nickel alloys, carbon steel and non-ferrous metal quotation support from Mumbai for PAN India enquiries.",improved in Batch 6B,Metal Supplier in Mysuru,,Answer; BreadcrumbList; FAQPage; ListItem; Organization; Question; WebPage; WebSite,yes,yes,yes,Mapped from sitemap and local HTML; preserve canonical/internal links unless task-specific.,image or visual asset referenced,,,,,,P2,Monitor Batch 6B location/export page performance; defer new location/export pages until query evidence supports differentiated content.,"Batch 6B improved this existing city page with RFQ-focused sections, buyer-search wording, safe role FAQ, documentation checklist and related links; no local presence, inventory, price or fixed timing claim."
https://rubinoxmetal.com/locations/mangaluru.html,Location pages,Metal Supplier in Mangaluru / Mangalore | Rubinox,Metal Supplier in Mangaluru / Mangalore,"Rubinox supports Mangaluru / Mangalore RFQs for refinery, petrochemical, marine, port, fertilizer and fabrication with stainless steel, duplex steel, nickel alloys, carbon steel and non-ferrous metal quotation support from Mumbai for PAN India enquiries.",improved in Batch 6,Metal Supplier in Mangaluru / Mangalore,,Answer; BreadcrumbList; FAQPage; ListItem; Organization; Question; WebPage; WebSite,yes,yes,yes,Mapped from sitemap and local HTML; preserve canonical/internal links unless task-specific.,image or visual asset referenced,,,,,,P2,Monitor Batch 6A city page performance; defer additional location expansion until query evidence supports it,"Batch 6 improved this existing city page with RFQ-focused sections, buyer-search wording, safe role FAQ, documentation checklist and related links; no local presence, inventory, price or fixed timing claim."
https://rubinoxmetal.com/locations/zaheerabad.html,Location pages,Metal Supplier in Zaheerabad | Rubinox,Metal Supplier in Zaheerabad,"Rubinox supports Zaheerabad RFQs for automotive, fabrication, engineering, pharma and project buying with stainless steel, duplex steel, nickel alloys, carbon steel and non-ferrous metal quotation support from Mumbai for PAN India enquiries.",improved in Batch 6B,Metal Supplier in Zaheerabad,,Answer; BreadcrumbList; FAQPage; ListItem; Organization; Question; WebPage; WebSite,yes,yes,yes,Mapped from sitemap and local HTML; preserve canonical/internal links unless task-specific.,image or visual asset referenced,,,,,,P2,Monitor Batch 6B location/export page performance; defer new location/export pages until query evidence supports differentiated content.,"Batch 6B improved this existing city page with RFQ-focused sections, buyer-search wording, safe role FAQ, documentation checklist and related links; no local presence, inventory, price or fixed timing claim."
https://rubinoxmetal.com/locations/vijayawada.html,Location pages,Metal Supplier in Vijayawada | Rubinox,Metal Supplier in Vijayawada,"Rubinox supports Vijayawada RFQs for infrastructure, fabrication, food processing, engineering and project buying with stainless steel, duplex steel, nickel alloys, carbon steel and non-ferrous metal quotation support from Mumbai for PAN India enquiries.",improved in Batch 6B,Metal Supplier in Vijayawada,,Answer; BreadcrumbList; FAQPage; ListItem; Organization; Question; WebPage; WebSite,yes,yes,yes,Mapped from sitemap and local HTML; preserve canonical/internal links unless task-specific.,image or visual asset referenced,,,,,,P2,Monitor Batch 6B location/export page performance; defer new location/export pages until query evidence supports differentiated content.,"Batch 6B improved this existing city page with RFQ-focused sections, buyer-search wording, safe role FAQ, documentation checklist and related links; no local presence, inventory, price or fixed timing claim."
https://rubinoxmetal.com/locations/nellore-krishnapatnam.html,Location pages,Metal Supplier in Nellore / Krishnapatnam | Rubinox,Metal Supplier in Nellore / Krishnapatnam,"Rubinox supports Nellore / Krishnapatnam RFQs for port, marine, power, process industries and project buying with stainless steel, duplex steel, nickel alloys, carbon steel and non-ferrous metal quotation support from Mumbai for PAN India enquiries.",improved in Batch 6B,Metal Supplier in Nellore / Krishnapatnam,,Answer; BreadcrumbList; FAQPage; ListItem; Organization; Question; WebPage; WebSite,yes,yes,yes,Mapped from sitemap and local HTML; preserve canonical/internal links unless task-specific.,image or visual asset referenced,,,,,,P2,Monitor Batch 6B location/export page performance; defer new location/export pages until query evidence supports differentiated content.,"Batch 6B improved this existing city page with RFQ-focused sections, buyer-search wording, safe role FAQ, documentation checklist and related links; no local presence, inventory, price or fixed timing claim."
https://rubinoxmetal.com/locations/kakinada.html,Location pages,Metal Supplier in Kakinada | Rubinox,Metal Supplier in Kakinada,"Rubinox supports Kakinada RFQs for port, marine, fertilizer, oil and gas support and project buying with stainless steel, duplex steel, nickel alloys, carbon steel and non-ferrous metal quotation support from Mumbai for PAN India enquiries.",improved in Batch 6B,Metal Supplier in Kakinada,,Answer; BreadcrumbList; FAQPage; ListItem; Organization; Question; WebPage; WebSite,yes,yes,yes,Mapped from sitemap and local HTML; preserve canonical/internal links unless task-specific.,image or visual asset referenced,,,,,,P2,Monitor Batch 6B location/export page performance; defer new location/export pages until query evidence supports differentiated content.,"Batch 6B improved this existing city page with RFQ-focused sections, buyer-search wording, safe role FAQ, documentation checklist and related links; no local presence, inventory, price or fixed timing claim."
https://rubinoxmetal.com/locations/haridwar-rudrapur.html,Location pages,Metal Supplier in Haridwar / Rudrapur | Rubinox,Metal Supplier in Haridwar / Rudrapur,"Rubinox supports Haridwar / Rudrapur RFQs for automotive, engineering, fabrication, pharma and project buying with stainless steel, duplex steel, nickel alloys, carbon steel and non-ferrous metal quotation support from Mumbai for PAN India enquiries.",improved in Batch 6B,Metal Supplier in Haridwar / Rudrapur,,Answer; BreadcrumbList; FAQPage; ListItem; Organization; Question; WebPage; WebSite,yes,yes,yes,Mapped from sitemap and local HTML; preserve canonical/internal links unless task-specific.,image or visual asset referenced,,,,,,P2,Monitor Batch 6B location/export page performance; defer new location/export pages until query evidence supports differentiated content.,"Batch 6B improved this existing city page with RFQ-focused sections, buyer-search wording, safe role FAQ, documentation checklist and related links; no local presence, inventory, price or fixed timing claim."
https://rubinoxmetal.com/locations/jaipur.html,Location pages,Metal Supplier in Jaipur | Stainless Steel & Alloys | Rubinox,Metal Supplier in Jaipur,"Rubinox supports Jaipur RFQs for infrastructure, stone processing, engineering, fabrication, process equipment and project buying with stainless steel, duplex steel, nickel alloys, carbon steel and non-ferrous metal quotation support from Mumbai for PAN India enquiries.",improved in Batch 6,Metal Supplier in Jaipur,,Answer; BreadcrumbList; FAQPage; ListItem; Organization; Question; WebPage; WebSite,yes,yes,yes,Mapped from sitemap and local HTML; preserve canonical/internal links unless task-specific.,image or visual asset referenced,,,,,,P2,Monitor Batch 6A city page performance; defer additional location expansion until query evidence supports it,"Batch 6 improved this existing city page with RFQ-focused sections, buyer-search wording, safe role FAQ, documentation checklist and related links; no local presence, inventory, price or fixed timing claim."
https://rubinoxmetal.com/locations/jodhpur-pali.html,Location pages,Metal Supplier in Jodhpur / Pali | Rubinox,Metal Supplier in Jodhpur / Pali,"Rubinox supports Jodhpur / Pali RFQs for textile processing, stone processing, fabrication, engineering and project buying with stainless steel, duplex steel, nickel alloys, carbon steel and non-ferrous metal quotation support from Mumbai for PAN India enquiries.",improved in Batch 6B,Metal Supplier in Jodhpur / Pali,,Answer; BreadcrumbList; FAQPage; ListItem; Organization; Question; WebPage; WebSite,yes,yes,yes,Mapped from sitemap and local HTML; preserve canonical/internal links unless task-specific.,image or visual asset referenced,,,,,,P2,Monitor Batch 6B location/export page performance; defer new location/export pages until query evidence supports differentiated content.,"Batch 6B improved this existing city page with RFQ-focused sections, buyer-search wording, safe role FAQ, documentation checklist and related links; no local presence, inventory, price or fixed timing claim."
https://rubinoxmetal.com/locations/bhopal-mandideep.html,Location pages,Metal Supplier in Bhopal / Mandideep | Rubinox,Metal Supplier in Bhopal / Mandideep,"Rubinox supports Bhopal / Mandideep RFQs for pharma, engineering, fabrication, process equipment and project buying with stainless steel, duplex steel, nickel alloys, carbon steel and non-ferrous metal quotation support from Mumbai for PAN India enquiries.",improved in Batch 6B,Metal Supplier in Bhopal / Mandideep,,Answer; BreadcrumbList; FAQPage; ListItem; Organization; Question; WebPage; WebSite,yes,yes,yes,Mapped from sitemap and local HTML; preserve canonical/internal links unless task-specific.,image or visual asset referenced,,,,,,P2,Monitor Batch 6B location/export page performance; defer new location/export pages until query evidence supports differentiated content.,"Batch 6B improved this existing city page with RFQ-focused sections, buyer-search wording, safe role FAQ, documentation checklist and related links; no local presence, inventory, price or fixed timing claim."
https://rubinoxmetal.com/locations/raipur.html,Location pages,Metal Supplier in Raipur | Stainless Steel & Alloys | Rubinox,Metal Supplier in Raipur,"Rubinox supports Raipur RFQs for steel, power, cement, mining, fabrication and project buying with stainless steel, duplex steel, nickel alloys, carbon steel and non-ferrous metal quotation support from Mumbai for PAN India enquiries.",improved in Batch 6,Metal Supplier in Raipur,,Answer; BreadcrumbList; FAQPage; ListItem; Organization; Question; WebPage; WebSite,yes,yes,yes,Mapped from sitemap and local HTML; preserve canonical/internal links unless task-specific.,image or visual asset referenced,,,,,,P2,Monitor Batch 6A city page performance; defer additional location expansion until query evidence supports it,"Batch 6 improved this existing city page with RFQ-focused sections, buyer-search wording, safe role FAQ, documentation checklist and related links; no local presence, inventory, price or fixed timing claim."
https://rubinoxmetal.com/locations/bhilai.html,Location pages,Metal Supplier in Bhilai | Stainless Steel & Alloys | Rubinox,Metal Supplier in Bhilai,"Rubinox supports Bhilai RFQs for steel, fabrication, power, rail, mining and maintenance with stainless steel, duplex steel, nickel alloys, carbon steel and non-ferrous metal quotation support from Mumbai for PAN India enquiries.",improved in Batch 6,Metal Supplier in Bhilai,,Answer; BreadcrumbList; FAQPage; ListItem; Organization; Question; WebPage; WebSite,yes,yes,yes,Mapped from sitemap and local HTML; preserve canonical/internal links unless task-specific.,image or visual asset referenced,,,,,,P2,Monitor Batch 6A city page performance; defer additional location expansion until query evidence supports it,"Batch 6 improved this existing city page with RFQ-focused sections, buyer-search wording, safe role FAQ, documentation checklist and related links; no local presence, inventory, price or fixed timing claim."
https://rubinoxmetal.com/locations/kolkata-howrah-durgapur.html,Location pages,Metal Supplier in Kolkata / Howrah / Durgapur | Rubinox,Metal Supplier in Kolkata / Howrah / Durgapur,"Rubinox supports Kolkata / Howrah / Durgapur RFQs for engineering, steel, fabrication, power, rail and infrastructure with stainless steel, duplex steel, nickel alloys, carbon steel and non-ferrous metal quotation support from Mumbai for PAN India enquiries.",improved in Batch 6,Metal Supplier in Kolkata / Howrah / Durgapur,,Answer; BreadcrumbList; FAQPage; ListItem; Organization; Question; WebPage; WebSite,yes,yes,yes,Mapped from sitemap and local HTML; preserve canonical/internal links unless task-specific.,image or visual asset referenced,,,,,,P2,Monitor Batch 6A city page performance; defer additional location expansion until query evidence supports it,"Batch 6 improved this existing city page with RFQ-focused sections, buyer-search wording, safe role FAQ, documentation checklist and related links; no local presence, inventory, price or fixed timing claim."
https://rubinoxmetal.com/export/uae.html,Export pages,Metal Export Enquiry Support from India to UAE | Rubinox,Metal Export Enquiry Support from India to UAE,"Rubinox supports export RFQ review from India to UAE for Oil and gas, marine, construction, EPC, trading, including stainless steel, alloys, documentation and packing requirement review.",improved in Batch 5,Metal Export Enquiry Support from India to UAE,,Answer; BreadcrumbList; FAQPage; ListItem; Organization; Question; WebPage; WebSite,yes,yes,yes,Mapped from sitemap and local HTML; preserve canonical/internal links unless task-specific.,image or visual asset referenced,7.1,8,7.6,6.8,7.4,P2,Monitor UAE/Dubai export queries before further country/export expansion,"Batch 5 improved the existing UAE/Dubai export pilot with exporter-from-India wording; no local presence, inventory or fixed delivery timing claim."
https://rubinoxmetal.com/export/saudi-arabia.html,Export pages,Industrial Metal Exporter from India for Saudi Arabia RFQs | Rubinox,Industrial Metal Exporter from India for Saudi Arabia Enquiries,"Rubinox supports Saudi Arabia export RFQs from India for stainless steel, duplex steel, nickel alloys, carbon steel and non-ferrous metals with packing and documentation review where applicable.",improved in Batch 6,Industrial Metal Exporter from India for Saudi Arabia Enquiries,,Answer; BreadcrumbList; FAQPage; ListItem; Organization; Question; WebPage; WebSite,yes,yes,yes,Mapped from sitemap and local HTML; preserve canonical/internal links unless task-specific.,image or visual asset referenced,,,,,,P2,Monitor Batch 6A export page performance; defer additional country expansion until query evidence supports it,"Batch 6 improved this existing export page with exporter-from-India wording, RFQ sections, packing/documentation guidance and related links; no destination-country local presence, inventory, price or fixed timing claim."
https://rubinoxmetal.com/export/qatar.html,Export pages,Industrial Metal Exporter from India for Qatar RFQs | Rubinox,Industrial Metal Exporter from India for Qatar Enquiries,"Rubinox supports Qatar export RFQs from India for stainless steel, duplex steel, nickel alloys, carbon steel and non-ferrous metals with packing and documentation review where applicable.",improved in Batch 6,Industrial Metal Exporter from India for Qatar Enquiries,,Answer; BreadcrumbList; FAQPage; ListItem; Organization; Question; WebPage; WebSite,yes,yes,yes,Mapped from sitemap and local HTML; preserve canonical/internal links unless task-specific.,image or visual asset referenced,,,,,,P2,Monitor Batch 6A export page performance; defer additional country expansion until query evidence supports it,"Batch 6 improved this existing export page with exporter-from-India wording, RFQ sections, packing/documentation guidance and related links; no destination-country local presence, inventory, price or fixed timing claim."
https://rubinoxmetal.com/export/oman.html,Export pages,Industrial Metal Exporter from India for Oman RFQs | Rubinox,Industrial Metal Exporter from India for Oman Enquiries,"Rubinox supports Oman export RFQs from India for stainless steel, duplex steel, nickel alloys, carbon steel and non-ferrous metals with packing and documentation review where applicable.",improved in Batch 6,Industrial Metal Exporter from India for Oman Enquiries,,Answer; BreadcrumbList; FAQPage; ListItem; Organization; Question; WebPage; WebSite,yes,yes,yes,Mapped from sitemap and local HTML; preserve canonical/internal links unless task-specific.,image or visual asset referenced,,,,,,P2,Monitor Batch 6A export page performance; defer additional country expansion until query evidence supports it,"Batch 6 improved this existing export page with exporter-from-India wording, RFQ sections, packing/documentation guidance and related links; no destination-country local presence, inventory, price or fixed timing claim."
https://rubinoxmetal.com/export/kuwait.html,Export pages,Industrial Metal Exporter from India for Kuwait RFQs | Rubinox,Industrial Metal Exporter from India for Kuwait Enquiries,"Rubinox supports Kuwait export RFQs from India for stainless steel, duplex steel, nickel alloys, carbon steel and non-ferrous metals with packing and documentation review where applicable.",improved in Batch 6,Industrial Metal Exporter from India for Kuwait Enquiries,,Answer; BreadcrumbList; FAQPage; ListItem; Organization; Question; WebPage; WebSite,yes,yes,yes,Mapped from sitemap and local HTML; preserve canonical/internal links unless task-specific.,image or visual asset referenced,,,,,,P2,Monitor Batch 6A export page performance; defer additional country expansion until query evidence supports it,"Batch 6 improved this existing export page with exporter-from-India wording, RFQ sections, packing/documentation guidance and related links; no destination-country local presence, inventory, price or fixed timing claim."
https://rubinoxmetal.com/export/bahrain.html,Export pages,Industrial Metal Exporter from India for Bahrain RFQs | Rubinox,Industrial Metal Exporter from India for Bahrain Enquiries,"Rubinox supports Bahrain export RFQs from India for stainless steel, duplex steel, nickel alloys, carbon steel and non-ferrous metals with packing and documentation review where applicable.",improved in Batch 6,Industrial Metal Exporter from India for Bahrain Enquiries,,Answer; BreadcrumbList; FAQPage; ListItem; Organization; Question; WebPage; WebSite,yes,yes,yes,Mapped from sitemap and local HTML; preserve canonical/internal links unless task-specific.,image or visual asset referenced,,,,,,P2,Monitor Batch 6A export page performance; defer additional country expansion until query evidence supports it,"Batch 6 improved this existing export page with exporter-from-India wording, RFQ sections, packing/documentation guidance and related links; no destination-country local presence, inventory, price or fixed timing claim."
https://rubinoxmetal.com/export/singapore.html,Export pages,Industrial Metal Exporter from India for Singapore RFQs | Rubinox,Industrial Metal Exporter from India for Singapore Enquiries,"Rubinox supports Singapore export RFQs from India for stainless steel, duplex steel, nickel alloys, carbon steel and non-ferrous metals with packing and documentation review where applicable.",improved in Batch 6,Industrial Metal Exporter from India for Singapore Enquiries,,Answer; BreadcrumbList; FAQPage; ListItem; Organization; Question; WebPage; WebSite,yes,yes,yes,Mapped from sitemap and local HTML; preserve canonical/internal links unless task-specific.,image or visual asset referenced,,,,,,P2,Monitor Batch 6A export page performance; defer additional country expansion until query evidence supports it,"Batch 6 improved this existing export page with exporter-from-India wording, RFQ sections, packing/documentation guidance and related links; no destination-country local presence, inventory, price or fixed timing claim."
https://rubinoxmetal.com/export/malaysia.html,Export pages,Industrial Metal Exporter from India for Malaysia RFQs | Rubinox,Industrial Metal Exporter from India for Malaysia Enquiries,"Rubinox supports Malaysia export RFQs from India for stainless steel, duplex steel, nickel alloys, carbon steel and non-ferrous metals with packing and documentation review where applicable.",improved in Batch 6,Industrial Metal Exporter from India for Malaysia Enquiries,,Answer; BreadcrumbList; FAQPage; ListItem; Organization; Question; WebPage; WebSite,yes,yes,yes,Mapped from sitemap and local HTML; preserve canonical/internal links unless task-specific.,image or visual asset referenced,,,,,,P2,Monitor Batch 6A export page performance; defer additional country expansion until query evidence supports it,"Batch 6 improved this existing export page with exporter-from-India wording, RFQ sections, packing/documentation guidance and related links; no destination-country local presence, inventory, price or fixed timing claim."
https://rubinoxmetal.com/export/thailand.html,Export pages,Exporter from India for Thailand RFQs | Rubinox,Industrial Metal Exporter from India for Thailand Enquiries,"Rubinox supports Thailand export RFQs from India for stainless steel, duplex steel, nickel alloys, carbon steel and non-ferrous metals with packing and documentation review where applicable.",improved in Batch 6B,Industrial Metal Exporter from India for Thailand Enquiries,,Answer; BreadcrumbList; FAQPage; ListItem; Organization; Question; WebPage; WebSite,yes,yes,yes,Mapped from sitemap and local HTML; preserve canonical/internal links unless task-specific.,image or visual asset referenced,,,,,,P2,Monitor Batch 6B location/export page performance; defer new location/export pages until query evidence supports differentiated content.,"Batch 6B improved this existing export page with exporter-from-India wording, export RFQ sections, safe role FAQ, documentation checklist and related links; no destination-country local presence, inventory, price or fixed timing claim."
https://rubinoxmetal.com/export/vietnam.html,Export pages,Exporter from India for Vietnam RFQs | Rubinox,Industrial Metal Exporter from India for Vietnam Enquiries,"Rubinox supports Vietnam export RFQs from India for stainless steel, duplex steel, nickel alloys, carbon steel and non-ferrous metals with packing and documentation review where applicable.",improved in Batch 6B,Industrial Metal Exporter from India for Vietnam Enquiries,,Answer; BreadcrumbList; FAQPage; ListItem; Organization; Question; WebPage; WebSite,yes,yes,yes,Mapped from sitemap and local HTML; preserve canonical/internal links unless task-specific.,image or visual asset referenced,,,,,,P2,Monitor Batch 6B location/export page performance; defer new location/export pages until query evidence supports differentiated content.,"Batch 6B improved this existing export page with exporter-from-India wording, export RFQ sections, safe role FAQ, documentation checklist and related links; no destination-country local presence, inventory, price or fixed timing claim."
https://rubinoxmetal.com/export/usa.html,Export pages,Exporter from India for USA RFQs | Rubinox,Industrial Metal Exporter from India for USA Enquiries,"Rubinox supports USA export RFQs from India for stainless steel, duplex steel, nickel alloys, carbon steel and non-ferrous metals with packing and documentation review where applicable.",improved in Batch 6B,Industrial Metal Exporter from India for USA Enquiries,,Answer; BreadcrumbList; FAQPage; ListItem; Organization; Question; WebPage; WebSite,yes,yes,yes,Mapped from sitemap and local HTML; preserve canonical/internal links unless task-specific.,image or visual asset referenced,,,,,,P2,Monitor Batch 6B location/export page performance; defer new location/export pages until query evidence supports differentiated content.,"Batch 6B improved this existing export page with exporter-from-India wording, export RFQ sections, safe role FAQ, documentation checklist and related links; no destination-country local presence, inventory, price or fixed timing claim."
https://rubinoxmetal.com/export/uk.html,Export pages,Industrial Metal Exporter from India for UK RFQs | Rubinox,Industrial Metal Exporter from India for UK Enquiries,"Rubinox supports UK export RFQs from India for stainless steel, duplex steel, nickel alloys, carbon steel and non-ferrous metals with packing and documentation review where applicable.",improved in Batch 6,Industrial Metal Exporter from India for UK Enquiries,,Answer; BreadcrumbList; FAQPage; ListItem; Organization; Question; WebPage; WebSite,yes,yes,yes,Mapped from sitemap and local HTML; preserve canonical/internal links unless task-specific.,image or visual asset referenced,,,,,,P2,Monitor Batch 6A export page performance; defer additional country expansion until query evidence supports it,"Batch 6 improved this existing export page with exporter-from-India wording, RFQ sections, packing/documentation guidance and related links; no destination-country local presence, inventory, price or fixed timing claim."
https://rubinoxmetal.com/export/germany.html,Export pages,Industrial Metal Exporter from India for Germany RFQs | Rubinox,Industrial Metal Exporter from India for Germany Enquiries,"Rubinox supports Germany export RFQs from India for stainless steel, duplex steel, nickel alloys, carbon steel and non-ferrous metals with packing and documentation review where applicable.",improved in Batch 6,Industrial Metal Exporter from India for Germany Enquiries,,Answer; BreadcrumbList; FAQPage; ListItem; Organization; Question; WebPage; WebSite,yes,yes,yes,Mapped from sitemap and local HTML; preserve canonical/internal links unless task-specific.,image or visual asset referenced,,,,,,P2,Monitor Batch 6A export page performance; defer additional country expansion until query evidence supports it,"Batch 6 improved this existing export page with exporter-from-India wording, RFQ sections, packing/documentation guidance and related links; no destination-country local presence, inventory, price or fixed timing claim."
https://rubinoxmetal.com/export/netherlands.html,Export pages,Exporter from India for Netherlands RFQs | Rubinox,Industrial Metal Exporter from India for Netherlands Enquiries,"Rubinox supports Netherlands export RFQs from India for stainless steel, duplex steel, nickel alloys, carbon steel and non-ferrous metals with packing and documentation review where applicable.",improved in Batch 6B,Industrial Metal Exporter from India for Netherlands Enquiries,,Answer; BreadcrumbList; FAQPage; ListItem; Organization; Question; WebPage; WebSite,yes,yes,yes,Mapped from sitemap and local HTML; preserve canonical/internal links unless task-specific.,image or visual asset referenced,,,,,,P2,Monitor Batch 6B location/export page performance; defer new location/export pages until query evidence supports differentiated content.,"Batch 6B improved this existing export page with exporter-from-India wording, export RFQ sections, safe role FAQ, documentation checklist and related links; no destination-country local presence, inventory, price or fixed timing claim."
https://rubinoxmetal.com/export/australia.html,Export pages,Industrial Metal Exporter from India for Australia RFQs | Rubinox,Industrial Metal Exporter from India for Australia Enquiries,"Rubinox supports Australia export RFQs from India for stainless steel, duplex steel, nickel alloys, carbon steel and non-ferrous metals with packing and documentation review where applicable.",improved in Batch 6,Industrial Metal Exporter from India for Australia Enquiries,,Answer; BreadcrumbList; FAQPage; ListItem; Organization; Question; WebPage; WebSite,yes,yes,yes,Mapped from sitemap and local HTML; preserve canonical/internal links unless task-specific.,image or visual asset referenced,,,,,,P2,Monitor Batch 6A export page performance; defer additional country expansion until query evidence supports it,"Batch 6 improved this existing export page with exporter-from-India wording, RFQ sections, packing/documentation guidance and related links; no destination-country local presence, inventory, price or fixed timing claim."
https://rubinoxmetal.com/materials/high-speed-steel.html,Material family pages,"High Speed Steel Supplier in India | HSS M2, M35, M42",High Speed Steel Supplier in India,"High speed steel supplier for HSS M2, M35, M42 and T1 bars, flats, plates and tool steel blanks with RFQ and documentation support.",Batch 9 polished,High Speed Steel Supplier in India,,Answer; BreadcrumbList; FAQPage; ListItem; Organization; Product; PropertyValue; Question; WebPage,yes,yes,yes,Mapped from sitemap and local HTML; preserve canonical/internal links unless task-specific.,image or visual asset referenced,,,,,,P3,Batch 9 polished,"Batch 9 added material family RFQ pathways, grade/spec/product/resource links and documentation routing; SEO URL, canonical, H1, title/meta, schema meaning and sitemap URL preserved."
https://rubinoxmetal.com/materials/stainless-steel-channels-supplier-india.html,Product form pages,Stainless Steel Channels Supplier in India | SS Channels,Stainless Steel Channels Supplier in India,"Stainless steel channels supplier for SS 304, 316 and 316L C channels and U channels with RFQ, MTC and project supply support.",needs detailed scoring,Stainless Steel Channels Supplier in India,,Answer; BreadcrumbList; FAQPage; ListItem; Organization; Product; PropertyValue; Question; WebPage,yes,yes,yes,Mapped from sitemap and local HTML; preserve canonical/internal links unless task-specific.,image or visual asset referenced,,,,,,P3,Polish form hierarchy after grade/spec pilot,Complete URL/family mapping done; detailed scoring deferred to page-family audit batch.
https://rubinoxmetal.com/materials/stainless-steel-perforated-sheets-supplier-india.html,Product form pages,Stainless Steel Perforated Sheets Supplier India | Rubinox,Stainless Steel Perforated Sheets Supplier in India,"Stainless steel perforated sheets supplier for SS 304 and 316 sheets with round, square or slotted hole RFQ and documentation support.",needs detailed scoring,Stainless Steel Perforated Sheets Supplier India,,Answer; BreadcrumbList; FAQPage; ListItem; Organization; Product; PropertyValue; Question; WebPage,yes,yes,yes,Mapped from sitemap and local HTML; preserve canonical/internal links unless task-specific.,image or visual asset referenced,,,,,,P3,Polish form hierarchy after grade/spec pilot,Complete URL/family mapping done; detailed scoring deferred to page-family audit batch.
https://rubinoxmetal.com/blog.html,Knowledge Hub,Rubinox Knowledge Hub | Metal Buyer Guides,Rubinox Metal Buyer Knowledge Hub,"Rubinox Metal and Alloys Knowledge Hub with buyer guides for stainless steel, duplex, nickel alloys, titanium, SMO 254, aluminium, RFQ documentation and export enquiries.",polished in Batch 7,Rubinox Knowledge Hub,,BreadcrumbList; ListItem; WebPage,yes,yes,yes,Mapped from sitemap and local HTML; preserve canonical/internal links unless task-specific.,image or visual asset referenced,8.1,8.3,8.4,7.7,7.3,P1,Monitor Knowledge Hub filter/card UX,"Batch 7: card hierarchy, broad filters, guide-type labels and crawlable CTAs added; article URLs/canonicals preserved."
https://rubinoxmetal.com/blog/stainless-steel-304-vs-316-vs-316l.html,Knowledge Hub,SS 304 vs 316 vs 316L Guide | Rubinox,SS 304 vs SS 316 vs SS 316L: Buyer Selection Guide,"Compare SS 304, SS 316 and SS 316L for industrial procurement, pharma, food, marine, fabrication and RFQ preparation.",template polished in Batch 7,SS 304 vs 316 vs 316L Guide,,Answer; BlogPosting; BreadcrumbList; FAQPage; ImageObject; ListItem; Organization; Question; WebPage,yes,yes,yes,Mapped from sitemap and local HTML; preserve canonical/internal links unless task-specific.,image or visual asset referenced,,,,,,P3,Maintain topic cluster; future articles remain planned,"Batch 7: category and guide-type meta confirmed with TOC, reviewer, related guides, RFQ CTA and valid BlogPosting schema; URL/canonical/H1 preserved."
https://rubinoxmetal.com/blog/duplex-2205-vs-super-duplex-2507.html,Knowledge Hub,Duplex 2205 vs Super Duplex 2507 Guide | Rubinox,Duplex 2205 vs Super Duplex 2507: Which Grade Should Buyers Review?,"Compare Duplex 2205 and Super Duplex 2507 for chloride, marine, desalination, offshore and chemical RFQs.",template polished in Batch 7,Duplex 2205 vs Super Duplex 2507 Guide,,Answer; BlogPosting; BreadcrumbList; FAQPage; ImageObject; ListItem; Organization; Question; WebPage,yes,yes,yes,Mapped from sitemap and local HTML; preserve canonical/internal links unless task-specific.,image or visual asset referenced,,,,,,P3,Maintain topic cluster; future articles remain planned,"Batch 7: category and guide-type meta confirmed with TOC, reviewer, related guides, RFQ CTA and valid BlogPosting schema; URL/canonical/H1 preserved."
https://rubinoxmetal.com/blog/inconel-monel-hastelloy-selection-guide.html,Knowledge Hub,Inconel vs Monel vs Hastelloy Guide | Rubinox,Inconel vs Monel vs Hastelloy: Nickel Alloy Selection Guide,"Review Inconel, Monel and Hastelloy alloy families for high-temperature, corrosion, marine, chemical and heat exchanger RFQs.",template polished in Batch 7,Inconel vs Monel vs Hastelloy Guide,,Answer; BlogPosting; BreadcrumbList; FAQPage; ImageObject; ListItem; Organization; Question; WebPage,yes,yes,yes,Mapped from sitemap and local HTML; preserve canonical/internal links unless task-specific.,image or visual asset referenced,,,,,,P3,Maintain topic cluster; future articles remain planned,"Batch 7: category and guide-type meta confirmed with TOC, reviewer, related guides, RFQ CTA and valid BlogPosting schema; URL/canonical/H1 preserved."
https://rubinoxmetal.com/blog/titanium-grade-2-vs-grade-5.html,Knowledge Hub,Titanium Grade 2 vs Grade 5 Guide | Rubinox,Titanium Grade 2 vs Grade 5: Industrial Buyer Guide,"Compare Titanium Grade 2 and Grade 5 for chemical, marine, aerospace, precision and medical-component RFQs with safe buyer guidance.",template polished in Batch 7,Titanium Grade 2 vs Grade 5 Guide,,Answer; BlogPosting; BreadcrumbList; FAQPage; ImageObject; ListItem; Organization; Question; WebPage,yes,yes,yes,Mapped from sitemap and local HTML; preserve canonical/internal links unless task-specific.,image or visual asset referenced,,,,,,P3,Maintain topic cluster; future articles remain planned,"Batch 7: category and guide-type meta confirmed with TOC, reviewer, related guides, RFQ CTA and valid BlogPosting schema; URL/canonical/H1 preserved."
https://rubinoxmetal.com/blog/smo-254-vs-904l-vs-316l.html,Knowledge Hub,SMO 254 vs 904L vs 316L Guide | Rubinox,SMO 254 vs 904L vs 316L for Chloride Service,"Compare SMO 254, 904L and 316L for chloride, seawater, desalination, marine and process RFQs with buyer checklist guidance.",template polished in Batch 7,SMO 254 vs 904L vs 316L Guide,,Answer; BlogPosting; BreadcrumbList; FAQPage; ImageObject; ListItem; Organization; Question; WebPage,yes,yes,yes,Mapped from sitemap and local HTML; preserve canonical/internal links unless task-specific.,image or visual asset referenced,,,,,,P3,Maintain topic cluster; future articles remain planned,"Batch 7: category and guide-type meta confirmed with TOC, reviewer, related guides, RFQ CTA and valid BlogPosting schema; URL/canonical/H1 preserved."
https://rubinoxmetal.com/blog/metal-rfq-checklist-for-buyers.html,Knowledge Hub,Metal RFQ Checklist for Buyers | Rubinox,Metal RFQ Checklist: What Buyers Should Share for a Faster Quote,"A practical metal RFQ checklist covering grade, form, standard, size, quantity, MTC, inspection and delivery location for procurement buyers.",template polished in Batch 7,Metal RFQ Checklist for Buyers,,Answer; BlogPosting; BreadcrumbList; FAQPage; ImageObject; ListItem; Organization; Question; WebPage,yes,yes,yes,Mapped from sitemap and local HTML; preserve canonical/internal links unless task-specific.,image or visual asset referenced,,,,,,P3,Maintain topic cluster; future articles remain planned,"Batch 7: category and guide-type meta confirmed with TOC, reviewer, related guides, RFQ CTA and valid BlogPosting schema; URL/canonical/H1 preserved."
https://rubinoxmetal.com/blog/mtc-pmi-third-party-inspection-guide.html,Knowledge Hub,MTC PMI Third Party Inspection Guide | Rubinox,"MTC, PMI and Third-Party Inspection: What Metal Buyers Should Know","Understand MTC, PMI and third-party inspection terms for industrial metal RFQs, with documentation assistance guidance where applicable.",template polished in Batch 7,MTC PMI Third Party Inspection Guide,,Answer; BlogPosting; BreadcrumbList; FAQPage; ImageObject; ListItem; Organization; Question; WebPage,yes,yes,yes,Mapped from sitemap and local HTML; preserve canonical/internal links unless task-specific.,image or visual asset referenced,,,,,,P3,Maintain topic cluster; future articles remain planned,"Batch 7: category and guide-type meta confirmed with TOC, reviewer, related guides, RFQ CTA and valid BlogPosting schema; URL/canonical/H1 preserved."
https://rubinoxmetal.com/blog/stainless-steel-for-pharma-food-processing.html,Knowledge Hub,Stainless Steel for Pharma and Food | Rubinox,Stainless Steel for Pharma and Food Processing Equipment,"Review stainless steel grades and forms for pharma and food processing equipment RFQs, including SS 304, SS 316L, tubes, sheets and fittings.",template polished in Batch 7,Stainless Steel for Pharma and Food,,Answer; BlogPosting; BreadcrumbList; FAQPage; ImageObject; ListItem; Organization; Question; WebPage,yes,yes,yes,Mapped from sitemap and local HTML; preserve canonical/internal links unless task-specific.,image or visual asset referenced,,,,,,P3,Maintain topic cluster; future articles remain planned,"Batch 7: category and guide-type meta confirmed with TOC, reviewer, related guides, RFQ CTA and valid BlogPosting schema; URL/canonical/H1 preserved."
https://rubinoxmetal.com/blog/metals-for-automotive-ev-components.html,Knowledge Hub,Metals for Automotive and EV Buyers | Rubinox,Metals for Automotive and EV Component Buyers,"Metal selection guide for automotive and EV component buyers reviewing aluminium, stainless steel, carbon steel, mild steel, copper, brass and phosphor bronze RFQs.",template polished in Batch 7,Metals for Automotive and EV Buyers,,Answer; BlogPosting; BreadcrumbList; FAQPage; ImageObject; ListItem; Organization; Question; WebPage,yes,yes,yes,Mapped from sitemap and local HTML; preserve canonical/internal links unless task-specific.,image or visual asset referenced,,,,,,P3,Maintain topic cluster; future articles remain planned,"Batch 7: category and guide-type meta confirmed with TOC, reviewer, related guides, RFQ CTA and valid BlogPosting schema; URL/canonical/H1 preserved."
https://rubinoxmetal.com/blog/metals-for-chemical-petrochemical-industries.html,Knowledge Hub,Chemical Petrochemical Metal RFQ Guide | Rubinox,Metals for Chemical and Petrochemical Industry RFQs,"Procurement guide for chemical and petrochemical RFQs covering SS 316L, duplex, SMO 254, Hastelloy, Inconel, Monel and titanium.",template polished in Batch 7,Chemical Petrochemical Metal RFQ Guide,,Answer; BlogPosting; BreadcrumbList; FAQPage; ImageObject; ListItem; Organization; Question; WebPage,yes,yes,yes,Mapped from sitemap and local HTML; preserve canonical/internal links unless task-specific.,image or visual asset referenced,,,,,,P3,Maintain topic cluster; future articles remain planned,"Batch 7: category and guide-type meta confirmed with TOC, reviewer, related guides, RFQ CTA and valid BlogPosting schema; URL/canonical/H1 preserved."
https://rubinoxmetal.com/blog/marine-desalination-material-selection.html,Knowledge Hub,Marine Desalination Material Guide | Rubinox,"Material Selection for Marine, Offshore and Desalination Projects","Review SS 316L, Duplex, Super Duplex, SMO 254, Monel, Inconel and Titanium for marine, offshore and desalination RFQs.",template polished in Batch 7,Marine Desalination Material Guide,,Answer; BlogPosting; BreadcrumbList; FAQPage; ImageObject; ListItem; Organization; Question; WebPage,yes,yes,yes,Mapped from sitemap and local HTML; preserve canonical/internal links unless task-specific.,image or visual asset referenced,,,,,,P3,Maintain topic cluster; future articles remain planned,"Batch 7: category and guide-type meta confirmed with TOC, reviewer, related guides, RFQ CTA and valid BlogPosting schema; URL/canonical/H1 preserved."
https://rubinoxmetal.com/blog/aluminium-6061-6063-7075-guide.html,Knowledge Hub,Aluminium 6061 vs 6063 vs 7075 Guide | Rubinox,"Aluminium 6061, 6063 and 7075: Buyer Comparison Guide","Compare aluminium 6061, 6063 and 7075 for automotive, fabrication, aerospace or precision and structural RFQs with buyer checklist guidance.",template polished in Batch 7,Aluminium 6061 vs 6063 vs 7075 Guide,,Answer; BlogPosting; BreadcrumbList; FAQPage; ImageObject; ListItem; Organization; Question; WebPage,yes,yes,yes,Mapped from sitemap and local HTML; preserve canonical/internal links unless task-specific.,image or visual asset referenced,,,,,,P3,Maintain topic cluster; future articles remain planned,"Batch 7: category and guide-type meta confirmed with TOC, reviewer, related guides, RFQ CTA and valid BlogPosting schema; URL/canonical/H1 preserved."
https://rubinoxmetal.com/blog/copper-brass-phosphor-bronze-guide.html,Knowledge Hub,Copper Brass Phosphor Bronze Guide | Rubinox,"Copper, Brass and Phosphor Bronze: Industrial Buyer Guide","Compare copper, brass and phosphor bronze for electrical, machining, wear, spring, connector, marine and engineering RFQs.",template polished in Batch 7,Copper Brass Phosphor Bronze Guide,,Answer; BlogPosting; BreadcrumbList; FAQPage; ImageObject; ListItem; Organization; Question; WebPage,yes,yes,yes,Mapped from sitemap and local HTML; preserve canonical/internal links unless task-specific.,image or visual asset referenced,,,,,,P3,Maintain topic cluster; future articles remain planned,"Batch 7: category and guide-type meta confirmed with TOC, reviewer, related guides, RFQ CTA and valid BlogPosting schema; URL/canonical/H1 preserved."
https://rubinoxmetal.com/blog/high-speed-steel-sourcing-guide.html,Knowledge Hub,High Speed Steel Sourcing Guide | Rubinox,High Speed Steel Sourcing Guide for Tooling and Machining Buyers,"High speed steel sourcing guide for HSS M2, M35, M42, tool steel, cutting tools, punches, dies and RFQ preparation.",template polished in Batch 7,High Speed Steel Sourcing Guide,,Answer; BlogPosting; BreadcrumbList; FAQPage; ImageObject; ListItem; Organization; Question; WebPage,yes,yes,yes,Mapped from sitemap and local HTML; preserve canonical/internal links unless task-specific.,image or visual asset referenced,,,,,,P3,Maintain topic cluster; future articles remain planned,"Batch 7: category and guide-type meta confirmed with TOC, reviewer, related guides, RFQ CTA and valid BlogPosting schema; URL/canonical/H1 preserved."
https://rubinoxmetal.com/blog/export-metal-rfq-from-india.html,Knowledge Hub,Export Metal RFQ from India Guide | Rubinox,Export Metal RFQ from India: What Overseas Buyers Should Share,"Export metal RFQ guide for overseas buyers covering packing, MTC, destination country, port, documentation assistance and procurement enquiry details.",template polished in Batch 7,Export Metal RFQ from India Guide,,Answer; BlogPosting; BreadcrumbList; FAQPage; ImageObject; ListItem; Organization; Question; WebPage,yes,yes,yes,Mapped from sitemap and local HTML; preserve canonical/internal links unless task-specific.,image or visual asset referenced,,,,,,P3,Maintain topic cluster; future articles remain planned,"Batch 7: category and guide-type meta confirmed with TOC, reviewer, related guides, RFQ CTA and valid BlogPosting schema; URL/canonical/H1 preserved."
https://rubinoxmetal.com/mission-vision.html,Company / trust,Mission & Vision | Rubinox Metal and Alloys,Mission & Vision,"Read the mission, vision and values of Rubinox Metal and Alloys, a Mumbai-based stockist, supplier, importer, exporter and project supplier of stainless steel, alloys and industrial metals.",needs detailed scoring,Mission & Vision,,Answer; BreadcrumbList; FAQPage; ListItem; Question; WebPage,yes,yes,yes,Mapped from sitemap and local HTML; preserve canonical/internal links unless task-specific.,image or visual asset referenced,,,,,,P3,Wait for owner-approved trust assets,Complete URL/family mapping done; detailed scoring deferred to page-family audit batch.
https://rubinoxmetal.com/registrations-compliance.html,Company / trust,Registrations & Compliance | Rubinox Metal and Alloys,Registrations & Compliance,"Rubinox Metal and Alloys can share relevant business registration and compliance details such as GST, IEC and MSME/Udyam information where required for buyer onboarding, vendor registration and export RFQs.",needs detailed scoring,Registrations & Compliance,,Answer; BreadcrumbList; FAQPage; ListItem; Question; WebPage,yes,yes,yes,Mapped from sitemap and local HTML; preserve canonical/internal links unless task-specific.,image or visual asset referenced,,,,,,P3,Wait for owner-approved trust assets,Complete URL/family mapping done; detailed scoring deferred to page-family audit batch.
https://rubinoxmetal.com/product-portfolio.html,Hub pages,"Product Portfolio | Industrial Metals, Grades and Forms | Rubinox",Product Portfolio,"Explore the Rubinox Metal and Alloys product portfolio covering stainless steel, duplex, nickel alloys, titanium, SMO 254, aluminium, copper, brass, carbon steel, mild steel, high speed steel, grades and product forms.",needs detailed scoring,Product Portfolio,,Answer; BreadcrumbList; FAQPage; ListItem; Question; WebPage,yes,yes,yes,Mapped from sitemap and local HTML; preserve canonical/internal links unless task-specific.,image or visual asset referenced,,,,,,P3,Keep mapped; score in later audit batch,Complete URL/family mapping done; detailed scoring deferred to page-family audit batch.
https://rubinoxmetal.com/materials.html,Hub pages,"Materials We Supply | Stainless Steel, Alloys and Metals | Rubinox",Materials We Supply,"Browse material families supplied by Rubinox Metal and Alloys, including stainless steel, duplex, nickel alloys, titanium, SMO 254, aluminium, copper, brass, carbon steel, mild steel, phosphor bronze and high speed steel.",Batch 9 polished,Materials We Supply,,Answer; BreadcrumbList; FAQPage; ListItem; Question; WebPage,yes,yes,yes,Mapped from sitemap and local HTML; preserve canonical/internal links unless task-specific.,image or visual asset referenced,,,,,,P3,Batch 9 polished,"Batch 9 added material family RFQ pathways, grade/spec/product/resource links and documentation routing; SEO URL, canonical, H1, title/meta, schema meaning and sitemap URL preserved."
https://rubinoxmetal.com/product-forms.html,Hub pages,"Product Forms | Pipes, Tubes, Plates and More | Rubinox",Product Forms,"Browse industrial metal product forms from Rubinox Metal and Alloys, including pipes, tubes, sheets, plates, coils, flanges, fittings, fasteners, bars, rods, angles, channels, flats, circles, wire mesh and perforated sheets.",representative scored,Product Forms,,Answer; BreadcrumbList; FAQPage; ListItem; Question; WebPage,yes,yes,yes,Mapped from sitemap and local HTML; preserve canonical/internal links unless task-specific.,image or visual asset referenced,7.8,8.4,7.8,7.3,7.7,P1,Product-form hub polish,Representative scoring based on latest site-wide design analysis.
https://rubinoxmetal.com/grades.html,Hub pages,"Material Grades | Stainless, Duplex, Nickel and Titanium | Rubinox",Material Grades,"Browse material grades available for RFQ review at Rubinox Metal and Alloys, including SS 304, 316L, 904L, Duplex 2205, Super Duplex 2507, Inconel, Monel, Hastelloy, Nickel, Titanium and SMO 254 grades.",needs detailed scoring,Material Grades,,Answer; BreadcrumbList; FAQPage; ListItem; Question; WebPage,yes,yes,yes,Mapped from sitemap and local HTML; preserve canonical/internal links unless task-specific.,image or visual asset referenced,,,,,,P3,Keep mapped; score in later audit batch,Complete URL/family mapping done; detailed scoring deferred to page-family audit batch.
https://rubinoxmetal.com/privacy-policy.html,Legal pages,Privacy Policy | Rubinox Metal and Alloys,Privacy Policy,"Read the Privacy Policy for Rubinox Metal and Alloys, covering enquiry data, RFQ communication, website analytics, cookies, third-party links and contact information.",needs detailed scoring,Privacy Policy,,Answer; BreadcrumbList; FAQPage; ListItem; Question; WebPage,yes,yes,yes,Mapped from sitemap and local HTML; preserve canonical/internal links unless task-specific.,image or visual asset referenced,,,,,,P3,Keep mapped; score in later audit batch,Complete URL/family mapping done; detailed scoring deferred to page-family audit batch.
https://rubinoxmetal.com/terms-and-conditions.html,Legal pages,Terms & Conditions | Rubinox Metal and Alloys,Terms & Conditions,"Read the Terms & Conditions for using the Rubinox Metal and Alloys website, including RFQ communication, technical content, quotation limitations, external links and buyer responsibility.",needs detailed scoring,Terms & Conditions,,Answer; BreadcrumbList; FAQPage; ListItem; Question; WebPage,yes,yes,yes,Mapped from sitemap and local HTML; preserve canonical/internal links unless task-specific.,image or visual asset referenced,,,,,,P3,Keep mapped; score in later audit batch,Complete URL/family mapping done; detailed scoring deferred to page-family audit batch.
https://rubinoxmetal.com/blog/stainless-steel-304l-vs-316l.html,Knowledge Hub,Stainless Steel 304L vs 316L: Buyer Comparison Guide | Rubinox,Stainless Steel 304L vs 316L: Buyer Comparison Guide,"Compare SS 304L and SS 316L for welded fabrication, pharma, food, process equipment and RFQ preparation.",template polished in Batch 7,Stainless Steel 304L vs 316L: Buyer Comparison Guide,,Answer; BlogPosting; BreadcrumbList; FAQPage; ImageObject; ListItem; Organization; Question; WebPage,yes,yes,yes,Mapped from sitemap and local HTML; preserve canonical/internal links unless task-specific.,image or visual asset referenced,,,,,,P3,Maintain topic cluster; future articles remain planned,"Batch 7: category and guide-type meta confirmed with TOC, reviewer, related guides, RFQ CTA and valid BlogPosting schema; URL/canonical/H1 preserved."
https://rubinoxmetal.com/blog/stainless-steel-310-vs-321-vs-347.html,Knowledge Hub,SS 310 vs 321 vs 347 Guide | Rubinox,Stainless Steel 310 vs 321 vs 347: High Temperature Grade Guide,"Review SS 310, SS 321 and SS 347 for high-temperature stainless steel RFQs, fabrication and buyer specification checks.",template polished in Batch 7,SS 310 vs 321 vs 347 Guide,,Answer; BlogPosting; BreadcrumbList; FAQPage; ImageObject; ListItem; Organization; Question; WebPage,yes,yes,yes,Mapped from sitemap and local HTML; preserve canonical/internal links unless task-specific.,image or visual asset referenced,,,,,,P3,Maintain topic cluster; future articles remain planned,"Batch 7: category and guide-type meta confirmed with TOC, reviewer, related guides, RFQ CTA and valid BlogPosting schema; URL/canonical/H1 preserved."
https://rubinoxmetal.com/blog/duplex-stainless-steel-for-chemical-processing.html,Knowledge Hub,Duplex Stainless Steel for Chemical Processing RFQs | Rubinox,Duplex Stainless Steel for Chemical Processing RFQs,"Buyer guide for reviewing Duplex 2205, Super Duplex 2507 and related grades for chemical processing RFQs.",template polished in Batch 7,Duplex Stainless Steel for Chemical Processing RFQs,,Answer; BlogPosting; BreadcrumbList; FAQPage; ImageObject; ListItem; Organization; Question; WebPage,yes,yes,yes,Mapped from sitemap and local HTML; preserve canonical/internal links unless task-specific.,image or visual asset referenced,,,,,,P3,Maintain topic cluster; future articles remain planned,"Batch 7: category and guide-type meta confirmed with TOC, reviewer, related guides, RFQ CTA and valid BlogPosting schema; URL/canonical/H1 preserved."
https://rubinoxmetal.com/blog/super-duplex-for-seawater-desalination.html,Knowledge Hub,Super Duplex for Seawater and Desalination Projects | Rubinox,Super Duplex for Seawater and Desalination Projects,"Review Super Duplex, Duplex, SMO 254 and nickel alloy considerations for seawater and desalination project RFQs.",template polished in Batch 7,Super Duplex for Seawater and Desalination Projects,,Answer; BlogPosting; BreadcrumbList; FAQPage; ImageObject; ListItem; Organization; Question; WebPage,yes,yes,yes,Mapped from sitemap and local HTML; preserve canonical/internal links unless task-specific.,image or visual asset referenced,,,,,,P3,Maintain topic cluster; future articles remain planned,"Batch 7: category and guide-type meta confirmed with TOC, reviewer, related guides, RFQ CTA and valid BlogPosting schema; URL/canonical/H1 preserved."
https://rubinoxmetal.com/blog/nickel-alloy-625-vs-718.html,Knowledge Hub,Inconel 625 vs Inconel 718: Nickel Alloy Buyer Guide | Rubinox,Inconel 625 vs Inconel 718: Nickel Alloy Buyer Guide,"Compare Inconel 625 and Inconel 718 for corrosion, strength, heat, aerospace, marine and chemical RFQ review.",template polished in Batch 7,Inconel 625 vs Inconel 718: Nickel Alloy Buyer Guide,,Answer; BlogPosting; BreadcrumbList; FAQPage; ImageObject; ListItem; Organization; Question; WebPage,yes,yes,yes,Mapped from sitemap and local HTML; preserve canonical/internal links unless task-specific.,image or visual asset referenced,,,,,,P3,Maintain topic cluster; future articles remain planned,"Batch 7: category and guide-type meta confirmed with TOC, reviewer, related guides, RFQ CTA and valid BlogPosting schema; URL/canonical/H1 preserved."
https://rubinoxmetal.com/blog/monel-400-vs-k500.html,Knowledge Hub,Monel 400 vs Monel K-500: Buyer Comparison Guide | Rubinox,Monel 400 vs Monel K-500: Buyer Comparison Guide,"Compare Monel 400 and Monel K-500 for marine, chemical, fastener, pump and engineered component RFQs.",template polished in Batch 7,Monel 400 vs Monel K-500: Buyer Comparison Guide,,Answer; BlogPosting; BreadcrumbList; FAQPage; ImageObject; ListItem; Organization; Question; WebPage,yes,yes,yes,Mapped from sitemap and local HTML; preserve canonical/internal links unless task-specific.,image or visual asset referenced,,,,,,P3,Maintain topic cluster; future articles remain planned,"Batch 7: category and guide-type meta confirmed with TOC, reviewer, related guides, RFQ CTA and valid BlogPosting schema; URL/canonical/H1 preserved."
https://rubinoxmetal.com/blog/hastelloy-c276-vs-c22.html,Knowledge Hub,Hastelloy C276 vs C22: Corrosion Alloy Buyer Guide | Rubinox,Hastelloy C276 vs C22: Corrosion Alloy Buyer Guide,"Review Hastelloy C276 and C22 for chemical processing, corrosion-resistant equipment and RFQ preparation.",template polished in Batch 7,Hastelloy C276 vs C22: Corrosion Alloy Buyer Guide,,Answer; BlogPosting; BreadcrumbList; FAQPage; ImageObject; ListItem; Organization; Question; WebPage,yes,yes,yes,Mapped from sitemap and local HTML; preserve canonical/internal links unless task-specific.,image or visual asset referenced,,,,,,P3,Maintain topic cluster; future articles remain planned,"Batch 7: category and guide-type meta confirmed with TOC, reviewer, related guides, RFQ CTA and valid BlogPosting schema; URL/canonical/H1 preserved."
https://rubinoxmetal.com/blog/titanium-vs-stainless-steel.html,Knowledge Hub,Titanium vs Stainless Steel: Buyer Selection Guide | Rubinox,Titanium vs Stainless Steel: Buyer Selection Guide,"Compare titanium and stainless steel for corrosion, weight, strength, chemical, marine and precision component RFQs.",template polished in Batch 7,Titanium vs Stainless Steel: Buyer Selection Guide,,Answer; BlogPosting; BreadcrumbList; FAQPage; ImageObject; ListItem; Organization; Question; WebPage,yes,yes,yes,Mapped from sitemap and local HTML; preserve canonical/internal links unless task-specific.,image or visual asset referenced,,,,,,P3,Maintain topic cluster; future articles remain planned,"Batch 7: category and guide-type meta confirmed with TOC, reviewer, related guides, RFQ CTA and valid BlogPosting schema; URL/canonical/H1 preserved."
https://rubinoxmetal.com/blog/aluminium-vs-stainless-steel.html,Knowledge Hub,Aluminium vs Stainless Steel: Procurement Comparison Guide | Rubinox,Aluminium vs Stainless Steel: Procurement Comparison Guide,"Compare aluminium and stainless steel for weight, corrosion, fabrication, machining and industrial RFQ preparation.",template polished in Batch 7,Aluminium vs Stainless Steel: Procurement Comparison Guide,,Answer; BlogPosting; BreadcrumbList; FAQPage; ImageObject; ListItem; Organization; Question; WebPage,yes,yes,yes,Mapped from sitemap and local HTML; preserve canonical/internal links unless task-specific.,image or visual asset referenced,,,,,,P3,Maintain topic cluster; future articles remain planned,"Batch 7: category and guide-type meta confirmed with TOC, reviewer, related guides, RFQ CTA and valid BlogPosting schema; URL/canonical/H1 preserved."
https://rubinoxmetal.com/blog/carbon-steel-vs-mild-steel.html,Knowledge Hub,Carbon Steel vs Mild Steel: Industrial Buyer Guide | Rubinox,Carbon Steel vs Mild Steel: Industrial Buyer Guide,"Compare carbon steel and mild steel for plates, bars, structural work, fabrication and project RFQs.",template polished in Batch 7,Carbon Steel vs Mild Steel: Industrial Buyer Guide,,Answer; BlogPosting; BreadcrumbList; FAQPage; ImageObject; ListItem; Organization; Question; WebPage,yes,yes,yes,Mapped from sitemap and local HTML; preserve canonical/internal links unless task-specific.,image or visual asset referenced,,,,,,P3,Maintain topic cluster; future articles remain planned,"Batch 7: category and guide-type meta confirmed with TOC, reviewer, related guides, RFQ CTA and valid BlogPosting schema; URL/canonical/H1 preserved."
https://rubinoxmetal.com/blog/mild-steel-is-2062-vs-astm-a36.html,Knowledge Hub,IS 2062 vs ASTM A36: Mild Steel Buyer Comparison | Rubinox,IS 2062 vs ASTM A36: Mild Steel Buyer Comparison,"Compare IS 2062 and ASTM A36 for mild steel structural, fabrication and project supply RFQs.",template polished in Batch 7,IS 2062 vs ASTM A36: Mild Steel Buyer Comparison,,Answer; BlogPosting; BreadcrumbList; FAQPage; ImageObject; ListItem; Organization; Question; WebPage,yes,yes,yes,Mapped from sitemap and local HTML; preserve canonical/internal links unless task-specific.,image or visual asset referenced,,,,,,P3,Maintain topic cluster; future articles remain planned,"Batch 7: category and guide-type meta confirmed with TOC, reviewer, related guides, RFQ CTA and valid BlogPosting schema; URL/canonical/H1 preserved."
https://rubinoxmetal.com/blog/copper-c101-vs-c110-vs-c122.html,Knowledge Hub,Copper C101 vs C110 vs C122: Buyer Comparison Guide | Rubinox,Copper C101 vs C110 vs C122: Buyer Comparison Guide,"Compare copper C101, C110 and C122 for electrical, heat exchanger, fabrication and industrial RFQs.",template polished in Batch 7,Copper C101 vs C110 vs C122: Buyer Comparison Guide,,Answer; BlogPosting; BreadcrumbList; FAQPage; ImageObject; ListItem; Organization; Question; WebPage,yes,yes,yes,Mapped from sitemap and local HTML; preserve canonical/internal links unless task-specific.,image or visual asset referenced,,,,,,P3,Maintain topic cluster; future articles remain planned,"Batch 7: category and guide-type meta confirmed with TOC, reviewer, related guides, RFQ CTA and valid BlogPosting schema; URL/canonical/H1 preserved."
https://rubinoxmetal.com/blog/brass-c260-vs-c360.html,Knowledge Hub,Brass C260 vs C360: Buyer Comparison Guide | Rubinox,Brass C260 vs C360: Buyer Comparison Guide,"Compare Brass C260 and C360 for sheet, plate, bar, machining, fabrication and industrial RFQs.",template polished in Batch 7,Brass C260 vs C360: Buyer Comparison Guide,,Answer; BlogPosting; BreadcrumbList; FAQPage; ImageObject; ListItem; Organization; Question; WebPage,yes,yes,yes,Mapped from sitemap and local HTML; preserve canonical/internal links unless task-specific.,image or visual asset referenced,,,,,,P3,Maintain topic cluster; future articles remain planned,"Batch 7: category and guide-type meta confirmed with TOC, reviewer, related guides, RFQ CTA and valid BlogPosting schema; URL/canonical/H1 preserved."
https://rubinoxmetal.com/blog/phosphor-bronze-c510-vs-c521.html,Knowledge Hub,Phosphor Bronze C510 vs C521: Buyer Comparison Guide | Rubinox,Phosphor Bronze C510 vs C521: Buyer Comparison Guide,"Compare Phosphor Bronze C510 and C521 for spring, connector, wear, electrical and engineering RFQs.",template polished in Batch 7,Phosphor Bronze C510 vs C521: Buyer Comparison Guide,,Answer; BlogPosting; BreadcrumbList; FAQPage; ImageObject; ListItem; Organization; Question; WebPage,yes,yes,yes,Mapped from sitemap and local HTML; preserve canonical/internal links unless task-specific.,image or visual asset referenced,,,,,,P3,Maintain topic cluster; future articles remain planned,"Batch 7: category and guide-type meta confirmed with TOC, reviewer, related guides, RFQ CTA and valid BlogPosting schema; URL/canonical/H1 preserved."
https://rubinoxmetal.com/blog/industrial-metal-product-forms-guide.html,Knowledge Hub,Industrial Metal Product Forms Guide for RFQ Buyers | Rubinox,Industrial Metal Product Forms Guide for RFQ Buyers,"Guide to pipes, tubes, sheets, plates, coils, bars, rods, flanges, fittings, fasteners, channels and perforated sheets for RFQs.",template polished in Batch 7,Industrial Metal Product Forms Guide for RFQ Buyers,,Answer; BlogPosting; BreadcrumbList; FAQPage; ImageObject; ListItem; Organization; Question; WebPage,yes,yes,yes,Mapped from sitemap and local HTML; preserve canonical/internal links unless task-specific.,image or visual asset referenced,,,,,,P3,Maintain topic cluster; future articles remain planned,"Batch 7: category and guide-type meta confirmed with TOC, reviewer, related guides, RFQ CTA and valid BlogPosting schema; URL/canonical/H1 preserved."
https://rubinoxmetal.com/materials/copper-nickel-90-10-c70600-supplier-india.html,Grade / specification pages,Copper Nickel 90/10 C70600 Supplier India | Cu-Ni RFQs,Copper Nickel 90/10 C70600 Supplier in India,"Copper Nickel 90/10 C70600 supplier in India for pipes, tubes, sheets, plates, flanges and fittings RFQs with documentation support.",needs detailed scoring,Copper Nickel 90/10 C70600 Supplier India,,Answer; BreadcrumbList; FAQPage; ListItem; Organization; Product; PropertyValue; Question; Thing; WebPage; WebSite,yes,yes,yes,Mapped from sitemap and local HTML; preserve canonical/internal links unless task-specific.,image or visual asset referenced,,,,,,P3,Use pilot before broad template changes,Complete URL/family mapping done; detailed scoring deferred to page-family audit batch.
https://rubinoxmetal.com/materials/copper-nickel-70-30-c71500-supplier-india.html,Grade / specification pages,Copper Nickel 70/30 C71500 Supplier India | Cu-Ni RFQs,Copper Nickel 70/30 C71500 Supplier in India,"Copper Nickel 70/30 C71500 supplier in India for marine, condenser, seawater piping and heat exchanger RFQs with documentation support.",polished in Batch 10B,Copper Nickel 70/30 C71500 Supplier India,,Answer; BreadcrumbList; FAQPage; ListItem; Organization; Product; PropertyValue; Question; Thing; WebPage; WebSite,yes,yes,yes,Mapped from sitemap and local HTML; preserve canonical/internal links unless task-specific.,image or visual asset referenced,8.5,8.2,8.1,7.8,8.4,P2,Monitor Batch 10B polished grade/spec pages; defer remaining grade/spec rollout to Batch 10C.,"Batch 10B grade/spec rollout applied; URL, H1 intent, title/meta/canonical targets, schema meaning and sitemap URL preserved. Visual gate passed at 1366 and 390, with representative 1280/768/360 checks."
https://rubinoxmetal.com/materials/alloy-20-uns-n08020-supplier-india.html,Grade / specification pages,Alloy 20 UNS N08020 Supplier India | Carpenter 20 RFQs,Alloy 20 UNS N08020 Supplier in India,"Alloy 20 UNS N08020 supplier in India for pipes, tubes, sheets, plates, bars, flanges and fittings RFQs with documentation support.",polished in Batch 10B,Alloy 20 UNS N08020 Supplier India,,Answer; BreadcrumbList; FAQPage; ListItem; Organization; Product; PropertyValue; Question; Thing; WebPage; WebSite,yes,yes,yes,Mapped from sitemap and local HTML; preserve canonical/internal links unless task-specific.,image or visual asset referenced,8.5,8.2,8.1,7.8,8.4,P2,Monitor Batch 10B polished grade/spec pages; defer remaining grade/spec rollout to Batch 10C.,"Batch 10B grade/spec rollout applied; URL, H1 intent, title/meta/canonical targets, schema meaning and sitemap URL preserved. Visual gate passed at 1366 and 390, with representative 1280/768/360 checks."
https://rubinoxmetal.com/materials/inconel-601-supplier-india.html,Grade / specification pages,Inconel 601 Supplier India | Nickel Alloy 601 RFQs,Inconel 601 Supplier in India,"Inconel 601 supplier in India for nickel alloy pipes, tubes, sheets, plates, bars, flanges, fittings and high-temperature RFQs.",polished in Batch 10B,Inconel 601 Supplier India,,Answer; BreadcrumbList; FAQPage; ListItem; Organization; Product; PropertyValue; Question; Thing; WebPage; WebSite,yes,yes,yes,Mapped from sitemap and local HTML; preserve canonical/internal links unless task-specific.,image or visual asset referenced,8.5,8.2,8.1,7.8,8.4,P2,Monitor Batch 10B polished grade/spec pages; defer remaining grade/spec rollout to Batch 10C.,"Batch 10B grade/spec rollout applied; URL, H1 intent, title/meta/canonical targets, schema meaning and sitemap URL preserved. Visual gate passed at 1366 and 390, with representative 1280/768/360 checks."
https://rubinoxmetal.com/materials/incoloy-800h-supplier-india.html,Grade / specification pages,Incoloy 800H Supplier India | Alloy 800H RFQs,Incoloy 800H Supplier in India,"Incoloy 800H supplier in India for nickel alloy pipes, tubes, sheets, plates, bars, flanges and fittings RFQs with documentation support.",polished in Batch 10B,Incoloy 800H Supplier India,,Answer; BreadcrumbList; FAQPage; ListItem; Organization; Product; PropertyValue; Question; Thing; WebPage; WebSite,yes,yes,yes,Mapped from sitemap and local HTML; preserve canonical/internal links unless task-specific.,image or visual asset referenced,8.5,8.2,8.1,7.8,8.4,P2,Monitor Batch 10B polished grade/spec pages; defer remaining grade/spec rollout to Batch 10C.,"Batch 10B grade/spec rollout applied; URL, H1 intent, title/meta/canonical targets, schema meaning and sitemap URL preserved. Visual gate passed at 1366 and 390, with representative 1280/768/360 checks."
https://rubinoxmetal.com/materials/astm-a335-p11-pipe-supplier-india.html,Grade / specification pages,ASTM A335 P11 Pipe Supplier India | ASME SA335 P11 RFQs,ASTM A335 P11 Pipe Supplier in India,"ASTM A335 P11 pipe supplier in India for alloy steel seamless pipe RFQs with size, schedule, MTC and inspection requirements reviewed.",polished in Batch 10B,ASTM A335 P11 Pipe Supplier India,,Answer; BreadcrumbList; FAQPage; ListItem; Organization; Product; PropertyValue; Question; Thing; WebPage; WebSite,yes,yes,yes,Mapped from sitemap and local HTML; preserve canonical/internal links unless task-specific.,image or visual asset referenced,8.5,8.2,8.1,7.8,8.4,P2,Monitor Batch 10B polished grade/spec pages; defer remaining grade/spec rollout to Batch 10C.,"Batch 10B grade/spec rollout applied; URL, H1 intent, title/meta/canonical targets, schema meaning and sitemap URL preserved. Visual gate passed at 1366 and 390, with representative 1280/768/360 checks."
https://rubinoxmetal.com/materials/astm-a335-p22-pipe-supplier-india.html,Grade / specification pages,ASTM A335 P22 Pipe Supplier India | ASME SA335 P22 RFQs,ASTM A335 P22 Pipe Supplier in India,"ASTM A335 P22 pipe supplier in India for alloy steel seamless pipe RFQs with size, schedule, MTC and inspection requirements reviewed.",polished in Batch 10B,ASTM A335 P22 Pipe Supplier India,,Answer; BreadcrumbList; FAQPage; ListItem; Organization; Product; PropertyValue; Question; Thing; WebPage; WebSite,yes,yes,yes,Mapped from sitemap and local HTML; preserve canonical/internal links unless task-specific.,image or visual asset referenced,8.5,8.2,8.1,7.8,8.4,P2,Monitor Batch 10B polished grade/spec pages; defer remaining grade/spec rollout to Batch 10C.,"Batch 10B grade/spec rollout applied; URL, H1 intent, title/meta/canonical targets, schema meaning and sitemap URL preserved. Visual gate passed at 1366 and 390, with representative 1280/768/360 checks."
https://rubinoxmetal.com/materials/astm-a335-p91-pipe-supplier-india.html,Grade / specification pages,ASTM A335 P91 Pipe Supplier India | ASME SA335 P91 RFQs,ASTM A335 P91 Pipe Supplier in India,"ASTM A335 P91 pipe supplier in India for alloy steel seamless pipe RFQs with size, schedule, MTC and inspection requirements reviewed.",representative scored,ASTM A335 P91 Pipe Supplier India,,Answer; BreadcrumbList; FAQPage; ListItem; Organization; Product; PropertyValue; Question; Thing; WebPage; WebSite,yes,yes,yes,Mapped from sitemap and local HTML; preserve canonical/internal links unless task-specific.,image or visual asset referenced,7.3,8.7,8.2,7.2,7.9,P1,Five-page grade/spec pilot,Representative scoring based on latest site-wide design analysis.
https://rubinoxmetal.com/materials/api-5l-grade-b-pipe-supplier-india.html,Grade / specification pages,API 5L Grade B Pipe Supplier India | Line Pipe RFQs,API 5L Grade B Pipe Supplier in India,"API 5L Grade B pipe supplier in India for line pipe RFQs with PSL, size, wall thickness, coating, MTC and inspection requirements reviewed.",representative scored,API 5L Grade B Pipe Supplier India,,Answer; BreadcrumbList; FAQPage; ListItem; Organization; Product; PropertyValue; Question; Thing; WebPage; WebSite,yes,yes,yes,Mapped from sitemap and local HTML; preserve canonical/internal links unless task-specific.,image or visual asset referenced,7.3,8.7,8.2,7.2,7.9,P1,Five-page grade/spec pilot,Representative scoring based on latest site-wide design analysis.
https://rubinoxmetal.com/materials/api-5l-x52-pipe-supplier-india.html,Grade / specification pages,API 5L X52 Pipe Supplier India | Line Pipe RFQs,API 5L X52 Pipe Supplier in India,"API 5L X52 pipe supplier in India for line pipe RFQs with PSL, size, wall thickness, coating, MTC and inspection requirements reviewed.",needs detailed scoring,API 5L X52 Pipe Supplier India,,Answer; BreadcrumbList; FAQPage; ListItem; Organization; Product; PropertyValue; Question; Thing; WebPage; WebSite,yes,yes,yes,Mapped from sitemap and local HTML; preserve canonical/internal links unless task-specific.,image or visual asset referenced,,,,,,P3,Use pilot before broad template changes,Complete URL/family mapping done; detailed scoring deferred to page-family audit batch.
https://rubinoxmetal.com/materials/api-5l-x65-pipe-supplier-india.html,Grade / specification pages,API 5L X65 Pipe Supplier India | Line Pipe RFQs,API 5L X65 Pipe Supplier in India,"API 5L X65 pipe supplier in India for line pipe RFQs with PSL, size, wall thickness, coating, MTC and inspection requirements reviewed.",polished in Batch 10B,API 5L X65 Pipe Supplier India,,Answer; BreadcrumbList; FAQPage; ListItem; Organization; Product; PropertyValue; Question; Thing; WebPage; WebSite,yes,yes,yes,Mapped from sitemap and local HTML; preserve canonical/internal links unless task-specific.,image or visual asset referenced,8.5,8.2,8.1,7.8,8.4,P2,Monitor Batch 10B polished grade/spec pages; defer remaining grade/spec rollout to Batch 10C.,"Batch 10B grade/spec rollout applied; URL, H1 intent, title/meta/canonical targets, schema meaning and sitemap URL preserved. Visual gate passed at 1366 and 390, with representative 1280/768/360 checks."
https://rubinoxmetal.com/materials/is-2062-steel-supplier-india.html,Grade / specification pages,IS 2062 Steel Supplier India | Structural Steel RFQs,IS 2062 Steel Supplier in India,"IS 2062 steel supplier in India for plates, sheets, angles, channels, flats, bars and structural fabrication RFQs with documentation support.",polished in Batch 10B,IS 2062 Steel Supplier India,,Answer; BreadcrumbList; FAQPage; ListItem; Organization; Product; PropertyValue; Question; Thing; WebPage; WebSite,yes,yes,yes,Mapped from sitemap and local HTML; preserve canonical/internal links unless task-specific.,image or visual asset referenced,8.5,8.2,8.1,7.8,8.4,P2,Monitor Batch 10B polished grade/spec pages; defer remaining grade/spec rollout to Batch 10C.,"Batch 10B grade/spec rollout applied; URL, H1 intent, title/meta/canonical targets, schema meaning and sitemap URL preserved. Visual gate passed at 1366 and 390, with representative 1280/768/360 checks."
https://rubinoxmetal.com/materials/is-1239-pipe-supplier-india.html,Grade / specification pages,IS 1239 Pipe Supplier India | MS Pipe RFQs,IS 1239 Pipe Supplier in India,"IS 1239 pipe supplier in India for mild steel pipe and tube RFQs with class, size, end finish, galvanizing and documentation details reviewed.",polished in Batch 10B,IS 1239 Pipe Supplier India,,Answer; BreadcrumbList; FAQPage; ListItem; Organization; Product; PropertyValue; Question; Thing; WebPage; WebSite,yes,yes,yes,Mapped from sitemap and local HTML; preserve canonical/internal links unless task-specific.,image or visual asset referenced,8.5,8.2,8.1,7.8,8.4,P2,Monitor Batch 10B polished grade/spec pages; defer remaining grade/spec rollout to Batch 10C.,"Batch 10B grade/spec rollout applied; URL, H1 intent, title/meta/canonical targets, schema meaning and sitemap URL preserved. Visual gate passed at 1366 and 390, with representative 1280/768/360 checks."
https://rubinoxmetal.com/materials/is-3589-pipe-supplier-india.html,Grade / specification pages,IS 3589 Pipe Supplier India | Project Pipe RFQs,IS 3589 Pipe Supplier in India,"IS 3589 pipe supplier in India for project pipe RFQs with size, wall thickness, class, coating, testing and documentation requirements reviewed.",polished in Batch 10B,IS 3589 Pipe Supplier India,,Answer; BreadcrumbList; FAQPage; ListItem; Organization; Product; PropertyValue; Question; Thing; WebPage; WebSite,yes,yes,yes,Mapped from sitemap and local HTML; preserve canonical/internal links unless task-specific.,image or visual asset referenced,8.5,8.2,8.1,7.8,8.4,P2,Monitor Batch 10B polished grade/spec pages; defer remaining grade/spec rollout to Batch 10C.,"Batch 10B grade/spec rollout applied; URL, H1 intent, title/meta/canonical targets, schema meaning and sitemap URL preserved. Visual gate passed at 1366 and 390, with representative 1280/768/360 checks."
https://rubinoxmetal.com/materials/astm-a106-grade-b-pipe-supplier-india.html,Grade / specification pages,ASTM A106 Grade B Pipe Supplier India | Seamless CS Pipe RFQs,ASTM A106 Grade B Pipe Supplier in India,"ASTM A106 Grade B pipe supplier in India for seamless carbon steel pipe RFQs with schedule, size, MTC and inspection details reviewed.",needs detailed scoring,ASTM A106 Grade B Pipe Supplier India,,Answer; BreadcrumbList; FAQPage; ListItem; Organization; Product; PropertyValue; Question; Thing; WebPage; WebSite,yes,yes,yes,Mapped from sitemap and local HTML; preserve canonical/internal links unless task-specific.,image or visual asset referenced,,,,,,P3,Use pilot before broad template changes,Complete URL/family mapping done; detailed scoring deferred to page-family audit batch.
https://rubinoxmetal.com/materials/astm-a53-grade-b-pipe-supplier-india.html,Grade / specification pages,ASTM A53 Grade B Pipe Supplier India | CS Pipe RFQs,ASTM A53 Grade B Pipe Supplier in India,"ASTM A53 Grade B pipe supplier in India for carbon steel pipe RFQs with type, grade, schedule, size, MTC and inspection review.",polished in Batch 10B,ASTM A53 Grade B Pipe Supplier India,,Answer; BreadcrumbList; FAQPage; ListItem; Organization; Product; PropertyValue; Question; Thing; WebPage; WebSite,yes,yes,yes,Mapped from sitemap and local HTML; preserve canonical/internal links unless task-specific.,image or visual asset referenced,8.5,8.2,8.1,7.8,8.4,P2,Monitor Batch 10B polished grade/spec pages; defer remaining grade/spec rollout to Batch 10C.,"Batch 10B grade/spec rollout applied; URL, H1 intent, title/meta/canonical targets, schema meaning and sitemap URL preserved. Visual gate passed at 1366 and 390, with representative 1280/768/360 checks."
https://rubinoxmetal.com/materials/astm-a333-grade-6-pipe-supplier-india.html,Grade / specification pages,ASTM A333 Grade 6 Pipe Supplier India | Low Temperature CS Pipe RFQs,ASTM A333 Grade 6 Pipe Supplier in India,"ASTM A333 Grade 6 pipe supplier in India for low temperature carbon steel pipe RFQs with size, schedule, impact testing and MTC details.",polished in Batch 10B,ASTM A333 Grade 6 Pipe Supplier India,,Answer; BreadcrumbList; FAQPage; ListItem; Organization; Product; PropertyValue; Question; Thing; WebPage; WebSite,yes,yes,yes,Mapped from sitemap and local HTML; preserve canonical/internal links unless task-specific.,image or visual asset referenced,8.5,8.2,8.1,7.8,8.4,P2,Monitor Batch 10B polished grade/spec pages; defer remaining grade/spec rollout to Batch 10C.,"Batch 10B grade/spec rollout applied; URL, H1 intent, title/meta/canonical targets, schema meaning and sitemap URL preserved. Visual gate passed at 1366 and 390, with representative 1280/768/360 checks."
https://rubinoxmetal.com/technical-resources.html,Technical / documentation,Technical Resources & Standards Charts | Rubinox Metal and Alloys,Technical Resources & Standards Charts,"Technical resources for metal RFQs, including pipe schedule guidance, MTC notes, PMI testing, API 5L comparison and quotation checklist.",representative scored,Technical Resources & Standards Charts,,Answer; BreadcrumbList; FAQPage; ItemList; ListItem; Question; WebPage,yes,yes,yes,Mapped from sitemap and local HTML; preserve canonical/internal links unless task-specific.,image or visual asset referenced,7.6,8.8,8.6,7.5,7.8,P1,Technical table UX polish,Representative scoring based on latest site-wide design analysis.
https://rubinoxmetal.com/quality-documentation-support.html,Technical / documentation,Quality & Documentation Support | Rubinox Metal and Alloys,Quality & Documentation Support,"Quality and documentation support for metal RFQs, including MTC, EN 10204 3.1/3.2, PMI, third-party inspection, packing and export documents.",needs detailed scoring,Quality & Documentation Support,,Answer; BreadcrumbList; FAQPage; ListItem; Question; WebPage,yes,yes,yes,Mapped from sitemap and local HTML; preserve canonical/internal links unless task-specific.,image or visual asset referenced,,,,,,P3,Keep real HTML tables; improve table UX in Phase 2,Complete URL/family mapping done; detailed scoring deferred to page-family audit batch.
https://rubinoxmetal.com/knowledge-hub-author.html,Company / trust,Rubinox Metal and Alloys Procurement Team | Editorial Review,Rubinox Metal and Alloys Procurement Team,"Editorial review information for Rubinox Metal and Alloys Knowledge Hub buyer guides, RFQ guidance, material standards and documentation support content.",editorial trust page confirmed,Procurement Team,,BreadcrumbList; ListItem; Organization; ProfilePage; WebSite,yes,yes,yes,Mapped from sitemap and local HTML; preserve canonical/internal links unless task-specific.,image or visual asset referenced,,,,,,P3,Keep organization-level review wording,"Batch 7: safe Procurement Team review page confirmed; no fake person credentials, ratings, certifications or claim proof added."
https://rubinoxmetal.com/materials/astm-a335-p5-pipe-supplier-india.html,Grade / specification pages,ASTM A335 P5 Pipe Supplier in India | Rubinox,ASTM A335 P5 Pipe Supplier in India,"ASTM A335 P5 Pipe Supplier in India for specification-led RFQs with grade, size, quantity, MTC, inspection, documentation and delivery details reviewed by Rubinox Metal and Alloys.",polished in Batch 10B,ASTM A335 P5 Pipe Supplier in India,,Answer; BreadcrumbList; FAQPage; ListItem; Organization; Product; PropertyValue; Question; WebPage; WebSite,yes,yes,yes,Mapped from sitemap and local HTML; preserve canonical/internal links unless task-specific.,image or visual asset referenced,8.5,8.2,8.1,7.8,8.4,P2,Monitor Batch 10B polished grade/spec pages; defer remaining grade/spec rollout to Batch 10C.,"Batch 10B grade/spec rollout applied; URL, H1 intent, title/meta/canonical targets, schema meaning and sitemap URL preserved. Visual gate passed at 1366 and 390, with representative 1280/768/360 checks."
https://rubinoxmetal.com/materials/astm-a335-p9-pipe-supplier-india.html,Grade / specification pages,ASTM A335 P9 Pipe Supplier in India | Rubinox,ASTM A335 P9 Pipe Supplier in India,"ASTM A335 P9 Pipe Supplier in India for specification-led RFQs with grade, size, quantity, MTC, inspection, documentation and delivery details reviewed by Rubinox Metal and Alloys.",polished in Batch 10B,ASTM A335 P9 Pipe Supplier in India,,Answer; BreadcrumbList; FAQPage; ListItem; Organization; Product; PropertyValue; Question; WebPage; WebSite,yes,yes,yes,Mapped from sitemap and local HTML; preserve canonical/internal links unless task-specific.,image or visual asset referenced,8.5,8.2,8.1,7.8,8.4,P2,Monitor Batch 10B polished grade/spec pages; defer remaining grade/spec rollout to Batch 10C.,"Batch 10B grade/spec rollout applied; URL, H1 intent, title/meta/canonical targets, schema meaning and sitemap URL preserved. Visual gate passed at 1366 and 390, with representative 1280/768/360 checks."
https://rubinoxmetal.com/materials/sa-210-grade-a1-boiler-tube-supplier-india.html,Grade / specification pages,SA 210 Grade A1 Boiler Tube Supplier in India | Rubinox,SA 210 Grade A1 Boiler Tube Supplier in India,"SA 210 Grade A1 Boiler Tube Supplier in India for specification-led RFQs with grade, size, quantity, MTC, inspection, documentation and delivery details reviewed by Rubinox Metal and Alloys.",needs detailed scoring,SA 210 Grade A1 Boiler Tube Supplier in India,,Answer; BreadcrumbList; FAQPage; ListItem; Organization; Product; PropertyValue; Question; WebPage; WebSite,yes,yes,yes,Mapped from sitemap and local HTML; preserve canonical/internal links unless task-specific.,image or visual asset referenced,,,,,,P3,Use pilot before broad template changes,Complete URL/family mapping done; detailed scoring deferred to page-family audit batch.
https://rubinoxmetal.com/materials/sa-213-t11-tube-supplier-india.html,Grade / specification pages,SA 213 T11 Tube Supplier in India | Rubinox,SA 213 T11 Tube Supplier in India,"SA 213 T11 Tube Supplier in India for specification-led RFQs with grade, size, quantity, MTC, inspection, documentation and delivery details reviewed by Rubinox Metal and Alloys.",needs detailed scoring,SA 213 T11 Tube Supplier in India,,Answer; BreadcrumbList; FAQPage; ListItem; Organization; Product; PropertyValue; Question; WebPage; WebSite,yes,yes,yes,Mapped from sitemap and local HTML; preserve canonical/internal links unless task-specific.,image or visual asset referenced,,,,,,P3,Use pilot before broad template changes,Complete URL/family mapping done; detailed scoring deferred to page-family audit batch.
https://rubinoxmetal.com/materials/sa-213-t22-tube-supplier-india.html,Grade / specification pages,SA 213 T22 Tube Supplier in India | Rubinox,SA 213 T22 Tube Supplier in India,"SA 213 T22 Tube Supplier in India for specification-led RFQs with grade, size, quantity, MTC, inspection, documentation and delivery details reviewed by Rubinox Metal and Alloys.",needs detailed scoring,SA 213 T22 Tube Supplier in India,,Answer; BreadcrumbList; FAQPage; ListItem; Organization; Product; PropertyValue; Question; WebPage; WebSite,yes,yes,yes,Mapped from sitemap and local HTML; preserve canonical/internal links unless task-specific.,image or visual asset referenced,,,,,,P3,Use pilot before broad template changes,Complete URL/family mapping done; detailed scoring deferred to page-family audit batch.
https://rubinoxmetal.com/materials/sa-213-t91-tube-supplier-india.html,Grade / specification pages,SA 213 T91 Tube Supplier in India | Rubinox,SA 213 T91 Tube Supplier in India,"SA 213 T91 Tube Supplier in India for specification-led RFQs with grade, size, quantity, MTC, inspection, documentation and delivery details reviewed by Rubinox Metal and Alloys.",needs detailed scoring,SA 213 T91 Tube Supplier in India,,Answer; BreadcrumbList; FAQPage; ListItem; Organization; Product; PropertyValue; Question; WebPage; WebSite,yes,yes,yes,Mapped from sitemap and local HTML; preserve canonical/internal links unless task-specific.,image or visual asset referenced,,,,,,P3,Use pilot before broad template changes,Complete URL/family mapping done; detailed scoring deferred to page-family audit batch.
https://rubinoxmetal.com/materials/en-10216-seamless-pipe-supplier-india.html,Grade / specification pages,EN 10216 Seamless Pipe Supplier in India | Rubinox,EN 10216 Seamless Pipe Supplier in India,"EN 10216 Seamless Pipe Supplier in India for specification-led RFQs with grade, size, quantity, MTC, inspection, documentation and delivery details reviewed by Rubinox Metal and Alloys.",needs detailed scoring,EN 10216 Seamless Pipe Supplier in India,,Answer; BreadcrumbList; FAQPage; ListItem; Organization; Product; PropertyValue; Question; WebPage; WebSite,yes,yes,yes,Mapped from sitemap and local HTML; preserve canonical/internal links unless task-specific.,image or visual asset referenced,,,,,,P3,Use pilot before broad template changes,Complete URL/family mapping done; detailed scoring deferred to page-family audit batch.
https://rubinoxmetal.com/materials/en-10217-welded-pipe-supplier-india.html,Grade / specification pages,EN 10217 Welded Pipe Supplier in India | Rubinox,EN 10217 Welded Pipe Supplier in India,"EN 10217 Welded Pipe Supplier in India for specification-led RFQs with grade, size, quantity, MTC, inspection, documentation and delivery details reviewed by Rubinox Metal and Alloys.",needs detailed scoring,EN 10217 Welded Pipe Supplier in India,,Answer; BreadcrumbList; FAQPage; ListItem; Organization; Product; PropertyValue; Question; WebPage; WebSite,yes,yes,yes,Mapped from sitemap and local HTML; preserve canonical/internal links unless task-specific.,image or visual asset referenced,,,,,,P3,Use pilot before broad template changes,Complete URL/family mapping done; detailed scoring deferred to page-family audit batch.
https://rubinoxmetal.com/materials/en-10305-1-precision-tube-supplier-india.html,Grade / specification pages,EN 10305-1 Precision Tube Supplier in India | Rubinox,EN 10305-1 Precision Tube Supplier in India,"EN 10305-1 Precision Tube Supplier in India for specification-led RFQs with grade, size, quantity, MTC, inspection, documentation and delivery details reviewed by Rubinox Metal and Alloys.",needs detailed scoring,EN 10305-1 Precision Tube Supplier in India,,Answer; BreadcrumbList; FAQPage; ListItem; Organization; Product; PropertyValue; Question; WebPage; WebSite,yes,yes,yes,Mapped from sitemap and local HTML; preserve canonical/internal links unless task-specific.,image or visual asset referenced,,,,,,P3,Use pilot before broad template changes,Complete URL/family mapping done; detailed scoring deferred to page-family audit batch.
https://rubinoxmetal.com/materials/din-2448-seamless-pipe-supplier-india.html,Grade / specification pages,DIN 2448 Seamless Pipe Supplier in India | Rubinox,DIN 2448 Seamless Pipe Supplier in India,"DIN 2448 Seamless Pipe Supplier in India for specification-led RFQs with grade, size, quantity, MTC, inspection, documentation and delivery details reviewed by Rubinox Metal and Alloys.",needs detailed scoring,DIN 2448 Seamless Pipe Supplier in India,,Answer; BreadcrumbList; FAQPage; ListItem; Organization; Product; PropertyValue; Question; WebPage; WebSite,yes,yes,yes,Mapped from sitemap and local HTML; preserve canonical/internal links unless task-specific.,image or visual asset referenced,,,,,,P3,Use pilot before broad template changes,Complete URL/family mapping done; detailed scoring deferred to page-family audit batch.
https://rubinoxmetal.com/materials/din-2391-precision-tube-supplier-india.html,Grade / specification pages,DIN 2391 Precision Tube Supplier in India | Rubinox,DIN 2391 Precision Tube Supplier in India,"DIN 2391 Precision Tube Supplier in India for specification-led RFQs with grade, size, quantity, MTC, inspection, documentation and delivery details reviewed by Rubinox Metal and Alloys.",needs detailed scoring,DIN 2391 Precision Tube Supplier in India,,Answer; BreadcrumbList; FAQPage; ListItem; Organization; Product; PropertyValue; Question; WebPage; WebSite,yes,yes,yes,Mapped from sitemap and local HTML; preserve canonical/internal links unless task-specific.,image or visual asset referenced,,,,,,P3,Use pilot before broad template changes,Complete URL/family mapping done; detailed scoring deferred to page-family audit batch.
https://rubinoxmetal.com/materials/schedule-40-pipe-supplier-india.html,Grade / specification pages,Schedule 40 Pipe Supplier in India | Rubinox,Schedule 40 Pipe Supplier in India,"Schedule 40 Pipe Supplier in India for specification-led RFQs with grade, size, quantity, MTC, inspection, documentation and delivery details reviewed by Rubinox Metal and Alloys.",needs detailed scoring,Schedule 40 Pipe Supplier in India,,Answer; BreadcrumbList; FAQPage; ListItem; Organization; Product; PropertyValue; Question; WebPage; WebSite,yes,yes,yes,Mapped from sitemap and local HTML; preserve canonical/internal links unless task-specific.,image or visual asset referenced,,,,,,P3,Use pilot before broad template changes,Complete URL/family mapping done; detailed scoring deferred to page-family audit batch.
https://rubinoxmetal.com/materials/schedule-80-pipe-supplier-india.html,Grade / specification pages,Schedule 80 Pipe Supplier in India | Rubinox,Schedule 80 Pipe Supplier in India,"Schedule 80 Pipe Supplier in India for specification-led RFQs with grade, size, quantity, MTC, inspection, documentation and delivery details reviewed by Rubinox Metal and Alloys.",needs detailed scoring,Schedule 80 Pipe Supplier in India,,Answer; BreadcrumbList; FAQPage; ListItem; Organization; Product; PropertyValue; Question; WebPage; WebSite,yes,yes,yes,Mapped from sitemap and local HTML; preserve canonical/internal links unless task-specific.,image or visual asset referenced,,,,,,P3,Use pilot before broad template changes,Complete URL/family mapping done; detailed scoring deferred to page-family audit batch.
https://rubinoxmetal.com/materials/seamless-pipe-supplier-india.html,Grade / specification pages,Seamless Pipe Supplier in India | Rubinox,Seamless Pipe Supplier in India,"Seamless Pipe Supplier in India for specification-led RFQs with grade, size, quantity, MTC, inspection, documentation and delivery details reviewed by Rubinox Metal and Alloys.",needs detailed scoring,Seamless Pipe Supplier in India,,Answer; BreadcrumbList; FAQPage; ListItem; Organization; Product; PropertyValue; Question; WebPage; WebSite,yes,yes,yes,Mapped from sitemap and local HTML; preserve canonical/internal links unless task-specific.,image or visual asset referenced,,,,,,P3,Use pilot before broad template changes,Complete URL/family mapping done; detailed scoring deferred to page-family audit batch.
https://rubinoxmetal.com/materials/welded-pipe-supplier-india.html,Grade / specification pages,Welded Pipe Supplier in India | Rubinox,Welded Pipe Supplier in India,"Welded Pipe Supplier in India for specification-led RFQs with grade, size, quantity, MTC, inspection, documentation and delivery details reviewed by Rubinox Metal and Alloys.",needs detailed scoring,Welded Pipe Supplier in India,,Answer; BreadcrumbList; FAQPage; ListItem; Organization; Product; PropertyValue; Question; WebPage; WebSite,yes,yes,yes,Mapped from sitemap and local HTML; preserve canonical/internal links unless task-specific.,image or visual asset referenced,,,,,,P3,Use pilot before broad template changes,Complete URL/family mapping done; detailed scoring deferred to page-family audit batch.
https://rubinoxmetal.com/stainless-steel-price-factors-india.html,Price factor pages,Stainless Steel Price Factors in India | RFQ Guide | Rubinox,Stainless Steel Price Factors in India,"Stainless Steel Price Factors in India explained for RFQ buyers without fixed public pricing, covering grade, form, size, quantity, documentation, testing, packing and logistics factors.",needs detailed scoring,Stainless Steel Price Factors in India,,Answer; Article; BreadcrumbList; FAQPage; ImageObject; ListItem; Organization; Question; WebPage; WebSite,yes,yes,yes,Mapped from sitemap and local HTML; preserve canonical/internal links unless task-specific.,image or visual asset referenced,,,,,,P3,Keep mapped; score in later audit batch,Complete URL/family mapping done; detailed scoring deferred to page-family audit batch.
https://rubinoxmetal.com/stainless-steel-pipe-price-factors-india.html,Price factor pages,Stainless Steel Pipe Price Factors in India | RFQ Guide | Rubinox,Stainless Steel Pipe Price Factors in India,"Stainless Steel Pipe Price Factors in India explained for RFQ buyers without fixed public pricing, covering grade, form, size, quantity, documentation, testing, packing and logistics factors.",needs detailed scoring,Stainless Steel Pipe Price Factors in India,,Answer; Article; BreadcrumbList; FAQPage; ImageObject; ListItem; Organization; Question; WebPage; WebSite,yes,yes,yes,Mapped from sitemap and local HTML; preserve canonical/internal links unless task-specific.,image or visual asset referenced,,,,,,P3,Keep mapped; score in later audit batch,Complete URL/family mapping done; detailed scoring deferred to page-family audit batch.
https://rubinoxmetal.com/ss-304-price-factors-india.html,Price factor pages,SS 304 Price Factors in India | RFQ Guide | Rubinox,SS 304 Price Factors in India,"SS 304 Price Factors in India explained for RFQ buyers without fixed public pricing, covering grade, form, size, quantity, documentation, testing, packing and logistics factors.",needs detailed scoring,SS 304 Price Factors in India,,Answer; Article; BreadcrumbList; FAQPage; ImageObject; ListItem; Organization; Question; WebPage; WebSite,yes,yes,yes,Mapped from sitemap and local HTML; preserve canonical/internal links unless task-specific.,image or visual asset referenced,,,,,,P3,Keep mapped; score in later audit batch,Complete URL/family mapping done; detailed scoring deferred to page-family audit batch.
https://rubinoxmetal.com/ss-316l-price-factors-india.html,Price factor pages,SS 316L Price Factors in India | RFQ Guide | Rubinox,SS 316L Price Factors in India,"SS 316L Price Factors in India explained for RFQ buyers without fixed public pricing, covering grade, form, size, quantity, documentation, testing, packing and logistics factors.",needs detailed scoring,SS 316L Price Factors in India,,Answer; Article; BreadcrumbList; FAQPage; ImageObject; ListItem; Organization; Question; WebPage; WebSite,yes,yes,yes,Mapped from sitemap and local HTML; preserve canonical/internal links unless task-specific.,image or visual asset referenced,,,,,,P3,Keep mapped; score in later audit batch,Complete URL/family mapping done; detailed scoring deferred to page-family audit batch.
https://rubinoxmetal.com/inconel-625-price-factors-india.html,Price factor pages,Inconel 625 Price Factors in India | RFQ Guide | Rubinox,Inconel 625 Price Factors in India,"Inconel 625 Price Factors in India explained for RFQ buyers without fixed public pricing, covering grade, form, size, quantity, documentation, testing, packing and logistics factors.",needs detailed scoring,Inconel 625 Price Factors in India,,Answer; Article; BreadcrumbList; FAQPage; ImageObject; ListItem; Organization; Question; WebPage; WebSite,yes,yes,yes,Mapped from sitemap and local HTML; preserve canonical/internal links unless task-specific.,image or visual asset referenced,,,,,,P3,Keep mapped; score in later audit batch,Complete URL/family mapping done; detailed scoring deferred to page-family audit batch.
https://rubinoxmetal.com/duplex-2205-price-factors-india.html,Price factor pages,Duplex 2205 Price Factors in India | RFQ Guide | Rubinox,Duplex 2205 Price Factors in India,"Duplex 2205 Price Factors in India explained for RFQ buyers without fixed public pricing, covering grade, form, size, quantity, documentation, testing, packing and logistics factors.",needs detailed scoring,Duplex 2205 Price Factors in India,,Answer; Article; BreadcrumbList; FAQPage; ImageObject; ListItem; Organization; Question; WebPage; WebSite,yes,yes,yes,Mapped from sitemap and local HTML; preserve canonical/internal links unless task-specific.,image or visual asset referenced,,,,,,P3,Keep mapped; score in later audit batch,Complete URL/family mapping done; detailed scoring deferred to page-family audit batch.
https://rubinoxmetal.com/company-profile.html,Company / trust,Company Profile | Rubinox Metal and Alloys,Rubinox Metal and Alloys Company Profile,"Verified Rubinox Metal and Alloys company profile for vendor onboarding, RFQ review, materials supplied, product forms and contact details.",representative scored,Company Profile,,BreadcrumbList; ListItem; Organization; WebPage,yes,yes,yes,Mapped from sitemap and local HTML; preserve canonical/internal links unless task-specific.,image or visual asset referenced,7.8,8,7.3,7.4,7.6,P2,Trust asset upgrade after owner approval,Representative scoring based on latest site-wide design analysis.
