material,grade,form,city,state,country,page_type,reason_not_recommended,duplicate_url_or_overlap,risk_notes
Stainless Steel,SS 202,tubes,Navi Mumbai,Maharashtra,,india_city,Duplicate / cannibalizing risk,/materials/ss-202-supplier-india.html,Hold unless Search Console shows demand
Stainless Steel,SS 202,tubes,Thane,Maharashtra,,india_city,Duplicate / cannibalizing risk,/materials/ss-202-supplier-india.html,Hold unless Search Console shows demand
Stainless Steel,SS 202,tubes,Nashik,Maharashtra,,india_city,Duplicate / cannibalizing risk,/materials/ss-202-supplier-india.html,Hold unless Search Console shows demand
Stainless Steel,SS 202,tubes,Chhatrapati Sambhajinagar / Aurangabad,Maharashtra,,india_city,Duplicate / cannibalizing risk,/materials/ss-202-supplier-india.html,Hold unless Search Console shows demand
Stainless Steel,SS 202,tubes,Nagpur / Butibori,Maharashtra,,india_city,Duplicate / cannibalizing risk,/materials/ss-202-supplier-india.html,Hold unless Search Console shows demand
Stainless Steel,SS 202,tubes,Hazira,Gujarat,,india_city,Duplicate / cannibalizing risk,/materials/ss-202-supplier-india.html,Hold unless Search Console shows demand
Stainless Steel,SS 202,tubes,Rajkot,Gujarat,,india_city,Duplicate / cannibalizing risk,/materials/ss-202-supplier-india.html,Hold unless Search Console shows demand
Stainless Steel,SS 202,tubes,Jamnagar,Gujarat,,india_city,Duplicate / cannibalizing risk,/materials/ss-202-supplier-india.html,Hold unless Search Console shows demand
Stainless Steel,SS 202,tubes,Sriperumbudur,Tamil Nadu,,india_city,Duplicate / cannibalizing risk,/materials/ss-202-supplier-india.html,Hold unless Search Console shows demand
Stainless Steel,SS 202,tubes,Oragadam,Tamil Nadu,,india_city,Duplicate / cannibalizing risk,/materials/ss-202-supplier-india.html,Hold unless Search Console shows demand
Stainless Steel,SS 202,tubes,Hosur,Tamil Nadu,,india_city,Duplicate / cannibalizing risk,/materials/ss-202-supplier-india.html,Hold unless Search Console shows demand
Stainless Steel,SS 202,tubes,Salem,Tamil Nadu,,india_city,Duplicate / cannibalizing risk,/materials/ss-202-supplier-india.html,Hold unless Search Console shows demand
Stainless Steel,SS 202,tubes,Trichy,Tamil Nadu,,india_city,Duplicate / cannibalizing risk,/materials/ss-202-supplier-india.html,Hold unless Search Console shows demand
Stainless Steel,SS 202,tubes,Bommasandra,Karnataka,,india_city,Duplicate / cannibalizing risk,/materials/ss-202-supplier-india.html,Hold unless Search Console shows demand
Stainless Steel,SS 202,tubes,Mysuru,Karnataka,,india_city,Duplicate / cannibalizing risk,/materials/ss-202-supplier-india.html,Hold unless Search Console shows demand
Stainless Steel,SS 202,tubes,Mangaluru,Karnataka,,india_city,Duplicate / cannibalizing risk,/materials/ss-202-supplier-india.html,Hold unless Search Console shows demand
Stainless Steel,SS 202,tubes,Secunderabad,Telangana,,india_city,Duplicate / cannibalizing risk,/materials/ss-202-supplier-india.html,Hold unless Search Console shows demand
Stainless Steel,SS 202,tubes,Kakinada,Andhra Pradesh,,india_city,Duplicate / cannibalizing risk,/materials/ss-202-supplier-india.html,Hold unless Search Console shows demand
Stainless Steel,SS 202,tubes,Vijayawada,Andhra Pradesh,,india_city,Duplicate / cannibalizing risk,/materials/ss-202-supplier-india.html,Hold unless Search Console shows demand
Stainless Steel,SS 202,tubes,Greater Noida,Uttar Pradesh,,india_city,Duplicate / cannibalizing risk,/materials/ss-202-supplier-india.html,Hold unless Search Console shows demand
Stainless Steel,SS 202,tubes,Ghaziabad,Uttar Pradesh,,india_city,Duplicate / cannibalizing risk,/materials/ss-202-supplier-india.html,Hold unless Search Console shows demand
Stainless Steel,SS 202,tubes,Jaipur,Rajasthan,,india_city,Duplicate / cannibalizing risk,/materials/ss-202-supplier-india.html,Hold unless Search Console shows demand
Stainless Steel,SS 202,tubes,Indore,Madhya Pradesh,,india_city,Duplicate / cannibalizing risk,/materials/ss-202-supplier-india.html,Hold unless Search Console shows demand
Stainless Steel,SS 202,tubes,Pithampur,Madhya Pradesh,,india_city,Duplicate / cannibalizing risk,/materials/ss-202-supplier-india.html,Hold unless Search Console shows demand
Stainless Steel,SS 202,tubes,Bhopal / Mandideep,Madhya Pradesh,,india_city,Duplicate / cannibalizing risk,/materials/ss-202-supplier-india.html,Hold unless Search Console shows demand
Stainless Steel,SS 202,tubes,Kolkata,West Bengal,,india_city,Duplicate / cannibalizing risk,/materials/ss-202-supplier-india.html,Hold unless Search Console shows demand
Stainless Steel,SS 202,tubes,Howrah,West Bengal,,india_city,Duplicate / cannibalizing risk,/materials/ss-202-supplier-india.html,Hold unless Search Console shows demand
Stainless Steel,SS 202,tubes,Durgapur,West Bengal,,india_city,Duplicate / cannibalizing risk,/materials/ss-202-supplier-india.html,Hold unless Search Console shows demand
Stainless Steel,SS 202,tubes,Jamshedpur,Jharkhand,,india_city,Duplicate / cannibalizing risk,/materials/ss-202-supplier-india.html,Hold unless Search Console shows demand
Stainless Steel,SS 202,tubes,Ludhiana,Punjab,,india_city,Duplicate / cannibalizing risk,/materials/ss-202-supplier-india.html,Hold unless Search Console shows demand
Stainless Steel,SS 202,rods,Navi Mumbai,Maharashtra,,india_city,Duplicate / cannibalizing risk,/materials/ss-202-supplier-india.html,Hold unless Search Console shows demand
Stainless Steel,SS 202,rods,Thane,Maharashtra,,india_city,Duplicate / cannibalizing risk,/materials/ss-202-supplier-india.html,Hold unless Search Console shows demand
Stainless Steel,SS 202,rods,Nashik,Maharashtra,,india_city,Duplicate / cannibalizing risk,/materials/ss-202-supplier-india.html,Hold unless Search Console shows demand
Stainless Steel,SS 202,rods,Chhatrapati Sambhajinagar / Aurangabad,Maharashtra,,india_city,Duplicate / cannibalizing risk,/materials/ss-202-supplier-india.html,Hold unless Search Console shows demand
Stainless Steel,SS 202,rods,Nagpur / Butibori,Maharashtra,,india_city,Duplicate / cannibalizing risk,/materials/ss-202-supplier-india.html,Hold unless Search Console shows demand
Stainless Steel,SS 202,rods,Hazira,Gujarat,,india_city,Duplicate / cannibalizing risk,/materials/ss-202-supplier-india.html,Hold unless Search Console shows demand
Stainless Steel,SS 202,rods,Rajkot,Gujarat,,india_city,Duplicate / cannibalizing risk,/materials/ss-202-supplier-india.html,Hold unless Search Console shows demand
Stainless Steel,SS 202,rods,Jamnagar,Gujarat,,india_city,Duplicate / cannibalizing risk,/materials/ss-202-supplier-india.html,Hold unless Search Console shows demand
Stainless Steel,SS 202,rods,Sriperumbudur,Tamil Nadu,,india_city,Duplicate / cannibalizing risk,/materials/ss-202-supplier-india.html,Hold unless Search Console shows demand
Stainless Steel,SS 202,rods,Oragadam,Tamil Nadu,,india_city,Duplicate / cannibalizing risk,/materials/ss-202-supplier-india.html,Hold unless Search Console shows demand
Stainless Steel,SS 202,rods,Hosur,Tamil Nadu,,india_city,Duplicate / cannibalizing risk,/materials/ss-202-supplier-india.html,Hold unless Search Console shows demand
Stainless Steel,SS 202,rods,Salem,Tamil Nadu,,india_city,Duplicate / cannibalizing risk,/materials/ss-202-supplier-india.html,Hold unless Search Console shows demand
Stainless Steel,SS 202,rods,Trichy,Tamil Nadu,,india_city,Duplicate / cannibalizing risk,/materials/ss-202-supplier-india.html,Hold unless Search Console shows demand
Stainless Steel,SS 202,rods,Bommasandra,Karnataka,,india_city,Duplicate / cannibalizing risk,/materials/ss-202-supplier-india.html,Hold unless Search Console shows demand
Stainless Steel,SS 202,rods,Mysuru,Karnataka,,india_city,Duplicate / cannibalizing risk,/materials/ss-202-supplier-india.html,Hold unless Search Console shows demand
Stainless Steel,SS 202,rods,Mangaluru,Karnataka,,india_city,Duplicate / cannibalizing risk,/materials/ss-202-supplier-india.html,Hold unless Search Console shows demand
Stainless Steel,SS 202,rods,Secunderabad,Telangana,,india_city,Duplicate / cannibalizing risk,/materials/ss-202-supplier-india.html,Hold unless Search Console shows demand
Stainless Steel,SS 202,rods,Kakinada,Andhra Pradesh,,india_city,Duplicate / cannibalizing risk,/materials/ss-202-supplier-india.html,Hold unless Search Console shows demand
Stainless Steel,SS 202,rods,Vijayawada,Andhra Pradesh,,india_city,Duplicate / cannibalizing risk,/materials/ss-202-supplier-india.html,Hold unless Search Console shows demand
Stainless Steel,SS 202,rods,Greater Noida,Uttar Pradesh,,india_city,Duplicate / cannibalizing risk,/materials/ss-202-supplier-india.html,Hold unless Search Console shows demand
Stainless Steel,SS 202,rods,Ghaziabad,Uttar Pradesh,,india_city,Duplicate / cannibalizing risk,/materials/ss-202-supplier-india.html,Hold unless Search Console shows demand
Stainless Steel,SS 202,rods,Jaipur,Rajasthan,,india_city,Duplicate / cannibalizing risk,/materials/ss-202-supplier-india.html,Hold unless Search Console shows demand
Stainless Steel,SS 202,rods,Indore,Madhya Pradesh,,india_city,Duplicate / cannibalizing risk,/materials/ss-202-supplier-india.html,Hold unless Search Console shows demand
Stainless Steel,SS 202,rods,Pithampur,Madhya Pradesh,,india_city,Duplicate / cannibalizing risk,/materials/ss-202-supplier-india.html,Hold unless Search Console shows demand
Stainless Steel,SS 202,rods,Bhopal / Mandideep,Madhya Pradesh,,india_city,Duplicate / cannibalizing risk,/materials/ss-202-supplier-india.html,Hold unless Search Console shows demand
Stainless Steel,SS 202,rods,Kolkata,West Bengal,,india_city,Duplicate / cannibalizing risk,/materials/ss-202-supplier-india.html,Hold unless Search Console shows demand
Stainless Steel,SS 202,rods,Howrah,West Bengal,,india_city,Duplicate / cannibalizing risk,/materials/ss-202-supplier-india.html,Hold unless Search Console shows demand
Stainless Steel,SS 202,rods,Durgapur,West Bengal,,india_city,Duplicate / cannibalizing risk,/materials/ss-202-supplier-india.html,Hold unless Search Console shows demand
Stainless Steel,SS 202,rods,Jamshedpur,Jharkhand,,india_city,Duplicate / cannibalizing risk,/materials/ss-202-supplier-india.html,Hold unless Search Console shows demand
Stainless Steel,SS 202,rods,Ludhiana,Punjab,,india_city,Duplicate / cannibalizing risk,/materials/ss-202-supplier-india.html,Hold unless Search Console shows demand
Stainless Steel,SS 202,flats,Navi Mumbai,Maharashtra,,india_city,Duplicate / cannibalizing risk,/materials/ss-202-supplier-india.html,Hold unless Search Console shows demand
Stainless Steel,SS 202,flats,Thane,Maharashtra,,india_city,Duplicate / cannibalizing risk,/materials/ss-202-supplier-india.html,Hold unless Search Console shows demand
Stainless Steel,SS 202,flats,Nashik,Maharashtra,,india_city,Duplicate / cannibalizing risk,/materials/ss-202-supplier-india.html,Hold unless Search Console shows demand
Stainless Steel,SS 202,flats,Chhatrapati Sambhajinagar / Aurangabad,Maharashtra,,india_city,Duplicate / cannibalizing risk,/materials/ss-202-supplier-india.html,Hold unless Search Console shows demand
Stainless Steel,SS 202,flats,Nagpur / Butibori,Maharashtra,,india_city,Duplicate / cannibalizing risk,/materials/ss-202-supplier-india.html,Hold unless Search Console shows demand
Stainless Steel,SS 202,flats,Hazira,Gujarat,,india_city,Duplicate / cannibalizing risk,/materials/ss-202-supplier-india.html,Hold unless Search Console shows demand
Stainless Steel,SS 202,flats,Rajkot,Gujarat,,india_city,Duplicate / cannibalizing risk,/materials/ss-202-supplier-india.html,Hold unless Search Console shows demand
Stainless Steel,SS 202,flats,Jamnagar,Gujarat,,india_city,Duplicate / cannibalizing risk,/materials/ss-202-supplier-india.html,Hold unless Search Console shows demand
Stainless Steel,SS 202,flats,Sriperumbudur,Tamil Nadu,,india_city,Duplicate / cannibalizing risk,/materials/ss-202-supplier-india.html,Hold unless Search Console shows demand
Stainless Steel,SS 202,flats,Oragadam,Tamil Nadu,,india_city,Duplicate / cannibalizing risk,/materials/ss-202-supplier-india.html,Hold unless Search Console shows demand
Stainless Steel,SS 202,flats,Hosur,Tamil Nadu,,india_city,Duplicate / cannibalizing risk,/materials/ss-202-supplier-india.html,Hold unless Search Console shows demand
Stainless Steel,SS 202,flats,Salem,Tamil Nadu,,india_city,Duplicate / cannibalizing risk,/materials/ss-202-supplier-india.html,Hold unless Search Console shows demand
Stainless Steel,SS 202,flats,Trichy,Tamil Nadu,,india_city,Duplicate / cannibalizing risk,/materials/ss-202-supplier-india.html,Hold unless Search Console shows demand
Stainless Steel,SS 202,flats,Bommasandra,Karnataka,,india_city,Duplicate / cannibalizing risk,/materials/ss-202-supplier-india.html,Hold unless Search Console shows demand
Stainless Steel,SS 202,flats,Mysuru,Karnataka,,india_city,Duplicate / cannibalizing risk,/materials/ss-202-supplier-india.html,Hold unless Search Console shows demand
Stainless Steel,SS 202,flats,Mangaluru,Karnataka,,india_city,Duplicate / cannibalizing risk,/materials/ss-202-supplier-india.html,Hold unless Search Console shows demand
Stainless Steel,SS 202,flats,Secunderabad,Telangana,,india_city,Duplicate / cannibalizing risk,/materials/ss-202-supplier-india.html,Hold unless Search Console shows demand
Stainless Steel,SS 202,flats,Kakinada,Andhra Pradesh,,india_city,Duplicate / cannibalizing risk,/materials/ss-202-supplier-india.html,Hold unless Search Console shows demand
Stainless Steel,SS 202,flats,Vijayawada,Andhra Pradesh,,india_city,Duplicate / cannibalizing risk,/materials/ss-202-supplier-india.html,Hold unless Search Console shows demand
Stainless Steel,SS 202,flats,Greater Noida,Uttar Pradesh,,india_city,Duplicate / cannibalizing risk,/materials/ss-202-supplier-india.html,Hold unless Search Console shows demand
Stainless Steel,SS 202,flats,Ghaziabad,Uttar Pradesh,,india_city,Duplicate / cannibalizing risk,/materials/ss-202-supplier-india.html,Hold unless Search Console shows demand
Stainless Steel,SS 202,flats,Jaipur,Rajasthan,,india_city,Duplicate / cannibalizing risk,/materials/ss-202-supplier-india.html,Hold unless Search Console shows demand
Stainless Steel,SS 202,flats,Indore,Madhya Pradesh,,india_city,Duplicate / cannibalizing risk,/materials/ss-202-supplier-india.html,Hold unless Search Console shows demand
Stainless Steel,SS 202,flats,Pithampur,Madhya Pradesh,,india_city,Duplicate / cannibalizing risk,/materials/ss-202-supplier-india.html,Hold unless Search Console shows demand
Stainless Steel,SS 202,flats,Bhopal / Mandideep,Madhya Pradesh,,india_city,Duplicate / cannibalizing risk,/materials/ss-202-supplier-india.html,Hold unless Search Console shows demand
Stainless Steel,SS 202,flats,Kolkata,West Bengal,,india_city,Duplicate / cannibalizing risk,/materials/ss-202-supplier-india.html,Hold unless Search Console shows demand
Stainless Steel,SS 202,flats,Howrah,West Bengal,,india_city,Duplicate / cannibalizing risk,/materials/ss-202-supplier-india.html,Hold unless Search Console shows demand
Stainless Steel,SS 202,flats,Durgapur,West Bengal,,india_city,Duplicate / cannibalizing risk,/materials/ss-202-supplier-india.html,Hold unless Search Console shows demand
Stainless Steel,SS 202,flats,Jamshedpur,Jharkhand,,india_city,Duplicate / cannibalizing risk,/materials/ss-202-supplier-india.html,Hold unless Search Console shows demand
Stainless Steel,SS 202,flats,Ludhiana,Punjab,,india_city,Duplicate / cannibalizing risk,/materials/ss-202-supplier-india.html,Hold unless Search Console shows demand
Stainless Steel,SS 202,angles,Navi Mumbai,Maharashtra,,india_city,Duplicate / cannibalizing risk,/materials/ss-202-supplier-india.html,Hold unless Search Console shows demand
Stainless Steel,SS 202,angles,Thane,Maharashtra,,india_city,Duplicate / cannibalizing risk,/materials/ss-202-supplier-india.html,Hold unless Search Console shows demand
Stainless Steel,SS 202,angles,Nashik,Maharashtra,,india_city,Duplicate / cannibalizing risk,/materials/ss-202-supplier-india.html,Hold unless Search Console shows demand
Stainless Steel,SS 202,angles,Chhatrapati Sambhajinagar / Aurangabad,Maharashtra,,india_city,Duplicate / cannibalizing risk,/materials/ss-202-supplier-india.html,Hold unless Search Console shows demand
Stainless Steel,SS 202,angles,Nagpur / Butibori,Maharashtra,,india_city,Duplicate / cannibalizing risk,/materials/ss-202-supplier-india.html,Hold unless Search Console shows demand
Stainless Steel,SS 202,angles,Hazira,Gujarat,,india_city,Duplicate / cannibalizing risk,/materials/ss-202-supplier-india.html,Hold unless Search Console shows demand
Stainless Steel,SS 202,angles,Rajkot,Gujarat,,india_city,Duplicate / cannibalizing risk,/materials/ss-202-supplier-india.html,Hold unless Search Console shows demand
Stainless Steel,SS 202,angles,Jamnagar,Gujarat,,india_city,Duplicate / cannibalizing risk,/materials/ss-202-supplier-india.html,Hold unless Search Console shows demand
Stainless Steel,SS 202,angles,Sriperumbudur,Tamil Nadu,,india_city,Duplicate / cannibalizing risk,/materials/ss-202-supplier-india.html,Hold unless Search Console shows demand
Stainless Steel,SS 202,angles,Oragadam,Tamil Nadu,,india_city,Duplicate / cannibalizing risk,/materials/ss-202-supplier-india.html,Hold unless Search Console shows demand
Stainless Steel,SS 202,angles,Hosur,Tamil Nadu,,india_city,Duplicate / cannibalizing risk,/materials/ss-202-supplier-india.html,Hold unless Search Console shows demand
Stainless Steel,SS 202,angles,Salem,Tamil Nadu,,india_city,Duplicate / cannibalizing risk,/materials/ss-202-supplier-india.html,Hold unless Search Console shows demand
Stainless Steel,SS 202,angles,Trichy,Tamil Nadu,,india_city,Duplicate / cannibalizing risk,/materials/ss-202-supplier-india.html,Hold unless Search Console shows demand
Stainless Steel,SS 202,angles,Bommasandra,Karnataka,,india_city,Duplicate / cannibalizing risk,/materials/ss-202-supplier-india.html,Hold unless Search Console shows demand
Stainless Steel,SS 202,angles,Mysuru,Karnataka,,india_city,Duplicate / cannibalizing risk,/materials/ss-202-supplier-india.html,Hold unless Search Console shows demand
Stainless Steel,SS 202,angles,Mangaluru,Karnataka,,india_city,Duplicate / cannibalizing risk,/materials/ss-202-supplier-india.html,Hold unless Search Console shows demand
Stainless Steel,SS 202,angles,Secunderabad,Telangana,,india_city,Duplicate / cannibalizing risk,/materials/ss-202-supplier-india.html,Hold unless Search Console shows demand
Stainless Steel,SS 202,angles,Kakinada,Andhra Pradesh,,india_city,Duplicate / cannibalizing risk,/materials/ss-202-supplier-india.html,Hold unless Search Console shows demand
Stainless Steel,SS 202,angles,Vijayawada,Andhra Pradesh,,india_city,Duplicate / cannibalizing risk,/materials/ss-202-supplier-india.html,Hold unless Search Console shows demand
Stainless Steel,SS 202,angles,Greater Noida,Uttar Pradesh,,india_city,Duplicate / cannibalizing risk,/materials/ss-202-supplier-india.html,Hold unless Search Console shows demand
Stainless Steel,SS 202,angles,Ghaziabad,Uttar Pradesh,,india_city,Duplicate / cannibalizing risk,/materials/ss-202-supplier-india.html,Hold unless Search Console shows demand
Stainless Steel,SS 202,angles,Jaipur,Rajasthan,,india_city,Duplicate / cannibalizing risk,/materials/ss-202-supplier-india.html,Hold unless Search Console shows demand
Stainless Steel,SS 202,angles,Indore,Madhya Pradesh,,india_city,Duplicate / cannibalizing risk,/materials/ss-202-supplier-india.html,Hold unless Search Console shows demand
Stainless Steel,SS 202,angles,Pithampur,Madhya Pradesh,,india_city,Duplicate / cannibalizing risk,/materials/ss-202-supplier-india.html,Hold unless Search Console shows demand
Stainless Steel,SS 202,angles,Bhopal / Mandideep,Madhya Pradesh,,india_city,Duplicate / cannibalizing risk,/materials/ss-202-supplier-india.html,Hold unless Search Console shows demand
Stainless Steel,SS 202,angles,Kolkata,West Bengal,,india_city,Duplicate / cannibalizing risk,/materials/ss-202-supplier-india.html,Hold unless Search Console shows demand
Stainless Steel,SS 202,angles,Howrah,West Bengal,,india_city,Duplicate / cannibalizing risk,/materials/ss-202-supplier-india.html,Hold unless Search Console shows demand
Stainless Steel,SS 202,angles,Durgapur,West Bengal,,india_city,Duplicate / cannibalizing risk,/materials/ss-202-supplier-india.html,Hold unless Search Console shows demand
Stainless Steel,SS 202,angles,Jamshedpur,Jharkhand,,india_city,Duplicate / cannibalizing risk,/materials/ss-202-supplier-india.html,Hold unless Search Console shows demand
Stainless Steel,SS 202,angles,Ludhiana,Punjab,,india_city,Duplicate / cannibalizing risk,/materials/ss-202-supplier-india.html,Hold unless Search Console shows demand
Stainless Steel,SS 202,channels,Navi Mumbai,Maharashtra,,india_city,Duplicate / cannibalizing risk,/materials/ss-202-supplier-india.html,Hold unless Search Console shows demand
Stainless Steel,SS 202,channels,Thane,Maharashtra,,india_city,Duplicate / cannibalizing risk,/materials/ss-202-supplier-india.html,Hold unless Search Console shows demand
Stainless Steel,SS 202,channels,Nashik,Maharashtra,,india_city,Duplicate / cannibalizing risk,/materials/ss-202-supplier-india.html,Hold unless Search Console shows demand
Stainless Steel,SS 202,channels,Chhatrapati Sambhajinagar / Aurangabad,Maharashtra,,india_city,Duplicate / cannibalizing risk,/materials/ss-202-supplier-india.html,Hold unless Search Console shows demand
Stainless Steel,SS 202,channels,Nagpur / Butibori,Maharashtra,,india_city,Duplicate / cannibalizing risk,/materials/ss-202-supplier-india.html,Hold unless Search Console shows demand
Stainless Steel,SS 202,channels,Hazira,Gujarat,,india_city,Duplicate / cannibalizing risk,/materials/ss-202-supplier-india.html,Hold unless Search Console shows demand
Stainless Steel,SS 202,channels,Rajkot,Gujarat,,india_city,Duplicate / cannibalizing risk,/materials/ss-202-supplier-india.html,Hold unless Search Console shows demand
Stainless Steel,SS 202,channels,Jamnagar,Gujarat,,india_city,Duplicate / cannibalizing risk,/materials/ss-202-supplier-india.html,Hold unless Search Console shows demand
Stainless Steel,SS 202,channels,Sriperumbudur,Tamil Nadu,,india_city,Duplicate / cannibalizing risk,/materials/ss-202-supplier-india.html,Hold unless Search Console shows demand
Stainless Steel,SS 202,channels,Oragadam,Tamil Nadu,,india_city,Duplicate / cannibalizing risk,/materials/ss-202-supplier-india.html,Hold unless Search Console shows demand
Stainless Steel,SS 202,channels,Hosur,Tamil Nadu,,india_city,Duplicate / cannibalizing risk,/materials/ss-202-supplier-india.html,Hold unless Search Console shows demand
Stainless Steel,SS 202,channels,Salem,Tamil Nadu,,india_city,Duplicate / cannibalizing risk,/materials/ss-202-supplier-india.html,Hold unless Search Console shows demand
Stainless Steel,SS 202,channels,Trichy,Tamil Nadu,,india_city,Duplicate / cannibalizing risk,/materials/ss-202-supplier-india.html,Hold unless Search Console shows demand
Stainless Steel,SS 202,channels,Bommasandra,Karnataka,,india_city,Duplicate / cannibalizing risk,/materials/ss-202-supplier-india.html,Hold unless Search Console shows demand
Stainless Steel,SS 202,channels,Mysuru,Karnataka,,india_city,Duplicate / cannibalizing risk,/materials/ss-202-supplier-india.html,Hold unless Search Console shows demand
Stainless Steel,SS 202,channels,Mangaluru,Karnataka,,india_city,Duplicate / cannibalizing risk,/materials/ss-202-supplier-india.html,Hold unless Search Console shows demand
Stainless Steel,SS 202,channels,Secunderabad,Telangana,,india_city,Duplicate / cannibalizing risk,/materials/ss-202-supplier-india.html,Hold unless Search Console shows demand
Stainless Steel,SS 202,channels,Kakinada,Andhra Pradesh,,india_city,Duplicate / cannibalizing risk,/materials/ss-202-supplier-india.html,Hold unless Search Console shows demand
Stainless Steel,SS 202,channels,Vijayawada,Andhra Pradesh,,india_city,Duplicate / cannibalizing risk,/materials/ss-202-supplier-india.html,Hold unless Search Console shows demand
Stainless Steel,SS 202,channels,Greater Noida,Uttar Pradesh,,india_city,Duplicate / cannibalizing risk,/materials/ss-202-supplier-india.html,Hold unless Search Console shows demand
Stainless Steel,SS 202,channels,Ghaziabad,Uttar Pradesh,,india_city,Duplicate / cannibalizing risk,/materials/ss-202-supplier-india.html,Hold unless Search Console shows demand
Stainless Steel,SS 202,channels,Jaipur,Rajasthan,,india_city,Duplicate / cannibalizing risk,/materials/ss-202-supplier-india.html,Hold unless Search Console shows demand
Stainless Steel,SS 202,channels,Indore,Madhya Pradesh,,india_city,Duplicate / cannibalizing risk,/materials/ss-202-supplier-india.html,Hold unless Search Console shows demand
Stainless Steel,SS 202,channels,Pithampur,Madhya Pradesh,,india_city,Duplicate / cannibalizing risk,/materials/ss-202-supplier-india.html,Hold unless Search Console shows demand
Stainless Steel,SS 202,channels,Bhopal / Mandideep,Madhya Pradesh,,india_city,Duplicate / cannibalizing risk,/materials/ss-202-supplier-india.html,Hold unless Search Console shows demand
Stainless Steel,SS 202,channels,Kolkata,West Bengal,,india_city,Duplicate / cannibalizing risk,/materials/ss-202-supplier-india.html,Hold unless Search Console shows demand
Stainless Steel,SS 202,channels,Howrah,West Bengal,,india_city,Duplicate / cannibalizing risk,/materials/ss-202-supplier-india.html,Hold unless Search Console shows demand
Stainless Steel,SS 202,channels,Durgapur,West Bengal,,india_city,Duplicate / cannibalizing risk,/materials/ss-202-supplier-india.html,Hold unless Search Console shows demand
Stainless Steel,SS 202,channels,Jamshedpur,Jharkhand,,india_city,Duplicate / cannibalizing risk,/materials/ss-202-supplier-india.html,Hold unless Search Console shows demand
Stainless Steel,SS 202,channels,Ludhiana,Punjab,,india_city,Duplicate / cannibalizing risk,/materials/ss-202-supplier-india.html,Hold unless Search Console shows demand
Stainless Steel,SS 202,fasteners,Navi Mumbai,Maharashtra,,india_city,Duplicate / cannibalizing risk,/materials/ss-202-supplier-india.html,Hold unless Search Console shows demand
Stainless Steel,SS 202,fasteners,Thane,Maharashtra,,india_city,Duplicate / cannibalizing risk,/materials/ss-202-supplier-india.html,Hold unless Search Console shows demand
Stainless Steel,SS 202,fasteners,Nashik,Maharashtra,,india_city,Duplicate / cannibalizing risk,/materials/ss-202-supplier-india.html,Hold unless Search Console shows demand
Stainless Steel,SS 202,fasteners,Chhatrapati Sambhajinagar / Aurangabad,Maharashtra,,india_city,Duplicate / cannibalizing risk,/materials/ss-202-supplier-india.html,Hold unless Search Console shows demand
Stainless Steel,SS 202,fasteners,Nagpur / Butibori,Maharashtra,,india_city,Duplicate / cannibalizing risk,/materials/ss-202-supplier-india.html,Hold unless Search Console shows demand
Stainless Steel,SS 202,fasteners,Hazira,Gujarat,,india_city,Duplicate / cannibalizing risk,/materials/ss-202-supplier-india.html,Hold unless Search Console shows demand
Stainless Steel,SS 202,fasteners,Rajkot,Gujarat,,india_city,Duplicate / cannibalizing risk,/materials/ss-202-supplier-india.html,Hold unless Search Console shows demand
Stainless Steel,SS 202,fasteners,Jamnagar,Gujarat,,india_city,Duplicate / cannibalizing risk,/materials/ss-202-supplier-india.html,Hold unless Search Console shows demand
Stainless Steel,SS 202,fasteners,Sriperumbudur,Tamil Nadu,,india_city,Duplicate / cannibalizing risk,/materials/ss-202-supplier-india.html,Hold unless Search Console shows demand
Stainless Steel,SS 202,fasteners,Oragadam,Tamil Nadu,,india_city,Duplicate / cannibalizing risk,/materials/ss-202-supplier-india.html,Hold unless Search Console shows demand
Stainless Steel,SS 202,fasteners,Hosur,Tamil Nadu,,india_city,Duplicate / cannibalizing risk,/materials/ss-202-supplier-india.html,Hold unless Search Console shows demand
Stainless Steel,SS 202,fasteners,Salem,Tamil Nadu,,india_city,Duplicate / cannibalizing risk,/materials/ss-202-supplier-india.html,Hold unless Search Console shows demand
Stainless Steel,SS 202,fasteners,Trichy,Tamil Nadu,,india_city,Duplicate / cannibalizing risk,/materials/ss-202-supplier-india.html,Hold unless Search Console shows demand
Stainless Steel,SS 202,fasteners,Bommasandra,Karnataka,,india_city,Duplicate / cannibalizing risk,/materials/ss-202-supplier-india.html,Hold unless Search Console shows demand
Stainless Steel,SS 202,fasteners,Mysuru,Karnataka,,india_city,Duplicate / cannibalizing risk,/materials/ss-202-supplier-india.html,Hold unless Search Console shows demand
Stainless Steel,SS 202,fasteners,Mangaluru,Karnataka,,india_city,Duplicate / cannibalizing risk,/materials/ss-202-supplier-india.html,Hold unless Search Console shows demand
Stainless Steel,SS 202,fasteners,Secunderabad,Telangana,,india_city,Duplicate / cannibalizing risk,/materials/ss-202-supplier-india.html,Hold unless Search Console shows demand
Stainless Steel,SS 202,fasteners,Kakinada,Andhra Pradesh,,india_city,Duplicate / cannibalizing risk,/materials/ss-202-supplier-india.html,Hold unless Search Console shows demand
Stainless Steel,SS 202,fasteners,Vijayawada,Andhra Pradesh,,india_city,Duplicate / cannibalizing risk,/materials/ss-202-supplier-india.html,Hold unless Search Console shows demand
Stainless Steel,SS 202,fasteners,Greater Noida,Uttar Pradesh,,india_city,Duplicate / cannibalizing risk,/materials/ss-202-supplier-india.html,Hold unless Search Console shows demand
Stainless Steel,SS 202,fasteners,Ghaziabad,Uttar Pradesh,,india_city,Duplicate / cannibalizing risk,/materials/ss-202-supplier-india.html,Hold unless Search Console shows demand
Stainless Steel,SS 202,fasteners,Jaipur,Rajasthan,,india_city,Duplicate / cannibalizing risk,/materials/ss-202-supplier-india.html,Hold unless Search Console shows demand
Stainless Steel,SS 202,fasteners,Indore,Madhya Pradesh,,india_city,Duplicate / cannibalizing risk,/materials/ss-202-supplier-india.html,Hold unless Search Console shows demand
Stainless Steel,SS 202,fasteners,Pithampur,Madhya Pradesh,,india_city,Duplicate / cannibalizing risk,/materials/ss-202-supplier-india.html,Hold unless Search Console shows demand
Stainless Steel,SS 202,fasteners,Bhopal / Mandideep,Madhya Pradesh,,india_city,Duplicate / cannibalizing risk,/materials/ss-202-supplier-india.html,Hold unless Search Console shows demand
Stainless Steel,SS 202,fasteners,Kolkata,West Bengal,,india_city,Duplicate / cannibalizing risk,/materials/ss-202-supplier-india.html,Hold unless Search Console shows demand
Stainless Steel,SS 202,fasteners,Howrah,West Bengal,,india_city,Duplicate / cannibalizing risk,/materials/ss-202-supplier-india.html,Hold unless Search Console shows demand
Stainless Steel,SS 202,fasteners,Durgapur,West Bengal,,india_city,Duplicate / cannibalizing risk,/materials/ss-202-supplier-india.html,Hold unless Search Console shows demand
Stainless Steel,SS 202,fasteners,Jamshedpur,Jharkhand,,india_city,Duplicate / cannibalizing risk,/materials/ss-202-supplier-india.html,Hold unless Search Console shows demand
Stainless Steel,SS 202,fasteners,Ludhiana,Punjab,,india_city,Duplicate / cannibalizing risk,/materials/ss-202-supplier-india.html,Hold unless Search Console shows demand
Stainless Steel,SS 202,wire mesh,Navi Mumbai,Maharashtra,,india_city,Duplicate / cannibalizing risk,/materials/ss-202-supplier-india.html,Hold unless Search Console shows demand
Stainless Steel,SS 202,wire mesh,Thane,Maharashtra,,india_city,Duplicate / cannibalizing risk,/materials/ss-202-supplier-india.html,Hold unless Search Console shows demand
Stainless Steel,SS 202,wire mesh,Nashik,Maharashtra,,india_city,Duplicate / cannibalizing risk,/materials/ss-202-supplier-india.html,Hold unless Search Console shows demand
Stainless Steel,SS 202,wire mesh,Chhatrapati Sambhajinagar / Aurangabad,Maharashtra,,india_city,Duplicate / cannibalizing risk,/materials/ss-202-supplier-india.html,Hold unless Search Console shows demand
Stainless Steel,SS 202,wire mesh,Nagpur / Butibori,Maharashtra,,india_city,Duplicate / cannibalizing risk,/materials/ss-202-supplier-india.html,Hold unless Search Console shows demand
Stainless Steel,SS 202,wire mesh,Hazira,Gujarat,,india_city,Duplicate / cannibalizing risk,/materials/ss-202-supplier-india.html,Hold unless Search Console shows demand
Stainless Steel,SS 202,wire mesh,Rajkot,Gujarat,,india_city,Duplicate / cannibalizing risk,/materials/ss-202-supplier-india.html,Hold unless Search Console shows demand
Stainless Steel,SS 202,wire mesh,Jamnagar,Gujarat,,india_city,Duplicate / cannibalizing risk,/materials/ss-202-supplier-india.html,Hold unless Search Console shows demand
Stainless Steel,SS 202,wire mesh,Sriperumbudur,Tamil Nadu,,india_city,Duplicate / cannibalizing risk,/materials/ss-202-supplier-india.html,Hold unless Search Console shows demand
Stainless Steel,SS 202,wire mesh,Oragadam,Tamil Nadu,,india_city,Duplicate / cannibalizing risk,/materials/ss-202-supplier-india.html,Hold unless Search Console shows demand
Stainless Steel,SS 202,wire mesh,Hosur,Tamil Nadu,,india_city,Duplicate / cannibalizing risk,/materials/ss-202-supplier-india.html,Hold unless Search Console shows demand
Stainless Steel,SS 202,wire mesh,Salem,Tamil Nadu,,india_city,Duplicate / cannibalizing risk,/materials/ss-202-supplier-india.html,Hold unless Search Console shows demand
Stainless Steel,SS 202,wire mesh,Trichy,Tamil Nadu,,india_city,Duplicate / cannibalizing risk,/materials/ss-202-supplier-india.html,Hold unless Search Console shows demand
Stainless Steel,SS 202,wire mesh,Bommasandra,Karnataka,,india_city,Duplicate / cannibalizing risk,/materials/ss-202-supplier-india.html,Hold unless Search Console shows demand
Stainless Steel,SS 202,wire mesh,Mysuru,Karnataka,,india_city,Duplicate / cannibalizing risk,/materials/ss-202-supplier-india.html,Hold unless Search Console shows demand
Stainless Steel,SS 202,wire mesh,Mangaluru,Karnataka,,india_city,Duplicate / cannibalizing risk,/materials/ss-202-supplier-india.html,Hold unless Search Console shows demand
Stainless Steel,SS 202,wire mesh,Secunderabad,Telangana,,india_city,Duplicate / cannibalizing risk,/materials/ss-202-supplier-india.html,Hold unless Search Console shows demand
Stainless Steel,SS 202,wire mesh,Kakinada,Andhra Pradesh,,india_city,Duplicate / cannibalizing risk,/materials/ss-202-supplier-india.html,Hold unless Search Console shows demand
Stainless Steel,SS 202,wire mesh,Vijayawada,Andhra Pradesh,,india_city,Duplicate / cannibalizing risk,/materials/ss-202-supplier-india.html,Hold unless Search Console shows demand
Stainless Steel,SS 202,wire mesh,Greater Noida,Uttar Pradesh,,india_city,Duplicate / cannibalizing risk,/materials/ss-202-supplier-india.html,Hold unless Search Console shows demand
Stainless Steel,SS 202,wire mesh,Ghaziabad,Uttar Pradesh,,india_city,Duplicate / cannibalizing risk,/materials/ss-202-supplier-india.html,Hold unless Search Console shows demand
Stainless Steel,SS 202,wire mesh,Jaipur,Rajasthan,,india_city,Duplicate / cannibalizing risk,/materials/ss-202-supplier-india.html,Hold unless Search Console shows demand
Stainless Steel,SS 202,wire mesh,Indore,Madhya Pradesh,,india_city,Duplicate / cannibalizing risk,/materials/ss-202-supplier-india.html,Hold unless Search Console shows demand
Stainless Steel,SS 202,wire mesh,Pithampur,Madhya Pradesh,,india_city,Duplicate / cannibalizing risk,/materials/ss-202-supplier-india.html,Hold unless Search Console shows demand
Stainless Steel,SS 202,wire mesh,Bhopal / Mandideep,Madhya Pradesh,,india_city,Duplicate / cannibalizing risk,/materials/ss-202-supplier-india.html,Hold unless Search Console shows demand
Stainless Steel,SS 202,wire mesh,Kolkata,West Bengal,,india_city,Duplicate / cannibalizing risk,/materials/ss-202-supplier-india.html,Hold unless Search Console shows demand
Stainless Steel,SS 202,wire mesh,Howrah,West Bengal,,india_city,Duplicate / cannibalizing risk,/materials/ss-202-supplier-india.html,Hold unless Search Console shows demand
Stainless Steel,SS 202,wire mesh,Durgapur,West Bengal,,india_city,Duplicate / cannibalizing risk,/materials/ss-202-supplier-india.html,Hold unless Search Console shows demand
Stainless Steel,SS 202,wire mesh,Jamshedpur,Jharkhand,,india_city,Duplicate / cannibalizing risk,/materials/ss-202-supplier-india.html,Hold unless Search Console shows demand
Stainless Steel,SS 202,wire mesh,Ludhiana,Punjab,,india_city,Duplicate / cannibalizing risk,/materials/ss-202-supplier-india.html,Hold unless Search Console shows demand
Stainless Steel,SS 202,perforated sheets,Navi Mumbai,Maharashtra,,india_city,Duplicate / cannibalizing risk,/materials/ss-202-supplier-india.html,Hold unless Search Console shows demand
Stainless Steel,SS 202,perforated sheets,Thane,Maharashtra,,india_city,Duplicate / cannibalizing risk,/materials/ss-202-supplier-india.html,Hold unless Search Console shows demand
Stainless Steel,SS 202,perforated sheets,Nashik,Maharashtra,,india_city,Duplicate / cannibalizing risk,/materials/ss-202-supplier-india.html,Hold unless Search Console shows demand
Stainless Steel,SS 202,perforated sheets,Chhatrapati Sambhajinagar / Aurangabad,Maharashtra,,india_city,Duplicate / cannibalizing risk,/materials/ss-202-supplier-india.html,Hold unless Search Console shows demand
Stainless Steel,SS 202,perforated sheets,Nagpur / Butibori,Maharashtra,,india_city,Duplicate / cannibalizing risk,/materials/ss-202-supplier-india.html,Hold unless Search Console shows demand
Stainless Steel,SS 202,perforated sheets,Hazira,Gujarat,,india_city,Duplicate / cannibalizing risk,/materials/ss-202-supplier-india.html,Hold unless Search Console shows demand
Stainless Steel,SS 202,perforated sheets,Rajkot,Gujarat,,india_city,Duplicate / cannibalizing risk,/materials/ss-202-supplier-india.html,Hold unless Search Console shows demand
Stainless Steel,SS 202,perforated sheets,Jamnagar,Gujarat,,india_city,Duplicate / cannibalizing risk,/materials/ss-202-supplier-india.html,Hold unless Search Console shows demand
Stainless Steel,SS 202,perforated sheets,Sriperumbudur,Tamil Nadu,,india_city,Duplicate / cannibalizing risk,/materials/ss-202-supplier-india.html,Hold unless Search Console shows demand
Stainless Steel,SS 202,perforated sheets,Oragadam,Tamil Nadu,,india_city,Duplicate / cannibalizing risk,/materials/ss-202-supplier-india.html,Hold unless Search Console shows demand
Stainless Steel,SS 202,perforated sheets,Hosur,Tamil Nadu,,india_city,Duplicate / cannibalizing risk,/materials/ss-202-supplier-india.html,Hold unless Search Console shows demand
Stainless Steel,SS 202,perforated sheets,Salem,Tamil Nadu,,india_city,Duplicate / cannibalizing risk,/materials/ss-202-supplier-india.html,Hold unless Search Console shows demand
Stainless Steel,SS 202,perforated sheets,Trichy,Tamil Nadu,,india_city,Duplicate / cannibalizing risk,/materials/ss-202-supplier-india.html,Hold unless Search Console shows demand
Stainless Steel,SS 202,perforated sheets,Bommasandra,Karnataka,,india_city,Duplicate / cannibalizing risk,/materials/ss-202-supplier-india.html,Hold unless Search Console shows demand
Stainless Steel,SS 202,perforated sheets,Mysuru,Karnataka,,india_city,Duplicate / cannibalizing risk,/materials/ss-202-supplier-india.html,Hold unless Search Console shows demand
Stainless Steel,SS 202,perforated sheets,Mangaluru,Karnataka,,india_city,Duplicate / cannibalizing risk,/materials/ss-202-supplier-india.html,Hold unless Search Console shows demand
Stainless Steel,SS 202,perforated sheets,Secunderabad,Telangana,,india_city,Duplicate / cannibalizing risk,/materials/ss-202-supplier-india.html,Hold unless Search Console shows demand
Stainless Steel,SS 202,perforated sheets,Kakinada,Andhra Pradesh,,india_city,Duplicate / cannibalizing risk,/materials/ss-202-supplier-india.html,Hold unless Search Console shows demand
Stainless Steel,SS 202,perforated sheets,Vijayawada,Andhra Pradesh,,india_city,Duplicate / cannibalizing risk,/materials/ss-202-supplier-india.html,Hold unless Search Console shows demand
Stainless Steel,SS 202,perforated sheets,Greater Noida,Uttar Pradesh,,india_city,Duplicate / cannibalizing risk,/materials/ss-202-supplier-india.html,Hold unless Search Console shows demand
Stainless Steel,SS 202,perforated sheets,Ghaziabad,Uttar Pradesh,,india_city,Duplicate / cannibalizing risk,/materials/ss-202-supplier-india.html,Hold unless Search Console shows demand
Stainless Steel,SS 202,perforated sheets,Jaipur,Rajasthan,,india_city,Duplicate / cannibalizing risk,/materials/ss-202-supplier-india.html,Hold unless Search Console shows demand
Stainless Steel,SS 202,perforated sheets,Indore,Madhya Pradesh,,india_city,Duplicate / cannibalizing risk,/materials/ss-202-supplier-india.html,Hold unless Search Console shows demand
Stainless Steel,SS 202,perforated sheets,Pithampur,Madhya Pradesh,,india_city,Duplicate / cannibalizing risk,/materials/ss-202-supplier-india.html,Hold unless Search Console shows demand
Stainless Steel,SS 202,perforated sheets,Bhopal / Mandideep,Madhya Pradesh,,india_city,Duplicate / cannibalizing risk,/materials/ss-202-supplier-india.html,Hold unless Search Console shows demand
Stainless Steel,SS 202,perforated sheets,Kolkata,West Bengal,,india_city,Duplicate / cannibalizing risk,/materials/ss-202-supplier-india.html,Hold unless Search Console shows demand
Stainless Steel,SS 202,perforated sheets,Howrah,West Bengal,,india_city,Duplicate / cannibalizing risk,/materials/ss-202-supplier-india.html,Hold unless Search Console shows demand
Stainless Steel,SS 202,perforated sheets,Durgapur,West Bengal,,india_city,Duplicate / cannibalizing risk,/materials/ss-202-supplier-india.html,Hold unless Search Console shows demand
Stainless Steel,SS 202,perforated sheets,Jamshedpur,Jharkhand,,india_city,Duplicate / cannibalizing risk,/materials/ss-202-supplier-india.html,Hold unless Search Console shows demand
Stainless Steel,SS 202,perforated sheets,Ludhiana,Punjab,,india_city,Duplicate / cannibalizing risk,/materials/ss-202-supplier-india.html,Hold unless Search Console shows demand
Stainless Steel,SS 310,tubes,Navi Mumbai,Maharashtra,,india_city,Duplicate / cannibalizing risk,/materials/ss-310-supplier-india.html,Hold unless Search Console shows demand
Stainless Steel,SS 310,tubes,Thane,Maharashtra,,india_city,Duplicate / cannibalizing risk,/materials/ss-310-supplier-india.html,Hold unless Search Console shows demand
Stainless Steel,SS 310,tubes,Nashik,Maharashtra,,india_city,Duplicate / cannibalizing risk,/materials/ss-310-supplier-india.html,Hold unless Search Console shows demand
Stainless Steel,SS 310,tubes,Chhatrapati Sambhajinagar / Aurangabad,Maharashtra,,india_city,Duplicate / cannibalizing risk,/materials/ss-310-supplier-india.html,Hold unless Search Console shows demand
Stainless Steel,SS 310,tubes,Nagpur / Butibori,Maharashtra,,india_city,Duplicate / cannibalizing risk,/materials/ss-310-supplier-india.html,Hold unless Search Console shows demand
Stainless Steel,SS 310,tubes,Hazira,Gujarat,,india_city,Duplicate / cannibalizing risk,/materials/ss-310-supplier-india.html,Hold unless Search Console shows demand
Stainless Steel,SS 310,tubes,Rajkot,Gujarat,,india_city,Duplicate / cannibalizing risk,/materials/ss-310-supplier-india.html,Hold unless Search Console shows demand
Stainless Steel,SS 310,tubes,Jamnagar,Gujarat,,india_city,Duplicate / cannibalizing risk,/materials/ss-310-supplier-india.html,Hold unless Search Console shows demand
Stainless Steel,SS 310,tubes,Sriperumbudur,Tamil Nadu,,india_city,Duplicate / cannibalizing risk,/materials/ss-310-supplier-india.html,Hold unless Search Console shows demand
Stainless Steel,SS 310,tubes,Oragadam,Tamil Nadu,,india_city,Duplicate / cannibalizing risk,/materials/ss-310-supplier-india.html,Hold unless Search Console shows demand
Stainless Steel,SS 310,tubes,Hosur,Tamil Nadu,,india_city,Duplicate / cannibalizing risk,/materials/ss-310-supplier-india.html,Hold unless Search Console shows demand
Stainless Steel,SS 310,tubes,Salem,Tamil Nadu,,india_city,Duplicate / cannibalizing risk,/materials/ss-310-supplier-india.html,Hold unless Search Console shows demand
Stainless Steel,SS 310,tubes,Trichy,Tamil Nadu,,india_city,Duplicate / cannibalizing risk,/materials/ss-310-supplier-india.html,Hold unless Search Console shows demand
Stainless Steel,SS 310,tubes,Bommasandra,Karnataka,,india_city,Duplicate / cannibalizing risk,/materials/ss-310-supplier-india.html,Hold unless Search Console shows demand
Stainless Steel,SS 310,tubes,Mysuru,Karnataka,,india_city,Duplicate / cannibalizing risk,/materials/ss-310-supplier-india.html,Hold unless Search Console shows demand
Stainless Steel,SS 310,tubes,Mangaluru,Karnataka,,india_city,Duplicate / cannibalizing risk,/materials/ss-310-supplier-india.html,Hold unless Search Console shows demand
Stainless Steel,SS 310,tubes,Secunderabad,Telangana,,india_city,Duplicate / cannibalizing risk,/materials/ss-310-supplier-india.html,Hold unless Search Console shows demand
Stainless Steel,SS 310,tubes,Kakinada,Andhra Pradesh,,india_city,Duplicate / cannibalizing risk,/materials/ss-310-supplier-india.html,Hold unless Search Console shows demand
Stainless Steel,SS 310,tubes,Vijayawada,Andhra Pradesh,,india_city,Duplicate / cannibalizing risk,/materials/ss-310-supplier-india.html,Hold unless Search Console shows demand
Stainless Steel,SS 310,tubes,Greater Noida,Uttar Pradesh,,india_city,Duplicate / cannibalizing risk,/materials/ss-310-supplier-india.html,Hold unless Search Console shows demand
Stainless Steel,SS 310,tubes,Ghaziabad,Uttar Pradesh,,india_city,Duplicate / cannibalizing risk,/materials/ss-310-supplier-india.html,Hold unless Search Console shows demand
Stainless Steel,SS 310,tubes,Jaipur,Rajasthan,,india_city,Duplicate / cannibalizing risk,/materials/ss-310-supplier-india.html,Hold unless Search Console shows demand
Stainless Steel,SS 310,tubes,Indore,Madhya Pradesh,,india_city,Duplicate / cannibalizing risk,/materials/ss-310-supplier-india.html,Hold unless Search Console shows demand
Stainless Steel,SS 310,tubes,Pithampur,Madhya Pradesh,,india_city,Duplicate / cannibalizing risk,/materials/ss-310-supplier-india.html,Hold unless Search Console shows demand
Stainless Steel,SS 310,tubes,Bhopal / Mandideep,Madhya Pradesh,,india_city,Duplicate / cannibalizing risk,/materials/ss-310-supplier-india.html,Hold unless Search Console shows demand
Stainless Steel,SS 310,tubes,Kolkata,West Bengal,,india_city,Duplicate / cannibalizing risk,/materials/ss-310-supplier-india.html,Hold unless Search Console shows demand
Stainless Steel,SS 310,tubes,Howrah,West Bengal,,india_city,Duplicate / cannibalizing risk,/materials/ss-310-supplier-india.html,Hold unless Search Console shows demand
Stainless Steel,SS 310,tubes,Durgapur,West Bengal,,india_city,Duplicate / cannibalizing risk,/materials/ss-310-supplier-india.html,Hold unless Search Console shows demand
Stainless Steel,SS 310,tubes,Jamshedpur,Jharkhand,,india_city,Duplicate / cannibalizing risk,/materials/ss-310-supplier-india.html,Hold unless Search Console shows demand
Stainless Steel,SS 310,tubes,Ludhiana,Punjab,,india_city,Duplicate / cannibalizing risk,/materials/ss-310-supplier-india.html,Hold unless Search Console shows demand
Stainless Steel,SS 310,rods,Navi Mumbai,Maharashtra,,india_city,Duplicate / cannibalizing risk,/materials/ss-310-supplier-india.html,Hold unless Search Console shows demand
Stainless Steel,SS 310,rods,Thane,Maharashtra,,india_city,Duplicate / cannibalizing risk,/materials/ss-310-supplier-india.html,Hold unless Search Console shows demand
Stainless Steel,SS 310,rods,Nashik,Maharashtra,,india_city,Duplicate / cannibalizing risk,/materials/ss-310-supplier-india.html,Hold unless Search Console shows demand
Stainless Steel,SS 310,rods,Chhatrapati Sambhajinagar / Aurangabad,Maharashtra,,india_city,Duplicate / cannibalizing risk,/materials/ss-310-supplier-india.html,Hold unless Search Console shows demand
Stainless Steel,SS 310,rods,Nagpur / Butibori,Maharashtra,,india_city,Duplicate / cannibalizing risk,/materials/ss-310-supplier-india.html,Hold unless Search Console shows demand
Stainless Steel,SS 310,rods,Hazira,Gujarat,,india_city,Duplicate / cannibalizing risk,/materials/ss-310-supplier-india.html,Hold unless Search Console shows demand
Stainless Steel,SS 310,rods,Rajkot,Gujarat,,india_city,Duplicate / cannibalizing risk,/materials/ss-310-supplier-india.html,Hold unless Search Console shows demand
Stainless Steel,SS 310,rods,Jamnagar,Gujarat,,india_city,Duplicate / cannibalizing risk,/materials/ss-310-supplier-india.html,Hold unless Search Console shows demand
Stainless Steel,SS 310,rods,Sriperumbudur,Tamil Nadu,,india_city,Duplicate / cannibalizing risk,/materials/ss-310-supplier-india.html,Hold unless Search Console shows demand
Stainless Steel,SS 310,rods,Oragadam,Tamil Nadu,,india_city,Duplicate / cannibalizing risk,/materials/ss-310-supplier-india.html,Hold unless Search Console shows demand
Stainless Steel,SS 310,rods,Hosur,Tamil Nadu,,india_city,Duplicate / cannibalizing risk,/materials/ss-310-supplier-india.html,Hold unless Search Console shows demand
Stainless Steel,SS 310,rods,Salem,Tamil Nadu,,india_city,Duplicate / cannibalizing risk,/materials/ss-310-supplier-india.html,Hold unless Search Console shows demand
Stainless Steel,SS 310,rods,Trichy,Tamil Nadu,,india_city,Duplicate / cannibalizing risk,/materials/ss-310-supplier-india.html,Hold unless Search Console shows demand
Stainless Steel,SS 310,rods,Bommasandra,Karnataka,,india_city,Duplicate / cannibalizing risk,/materials/ss-310-supplier-india.html,Hold unless Search Console shows demand
Stainless Steel,SS 310,rods,Mysuru,Karnataka,,india_city,Duplicate / cannibalizing risk,/materials/ss-310-supplier-india.html,Hold unless Search Console shows demand
Stainless Steel,SS 310,rods,Mangaluru,Karnataka,,india_city,Duplicate / cannibalizing risk,/materials/ss-310-supplier-india.html,Hold unless Search Console shows demand
Stainless Steel,SS 310,rods,Secunderabad,Telangana,,india_city,Duplicate / cannibalizing risk,/materials/ss-310-supplier-india.html,Hold unless Search Console shows demand
Stainless Steel,SS 310,rods,Kakinada,Andhra Pradesh,,india_city,Duplicate / cannibalizing risk,/materials/ss-310-supplier-india.html,Hold unless Search Console shows demand
Stainless Steel,SS 310,rods,Vijayawada,Andhra Pradesh,,india_city,Duplicate / cannibalizing risk,/materials/ss-310-supplier-india.html,Hold unless Search Console shows demand
Stainless Steel,SS 310,rods,Greater Noida,Uttar Pradesh,,india_city,Duplicate / cannibalizing risk,/materials/ss-310-supplier-india.html,Hold unless Search Console shows demand
Stainless Steel,SS 310,rods,Ghaziabad,Uttar Pradesh,,india_city,Duplicate / cannibalizing risk,/materials/ss-310-supplier-india.html,Hold unless Search Console shows demand
Stainless Steel,SS 310,rods,Jaipur,Rajasthan,,india_city,Duplicate / cannibalizing risk,/materials/ss-310-supplier-india.html,Hold unless Search Console shows demand
Stainless Steel,SS 310,rods,Indore,Madhya Pradesh,,india_city,Duplicate / cannibalizing risk,/materials/ss-310-supplier-india.html,Hold unless Search Console shows demand
Stainless Steel,SS 310,rods,Pithampur,Madhya Pradesh,,india_city,Duplicate / cannibalizing risk,/materials/ss-310-supplier-india.html,Hold unless Search Console shows demand
Stainless Steel,SS 310,rods,Bhopal / Mandideep,Madhya Pradesh,,india_city,Duplicate / cannibalizing risk,/materials/ss-310-supplier-india.html,Hold unless Search Console shows demand
Stainless Steel,SS 310,rods,Kolkata,West Bengal,,india_city,Duplicate / cannibalizing risk,/materials/ss-310-supplier-india.html,Hold unless Search Console shows demand
Stainless Steel,SS 310,rods,Howrah,West Bengal,,india_city,Duplicate / cannibalizing risk,/materials/ss-310-supplier-india.html,Hold unless Search Console shows demand
Stainless Steel,SS 310,rods,Durgapur,West Bengal,,india_city,Duplicate / cannibalizing risk,/materials/ss-310-supplier-india.html,Hold unless Search Console shows demand
Stainless Steel,SS 310,rods,Jamshedpur,Jharkhand,,india_city,Duplicate / cannibalizing risk,/materials/ss-310-supplier-india.html,Hold unless Search Console shows demand
Stainless Steel,SS 310,rods,Ludhiana,Punjab,,india_city,Duplicate / cannibalizing risk,/materials/ss-310-supplier-india.html,Hold unless Search Console shows demand
Stainless Steel,SS 310,flats,Navi Mumbai,Maharashtra,,india_city,Duplicate / cannibalizing risk,/materials/ss-310-supplier-india.html,Hold unless Search Console shows demand
Stainless Steel,SS 310,flats,Thane,Maharashtra,,india_city,Duplicate / cannibalizing risk,/materials/ss-310-supplier-india.html,Hold unless Search Console shows demand
Stainless Steel,SS 310,flats,Nashik,Maharashtra,,india_city,Duplicate / cannibalizing risk,/materials/ss-310-supplier-india.html,Hold unless Search Console shows demand
Stainless Steel,SS 310,flats,Chhatrapati Sambhajinagar / Aurangabad,Maharashtra,,india_city,Duplicate / cannibalizing risk,/materials/ss-310-supplier-india.html,Hold unless Search Console shows demand
Stainless Steel,SS 310,flats,Nagpur / Butibori,Maharashtra,,india_city,Duplicate / cannibalizing risk,/materials/ss-310-supplier-india.html,Hold unless Search Console shows demand
Stainless Steel,SS 310,flats,Hazira,Gujarat,,india_city,Duplicate / cannibalizing risk,/materials/ss-310-supplier-india.html,Hold unless Search Console shows demand
Stainless Steel,SS 310,flats,Rajkot,Gujarat,,india_city,Duplicate / cannibalizing risk,/materials/ss-310-supplier-india.html,Hold unless Search Console shows demand
Stainless Steel,SS 310,flats,Jamnagar,Gujarat,,india_city,Duplicate / cannibalizing risk,/materials/ss-310-supplier-india.html,Hold unless Search Console shows demand
Stainless Steel,SS 310,flats,Sriperumbudur,Tamil Nadu,,india_city,Duplicate / cannibalizing risk,/materials/ss-310-supplier-india.html,Hold unless Search Console shows demand
Stainless Steel,SS 310,flats,Oragadam,Tamil Nadu,,india_city,Duplicate / cannibalizing risk,/materials/ss-310-supplier-india.html,Hold unless Search Console shows demand
Stainless Steel,SS 310,flats,Hosur,Tamil Nadu,,india_city,Duplicate / cannibalizing risk,/materials/ss-310-supplier-india.html,Hold unless Search Console shows demand
Stainless Steel,SS 310,flats,Salem,Tamil Nadu,,india_city,Duplicate / cannibalizing risk,/materials/ss-310-supplier-india.html,Hold unless Search Console shows demand
Stainless Steel,SS 310,flats,Trichy,Tamil Nadu,,india_city,Duplicate / cannibalizing risk,/materials/ss-310-supplier-india.html,Hold unless Search Console shows demand
Stainless Steel,SS 310,flats,Bommasandra,Karnataka,,india_city,Duplicate / cannibalizing risk,/materials/ss-310-supplier-india.html,Hold unless Search Console shows demand
Stainless Steel,SS 310,flats,Mysuru,Karnataka,,india_city,Duplicate / cannibalizing risk,/materials/ss-310-supplier-india.html,Hold unless Search Console shows demand
Stainless Steel,SS 310,flats,Mangaluru,Karnataka,,india_city,Duplicate / cannibalizing risk,/materials/ss-310-supplier-india.html,Hold unless Search Console shows demand
Stainless Steel,SS 310,flats,Secunderabad,Telangana,,india_city,Duplicate / cannibalizing risk,/materials/ss-310-supplier-india.html,Hold unless Search Console shows demand
Stainless Steel,SS 310,flats,Kakinada,Andhra Pradesh,,india_city,Duplicate / cannibalizing risk,/materials/ss-310-supplier-india.html,Hold unless Search Console shows demand
Stainless Steel,SS 310,flats,Vijayawada,Andhra Pradesh,,india_city,Duplicate / cannibalizing risk,/materials/ss-310-supplier-india.html,Hold unless Search Console shows demand
Stainless Steel,SS 310,flats,Greater Noida,Uttar Pradesh,,india_city,Duplicate / cannibalizing risk,/materials/ss-310-supplier-india.html,Hold unless Search Console shows demand
Stainless Steel,SS 310,flats,Ghaziabad,Uttar Pradesh,,india_city,Duplicate / cannibalizing risk,/materials/ss-310-supplier-india.html,Hold unless Search Console shows demand
Stainless Steel,SS 310,flats,Jaipur,Rajasthan,,india_city,Duplicate / cannibalizing risk,/materials/ss-310-supplier-india.html,Hold unless Search Console shows demand
Stainless Steel,SS 310,flats,Indore,Madhya Pradesh,,india_city,Duplicate / cannibalizing risk,/materials/ss-310-supplier-india.html,Hold unless Search Console shows demand
Stainless Steel,SS 310,flats,Pithampur,Madhya Pradesh,,india_city,Duplicate / cannibalizing risk,/materials/ss-310-supplier-india.html,Hold unless Search Console shows demand
Stainless Steel,SS 310,flats,Bhopal / Mandideep,Madhya Pradesh,,india_city,Duplicate / cannibalizing risk,/materials/ss-310-supplier-india.html,Hold unless Search Console shows demand
Stainless Steel,SS 310,flats,Kolkata,West Bengal,,india_city,Duplicate / cannibalizing risk,/materials/ss-310-supplier-india.html,Hold unless Search Console shows demand
Stainless Steel,SS 310,flats,Howrah,West Bengal,,india_city,Duplicate / cannibalizing risk,/materials/ss-310-supplier-india.html,Hold unless Search Console shows demand
Stainless Steel,SS 310,flats,Durgapur,West Bengal,,india_city,Duplicate / cannibalizing risk,/materials/ss-310-supplier-india.html,Hold unless Search Console shows demand
Stainless Steel,SS 310,flats,Jamshedpur,Jharkhand,,india_city,Duplicate / cannibalizing risk,/materials/ss-310-supplier-india.html,Hold unless Search Console shows demand
Stainless Steel,SS 310,flats,Ludhiana,Punjab,,india_city,Duplicate / cannibalizing risk,/materials/ss-310-supplier-india.html,Hold unless Search Console shows demand
Stainless Steel,SS 310,angles,Navi Mumbai,Maharashtra,,india_city,Duplicate / cannibalizing risk,/materials/ss-310-supplier-india.html,Hold unless Search Console shows demand
Stainless Steel,SS 310,angles,Thane,Maharashtra,,india_city,Duplicate / cannibalizing risk,/materials/ss-310-supplier-india.html,Hold unless Search Console shows demand
Stainless Steel,SS 310,angles,Nashik,Maharashtra,,india_city,Duplicate / cannibalizing risk,/materials/ss-310-supplier-india.html,Hold unless Search Console shows demand
Stainless Steel,SS 310,angles,Chhatrapati Sambhajinagar / Aurangabad,Maharashtra,,india_city,Duplicate / cannibalizing risk,/materials/ss-310-supplier-india.html,Hold unless Search Console shows demand
Stainless Steel,SS 310,angles,Nagpur / Butibori,Maharashtra,,india_city,Duplicate / cannibalizing risk,/materials/ss-310-supplier-india.html,Hold unless Search Console shows demand
Stainless Steel,SS 310,angles,Hazira,Gujarat,,india_city,Duplicate / cannibalizing risk,/materials/ss-310-supplier-india.html,Hold unless Search Console shows demand
Stainless Steel,SS 310,angles,Rajkot,Gujarat,,india_city,Duplicate / cannibalizing risk,/materials/ss-310-supplier-india.html,Hold unless Search Console shows demand
Stainless Steel,SS 310,angles,Jamnagar,Gujarat,,india_city,Duplicate / cannibalizing risk,/materials/ss-310-supplier-india.html,Hold unless Search Console shows demand
Stainless Steel,SS 310,angles,Sriperumbudur,Tamil Nadu,,india_city,Duplicate / cannibalizing risk,/materials/ss-310-supplier-india.html,Hold unless Search Console shows demand
Stainless Steel,SS 310,angles,Oragadam,Tamil Nadu,,india_city,Duplicate / cannibalizing risk,/materials/ss-310-supplier-india.html,Hold unless Search Console shows demand
Stainless Steel,SS 310,angles,Hosur,Tamil Nadu,,india_city,Duplicate / cannibalizing risk,/materials/ss-310-supplier-india.html,Hold unless Search Console shows demand
Stainless Steel,SS 310,angles,Salem,Tamil Nadu,,india_city,Duplicate / cannibalizing risk,/materials/ss-310-supplier-india.html,Hold unless Search Console shows demand
Stainless Steel,SS 310,angles,Trichy,Tamil Nadu,,india_city,Duplicate / cannibalizing risk,/materials/ss-310-supplier-india.html,Hold unless Search Console shows demand
Stainless Steel,SS 310,angles,Bommasandra,Karnataka,,india_city,Duplicate / cannibalizing risk,/materials/ss-310-supplier-india.html,Hold unless Search Console shows demand
Stainless Steel,SS 310,angles,Mysuru,Karnataka,,india_city,Duplicate / cannibalizing risk,/materials/ss-310-supplier-india.html,Hold unless Search Console shows demand
Stainless Steel,SS 310,angles,Mangaluru,Karnataka,,india_city,Duplicate / cannibalizing risk,/materials/ss-310-supplier-india.html,Hold unless Search Console shows demand
Stainless Steel,SS 310,angles,Secunderabad,Telangana,,india_city,Duplicate / cannibalizing risk,/materials/ss-310-supplier-india.html,Hold unless Search Console shows demand
Stainless Steel,SS 310,angles,Kakinada,Andhra Pradesh,,india_city,Duplicate / cannibalizing risk,/materials/ss-310-supplier-india.html,Hold unless Search Console shows demand
Stainless Steel,SS 310,angles,Vijayawada,Andhra Pradesh,,india_city,Duplicate / cannibalizing risk,/materials/ss-310-supplier-india.html,Hold unless Search Console shows demand
Stainless Steel,SS 310,angles,Greater Noida,Uttar Pradesh,,india_city,Duplicate / cannibalizing risk,/materials/ss-310-supplier-india.html,Hold unless Search Console shows demand
Stainless Steel,SS 310,angles,Ghaziabad,Uttar Pradesh,,india_city,Duplicate / cannibalizing risk,/materials/ss-310-supplier-india.html,Hold unless Search Console shows demand
Stainless Steel,SS 310,angles,Jaipur,Rajasthan,,india_city,Duplicate / cannibalizing risk,/materials/ss-310-supplier-india.html,Hold unless Search Console shows demand
Stainless Steel,SS 310,angles,Indore,Madhya Pradesh,,india_city,Duplicate / cannibalizing risk,/materials/ss-310-supplier-india.html,Hold unless Search Console shows demand
Stainless Steel,SS 310,angles,Pithampur,Madhya Pradesh,,india_city,Duplicate / cannibalizing risk,/materials/ss-310-supplier-india.html,Hold unless Search Console shows demand
Stainless Steel,SS 310,angles,Bhopal / Mandideep,Madhya Pradesh,,india_city,Duplicate / cannibalizing risk,/materials/ss-310-supplier-india.html,Hold unless Search Console shows demand
Stainless Steel,SS 310,angles,Kolkata,West Bengal,,india_city,Duplicate / cannibalizing risk,/materials/ss-310-supplier-india.html,Hold unless Search Console shows demand
Stainless Steel,SS 310,angles,Howrah,West Bengal,,india_city,Duplicate / cannibalizing risk,/materials/ss-310-supplier-india.html,Hold unless Search Console shows demand
Stainless Steel,SS 310,angles,Durgapur,West Bengal,,india_city,Duplicate / cannibalizing risk,/materials/ss-310-supplier-india.html,Hold unless Search Console shows demand
Stainless Steel,SS 310,angles,Jamshedpur,Jharkhand,,india_city,Duplicate / cannibalizing risk,/materials/ss-310-supplier-india.html,Hold unless Search Console shows demand
Stainless Steel,SS 310,angles,Ludhiana,Punjab,,india_city,Duplicate / cannibalizing risk,/materials/ss-310-supplier-india.html,Hold unless Search Console shows demand
Stainless Steel,SS 310,channels,Navi Mumbai,Maharashtra,,india_city,Duplicate / cannibalizing risk,/materials/ss-310-supplier-india.html,Hold unless Search Console shows demand
Stainless Steel,SS 310,channels,Thane,Maharashtra,,india_city,Duplicate / cannibalizing risk,/materials/ss-310-supplier-india.html,Hold unless Search Console shows demand
Stainless Steel,SS 310,channels,Nashik,Maharashtra,,india_city,Duplicate / cannibalizing risk,/materials/ss-310-supplier-india.html,Hold unless Search Console shows demand
Stainless Steel,SS 310,channels,Chhatrapati Sambhajinagar / Aurangabad,Maharashtra,,india_city,Duplicate / cannibalizing risk,/materials/ss-310-supplier-india.html,Hold unless Search Console shows demand
Stainless Steel,SS 310,channels,Nagpur / Butibori,Maharashtra,,india_city,Duplicate / cannibalizing risk,/materials/ss-310-supplier-india.html,Hold unless Search Console shows demand
Stainless Steel,SS 310,channels,Hazira,Gujarat,,india_city,Duplicate / cannibalizing risk,/materials/ss-310-supplier-india.html,Hold unless Search Console shows demand
Stainless Steel,SS 310,channels,Rajkot,Gujarat,,india_city,Duplicate / cannibalizing risk,/materials/ss-310-supplier-india.html,Hold unless Search Console shows demand
Stainless Steel,SS 310,channels,Jamnagar,Gujarat,,india_city,Duplicate / cannibalizing risk,/materials/ss-310-supplier-india.html,Hold unless Search Console shows demand
Stainless Steel,SS 310,channels,Sriperumbudur,Tamil Nadu,,india_city,Duplicate / cannibalizing risk,/materials/ss-310-supplier-india.html,Hold unless Search Console shows demand
Stainless Steel,SS 310,channels,Oragadam,Tamil Nadu,,india_city,Duplicate / cannibalizing risk,/materials/ss-310-supplier-india.html,Hold unless Search Console shows demand
Stainless Steel,SS 310,channels,Hosur,Tamil Nadu,,india_city,Duplicate / cannibalizing risk,/materials/ss-310-supplier-india.html,Hold unless Search Console shows demand
Stainless Steel,SS 310,channels,Salem,Tamil Nadu,,india_city,Duplicate / cannibalizing risk,/materials/ss-310-supplier-india.html,Hold unless Search Console shows demand
Stainless Steel,SS 310,channels,Trichy,Tamil Nadu,,india_city,Duplicate / cannibalizing risk,/materials/ss-310-supplier-india.html,Hold unless Search Console shows demand
Stainless Steel,SS 310,channels,Bommasandra,Karnataka,,india_city,Duplicate / cannibalizing risk,/materials/ss-310-supplier-india.html,Hold unless Search Console shows demand
Stainless Steel,SS 310,channels,Mysuru,Karnataka,,india_city,Duplicate / cannibalizing risk,/materials/ss-310-supplier-india.html,Hold unless Search Console shows demand
Stainless Steel,SS 310,channels,Mangaluru,Karnataka,,india_city,Duplicate / cannibalizing risk,/materials/ss-310-supplier-india.html,Hold unless Search Console shows demand
Stainless Steel,SS 310,channels,Secunderabad,Telangana,,india_city,Duplicate / cannibalizing risk,/materials/ss-310-supplier-india.html,Hold unless Search Console shows demand
Stainless Steel,SS 310,channels,Kakinada,Andhra Pradesh,,india_city,Duplicate / cannibalizing risk,/materials/ss-310-supplier-india.html,Hold unless Search Console shows demand
Stainless Steel,SS 310,channels,Vijayawada,Andhra Pradesh,,india_city,Duplicate / cannibalizing risk,/materials/ss-310-supplier-india.html,Hold unless Search Console shows demand
Stainless Steel,SS 310,channels,Greater Noida,Uttar Pradesh,,india_city,Duplicate / cannibalizing risk,/materials/ss-310-supplier-india.html,Hold unless Search Console shows demand
Stainless Steel,SS 310,channels,Ghaziabad,Uttar Pradesh,,india_city,Duplicate / cannibalizing risk,/materials/ss-310-supplier-india.html,Hold unless Search Console shows demand
Stainless Steel,SS 310,channels,Jaipur,Rajasthan,,india_city,Duplicate / cannibalizing risk,/materials/ss-310-supplier-india.html,Hold unless Search Console shows demand
Stainless Steel,SS 310,channels,Indore,Madhya Pradesh,,india_city,Duplicate / cannibalizing risk,/materials/ss-310-supplier-india.html,Hold unless Search Console shows demand
Stainless Steel,SS 310,channels,Pithampur,Madhya Pradesh,,india_city,Duplicate / cannibalizing risk,/materials/ss-310-supplier-india.html,Hold unless Search Console shows demand
Stainless Steel,SS 310,channels,Bhopal / Mandideep,Madhya Pradesh,,india_city,Duplicate / cannibalizing risk,/materials/ss-310-supplier-india.html,Hold unless Search Console shows demand
Stainless Steel,SS 310,channels,Kolkata,West Bengal,,india_city,Duplicate / cannibalizing risk,/materials/ss-310-supplier-india.html,Hold unless Search Console shows demand
Stainless Steel,SS 310,channels,Howrah,West Bengal,,india_city,Duplicate / cannibalizing risk,/materials/ss-310-supplier-india.html,Hold unless Search Console shows demand
Stainless Steel,SS 310,channels,Durgapur,West Bengal,,india_city,Duplicate / cannibalizing risk,/materials/ss-310-supplier-india.html,Hold unless Search Console shows demand
Stainless Steel,SS 310,channels,Jamshedpur,Jharkhand,,india_city,Duplicate / cannibalizing risk,/materials/ss-310-supplier-india.html,Hold unless Search Console shows demand
Stainless Steel,SS 310,channels,Ludhiana,Punjab,,india_city,Duplicate / cannibalizing risk,/materials/ss-310-supplier-india.html,Hold unless Search Console shows demand
Stainless Steel,SS 310,fasteners,Navi Mumbai,Maharashtra,,india_city,Duplicate / cannibalizing risk,/materials/ss-310-supplier-india.html,Hold unless Search Console shows demand
Stainless Steel,SS 310,fasteners,Thane,Maharashtra,,india_city,Duplicate / cannibalizing risk,/materials/ss-310-supplier-india.html,Hold unless Search Console shows demand
Stainless Steel,SS 310,fasteners,Nashik,Maharashtra,,india_city,Duplicate / cannibalizing risk,/materials/ss-310-supplier-india.html,Hold unless Search Console shows demand
Stainless Steel,SS 310,fasteners,Chhatrapati Sambhajinagar / Aurangabad,Maharashtra,,india_city,Duplicate / cannibalizing risk,/materials/ss-310-supplier-india.html,Hold unless Search Console shows demand
Stainless Steel,SS 310,fasteners,Nagpur / Butibori,Maharashtra,,india_city,Duplicate / cannibalizing risk,/materials/ss-310-supplier-india.html,Hold unless Search Console shows demand
Stainless Steel,SS 310,fasteners,Hazira,Gujarat,,india_city,Duplicate / cannibalizing risk,/materials/ss-310-supplier-india.html,Hold unless Search Console shows demand
Stainless Steel,SS 310,fasteners,Rajkot,Gujarat,,india_city,Duplicate / cannibalizing risk,/materials/ss-310-supplier-india.html,Hold unless Search Console shows demand
Stainless Steel,SS 310,fasteners,Jamnagar,Gujarat,,india_city,Duplicate / cannibalizing risk,/materials/ss-310-supplier-india.html,Hold unless Search Console shows demand
Stainless Steel,SS 310,fasteners,Sriperumbudur,Tamil Nadu,,india_city,Duplicate / cannibalizing risk,/materials/ss-310-supplier-india.html,Hold unless Search Console shows demand
Stainless Steel,SS 310,fasteners,Oragadam,Tamil Nadu,,india_city,Duplicate / cannibalizing risk,/materials/ss-310-supplier-india.html,Hold unless Search Console shows demand
Stainless Steel,SS 310,fasteners,Hosur,Tamil Nadu,,india_city,Duplicate / cannibalizing risk,/materials/ss-310-supplier-india.html,Hold unless Search Console shows demand
Stainless Steel,SS 310,fasteners,Salem,Tamil Nadu,,india_city,Duplicate / cannibalizing risk,/materials/ss-310-supplier-india.html,Hold unless Search Console shows demand
Stainless Steel,SS 310,fasteners,Trichy,Tamil Nadu,,india_city,Duplicate / cannibalizing risk,/materials/ss-310-supplier-india.html,Hold unless Search Console shows demand
Stainless Steel,SS 310,fasteners,Bommasandra,Karnataka,,india_city,Duplicate / cannibalizing risk,/materials/ss-310-supplier-india.html,Hold unless Search Console shows demand
Stainless Steel,SS 310,fasteners,Mysuru,Karnataka,,india_city,Duplicate / cannibalizing risk,/materials/ss-310-supplier-india.html,Hold unless Search Console shows demand
Stainless Steel,SS 310,fasteners,Mangaluru,Karnataka,,india_city,Duplicate / cannibalizing risk,/materials/ss-310-supplier-india.html,Hold unless Search Console shows demand
Stainless Steel,SS 310,fasteners,Secunderabad,Telangana,,india_city,Duplicate / cannibalizing risk,/materials/ss-310-supplier-india.html,Hold unless Search Console shows demand
Stainless Steel,SS 310,fasteners,Kakinada,Andhra Pradesh,,india_city,Duplicate / cannibalizing risk,/materials/ss-310-supplier-india.html,Hold unless Search Console shows demand
Stainless Steel,SS 310,fasteners,Vijayawada,Andhra Pradesh,,india_city,Duplicate / cannibalizing risk,/materials/ss-310-supplier-india.html,Hold unless Search Console shows demand
Stainless Steel,SS 310,fasteners,Greater Noida,Uttar Pradesh,,india_city,Duplicate / cannibalizing risk,/materials/ss-310-supplier-india.html,Hold unless Search Console shows demand
Stainless Steel,SS 310,fasteners,Ghaziabad,Uttar Pradesh,,india_city,Duplicate / cannibalizing risk,/materials/ss-310-supplier-india.html,Hold unless Search Console shows demand
Stainless Steel,SS 310,fasteners,Jaipur,Rajasthan,,india_city,Duplicate / cannibalizing risk,/materials/ss-310-supplier-india.html,Hold unless Search Console shows demand
Stainless Steel,SS 310,fasteners,Indore,Madhya Pradesh,,india_city,Duplicate / cannibalizing risk,/materials/ss-310-supplier-india.html,Hold unless Search Console shows demand
Stainless Steel,SS 310,fasteners,Pithampur,Madhya Pradesh,,india_city,Duplicate / cannibalizing risk,/materials/ss-310-supplier-india.html,Hold unless Search Console shows demand
Stainless Steel,SS 310,fasteners,Bhopal / Mandideep,Madhya Pradesh,,india_city,Duplicate / cannibalizing risk,/materials/ss-310-supplier-india.html,Hold unless Search Console shows demand
Stainless Steel,SS 310,fasteners,Kolkata,West Bengal,,india_city,Duplicate / cannibalizing risk,/materials/ss-310-supplier-india.html,Hold unless Search Console shows demand
Stainless Steel,SS 310,fasteners,Howrah,West Bengal,,india_city,Duplicate / cannibalizing risk,/materials/ss-310-supplier-india.html,Hold unless Search Console shows demand
Stainless Steel,SS 310,fasteners,Durgapur,West Bengal,,india_city,Duplicate / cannibalizing risk,/materials/ss-310-supplier-india.html,Hold unless Search Console shows demand
Stainless Steel,SS 310,fasteners,Jamshedpur,Jharkhand,,india_city,Duplicate / cannibalizing risk,/materials/ss-310-supplier-india.html,Hold unless Search Console shows demand
Stainless Steel,SS 310,fasteners,Ludhiana,Punjab,,india_city,Duplicate / cannibalizing risk,/materials/ss-310-supplier-india.html,Hold unless Search Console shows demand
Stainless Steel,SS 310,wire mesh,Navi Mumbai,Maharashtra,,india_city,Duplicate / cannibalizing risk,/materials/ss-310-supplier-india.html,Hold unless Search Console shows demand
Stainless Steel,SS 310,wire mesh,Thane,Maharashtra,,india_city,Duplicate / cannibalizing risk,/materials/ss-310-supplier-india.html,Hold unless Search Console shows demand
Stainless Steel,SS 310,wire mesh,Nashik,Maharashtra,,india_city,Duplicate / cannibalizing risk,/materials/ss-310-supplier-india.html,Hold unless Search Console shows demand
Stainless Steel,SS 310,wire mesh,Chhatrapati Sambhajinagar / Aurangabad,Maharashtra,,india_city,Duplicate / cannibalizing risk,/materials/ss-310-supplier-india.html,Hold unless Search Console shows demand
Stainless Steel,SS 310,wire mesh,Nagpur / Butibori,Maharashtra,,india_city,Duplicate / cannibalizing risk,/materials/ss-310-supplier-india.html,Hold unless Search Console shows demand
Stainless Steel,SS 310,wire mesh,Hazira,Gujarat,,india_city,Duplicate / cannibalizing risk,/materials/ss-310-supplier-india.html,Hold unless Search Console shows demand
Stainless Steel,SS 310,wire mesh,Rajkot,Gujarat,,india_city,Duplicate / cannibalizing risk,/materials/ss-310-supplier-india.html,Hold unless Search Console shows demand
Stainless Steel,SS 310,wire mesh,Jamnagar,Gujarat,,india_city,Duplicate / cannibalizing risk,/materials/ss-310-supplier-india.html,Hold unless Search Console shows demand
Stainless Steel,SS 310,wire mesh,Sriperumbudur,Tamil Nadu,,india_city,Duplicate / cannibalizing risk,/materials/ss-310-supplier-india.html,Hold unless Search Console shows demand
Stainless Steel,SS 310,wire mesh,Oragadam,Tamil Nadu,,india_city,Duplicate / cannibalizing risk,/materials/ss-310-supplier-india.html,Hold unless Search Console shows demand
Stainless Steel,SS 310,wire mesh,Hosur,Tamil Nadu,,india_city,Duplicate / cannibalizing risk,/materials/ss-310-supplier-india.html,Hold unless Search Console shows demand
Stainless Steel,SS 310,wire mesh,Salem,Tamil Nadu,,india_city,Duplicate / cannibalizing risk,/materials/ss-310-supplier-india.html,Hold unless Search Console shows demand
Stainless Steel,SS 310,wire mesh,Trichy,Tamil Nadu,,india_city,Duplicate / cannibalizing risk,/materials/ss-310-supplier-india.html,Hold unless Search Console shows demand
Stainless Steel,SS 310,wire mesh,Bommasandra,Karnataka,,india_city,Duplicate / cannibalizing risk,/materials/ss-310-supplier-india.html,Hold unless Search Console shows demand
Stainless Steel,SS 310,wire mesh,Mysuru,Karnataka,,india_city,Duplicate / cannibalizing risk,/materials/ss-310-supplier-india.html,Hold unless Search Console shows demand
Stainless Steel,SS 310,wire mesh,Mangaluru,Karnataka,,india_city,Duplicate / cannibalizing risk,/materials/ss-310-supplier-india.html,Hold unless Search Console shows demand
Stainless Steel,SS 310,wire mesh,Secunderabad,Telangana,,india_city,Duplicate / cannibalizing risk,/materials/ss-310-supplier-india.html,Hold unless Search Console shows demand
Stainless Steel,SS 310,wire mesh,Kakinada,Andhra Pradesh,,india_city,Duplicate / cannibalizing risk,/materials/ss-310-supplier-india.html,Hold unless Search Console shows demand
Stainless Steel,SS 310,wire mesh,Vijayawada,Andhra Pradesh,,india_city,Duplicate / cannibalizing risk,/materials/ss-310-supplier-india.html,Hold unless Search Console shows demand
Stainless Steel,SS 310,wire mesh,Greater Noida,Uttar Pradesh,,india_city,Duplicate / cannibalizing risk,/materials/ss-310-supplier-india.html,Hold unless Search Console shows demand
Stainless Steel,SS 310,wire mesh,Ghaziabad,Uttar Pradesh,,india_city,Duplicate / cannibalizing risk,/materials/ss-310-supplier-india.html,Hold unless Search Console shows demand
Stainless Steel,SS 310,wire mesh,Jaipur,Rajasthan,,india_city,Duplicate / cannibalizing risk,/materials/ss-310-supplier-india.html,Hold unless Search Console shows demand
Stainless Steel,SS 310,wire mesh,Indore,Madhya Pradesh,,india_city,Duplicate / cannibalizing risk,/materials/ss-310-supplier-india.html,Hold unless Search Console shows demand
Stainless Steel,SS 310,wire mesh,Pithampur,Madhya Pradesh,,india_city,Duplicate / cannibalizing risk,/materials/ss-310-supplier-india.html,Hold unless Search Console shows demand
Stainless Steel,SS 310,wire mesh,Bhopal / Mandideep,Madhya Pradesh,,india_city,Duplicate / cannibalizing risk,/materials/ss-310-supplier-india.html,Hold unless Search Console shows demand
Stainless Steel,SS 310,wire mesh,Kolkata,West Bengal,,india_city,Duplicate / cannibalizing risk,/materials/ss-310-supplier-india.html,Hold unless Search Console shows demand
Stainless Steel,SS 310,wire mesh,Howrah,West Bengal,,india_city,Duplicate / cannibalizing risk,/materials/ss-310-supplier-india.html,Hold unless Search Console shows demand
Stainless Steel,SS 310,wire mesh,Durgapur,West Bengal,,india_city,Duplicate / cannibalizing risk,/materials/ss-310-supplier-india.html,Hold unless Search Console shows demand
Stainless Steel,SS 310,wire mesh,Jamshedpur,Jharkhand,,india_city,Duplicate / cannibalizing risk,/materials/ss-310-supplier-india.html,Hold unless Search Console shows demand
Stainless Steel,SS 310,wire mesh,Ludhiana,Punjab,,india_city,Duplicate / cannibalizing risk,/materials/ss-310-supplier-india.html,Hold unless Search Console shows demand
Stainless Steel,SS 310,perforated sheets,Navi Mumbai,Maharashtra,,india_city,Duplicate / cannibalizing risk,/materials/ss-310-supplier-india.html,Hold unless Search Console shows demand
Stainless Steel,SS 310,perforated sheets,Thane,Maharashtra,,india_city,Duplicate / cannibalizing risk,/materials/ss-310-supplier-india.html,Hold unless Search Console shows demand
Stainless Steel,SS 310,perforated sheets,Nashik,Maharashtra,,india_city,Duplicate / cannibalizing risk,/materials/ss-310-supplier-india.html,Hold unless Search Console shows demand
Stainless Steel,SS 310,perforated sheets,Chhatrapati Sambhajinagar / Aurangabad,Maharashtra,,india_city,Duplicate / cannibalizing risk,/materials/ss-310-supplier-india.html,Hold unless Search Console shows demand
Stainless Steel,SS 310,perforated sheets,Nagpur / Butibori,Maharashtra,,india_city,Duplicate / cannibalizing risk,/materials/ss-310-supplier-india.html,Hold unless Search Console shows demand
Stainless Steel,SS 310,perforated sheets,Hazira,Gujarat,,india_city,Duplicate / cannibalizing risk,/materials/ss-310-supplier-india.html,Hold unless Search Console shows demand
Stainless Steel,SS 310,perforated sheets,Rajkot,Gujarat,,india_city,Duplicate / cannibalizing risk,/materials/ss-310-supplier-india.html,Hold unless Search Console shows demand
Stainless Steel,SS 310,perforated sheets,Jamnagar,Gujarat,,india_city,Duplicate / cannibalizing risk,/materials/ss-310-supplier-india.html,Hold unless Search Console shows demand
Stainless Steel,SS 310,perforated sheets,Sriperumbudur,Tamil Nadu,,india_city,Duplicate / cannibalizing risk,/materials/ss-310-supplier-india.html,Hold unless Search Console shows demand
Stainless Steel,SS 310,perforated sheets,Oragadam,Tamil Nadu,,india_city,Duplicate / cannibalizing risk,/materials/ss-310-supplier-india.html,Hold unless Search Console shows demand
Stainless Steel,SS 310,perforated sheets,Hosur,Tamil Nadu,,india_city,Duplicate / cannibalizing risk,/materials/ss-310-supplier-india.html,Hold unless Search Console shows demand
Stainless Steel,SS 310,perforated sheets,Salem,Tamil Nadu,,india_city,Duplicate / cannibalizing risk,/materials/ss-310-supplier-india.html,Hold unless Search Console shows demand
Stainless Steel,SS 310,perforated sheets,Trichy,Tamil Nadu,,india_city,Duplicate / cannibalizing risk,/materials/ss-310-supplier-india.html,Hold unless Search Console shows demand
Stainless Steel,SS 310,perforated sheets,Bommasandra,Karnataka,,india_city,Duplicate / cannibalizing risk,/materials/ss-310-supplier-india.html,Hold unless Search Console shows demand
Stainless Steel,SS 310,perforated sheets,Mysuru,Karnataka,,india_city,Duplicate / cannibalizing risk,/materials/ss-310-supplier-india.html,Hold unless Search Console shows demand
Stainless Steel,SS 310,perforated sheets,Mangaluru,Karnataka,,india_city,Duplicate / cannibalizing risk,/materials/ss-310-supplier-india.html,Hold unless Search Console shows demand
Stainless Steel,SS 310,perforated sheets,Secunderabad,Telangana,,india_city,Duplicate / cannibalizing risk,/materials/ss-310-supplier-india.html,Hold unless Search Console shows demand
Stainless Steel,SS 310,perforated sheets,Kakinada,Andhra Pradesh,,india_city,Duplicate / cannibalizing risk,/materials/ss-310-supplier-india.html,Hold unless Search Console shows demand
Stainless Steel,SS 310,perforated sheets,Vijayawada,Andhra Pradesh,,india_city,Duplicate / cannibalizing risk,/materials/ss-310-supplier-india.html,Hold unless Search Console shows demand
Stainless Steel,SS 310,perforated sheets,Greater Noida,Uttar Pradesh,,india_city,Duplicate / cannibalizing risk,/materials/ss-310-supplier-india.html,Hold unless Search Console shows demand
Stainless Steel,SS 310,perforated sheets,Ghaziabad,Uttar Pradesh,,india_city,Duplicate / cannibalizing risk,/materials/ss-310-supplier-india.html,Hold unless Search Console shows demand
Stainless Steel,SS 310,perforated sheets,Jaipur,Rajasthan,,india_city,Duplicate / cannibalizing risk,/materials/ss-310-supplier-india.html,Hold unless Search Console shows demand
Stainless Steel,SS 310,perforated sheets,Indore,Madhya Pradesh,,india_city,Duplicate / cannibalizing risk,/materials/ss-310-supplier-india.html,Hold unless Search Console shows demand
Stainless Steel,SS 310,perforated sheets,Pithampur,Madhya Pradesh,,india_city,Duplicate / cannibalizing risk,/materials/ss-310-supplier-india.html,Hold unless Search Console shows demand
Stainless Steel,SS 310,perforated sheets,Bhopal / Mandideep,Madhya Pradesh,,india_city,Duplicate / cannibalizing risk,/materials/ss-310-supplier-india.html,Hold unless Search Console shows demand
Stainless Steel,SS 310,perforated sheets,Kolkata,West Bengal,,india_city,Duplicate / cannibalizing risk,/materials/ss-310-supplier-india.html,Hold unless Search Console shows demand
Stainless Steel,SS 310,perforated sheets,Howrah,West Bengal,,india_city,Duplicate / cannibalizing risk,/materials/ss-310-supplier-india.html,Hold unless Search Console shows demand
Stainless Steel,SS 310,perforated sheets,Durgapur,West Bengal,,india_city,Duplicate / cannibalizing risk,/materials/ss-310-supplier-india.html,Hold unless Search Console shows demand
Stainless Steel,SS 310,perforated sheets,Jamshedpur,Jharkhand,,india_city,Duplicate / cannibalizing risk,/materials/ss-310-supplier-india.html,Hold unless Search Console shows demand
Stainless Steel,SS 310,perforated sheets,Ludhiana,Punjab,,india_city,Duplicate / cannibalizing risk,/materials/ss-310-supplier-india.html,Hold unless Search Console shows demand
Stainless Steel,SS 410,tubes,Navi Mumbai,Maharashtra,,india_city,Duplicate / cannibalizing risk,/materials/ss-410-supplier-india.html,Hold unless Search Console shows demand
Stainless Steel,SS 410,tubes,Thane,Maharashtra,,india_city,Duplicate / cannibalizing risk,/materials/ss-410-supplier-india.html,Hold unless Search Console shows demand
Stainless Steel,SS 410,tubes,Nashik,Maharashtra,,india_city,Duplicate / cannibalizing risk,/materials/ss-410-supplier-india.html,Hold unless Search Console shows demand
Stainless Steel,SS 410,tubes,Chhatrapati Sambhajinagar / Aurangabad,Maharashtra,,india_city,Duplicate / cannibalizing risk,/materials/ss-410-supplier-india.html,Hold unless Search Console shows demand
Stainless Steel,SS 410,tubes,Nagpur / Butibori,Maharashtra,,india_city,Duplicate / cannibalizing risk,/materials/ss-410-supplier-india.html,Hold unless Search Console shows demand
Stainless Steel,SS 410,tubes,Hazira,Gujarat,,india_city,Duplicate / cannibalizing risk,/materials/ss-410-supplier-india.html,Hold unless Search Console shows demand
Stainless Steel,SS 410,tubes,Rajkot,Gujarat,,india_city,Duplicate / cannibalizing risk,/materials/ss-410-supplier-india.html,Hold unless Search Console shows demand
Stainless Steel,SS 410,tubes,Jamnagar,Gujarat,,india_city,Duplicate / cannibalizing risk,/materials/ss-410-supplier-india.html,Hold unless Search Console shows demand
Stainless Steel,SS 410,tubes,Sriperumbudur,Tamil Nadu,,india_city,Duplicate / cannibalizing risk,/materials/ss-410-supplier-india.html,Hold unless Search Console shows demand
Stainless Steel,SS 410,tubes,Oragadam,Tamil Nadu,,india_city,Duplicate / cannibalizing risk,/materials/ss-410-supplier-india.html,Hold unless Search Console shows demand
Stainless Steel,SS 410,tubes,Hosur,Tamil Nadu,,india_city,Duplicate / cannibalizing risk,/materials/ss-410-supplier-india.html,Hold unless Search Console shows demand
Stainless Steel,SS 410,tubes,Salem,Tamil Nadu,,india_city,Duplicate / cannibalizing risk,/materials/ss-410-supplier-india.html,Hold unless Search Console shows demand
Stainless Steel,SS 410,tubes,Trichy,Tamil Nadu,,india_city,Duplicate / cannibalizing risk,/materials/ss-410-supplier-india.html,Hold unless Search Console shows demand
Stainless Steel,SS 410,tubes,Bommasandra,Karnataka,,india_city,Duplicate / cannibalizing risk,/materials/ss-410-supplier-india.html,Hold unless Search Console shows demand
Stainless Steel,SS 410,tubes,Mysuru,Karnataka,,india_city,Duplicate / cannibalizing risk,/materials/ss-410-supplier-india.html,Hold unless Search Console shows demand
Stainless Steel,SS 410,tubes,Mangaluru,Karnataka,,india_city,Duplicate / cannibalizing risk,/materials/ss-410-supplier-india.html,Hold unless Search Console shows demand
Stainless Steel,SS 410,tubes,Secunderabad,Telangana,,india_city,Duplicate / cannibalizing risk,/materials/ss-410-supplier-india.html,Hold unless Search Console shows demand
Stainless Steel,SS 410,tubes,Kakinada,Andhra Pradesh,,india_city,Duplicate / cannibalizing risk,/materials/ss-410-supplier-india.html,Hold unless Search Console shows demand
Stainless Steel,SS 410,tubes,Vijayawada,Andhra Pradesh,,india_city,Duplicate / cannibalizing risk,/materials/ss-410-supplier-india.html,Hold unless Search Console shows demand
Stainless Steel,SS 410,tubes,Greater Noida,Uttar Pradesh,,india_city,Duplicate / cannibalizing risk,/materials/ss-410-supplier-india.html,Hold unless Search Console shows demand
Stainless Steel,SS 410,tubes,Ghaziabad,Uttar Pradesh,,india_city,Duplicate / cannibalizing risk,/materials/ss-410-supplier-india.html,Hold unless Search Console shows demand
Stainless Steel,SS 410,tubes,Jaipur,Rajasthan,,india_city,Duplicate / cannibalizing risk,/materials/ss-410-supplier-india.html,Hold unless Search Console shows demand
Stainless Steel,SS 410,tubes,Indore,Madhya Pradesh,,india_city,Duplicate / cannibalizing risk,/materials/ss-410-supplier-india.html,Hold unless Search Console shows demand
Stainless Steel,SS 410,tubes,Pithampur,Madhya Pradesh,,india_city,Duplicate / cannibalizing risk,/materials/ss-410-supplier-india.html,Hold unless Search Console shows demand
Stainless Steel,SS 410,tubes,Bhopal / Mandideep,Madhya Pradesh,,india_city,Duplicate / cannibalizing risk,/materials/ss-410-supplier-india.html,Hold unless Search Console shows demand
Stainless Steel,SS 410,tubes,Kolkata,West Bengal,,india_city,Duplicate / cannibalizing risk,/materials/ss-410-supplier-india.html,Hold unless Search Console shows demand
Stainless Steel,SS 410,tubes,Howrah,West Bengal,,india_city,Duplicate / cannibalizing risk,/materials/ss-410-supplier-india.html,Hold unless Search Console shows demand
Stainless Steel,SS 410,tubes,Durgapur,West Bengal,,india_city,Duplicate / cannibalizing risk,/materials/ss-410-supplier-india.html,Hold unless Search Console shows demand
Stainless Steel,SS 410,tubes,Jamshedpur,Jharkhand,,india_city,Duplicate / cannibalizing risk,/materials/ss-410-supplier-india.html,Hold unless Search Console shows demand
Stainless Steel,SS 410,tubes,Ludhiana,Punjab,,india_city,Duplicate / cannibalizing risk,/materials/ss-410-supplier-india.html,Hold unless Search Console shows demand
Stainless Steel,SS 410,rods,Navi Mumbai,Maharashtra,,india_city,Duplicate / cannibalizing risk,/materials/ss-410-supplier-india.html,Hold unless Search Console shows demand
Stainless Steel,SS 410,rods,Thane,Maharashtra,,india_city,Duplicate / cannibalizing risk,/materials/ss-410-supplier-india.html,Hold unless Search Console shows demand
Stainless Steel,SS 410,rods,Nashik,Maharashtra,,india_city,Duplicate / cannibalizing risk,/materials/ss-410-supplier-india.html,Hold unless Search Console shows demand
Stainless Steel,SS 410,rods,Chhatrapati Sambhajinagar / Aurangabad,Maharashtra,,india_city,Duplicate / cannibalizing risk,/materials/ss-410-supplier-india.html,Hold unless Search Console shows demand
Stainless Steel,SS 410,rods,Nagpur / Butibori,Maharashtra,,india_city,Duplicate / cannibalizing risk,/materials/ss-410-supplier-india.html,Hold unless Search Console shows demand
Stainless Steel,SS 410,rods,Hazira,Gujarat,,india_city,Duplicate / cannibalizing risk,/materials/ss-410-supplier-india.html,Hold unless Search Console shows demand
Stainless Steel,SS 410,rods,Rajkot,Gujarat,,india_city,Duplicate / cannibalizing risk,/materials/ss-410-supplier-india.html,Hold unless Search Console shows demand
Stainless Steel,SS 410,rods,Jamnagar,Gujarat,,india_city,Duplicate / cannibalizing risk,/materials/ss-410-supplier-india.html,Hold unless Search Console shows demand
Stainless Steel,SS 410,rods,Sriperumbudur,Tamil Nadu,,india_city,Duplicate / cannibalizing risk,/materials/ss-410-supplier-india.html,Hold unless Search Console shows demand
Stainless Steel,SS 410,rods,Oragadam,Tamil Nadu,,india_city,Duplicate / cannibalizing risk,/materials/ss-410-supplier-india.html,Hold unless Search Console shows demand
Stainless Steel,SS 410,rods,Hosur,Tamil Nadu,,india_city,Duplicate / cannibalizing risk,/materials/ss-410-supplier-india.html,Hold unless Search Console shows demand
Stainless Steel,SS 410,rods,Salem,Tamil Nadu,,india_city,Duplicate / cannibalizing risk,/materials/ss-410-supplier-india.html,Hold unless Search Console shows demand
Stainless Steel,SS 410,rods,Trichy,Tamil Nadu,,india_city,Duplicate / cannibalizing risk,/materials/ss-410-supplier-india.html,Hold unless Search Console shows demand
Stainless Steel,SS 410,rods,Bommasandra,Karnataka,,india_city,Duplicate / cannibalizing risk,/materials/ss-410-supplier-india.html,Hold unless Search Console shows demand
Stainless Steel,SS 410,rods,Mysuru,Karnataka,,india_city,Duplicate / cannibalizing risk,/materials/ss-410-supplier-india.html,Hold unless Search Console shows demand
Stainless Steel,SS 410,rods,Mangaluru,Karnataka,,india_city,Duplicate / cannibalizing risk,/materials/ss-410-supplier-india.html,Hold unless Search Console shows demand
Stainless Steel,SS 410,rods,Secunderabad,Telangana,,india_city,Duplicate / cannibalizing risk,/materials/ss-410-supplier-india.html,Hold unless Search Console shows demand
Stainless Steel,SS 410,rods,Kakinada,Andhra Pradesh,,india_city,Duplicate / cannibalizing risk,/materials/ss-410-supplier-india.html,Hold unless Search Console shows demand
Stainless Steel,SS 410,rods,Vijayawada,Andhra Pradesh,,india_city,Duplicate / cannibalizing risk,/materials/ss-410-supplier-india.html,Hold unless Search Console shows demand
Stainless Steel,SS 410,rods,Greater Noida,Uttar Pradesh,,india_city,Duplicate / cannibalizing risk,/materials/ss-410-supplier-india.html,Hold unless Search Console shows demand
Stainless Steel,SS 410,rods,Ghaziabad,Uttar Pradesh,,india_city,Duplicate / cannibalizing risk,/materials/ss-410-supplier-india.html,Hold unless Search Console shows demand
Stainless Steel,SS 410,rods,Jaipur,Rajasthan,,india_city,Duplicate / cannibalizing risk,/materials/ss-410-supplier-india.html,Hold unless Search Console shows demand
Stainless Steel,SS 410,rods,Indore,Madhya Pradesh,,india_city,Duplicate / cannibalizing risk,/materials/ss-410-supplier-india.html,Hold unless Search Console shows demand
Stainless Steel,SS 410,rods,Pithampur,Madhya Pradesh,,india_city,Duplicate / cannibalizing risk,/materials/ss-410-supplier-india.html,Hold unless Search Console shows demand
Stainless Steel,SS 410,rods,Bhopal / Mandideep,Madhya Pradesh,,india_city,Duplicate / cannibalizing risk,/materials/ss-410-supplier-india.html,Hold unless Search Console shows demand
Stainless Steel,SS 410,rods,Kolkata,West Bengal,,india_city,Duplicate / cannibalizing risk,/materials/ss-410-supplier-india.html,Hold unless Search Console shows demand
Stainless Steel,SS 410,rods,Howrah,West Bengal,,india_city,Duplicate / cannibalizing risk,/materials/ss-410-supplier-india.html,Hold unless Search Console shows demand
Stainless Steel,SS 410,rods,Durgapur,West Bengal,,india_city,Duplicate / cannibalizing risk,/materials/ss-410-supplier-india.html,Hold unless Search Console shows demand
Stainless Steel,SS 410,rods,Jamshedpur,Jharkhand,,india_city,Duplicate / cannibalizing risk,/materials/ss-410-supplier-india.html,Hold unless Search Console shows demand
Stainless Steel,SS 410,rods,Ludhiana,Punjab,,india_city,Duplicate / cannibalizing risk,/materials/ss-410-supplier-india.html,Hold unless Search Console shows demand
Stainless Steel,SS 410,flats,Navi Mumbai,Maharashtra,,india_city,Duplicate / cannibalizing risk,/materials/ss-410-supplier-india.html,Hold unless Search Console shows demand
Stainless Steel,SS 410,flats,Thane,Maharashtra,,india_city,Duplicate / cannibalizing risk,/materials/ss-410-supplier-india.html,Hold unless Search Console shows demand
Stainless Steel,SS 410,flats,Nashik,Maharashtra,,india_city,Duplicate / cannibalizing risk,/materials/ss-410-supplier-india.html,Hold unless Search Console shows demand
Stainless Steel,SS 410,flats,Chhatrapati Sambhajinagar / Aurangabad,Maharashtra,,india_city,Duplicate / cannibalizing risk,/materials/ss-410-supplier-india.html,Hold unless Search Console shows demand
Stainless Steel,SS 410,flats,Nagpur / Butibori,Maharashtra,,india_city,Duplicate / cannibalizing risk,/materials/ss-410-supplier-india.html,Hold unless Search Console shows demand
Stainless Steel,SS 410,flats,Hazira,Gujarat,,india_city,Duplicate / cannibalizing risk,/materials/ss-410-supplier-india.html,Hold unless Search Console shows demand
Stainless Steel,SS 410,flats,Rajkot,Gujarat,,india_city,Duplicate / cannibalizing risk,/materials/ss-410-supplier-india.html,Hold unless Search Console shows demand
Stainless Steel,SS 410,flats,Jamnagar,Gujarat,,india_city,Duplicate / cannibalizing risk,/materials/ss-410-supplier-india.html,Hold unless Search Console shows demand
Stainless Steel,SS 410,flats,Sriperumbudur,Tamil Nadu,,india_city,Duplicate / cannibalizing risk,/materials/ss-410-supplier-india.html,Hold unless Search Console shows demand
Stainless Steel,SS 410,flats,Oragadam,Tamil Nadu,,india_city,Duplicate / cannibalizing risk,/materials/ss-410-supplier-india.html,Hold unless Search Console shows demand
Stainless Steel,SS 410,flats,Hosur,Tamil Nadu,,india_city,Duplicate / cannibalizing risk,/materials/ss-410-supplier-india.html,Hold unless Search Console shows demand
Stainless Steel,SS 410,flats,Salem,Tamil Nadu,,india_city,Duplicate / cannibalizing risk,/materials/ss-410-supplier-india.html,Hold unless Search Console shows demand
Stainless Steel,SS 410,flats,Trichy,Tamil Nadu,,india_city,Duplicate / cannibalizing risk,/materials/ss-410-supplier-india.html,Hold unless Search Console shows demand
Stainless Steel,SS 410,flats,Bommasandra,Karnataka,,india_city,Duplicate / cannibalizing risk,/materials/ss-410-supplier-india.html,Hold unless Search Console shows demand
Stainless Steel,SS 410,flats,Mysuru,Karnataka,,india_city,Duplicate / cannibalizing risk,/materials/ss-410-supplier-india.html,Hold unless Search Console shows demand
Stainless Steel,SS 410,flats,Mangaluru,Karnataka,,india_city,Duplicate / cannibalizing risk,/materials/ss-410-supplier-india.html,Hold unless Search Console shows demand
Stainless Steel,SS 410,flats,Secunderabad,Telangana,,india_city,Duplicate / cannibalizing risk,/materials/ss-410-supplier-india.html,Hold unless Search Console shows demand
Stainless Steel,SS 410,flats,Kakinada,Andhra Pradesh,,india_city,Duplicate / cannibalizing risk,/materials/ss-410-supplier-india.html,Hold unless Search Console shows demand
Stainless Steel,SS 410,flats,Vijayawada,Andhra Pradesh,,india_city,Duplicate / cannibalizing risk,/materials/ss-410-supplier-india.html,Hold unless Search Console shows demand
Stainless Steel,SS 410,flats,Greater Noida,Uttar Pradesh,,india_city,Duplicate / cannibalizing risk,/materials/ss-410-supplier-india.html,Hold unless Search Console shows demand
Stainless Steel,SS 410,flats,Ghaziabad,Uttar Pradesh,,india_city,Duplicate / cannibalizing risk,/materials/ss-410-supplier-india.html,Hold unless Search Console shows demand
Stainless Steel,SS 410,flats,Jaipur,Rajasthan,,india_city,Duplicate / cannibalizing risk,/materials/ss-410-supplier-india.html,Hold unless Search Console shows demand
Stainless Steel,SS 410,flats,Indore,Madhya Pradesh,,india_city,Duplicate / cannibalizing risk,/materials/ss-410-supplier-india.html,Hold unless Search Console shows demand
Stainless Steel,SS 410,flats,Pithampur,Madhya Pradesh,,india_city,Duplicate / cannibalizing risk,/materials/ss-410-supplier-india.html,Hold unless Search Console shows demand
Stainless Steel,SS 410,flats,Bhopal / Mandideep,Madhya Pradesh,,india_city,Duplicate / cannibalizing risk,/materials/ss-410-supplier-india.html,Hold unless Search Console shows demand
Stainless Steel,SS 410,flats,Kolkata,West Bengal,,india_city,Duplicate / cannibalizing risk,/materials/ss-410-supplier-india.html,Hold unless Search Console shows demand
Stainless Steel,SS 410,flats,Howrah,West Bengal,,india_city,Duplicate / cannibalizing risk,/materials/ss-410-supplier-india.html,Hold unless Search Console shows demand
Stainless Steel,SS 410,flats,Durgapur,West Bengal,,india_city,Duplicate / cannibalizing risk,/materials/ss-410-supplier-india.html,Hold unless Search Console shows demand
Stainless Steel,SS 410,flats,Jamshedpur,Jharkhand,,india_city,Duplicate / cannibalizing risk,/materials/ss-410-supplier-india.html,Hold unless Search Console shows demand
Stainless Steel,SS 410,flats,Ludhiana,Punjab,,india_city,Duplicate / cannibalizing risk,/materials/ss-410-supplier-india.html,Hold unless Search Console shows demand
Stainless Steel,SS 410,angles,Navi Mumbai,Maharashtra,,india_city,Duplicate / cannibalizing risk,/materials/ss-410-supplier-india.html,Hold unless Search Console shows demand
Stainless Steel,SS 410,angles,Thane,Maharashtra,,india_city,Duplicate / cannibalizing risk,/materials/ss-410-supplier-india.html,Hold unless Search Console shows demand
Stainless Steel,SS 410,angles,Nashik,Maharashtra,,india_city,Duplicate / cannibalizing risk,/materials/ss-410-supplier-india.html,Hold unless Search Console shows demand
Stainless Steel,SS 410,angles,Chhatrapati Sambhajinagar / Aurangabad,Maharashtra,,india_city,Duplicate / cannibalizing risk,/materials/ss-410-supplier-india.html,Hold unless Search Console shows demand
Stainless Steel,SS 410,angles,Nagpur / Butibori,Maharashtra,,india_city,Duplicate / cannibalizing risk,/materials/ss-410-supplier-india.html,Hold unless Search Console shows demand
Stainless Steel,SS 410,angles,Hazira,Gujarat,,india_city,Duplicate / cannibalizing risk,/materials/ss-410-supplier-india.html,Hold unless Search Console shows demand
Stainless Steel,SS 410,angles,Rajkot,Gujarat,,india_city,Duplicate / cannibalizing risk,/materials/ss-410-supplier-india.html,Hold unless Search Console shows demand
Stainless Steel,SS 410,angles,Jamnagar,Gujarat,,india_city,Duplicate / cannibalizing risk,/materials/ss-410-supplier-india.html,Hold unless Search Console shows demand
Stainless Steel,SS 410,angles,Sriperumbudur,Tamil Nadu,,india_city,Duplicate / cannibalizing risk,/materials/ss-410-supplier-india.html,Hold unless Search Console shows demand
Stainless Steel,SS 410,angles,Oragadam,Tamil Nadu,,india_city,Duplicate / cannibalizing risk,/materials/ss-410-supplier-india.html,Hold unless Search Console shows demand
Stainless Steel,SS 410,angles,Hosur,Tamil Nadu,,india_city,Duplicate / cannibalizing risk,/materials/ss-410-supplier-india.html,Hold unless Search Console shows demand
Stainless Steel,SS 410,angles,Salem,Tamil Nadu,,india_city,Duplicate / cannibalizing risk,/materials/ss-410-supplier-india.html,Hold unless Search Console shows demand
Stainless Steel,SS 410,angles,Trichy,Tamil Nadu,,india_city,Duplicate / cannibalizing risk,/materials/ss-410-supplier-india.html,Hold unless Search Console shows demand
Stainless Steel,SS 410,angles,Bommasandra,Karnataka,,india_city,Duplicate / cannibalizing risk,/materials/ss-410-supplier-india.html,Hold unless Search Console shows demand
Stainless Steel,SS 410,angles,Mysuru,Karnataka,,india_city,Duplicate / cannibalizing risk,/materials/ss-410-supplier-india.html,Hold unless Search Console shows demand
Stainless Steel,SS 410,angles,Mangaluru,Karnataka,,india_city,Duplicate / cannibalizing risk,/materials/ss-410-supplier-india.html,Hold unless Search Console shows demand
Stainless Steel,SS 410,angles,Secunderabad,Telangana,,india_city,Duplicate / cannibalizing risk,/materials/ss-410-supplier-india.html,Hold unless Search Console shows demand
Stainless Steel,SS 410,angles,Kakinada,Andhra Pradesh,,india_city,Duplicate / cannibalizing risk,/materials/ss-410-supplier-india.html,Hold unless Search Console shows demand
Stainless Steel,SS 410,angles,Vijayawada,Andhra Pradesh,,india_city,Duplicate / cannibalizing risk,/materials/ss-410-supplier-india.html,Hold unless Search Console shows demand
Stainless Steel,SS 410,angles,Greater Noida,Uttar Pradesh,,india_city,Duplicate / cannibalizing risk,/materials/ss-410-supplier-india.html,Hold unless Search Console shows demand
Stainless Steel,SS 410,angles,Ghaziabad,Uttar Pradesh,,india_city,Duplicate / cannibalizing risk,/materials/ss-410-supplier-india.html,Hold unless Search Console shows demand
Stainless Steel,SS 410,angles,Jaipur,Rajasthan,,india_city,Duplicate / cannibalizing risk,/materials/ss-410-supplier-india.html,Hold unless Search Console shows demand
Stainless Steel,SS 410,angles,Indore,Madhya Pradesh,,india_city,Duplicate / cannibalizing risk,/materials/ss-410-supplier-india.html,Hold unless Search Console shows demand
Stainless Steel,SS 410,angles,Pithampur,Madhya Pradesh,,india_city,Duplicate / cannibalizing risk,/materials/ss-410-supplier-india.html,Hold unless Search Console shows demand
Stainless Steel,SS 410,angles,Bhopal / Mandideep,Madhya Pradesh,,india_city,Duplicate / cannibalizing risk,/materials/ss-410-supplier-india.html,Hold unless Search Console shows demand
Stainless Steel,SS 410,angles,Kolkata,West Bengal,,india_city,Duplicate / cannibalizing risk,/materials/ss-410-supplier-india.html,Hold unless Search Console shows demand
Stainless Steel,SS 410,angles,Howrah,West Bengal,,india_city,Duplicate / cannibalizing risk,/materials/ss-410-supplier-india.html,Hold unless Search Console shows demand
Stainless Steel,SS 410,angles,Durgapur,West Bengal,,india_city,Duplicate / cannibalizing risk,/materials/ss-410-supplier-india.html,Hold unless Search Console shows demand
Stainless Steel,SS 410,angles,Jamshedpur,Jharkhand,,india_city,Duplicate / cannibalizing risk,/materials/ss-410-supplier-india.html,Hold unless Search Console shows demand
Stainless Steel,SS 410,angles,Ludhiana,Punjab,,india_city,Duplicate / cannibalizing risk,/materials/ss-410-supplier-india.html,Hold unless Search Console shows demand
Stainless Steel,SS 410,channels,Navi Mumbai,Maharashtra,,india_city,Duplicate / cannibalizing risk,/materials/ss-410-supplier-india.html,Hold unless Search Console shows demand
Stainless Steel,SS 410,channels,Thane,Maharashtra,,india_city,Duplicate / cannibalizing risk,/materials/ss-410-supplier-india.html,Hold unless Search Console shows demand
Stainless Steel,SS 410,channels,Nashik,Maharashtra,,india_city,Duplicate / cannibalizing risk,/materials/ss-410-supplier-india.html,Hold unless Search Console shows demand
Stainless Steel,SS 410,channels,Chhatrapati Sambhajinagar / Aurangabad,Maharashtra,,india_city,Duplicate / cannibalizing risk,/materials/ss-410-supplier-india.html,Hold unless Search Console shows demand
Stainless Steel,SS 410,channels,Nagpur / Butibori,Maharashtra,,india_city,Duplicate / cannibalizing risk,/materials/ss-410-supplier-india.html,Hold unless Search Console shows demand
Stainless Steel,SS 410,channels,Hazira,Gujarat,,india_city,Duplicate / cannibalizing risk,/materials/ss-410-supplier-india.html,Hold unless Search Console shows demand
Stainless Steel,SS 410,channels,Rajkot,Gujarat,,india_city,Duplicate / cannibalizing risk,/materials/ss-410-supplier-india.html,Hold unless Search Console shows demand
Stainless Steel,SS 410,channels,Jamnagar,Gujarat,,india_city,Duplicate / cannibalizing risk,/materials/ss-410-supplier-india.html,Hold unless Search Console shows demand
Stainless Steel,SS 410,channels,Sriperumbudur,Tamil Nadu,,india_city,Duplicate / cannibalizing risk,/materials/ss-410-supplier-india.html,Hold unless Search Console shows demand
Stainless Steel,SS 410,channels,Oragadam,Tamil Nadu,,india_city,Duplicate / cannibalizing risk,/materials/ss-410-supplier-india.html,Hold unless Search Console shows demand
Stainless Steel,SS 410,channels,Hosur,Tamil Nadu,,india_city,Duplicate / cannibalizing risk,/materials/ss-410-supplier-india.html,Hold unless Search Console shows demand
Stainless Steel,SS 410,channels,Salem,Tamil Nadu,,india_city,Duplicate / cannibalizing risk,/materials/ss-410-supplier-india.html,Hold unless Search Console shows demand
Stainless Steel,SS 410,channels,Trichy,Tamil Nadu,,india_city,Duplicate / cannibalizing risk,/materials/ss-410-supplier-india.html,Hold unless Search Console shows demand
Stainless Steel,SS 410,channels,Bommasandra,Karnataka,,india_city,Duplicate / cannibalizing risk,/materials/ss-410-supplier-india.html,Hold unless Search Console shows demand
Stainless Steel,SS 410,channels,Mysuru,Karnataka,,india_city,Duplicate / cannibalizing risk,/materials/ss-410-supplier-india.html,Hold unless Search Console shows demand
Stainless Steel,SS 410,channels,Mangaluru,Karnataka,,india_city,Duplicate / cannibalizing risk,/materials/ss-410-supplier-india.html,Hold unless Search Console shows demand
Stainless Steel,SS 410,channels,Secunderabad,Telangana,,india_city,Duplicate / cannibalizing risk,/materials/ss-410-supplier-india.html,Hold unless Search Console shows demand
Stainless Steel,SS 410,channels,Kakinada,Andhra Pradesh,,india_city,Duplicate / cannibalizing risk,/materials/ss-410-supplier-india.html,Hold unless Search Console shows demand
Stainless Steel,SS 410,channels,Vijayawada,Andhra Pradesh,,india_city,Duplicate / cannibalizing risk,/materials/ss-410-supplier-india.html,Hold unless Search Console shows demand
Stainless Steel,SS 410,channels,Greater Noida,Uttar Pradesh,,india_city,Duplicate / cannibalizing risk,/materials/ss-410-supplier-india.html,Hold unless Search Console shows demand
Stainless Steel,SS 410,channels,Ghaziabad,Uttar Pradesh,,india_city,Duplicate / cannibalizing risk,/materials/ss-410-supplier-india.html,Hold unless Search Console shows demand
Stainless Steel,SS 410,channels,Jaipur,Rajasthan,,india_city,Duplicate / cannibalizing risk,/materials/ss-410-supplier-india.html,Hold unless Search Console shows demand
Stainless Steel,SS 410,channels,Indore,Madhya Pradesh,,india_city,Duplicate / cannibalizing risk,/materials/ss-410-supplier-india.html,Hold unless Search Console shows demand
Stainless Steel,SS 410,channels,Pithampur,Madhya Pradesh,,india_city,Duplicate / cannibalizing risk,/materials/ss-410-supplier-india.html,Hold unless Search Console shows demand
Stainless Steel,SS 410,channels,Bhopal / Mandideep,Madhya Pradesh,,india_city,Duplicate / cannibalizing risk,/materials/ss-410-supplier-india.html,Hold unless Search Console shows demand
Stainless Steel,SS 410,channels,Kolkata,West Bengal,,india_city,Duplicate / cannibalizing risk,/materials/ss-410-supplier-india.html,Hold unless Search Console shows demand
Stainless Steel,SS 410,channels,Howrah,West Bengal,,india_city,Duplicate / cannibalizing risk,/materials/ss-410-supplier-india.html,Hold unless Search Console shows demand
Stainless Steel,SS 410,channels,Durgapur,West Bengal,,india_city,Duplicate / cannibalizing risk,/materials/ss-410-supplier-india.html,Hold unless Search Console shows demand
Stainless Steel,SS 410,channels,Jamshedpur,Jharkhand,,india_city,Duplicate / cannibalizing risk,/materials/ss-410-supplier-india.html,Hold unless Search Console shows demand
Stainless Steel,SS 410,channels,Ludhiana,Punjab,,india_city,Duplicate / cannibalizing risk,/materials/ss-410-supplier-india.html,Hold unless Search Console shows demand
Stainless Steel,SS 410,fasteners,Navi Mumbai,Maharashtra,,india_city,Duplicate / cannibalizing risk,/materials/ss-410-supplier-india.html,Hold unless Search Console shows demand
Stainless Steel,SS 410,fasteners,Thane,Maharashtra,,india_city,Duplicate / cannibalizing risk,/materials/ss-410-supplier-india.html,Hold unless Search Console shows demand
Stainless Steel,SS 410,fasteners,Nashik,Maharashtra,,india_city,Duplicate / cannibalizing risk,/materials/ss-410-supplier-india.html,Hold unless Search Console shows demand
Stainless Steel,SS 410,fasteners,Chhatrapati Sambhajinagar / Aurangabad,Maharashtra,,india_city,Duplicate / cannibalizing risk,/materials/ss-410-supplier-india.html,Hold unless Search Console shows demand
Stainless Steel,SS 410,fasteners,Nagpur / Butibori,Maharashtra,,india_city,Duplicate / cannibalizing risk,/materials/ss-410-supplier-india.html,Hold unless Search Console shows demand
Stainless Steel,SS 410,fasteners,Hazira,Gujarat,,india_city,Duplicate / cannibalizing risk,/materials/ss-410-supplier-india.html,Hold unless Search Console shows demand
Stainless Steel,SS 410,fasteners,Rajkot,Gujarat,,india_city,Duplicate / cannibalizing risk,/materials/ss-410-supplier-india.html,Hold unless Search Console shows demand
Stainless Steel,SS 410,fasteners,Jamnagar,Gujarat,,india_city,Duplicate / cannibalizing risk,/materials/ss-410-supplier-india.html,Hold unless Search Console shows demand
Stainless Steel,SS 410,fasteners,Sriperumbudur,Tamil Nadu,,india_city,Duplicate / cannibalizing risk,/materials/ss-410-supplier-india.html,Hold unless Search Console shows demand
Stainless Steel,SS 410,fasteners,Oragadam,Tamil Nadu,,india_city,Duplicate / cannibalizing risk,/materials/ss-410-supplier-india.html,Hold unless Search Console shows demand
Stainless Steel,SS 410,fasteners,Hosur,Tamil Nadu,,india_city,Duplicate / cannibalizing risk,/materials/ss-410-supplier-india.html,Hold unless Search Console shows demand
Stainless Steel,SS 410,fasteners,Salem,Tamil Nadu,,india_city,Duplicate / cannibalizing risk,/materials/ss-410-supplier-india.html,Hold unless Search Console shows demand
Stainless Steel,SS 410,fasteners,Trichy,Tamil Nadu,,india_city,Duplicate / cannibalizing risk,/materials/ss-410-supplier-india.html,Hold unless Search Console shows demand
Stainless Steel,SS 410,fasteners,Bommasandra,Karnataka,,india_city,Duplicate / cannibalizing risk,/materials/ss-410-supplier-india.html,Hold unless Search Console shows demand
Stainless Steel,SS 410,fasteners,Mysuru,Karnataka,,india_city,Duplicate / cannibalizing risk,/materials/ss-410-supplier-india.html,Hold unless Search Console shows demand
Stainless Steel,SS 410,fasteners,Mangaluru,Karnataka,,india_city,Duplicate / cannibalizing risk,/materials/ss-410-supplier-india.html,Hold unless Search Console shows demand
Stainless Steel,SS 410,fasteners,Secunderabad,Telangana,,india_city,Duplicate / cannibalizing risk,/materials/ss-410-supplier-india.html,Hold unless Search Console shows demand
Stainless Steel,SS 410,fasteners,Kakinada,Andhra Pradesh,,india_city,Duplicate / cannibalizing risk,/materials/ss-410-supplier-india.html,Hold unless Search Console shows demand
Stainless Steel,SS 410,fasteners,Vijayawada,Andhra Pradesh,,india_city,Duplicate / cannibalizing risk,/materials/ss-410-supplier-india.html,Hold unless Search Console shows demand
Stainless Steel,SS 410,fasteners,Greater Noida,Uttar Pradesh,,india_city,Duplicate / cannibalizing risk,/materials/ss-410-supplier-india.html,Hold unless Search Console shows demand
Stainless Steel,SS 410,fasteners,Ghaziabad,Uttar Pradesh,,india_city,Duplicate / cannibalizing risk,/materials/ss-410-supplier-india.html,Hold unless Search Console shows demand
Stainless Steel,SS 410,fasteners,Jaipur,Rajasthan,,india_city,Duplicate / cannibalizing risk,/materials/ss-410-supplier-india.html,Hold unless Search Console shows demand
Stainless Steel,SS 410,fasteners,Indore,Madhya Pradesh,,india_city,Duplicate / cannibalizing risk,/materials/ss-410-supplier-india.html,Hold unless Search Console shows demand
Stainless Steel,SS 410,fasteners,Pithampur,Madhya Pradesh,,india_city,Duplicate / cannibalizing risk,/materials/ss-410-supplier-india.html,Hold unless Search Console shows demand
Stainless Steel,SS 410,fasteners,Bhopal / Mandideep,Madhya Pradesh,,india_city,Duplicate / cannibalizing risk,/materials/ss-410-supplier-india.html,Hold unless Search Console shows demand
Stainless Steel,SS 410,fasteners,Kolkata,West Bengal,,india_city,Duplicate / cannibalizing risk,/materials/ss-410-supplier-india.html,Hold unless Search Console shows demand
Stainless Steel,SS 410,fasteners,Howrah,West Bengal,,india_city,Duplicate / cannibalizing risk,/materials/ss-410-supplier-india.html,Hold unless Search Console shows demand
Stainless Steel,SS 410,fasteners,Durgapur,West Bengal,,india_city,Duplicate / cannibalizing risk,/materials/ss-410-supplier-india.html,Hold unless Search Console shows demand
Stainless Steel,SS 410,fasteners,Jamshedpur,Jharkhand,,india_city,Duplicate / cannibalizing risk,/materials/ss-410-supplier-india.html,Hold unless Search Console shows demand
Stainless Steel,SS 410,fasteners,Ludhiana,Punjab,,india_city,Duplicate / cannibalizing risk,/materials/ss-410-supplier-india.html,Hold unless Search Console shows demand
Stainless Steel,SS 410,wire mesh,Navi Mumbai,Maharashtra,,india_city,Duplicate / cannibalizing risk,/materials/ss-410-supplier-india.html,Hold unless Search Console shows demand
Stainless Steel,SS 410,wire mesh,Thane,Maharashtra,,india_city,Duplicate / cannibalizing risk,/materials/ss-410-supplier-india.html,Hold unless Search Console shows demand
Stainless Steel,SS 410,wire mesh,Nashik,Maharashtra,,india_city,Duplicate / cannibalizing risk,/materials/ss-410-supplier-india.html,Hold unless Search Console shows demand
Stainless Steel,SS 410,wire mesh,Chhatrapati Sambhajinagar / Aurangabad,Maharashtra,,india_city,Duplicate / cannibalizing risk,/materials/ss-410-supplier-india.html,Hold unless Search Console shows demand
Stainless Steel,SS 410,wire mesh,Nagpur / Butibori,Maharashtra,,india_city,Duplicate / cannibalizing risk,/materials/ss-410-supplier-india.html,Hold unless Search Console shows demand
Stainless Steel,SS 410,wire mesh,Hazira,Gujarat,,india_city,Duplicate / cannibalizing risk,/materials/ss-410-supplier-india.html,Hold unless Search Console shows demand
Stainless Steel,SS 410,wire mesh,Rajkot,Gujarat,,india_city,Duplicate / cannibalizing risk,/materials/ss-410-supplier-india.html,Hold unless Search Console shows demand
Stainless Steel,SS 410,wire mesh,Jamnagar,Gujarat,,india_city,Duplicate / cannibalizing risk,/materials/ss-410-supplier-india.html,Hold unless Search Console shows demand
Stainless Steel,SS 410,wire mesh,Sriperumbudur,Tamil Nadu,,india_city,Duplicate / cannibalizing risk,/materials/ss-410-supplier-india.html,Hold unless Search Console shows demand
Stainless Steel,SS 410,wire mesh,Oragadam,Tamil Nadu,,india_city,Duplicate / cannibalizing risk,/materials/ss-410-supplier-india.html,Hold unless Search Console shows demand
Stainless Steel,SS 410,wire mesh,Hosur,Tamil Nadu,,india_city,Duplicate / cannibalizing risk,/materials/ss-410-supplier-india.html,Hold unless Search Console shows demand
Stainless Steel,SS 410,wire mesh,Salem,Tamil Nadu,,india_city,Duplicate / cannibalizing risk,/materials/ss-410-supplier-india.html,Hold unless Search Console shows demand
Stainless Steel,SS 410,wire mesh,Trichy,Tamil Nadu,,india_city,Duplicate / cannibalizing risk,/materials/ss-410-supplier-india.html,Hold unless Search Console shows demand
Stainless Steel,SS 410,wire mesh,Bommasandra,Karnataka,,india_city,Duplicate / cannibalizing risk,/materials/ss-410-supplier-india.html,Hold unless Search Console shows demand
Stainless Steel,SS 410,wire mesh,Mysuru,Karnataka,,india_city,Duplicate / cannibalizing risk,/materials/ss-410-supplier-india.html,Hold unless Search Console shows demand
Stainless Steel,SS 410,wire mesh,Mangaluru,Karnataka,,india_city,Duplicate / cannibalizing risk,/materials/ss-410-supplier-india.html,Hold unless Search Console shows demand
Stainless Steel,SS 410,wire mesh,Secunderabad,Telangana,,india_city,Duplicate / cannibalizing risk,/materials/ss-410-supplier-india.html,Hold unless Search Console shows demand
Stainless Steel,SS 410,wire mesh,Kakinada,Andhra Pradesh,,india_city,Duplicate / cannibalizing risk,/materials/ss-410-supplier-india.html,Hold unless Search Console shows demand
Stainless Steel,SS 410,wire mesh,Vijayawada,Andhra Pradesh,,india_city,Duplicate / cannibalizing risk,/materials/ss-410-supplier-india.html,Hold unless Search Console shows demand
Stainless Steel,SS 410,wire mesh,Greater Noida,Uttar Pradesh,,india_city,Duplicate / cannibalizing risk,/materials/ss-410-supplier-india.html,Hold unless Search Console shows demand
Stainless Steel,SS 410,wire mesh,Ghaziabad,Uttar Pradesh,,india_city,Duplicate / cannibalizing risk,/materials/ss-410-supplier-india.html,Hold unless Search Console shows demand
Stainless Steel,SS 410,wire mesh,Jaipur,Rajasthan,,india_city,Duplicate / cannibalizing risk,/materials/ss-410-supplier-india.html,Hold unless Search Console shows demand
Stainless Steel,SS 410,wire mesh,Indore,Madhya Pradesh,,india_city,Duplicate / cannibalizing risk,/materials/ss-410-supplier-india.html,Hold unless Search Console shows demand
Stainless Steel,SS 410,wire mesh,Pithampur,Madhya Pradesh,,india_city,Duplicate / cannibalizing risk,/materials/ss-410-supplier-india.html,Hold unless Search Console shows demand
Stainless Steel,SS 410,wire mesh,Bhopal / Mandideep,Madhya Pradesh,,india_city,Duplicate / cannibalizing risk,/materials/ss-410-supplier-india.html,Hold unless Search Console shows demand
Stainless Steel,SS 410,wire mesh,Kolkata,West Bengal,,india_city,Duplicate / cannibalizing risk,/materials/ss-410-supplier-india.html,Hold unless Search Console shows demand
Stainless Steel,SS 410,wire mesh,Howrah,West Bengal,,india_city,Duplicate / cannibalizing risk,/materials/ss-410-supplier-india.html,Hold unless Search Console shows demand
Stainless Steel,SS 410,wire mesh,Durgapur,West Bengal,,india_city,Duplicate / cannibalizing risk,/materials/ss-410-supplier-india.html,Hold unless Search Console shows demand
Stainless Steel,SS 410,wire mesh,Jamshedpur,Jharkhand,,india_city,Duplicate / cannibalizing risk,/materials/ss-410-supplier-india.html,Hold unless Search Console shows demand
Stainless Steel,SS 410,wire mesh,Ludhiana,Punjab,,india_city,Duplicate / cannibalizing risk,/materials/ss-410-supplier-india.html,Hold unless Search Console shows demand
Stainless Steel,SS 410,perforated sheets,Navi Mumbai,Maharashtra,,india_city,Duplicate / cannibalizing risk,/materials/ss-410-supplier-india.html,Hold unless Search Console shows demand
Stainless Steel,SS 410,perforated sheets,Thane,Maharashtra,,india_city,Duplicate / cannibalizing risk,/materials/ss-410-supplier-india.html,Hold unless Search Console shows demand
Stainless Steel,SS 410,perforated sheets,Nashik,Maharashtra,,india_city,Duplicate / cannibalizing risk,/materials/ss-410-supplier-india.html,Hold unless Search Console shows demand
Stainless Steel,SS 410,perforated sheets,Chhatrapati Sambhajinagar / Aurangabad,Maharashtra,,india_city,Duplicate / cannibalizing risk,/materials/ss-410-supplier-india.html,Hold unless Search Console shows demand
Stainless Steel,SS 410,perforated sheets,Nagpur / Butibori,Maharashtra,,india_city,Duplicate / cannibalizing risk,/materials/ss-410-supplier-india.html,Hold unless Search Console shows demand
Stainless Steel,SS 410,perforated sheets,Hazira,Gujarat,,india_city,Duplicate / cannibalizing risk,/materials/ss-410-supplier-india.html,Hold unless Search Console shows demand
Stainless Steel,SS 410,perforated sheets,Rajkot,Gujarat,,india_city,Duplicate / cannibalizing risk,/materials/ss-410-supplier-india.html,Hold unless Search Console shows demand
Stainless Steel,SS 410,perforated sheets,Jamnagar,Gujarat,,india_city,Duplicate / cannibalizing risk,/materials/ss-410-supplier-india.html,Hold unless Search Console shows demand
Stainless Steel,SS 410,perforated sheets,Sriperumbudur,Tamil Nadu,,india_city,Duplicate / cannibalizing risk,/materials/ss-410-supplier-india.html,Hold unless Search Console shows demand
Stainless Steel,SS 410,perforated sheets,Oragadam,Tamil Nadu,,india_city,Duplicate / cannibalizing risk,/materials/ss-410-supplier-india.html,Hold unless Search Console shows demand
Stainless Steel,SS 410,perforated sheets,Hosur,Tamil Nadu,,india_city,Duplicate / cannibalizing risk,/materials/ss-410-supplier-india.html,Hold unless Search Console shows demand
Stainless Steel,SS 410,perforated sheets,Salem,Tamil Nadu,,india_city,Duplicate / cannibalizing risk,/materials/ss-410-supplier-india.html,Hold unless Search Console shows demand
Stainless Steel,SS 410,perforated sheets,Trichy,Tamil Nadu,,india_city,Duplicate / cannibalizing risk,/materials/ss-410-supplier-india.html,Hold unless Search Console shows demand
Stainless Steel,SS 410,perforated sheets,Bommasandra,Karnataka,,india_city,Duplicate / cannibalizing risk,/materials/ss-410-supplier-india.html,Hold unless Search Console shows demand
Stainless Steel,SS 410,perforated sheets,Mysuru,Karnataka,,india_city,Duplicate / cannibalizing risk,/materials/ss-410-supplier-india.html,Hold unless Search Console shows demand
Stainless Steel,SS 410,perforated sheets,Mangaluru,Karnataka,,india_city,Duplicate / cannibalizing risk,/materials/ss-410-supplier-india.html,Hold unless Search Console shows demand
Stainless Steel,SS 410,perforated sheets,Secunderabad,Telangana,,india_city,Duplicate / cannibalizing risk,/materials/ss-410-supplier-india.html,Hold unless Search Console shows demand
Stainless Steel,SS 410,perforated sheets,Kakinada,Andhra Pradesh,,india_city,Duplicate / cannibalizing risk,/materials/ss-410-supplier-india.html,Hold unless Search Console shows demand
Stainless Steel,SS 410,perforated sheets,Vijayawada,Andhra Pradesh,,india_city,Duplicate / cannibalizing risk,/materials/ss-410-supplier-india.html,Hold unless Search Console shows demand
Stainless Steel,SS 410,perforated sheets,Greater Noida,Uttar Pradesh,,india_city,Duplicate / cannibalizing risk,/materials/ss-410-supplier-india.html,Hold unless Search Console shows demand
Stainless Steel,SS 410,perforated sheets,Ghaziabad,Uttar Pradesh,,india_city,Duplicate / cannibalizing risk,/materials/ss-410-supplier-india.html,Hold unless Search Console shows demand
Stainless Steel,SS 410,perforated sheets,Jaipur,Rajasthan,,india_city,Duplicate / cannibalizing risk,/materials/ss-410-supplier-india.html,Hold unless Search Console shows demand
Stainless Steel,SS 410,perforated sheets,Indore,Madhya Pradesh,,india_city,Duplicate / cannibalizing risk,/materials/ss-410-supplier-india.html,Hold unless Search Console shows demand
Stainless Steel,SS 410,perforated sheets,Pithampur,Madhya Pradesh,,india_city,Duplicate / cannibalizing risk,/materials/ss-410-supplier-india.html,Hold unless Search Console shows demand
Stainless Steel,SS 410,perforated sheets,Bhopal / Mandideep,Madhya Pradesh,,india_city,Duplicate / cannibalizing risk,/materials/ss-410-supplier-india.html,Hold unless Search Console shows demand
Stainless Steel,SS 410,perforated sheets,Kolkata,West Bengal,,india_city,Duplicate / cannibalizing risk,/materials/ss-410-supplier-india.html,Hold unless Search Console shows demand
Stainless Steel,SS 410,perforated sheets,Howrah,West Bengal,,india_city,Duplicate / cannibalizing risk,/materials/ss-410-supplier-india.html,Hold unless Search Console shows demand
Stainless Steel,SS 410,perforated sheets,Durgapur,West Bengal,,india_city,Duplicate / cannibalizing risk,/materials/ss-410-supplier-india.html,Hold unless Search Console shows demand
Stainless Steel,SS 410,perforated sheets,Jamshedpur,Jharkhand,,india_city,Duplicate / cannibalizing risk,/materials/ss-410-supplier-india.html,Hold unless Search Console shows demand
Stainless Steel,SS 410,perforated sheets,Ludhiana,Punjab,,india_city,Duplicate / cannibalizing risk,/materials/ss-410-supplier-india.html,Hold unless Search Console shows demand
Stainless Steel,SS 420,tubes,Navi Mumbai,Maharashtra,,india_city,Duplicate / cannibalizing risk,/materials/ss-420-supplier-india.html,Hold unless Search Console shows demand
Stainless Steel,SS 420,tubes,Thane,Maharashtra,,india_city,Duplicate / cannibalizing risk,/materials/ss-420-supplier-india.html,Hold unless Search Console shows demand
Stainless Steel,SS 420,tubes,Nashik,Maharashtra,,india_city,Duplicate / cannibalizing risk,/materials/ss-420-supplier-india.html,Hold unless Search Console shows demand
Stainless Steel,SS 420,tubes,Chhatrapati Sambhajinagar / Aurangabad,Maharashtra,,india_city,Duplicate / cannibalizing risk,/materials/ss-420-supplier-india.html,Hold unless Search Console shows demand
Stainless Steel,SS 420,tubes,Nagpur / Butibori,Maharashtra,,india_city,Duplicate / cannibalizing risk,/materials/ss-420-supplier-india.html,Hold unless Search Console shows demand
Stainless Steel,SS 420,tubes,Hazira,Gujarat,,india_city,Duplicate / cannibalizing risk,/materials/ss-420-supplier-india.html,Hold unless Search Console shows demand
Stainless Steel,SS 420,tubes,Rajkot,Gujarat,,india_city,Duplicate / cannibalizing risk,/materials/ss-420-supplier-india.html,Hold unless Search Console shows demand
Stainless Steel,SS 420,tubes,Jamnagar,Gujarat,,india_city,Duplicate / cannibalizing risk,/materials/ss-420-supplier-india.html,Hold unless Search Console shows demand
Stainless Steel,SS 420,tubes,Sriperumbudur,Tamil Nadu,,india_city,Duplicate / cannibalizing risk,/materials/ss-420-supplier-india.html,Hold unless Search Console shows demand
Stainless Steel,SS 420,tubes,Oragadam,Tamil Nadu,,india_city,Duplicate / cannibalizing risk,/materials/ss-420-supplier-india.html,Hold unless Search Console shows demand
Stainless Steel,SS 420,tubes,Hosur,Tamil Nadu,,india_city,Duplicate / cannibalizing risk,/materials/ss-420-supplier-india.html,Hold unless Search Console shows demand
Stainless Steel,SS 420,tubes,Salem,Tamil Nadu,,india_city,Duplicate / cannibalizing risk,/materials/ss-420-supplier-india.html,Hold unless Search Console shows demand
Stainless Steel,SS 420,tubes,Trichy,Tamil Nadu,,india_city,Duplicate / cannibalizing risk,/materials/ss-420-supplier-india.html,Hold unless Search Console shows demand
Stainless Steel,SS 420,tubes,Bommasandra,Karnataka,,india_city,Duplicate / cannibalizing risk,/materials/ss-420-supplier-india.html,Hold unless Search Console shows demand
Stainless Steel,SS 420,tubes,Mysuru,Karnataka,,india_city,Duplicate / cannibalizing risk,/materials/ss-420-supplier-india.html,Hold unless Search Console shows demand
Stainless Steel,SS 420,tubes,Mangaluru,Karnataka,,india_city,Duplicate / cannibalizing risk,/materials/ss-420-supplier-india.html,Hold unless Search Console shows demand
Stainless Steel,SS 420,tubes,Secunderabad,Telangana,,india_city,Duplicate / cannibalizing risk,/materials/ss-420-supplier-india.html,Hold unless Search Console shows demand
Stainless Steel,SS 420,tubes,Kakinada,Andhra Pradesh,,india_city,Duplicate / cannibalizing risk,/materials/ss-420-supplier-india.html,Hold unless Search Console shows demand
Stainless Steel,SS 420,tubes,Vijayawada,Andhra Pradesh,,india_city,Duplicate / cannibalizing risk,/materials/ss-420-supplier-india.html,Hold unless Search Console shows demand
Stainless Steel,SS 420,tubes,Greater Noida,Uttar Pradesh,,india_city,Duplicate / cannibalizing risk,/materials/ss-420-supplier-india.html,Hold unless Search Console shows demand
Stainless Steel,SS 420,tubes,Ghaziabad,Uttar Pradesh,,india_city,Duplicate / cannibalizing risk,/materials/ss-420-supplier-india.html,Hold unless Search Console shows demand
Stainless Steel,SS 420,tubes,Jaipur,Rajasthan,,india_city,Duplicate / cannibalizing risk,/materials/ss-420-supplier-india.html,Hold unless Search Console shows demand
Stainless Steel,SS 420,tubes,Indore,Madhya Pradesh,,india_city,Duplicate / cannibalizing risk,/materials/ss-420-supplier-india.html,Hold unless Search Console shows demand
Stainless Steel,SS 420,tubes,Pithampur,Madhya Pradesh,,india_city,Duplicate / cannibalizing risk,/materials/ss-420-supplier-india.html,Hold unless Search Console shows demand
Stainless Steel,SS 420,tubes,Bhopal / Mandideep,Madhya Pradesh,,india_city,Duplicate / cannibalizing risk,/materials/ss-420-supplier-india.html,Hold unless Search Console shows demand
Stainless Steel,SS 420,tubes,Kolkata,West Bengal,,india_city,Duplicate / cannibalizing risk,/materials/ss-420-supplier-india.html,Hold unless Search Console shows demand
Stainless Steel,SS 420,tubes,Howrah,West Bengal,,india_city,Duplicate / cannibalizing risk,/materials/ss-420-supplier-india.html,Hold unless Search Console shows demand
Stainless Steel,SS 420,tubes,Durgapur,West Bengal,,india_city,Duplicate / cannibalizing risk,/materials/ss-420-supplier-india.html,Hold unless Search Console shows demand
Stainless Steel,SS 420,tubes,Jamshedpur,Jharkhand,,india_city,Duplicate / cannibalizing risk,/materials/ss-420-supplier-india.html,Hold unless Search Console shows demand
Stainless Steel,SS 420,tubes,Ludhiana,Punjab,,india_city,Duplicate / cannibalizing risk,/materials/ss-420-supplier-india.html,Hold unless Search Console shows demand
Stainless Steel,SS 420,rods,Navi Mumbai,Maharashtra,,india_city,Duplicate / cannibalizing risk,/materials/ss-420-supplier-india.html,Hold unless Search Console shows demand
Stainless Steel,SS 420,rods,Thane,Maharashtra,,india_city,Duplicate / cannibalizing risk,/materials/ss-420-supplier-india.html,Hold unless Search Console shows demand
Stainless Steel,SS 420,rods,Nashik,Maharashtra,,india_city,Duplicate / cannibalizing risk,/materials/ss-420-supplier-india.html,Hold unless Search Console shows demand
Stainless Steel,SS 420,rods,Chhatrapati Sambhajinagar / Aurangabad,Maharashtra,,india_city,Duplicate / cannibalizing risk,/materials/ss-420-supplier-india.html,Hold unless Search Console shows demand
Stainless Steel,SS 420,rods,Nagpur / Butibori,Maharashtra,,india_city,Duplicate / cannibalizing risk,/materials/ss-420-supplier-india.html,Hold unless Search Console shows demand
Stainless Steel,SS 420,rods,Hazira,Gujarat,,india_city,Duplicate / cannibalizing risk,/materials/ss-420-supplier-india.html,Hold unless Search Console shows demand
Stainless Steel,SS 420,rods,Rajkot,Gujarat,,india_city,Duplicate / cannibalizing risk,/materials/ss-420-supplier-india.html,Hold unless Search Console shows demand
Stainless Steel,SS 420,rods,Jamnagar,Gujarat,,india_city,Duplicate / cannibalizing risk,/materials/ss-420-supplier-india.html,Hold unless Search Console shows demand
Stainless Steel,SS 420,rods,Sriperumbudur,Tamil Nadu,,india_city,Duplicate / cannibalizing risk,/materials/ss-420-supplier-india.html,Hold unless Search Console shows demand
Stainless Steel,SS 420,rods,Oragadam,Tamil Nadu,,india_city,Duplicate / cannibalizing risk,/materials/ss-420-supplier-india.html,Hold unless Search Console shows demand
Stainless Steel,SS 420,rods,Hosur,Tamil Nadu,,india_city,Duplicate / cannibalizing risk,/materials/ss-420-supplier-india.html,Hold unless Search Console shows demand
Stainless Steel,SS 420,rods,Salem,Tamil Nadu,,india_city,Duplicate / cannibalizing risk,/materials/ss-420-supplier-india.html,Hold unless Search Console shows demand
Stainless Steel,SS 420,rods,Trichy,Tamil Nadu,,india_city,Duplicate / cannibalizing risk,/materials/ss-420-supplier-india.html,Hold unless Search Console shows demand
Stainless Steel,SS 420,rods,Bommasandra,Karnataka,,india_city,Duplicate / cannibalizing risk,/materials/ss-420-supplier-india.html,Hold unless Search Console shows demand
Stainless Steel,SS 420,rods,Mysuru,Karnataka,,india_city,Duplicate / cannibalizing risk,/materials/ss-420-supplier-india.html,Hold unless Search Console shows demand
Stainless Steel,SS 420,rods,Mangaluru,Karnataka,,india_city,Duplicate / cannibalizing risk,/materials/ss-420-supplier-india.html,Hold unless Search Console shows demand
Stainless Steel,SS 420,rods,Secunderabad,Telangana,,india_city,Duplicate / cannibalizing risk,/materials/ss-420-supplier-india.html,Hold unless Search Console shows demand
Stainless Steel,SS 420,rods,Kakinada,Andhra Pradesh,,india_city,Duplicate / cannibalizing risk,/materials/ss-420-supplier-india.html,Hold unless Search Console shows demand
Stainless Steel,SS 420,rods,Vijayawada,Andhra Pradesh,,india_city,Duplicate / cannibalizing risk,/materials/ss-420-supplier-india.html,Hold unless Search Console shows demand
Stainless Steel,SS 420,rods,Greater Noida,Uttar Pradesh,,india_city,Duplicate / cannibalizing risk,/materials/ss-420-supplier-india.html,Hold unless Search Console shows demand
Stainless Steel,SS 420,rods,Ghaziabad,Uttar Pradesh,,india_city,Duplicate / cannibalizing risk,/materials/ss-420-supplier-india.html,Hold unless Search Console shows demand
Stainless Steel,SS 420,rods,Jaipur,Rajasthan,,india_city,Duplicate / cannibalizing risk,/materials/ss-420-supplier-india.html,Hold unless Search Console shows demand
Stainless Steel,SS 420,rods,Indore,Madhya Pradesh,,india_city,Duplicate / cannibalizing risk,/materials/ss-420-supplier-india.html,Hold unless Search Console shows demand
Stainless Steel,SS 420,rods,Pithampur,Madhya Pradesh,,india_city,Duplicate / cannibalizing risk,/materials/ss-420-supplier-india.html,Hold unless Search Console shows demand
Stainless Steel,SS 420,rods,Bhopal / Mandideep,Madhya Pradesh,,india_city,Duplicate / cannibalizing risk,/materials/ss-420-supplier-india.html,Hold unless Search Console shows demand
Stainless Steel,SS 420,rods,Kolkata,West Bengal,,india_city,Duplicate / cannibalizing risk,/materials/ss-420-supplier-india.html,Hold unless Search Console shows demand
Stainless Steel,SS 420,rods,Howrah,West Bengal,,india_city,Duplicate / cannibalizing risk,/materials/ss-420-supplier-india.html,Hold unless Search Console shows demand
Stainless Steel,SS 420,rods,Durgapur,West Bengal,,india_city,Duplicate / cannibalizing risk,/materials/ss-420-supplier-india.html,Hold unless Search Console shows demand
Stainless Steel,SS 420,rods,Jamshedpur,Jharkhand,,india_city,Duplicate / cannibalizing risk,/materials/ss-420-supplier-india.html,Hold unless Search Console shows demand
Stainless Steel,SS 420,rods,Ludhiana,Punjab,,india_city,Duplicate / cannibalizing risk,/materials/ss-420-supplier-india.html,Hold unless Search Console shows demand
Stainless Steel,SS 420,flats,Navi Mumbai,Maharashtra,,india_city,Duplicate / cannibalizing risk,/materials/ss-420-supplier-india.html,Hold unless Search Console shows demand
Stainless Steel,SS 420,flats,Thane,Maharashtra,,india_city,Duplicate / cannibalizing risk,/materials/ss-420-supplier-india.html,Hold unless Search Console shows demand
Stainless Steel,SS 420,flats,Nashik,Maharashtra,,india_city,Duplicate / cannibalizing risk,/materials/ss-420-supplier-india.html,Hold unless Search Console shows demand
Stainless Steel,SS 420,flats,Chhatrapati Sambhajinagar / Aurangabad,Maharashtra,,india_city,Duplicate / cannibalizing risk,/materials/ss-420-supplier-india.html,Hold unless Search Console shows demand
Stainless Steel,SS 420,flats,Nagpur / Butibori,Maharashtra,,india_city,Duplicate / cannibalizing risk,/materials/ss-420-supplier-india.html,Hold unless Search Console shows demand
Stainless Steel,SS 420,flats,Hazira,Gujarat,,india_city,Duplicate / cannibalizing risk,/materials/ss-420-supplier-india.html,Hold unless Search Console shows demand
Stainless Steel,SS 420,flats,Rajkot,Gujarat,,india_city,Duplicate / cannibalizing risk,/materials/ss-420-supplier-india.html,Hold unless Search Console shows demand
Stainless Steel,SS 420,flats,Jamnagar,Gujarat,,india_city,Duplicate / cannibalizing risk,/materials/ss-420-supplier-india.html,Hold unless Search Console shows demand
Stainless Steel,SS 420,flats,Sriperumbudur,Tamil Nadu,,india_city,Duplicate / cannibalizing risk,/materials/ss-420-supplier-india.html,Hold unless Search Console shows demand
Stainless Steel,SS 420,flats,Oragadam,Tamil Nadu,,india_city,Duplicate / cannibalizing risk,/materials/ss-420-supplier-india.html,Hold unless Search Console shows demand
Stainless Steel,SS 420,flats,Hosur,Tamil Nadu,,india_city,Duplicate / cannibalizing risk,/materials/ss-420-supplier-india.html,Hold unless Search Console shows demand
Stainless Steel,SS 420,flats,Salem,Tamil Nadu,,india_city,Duplicate / cannibalizing risk,/materials/ss-420-supplier-india.html,Hold unless Search Console shows demand
Stainless Steel,SS 420,flats,Trichy,Tamil Nadu,,india_city,Duplicate / cannibalizing risk,/materials/ss-420-supplier-india.html,Hold unless Search Console shows demand
Stainless Steel,SS 420,flats,Bommasandra,Karnataka,,india_city,Duplicate / cannibalizing risk,/materials/ss-420-supplier-india.html,Hold unless Search Console shows demand
Stainless Steel,SS 420,flats,Mysuru,Karnataka,,india_city,Duplicate / cannibalizing risk,/materials/ss-420-supplier-india.html,Hold unless Search Console shows demand
Stainless Steel,SS 420,flats,Mangaluru,Karnataka,,india_city,Duplicate / cannibalizing risk,/materials/ss-420-supplier-india.html,Hold unless Search Console shows demand
Stainless Steel,SS 420,flats,Secunderabad,Telangana,,india_city,Duplicate / cannibalizing risk,/materials/ss-420-supplier-india.html,Hold unless Search Console shows demand
Stainless Steel,SS 420,flats,Kakinada,Andhra Pradesh,,india_city,Duplicate / cannibalizing risk,/materials/ss-420-supplier-india.html,Hold unless Search Console shows demand
Stainless Steel,SS 420,flats,Vijayawada,Andhra Pradesh,,india_city,Duplicate / cannibalizing risk,/materials/ss-420-supplier-india.html,Hold unless Search Console shows demand
Stainless Steel,SS 420,flats,Greater Noida,Uttar Pradesh,,india_city,Duplicate / cannibalizing risk,/materials/ss-420-supplier-india.html,Hold unless Search Console shows demand
Stainless Steel,SS 420,flats,Ghaziabad,Uttar Pradesh,,india_city,Duplicate / cannibalizing risk,/materials/ss-420-supplier-india.html,Hold unless Search Console shows demand
Stainless Steel,SS 420,flats,Jaipur,Rajasthan,,india_city,Duplicate / cannibalizing risk,/materials/ss-420-supplier-india.html,Hold unless Search Console shows demand
Stainless Steel,SS 420,flats,Indore,Madhya Pradesh,,india_city,Duplicate / cannibalizing risk,/materials/ss-420-supplier-india.html,Hold unless Search Console shows demand
Stainless Steel,SS 420,flats,Pithampur,Madhya Pradesh,,india_city,Duplicate / cannibalizing risk,/materials/ss-420-supplier-india.html,Hold unless Search Console shows demand
Stainless Steel,SS 420,flats,Bhopal / Mandideep,Madhya Pradesh,,india_city,Duplicate / cannibalizing risk,/materials/ss-420-supplier-india.html,Hold unless Search Console shows demand
Stainless Steel,SS 420,flats,Kolkata,West Bengal,,india_city,Duplicate / cannibalizing risk,/materials/ss-420-supplier-india.html,Hold unless Search Console shows demand
Stainless Steel,SS 420,flats,Howrah,West Bengal,,india_city,Duplicate / cannibalizing risk,/materials/ss-420-supplier-india.html,Hold unless Search Console shows demand
Stainless Steel,SS 420,flats,Durgapur,West Bengal,,india_city,Duplicate / cannibalizing risk,/materials/ss-420-supplier-india.html,Hold unless Search Console shows demand
Stainless Steel,SS 420,flats,Jamshedpur,Jharkhand,,india_city,Duplicate / cannibalizing risk,/materials/ss-420-supplier-india.html,Hold unless Search Console shows demand
Stainless Steel,SS 420,flats,Ludhiana,Punjab,,india_city,Duplicate / cannibalizing risk,/materials/ss-420-supplier-india.html,Hold unless Search Console shows demand
Stainless Steel,SS 420,angles,Navi Mumbai,Maharashtra,,india_city,Duplicate / cannibalizing risk,/materials/ss-420-supplier-india.html,Hold unless Search Console shows demand
Stainless Steel,SS 420,angles,Thane,Maharashtra,,india_city,Duplicate / cannibalizing risk,/materials/ss-420-supplier-india.html,Hold unless Search Console shows demand
Stainless Steel,SS 420,angles,Nashik,Maharashtra,,india_city,Duplicate / cannibalizing risk,/materials/ss-420-supplier-india.html,Hold unless Search Console shows demand
Stainless Steel,SS 420,angles,Chhatrapati Sambhajinagar / Aurangabad,Maharashtra,,india_city,Duplicate / cannibalizing risk,/materials/ss-420-supplier-india.html,Hold unless Search Console shows demand
Stainless Steel,SS 420,angles,Nagpur / Butibori,Maharashtra,,india_city,Duplicate / cannibalizing risk,/materials/ss-420-supplier-india.html,Hold unless Search Console shows demand
Stainless Steel,SS 420,angles,Hazira,Gujarat,,india_city,Duplicate / cannibalizing risk,/materials/ss-420-supplier-india.html,Hold unless Search Console shows demand
Stainless Steel,SS 420,angles,Rajkot,Gujarat,,india_city,Duplicate / cannibalizing risk,/materials/ss-420-supplier-india.html,Hold unless Search Console shows demand
Stainless Steel,SS 420,angles,Jamnagar,Gujarat,,india_city,Duplicate / cannibalizing risk,/materials/ss-420-supplier-india.html,Hold unless Search Console shows demand
Stainless Steel,SS 420,angles,Sriperumbudur,Tamil Nadu,,india_city,Duplicate / cannibalizing risk,/materials/ss-420-supplier-india.html,Hold unless Search Console shows demand
Stainless Steel,SS 420,angles,Oragadam,Tamil Nadu,,india_city,Duplicate / cannibalizing risk,/materials/ss-420-supplier-india.html,Hold unless Search Console shows demand
Stainless Steel,SS 420,angles,Hosur,Tamil Nadu,,india_city,Duplicate / cannibalizing risk,/materials/ss-420-supplier-india.html,Hold unless Search Console shows demand
Stainless Steel,SS 420,angles,Salem,Tamil Nadu,,india_city,Duplicate / cannibalizing risk,/materials/ss-420-supplier-india.html,Hold unless Search Console shows demand
Stainless Steel,SS 420,angles,Trichy,Tamil Nadu,,india_city,Duplicate / cannibalizing risk,/materials/ss-420-supplier-india.html,Hold unless Search Console shows demand
Stainless Steel,SS 420,angles,Bommasandra,Karnataka,,india_city,Duplicate / cannibalizing risk,/materials/ss-420-supplier-india.html,Hold unless Search Console shows demand
Stainless Steel,SS 420,angles,Mysuru,Karnataka,,india_city,Duplicate / cannibalizing risk,/materials/ss-420-supplier-india.html,Hold unless Search Console shows demand
Stainless Steel,SS 420,angles,Mangaluru,Karnataka,,india_city,Duplicate / cannibalizing risk,/materials/ss-420-supplier-india.html,Hold unless Search Console shows demand
Stainless Steel,SS 420,angles,Secunderabad,Telangana,,india_city,Duplicate / cannibalizing risk,/materials/ss-420-supplier-india.html,Hold unless Search Console shows demand
Stainless Steel,SS 420,angles,Kakinada,Andhra Pradesh,,india_city,Duplicate / cannibalizing risk,/materials/ss-420-supplier-india.html,Hold unless Search Console shows demand
Stainless Steel,SS 420,angles,Vijayawada,Andhra Pradesh,,india_city,Duplicate / cannibalizing risk,/materials/ss-420-supplier-india.html,Hold unless Search Console shows demand
Stainless Steel,SS 420,angles,Greater Noida,Uttar Pradesh,,india_city,Duplicate / cannibalizing risk,/materials/ss-420-supplier-india.html,Hold unless Search Console shows demand
Stainless Steel,SS 420,angles,Ghaziabad,Uttar Pradesh,,india_city,Duplicate / cannibalizing risk,/materials/ss-420-supplier-india.html,Hold unless Search Console shows demand
Stainless Steel,SS 420,angles,Jaipur,Rajasthan,,india_city,Duplicate / cannibalizing risk,/materials/ss-420-supplier-india.html,Hold unless Search Console shows demand
Stainless Steel,SS 420,angles,Indore,Madhya Pradesh,,india_city,Duplicate / cannibalizing risk,/materials/ss-420-supplier-india.html,Hold unless Search Console shows demand
Stainless Steel,SS 420,angles,Pithampur,Madhya Pradesh,,india_city,Duplicate / cannibalizing risk,/materials/ss-420-supplier-india.html,Hold unless Search Console shows demand
Stainless Steel,SS 420,angles,Bhopal / Mandideep,Madhya Pradesh,,india_city,Duplicate / cannibalizing risk,/materials/ss-420-supplier-india.html,Hold unless Search Console shows demand
Stainless Steel,SS 420,angles,Kolkata,West Bengal,,india_city,Duplicate / cannibalizing risk,/materials/ss-420-supplier-india.html,Hold unless Search Console shows demand
Stainless Steel,SS 420,angles,Howrah,West Bengal,,india_city,Duplicate / cannibalizing risk,/materials/ss-420-supplier-india.html,Hold unless Search Console shows demand
Stainless Steel,SS 420,angles,Durgapur,West Bengal,,india_city,Duplicate / cannibalizing risk,/materials/ss-420-supplier-india.html,Hold unless Search Console shows demand
Stainless Steel,SS 420,angles,Jamshedpur,Jharkhand,,india_city,Duplicate / cannibalizing risk,/materials/ss-420-supplier-india.html,Hold unless Search Console shows demand
Stainless Steel,SS 420,angles,Ludhiana,Punjab,,india_city,Duplicate / cannibalizing risk,/materials/ss-420-supplier-india.html,Hold unless Search Console shows demand
Stainless Steel,SS 420,channels,Navi Mumbai,Maharashtra,,india_city,Duplicate / cannibalizing risk,/materials/ss-420-supplier-india.html,Hold unless Search Console shows demand
Stainless Steel,SS 420,channels,Thane,Maharashtra,,india_city,Duplicate / cannibalizing risk,/materials/ss-420-supplier-india.html,Hold unless Search Console shows demand
Stainless Steel,SS 420,channels,Nashik,Maharashtra,,india_city,Duplicate / cannibalizing risk,/materials/ss-420-supplier-india.html,Hold unless Search Console shows demand
Stainless Steel,SS 420,channels,Chhatrapati Sambhajinagar / Aurangabad,Maharashtra,,india_city,Duplicate / cannibalizing risk,/materials/ss-420-supplier-india.html,Hold unless Search Console shows demand
Stainless Steel,SS 420,channels,Nagpur / Butibori,Maharashtra,,india_city,Duplicate / cannibalizing risk,/materials/ss-420-supplier-india.html,Hold unless Search Console shows demand
Stainless Steel,SS 420,channels,Hazira,Gujarat,,india_city,Duplicate / cannibalizing risk,/materials/ss-420-supplier-india.html,Hold unless Search Console shows demand
Stainless Steel,SS 420,channels,Rajkot,Gujarat,,india_city,Duplicate / cannibalizing risk,/materials/ss-420-supplier-india.html,Hold unless Search Console shows demand
Stainless Steel,SS 420,channels,Jamnagar,Gujarat,,india_city,Duplicate / cannibalizing risk,/materials/ss-420-supplier-india.html,Hold unless Search Console shows demand
Stainless Steel,SS 420,channels,Sriperumbudur,Tamil Nadu,,india_city,Duplicate / cannibalizing risk,/materials/ss-420-supplier-india.html,Hold unless Search Console shows demand
Stainless Steel,SS 420,channels,Oragadam,Tamil Nadu,,india_city,Duplicate / cannibalizing risk,/materials/ss-420-supplier-india.html,Hold unless Search Console shows demand
Stainless Steel,SS 420,channels,Hosur,Tamil Nadu,,india_city,Duplicate / cannibalizing risk,/materials/ss-420-supplier-india.html,Hold unless Search Console shows demand
Stainless Steel,SS 420,channels,Salem,Tamil Nadu,,india_city,Duplicate / cannibalizing risk,/materials/ss-420-supplier-india.html,Hold unless Search Console shows demand
Stainless Steel,SS 420,channels,Trichy,Tamil Nadu,,india_city,Duplicate / cannibalizing risk,/materials/ss-420-supplier-india.html,Hold unless Search Console shows demand
Stainless Steel,SS 420,channels,Bommasandra,Karnataka,,india_city,Duplicate / cannibalizing risk,/materials/ss-420-supplier-india.html,Hold unless Search Console shows demand
Stainless Steel,SS 420,channels,Mysuru,Karnataka,,india_city,Duplicate / cannibalizing risk,/materials/ss-420-supplier-india.html,Hold unless Search Console shows demand
Stainless Steel,SS 420,channels,Mangaluru,Karnataka,,india_city,Duplicate / cannibalizing risk,/materials/ss-420-supplier-india.html,Hold unless Search Console shows demand
Stainless Steel,SS 420,channels,Secunderabad,Telangana,,india_city,Duplicate / cannibalizing risk,/materials/ss-420-supplier-india.html,Hold unless Search Console shows demand
Stainless Steel,SS 420,channels,Kakinada,Andhra Pradesh,,india_city,Duplicate / cannibalizing risk,/materials/ss-420-supplier-india.html,Hold unless Search Console shows demand
Stainless Steel,SS 420,channels,Vijayawada,Andhra Pradesh,,india_city,Duplicate / cannibalizing risk,/materials/ss-420-supplier-india.html,Hold unless Search Console shows demand
Stainless Steel,SS 420,channels,Greater Noida,Uttar Pradesh,,india_city,Duplicate / cannibalizing risk,/materials/ss-420-supplier-india.html,Hold unless Search Console shows demand
Stainless Steel,SS 420,channels,Ghaziabad,Uttar Pradesh,,india_city,Duplicate / cannibalizing risk,/materials/ss-420-supplier-india.html,Hold unless Search Console shows demand
Stainless Steel,SS 420,channels,Jaipur,Rajasthan,,india_city,Duplicate / cannibalizing risk,/materials/ss-420-supplier-india.html,Hold unless Search Console shows demand
Stainless Steel,SS 420,channels,Indore,Madhya Pradesh,,india_city,Duplicate / cannibalizing risk,/materials/ss-420-supplier-india.html,Hold unless Search Console shows demand
Stainless Steel,SS 420,channels,Pithampur,Madhya Pradesh,,india_city,Duplicate / cannibalizing risk,/materials/ss-420-supplier-india.html,Hold unless Search Console shows demand
Stainless Steel,SS 420,channels,Bhopal / Mandideep,Madhya Pradesh,,india_city,Duplicate / cannibalizing risk,/materials/ss-420-supplier-india.html,Hold unless Search Console shows demand
Stainless Steel,SS 420,channels,Kolkata,West Bengal,,india_city,Duplicate / cannibalizing risk,/materials/ss-420-supplier-india.html,Hold unless Search Console shows demand
Stainless Steel,SS 420,channels,Howrah,West Bengal,,india_city,Duplicate / cannibalizing risk,/materials/ss-420-supplier-india.html,Hold unless Search Console shows demand
Stainless Steel,SS 420,channels,Durgapur,West Bengal,,india_city,Duplicate / cannibalizing risk,/materials/ss-420-supplier-india.html,Hold unless Search Console shows demand
Stainless Steel,SS 420,channels,Jamshedpur,Jharkhand,,india_city,Duplicate / cannibalizing risk,/materials/ss-420-supplier-india.html,Hold unless Search Console shows demand
Stainless Steel,SS 420,channels,Ludhiana,Punjab,,india_city,Duplicate / cannibalizing risk,/materials/ss-420-supplier-india.html,Hold unless Search Console shows demand
Stainless Steel,SS 420,fasteners,Navi Mumbai,Maharashtra,,india_city,Duplicate / cannibalizing risk,/materials/ss-420-supplier-india.html,Hold unless Search Console shows demand
Stainless Steel,SS 420,fasteners,Thane,Maharashtra,,india_city,Duplicate / cannibalizing risk,/materials/ss-420-supplier-india.html,Hold unless Search Console shows demand
Stainless Steel,SS 420,fasteners,Nashik,Maharashtra,,india_city,Duplicate / cannibalizing risk,/materials/ss-420-supplier-india.html,Hold unless Search Console shows demand
Stainless Steel,SS 420,fasteners,Chhatrapati Sambhajinagar / Aurangabad,Maharashtra,,india_city,Duplicate / cannibalizing risk,/materials/ss-420-supplier-india.html,Hold unless Search Console shows demand
Stainless Steel,SS 420,fasteners,Nagpur / Butibori,Maharashtra,,india_city,Duplicate / cannibalizing risk,/materials/ss-420-supplier-india.html,Hold unless Search Console shows demand
Stainless Steel,SS 420,fasteners,Hazira,Gujarat,,india_city,Duplicate / cannibalizing risk,/materials/ss-420-supplier-india.html,Hold unless Search Console shows demand
Stainless Steel,SS 420,fasteners,Rajkot,Gujarat,,india_city,Duplicate / cannibalizing risk,/materials/ss-420-supplier-india.html,Hold unless Search Console shows demand
Stainless Steel,SS 420,fasteners,Jamnagar,Gujarat,,india_city,Duplicate / cannibalizing risk,/materials/ss-420-supplier-india.html,Hold unless Search Console shows demand
Stainless Steel,SS 420,fasteners,Sriperumbudur,Tamil Nadu,,india_city,Duplicate / cannibalizing risk,/materials/ss-420-supplier-india.html,Hold unless Search Console shows demand
Stainless Steel,SS 420,fasteners,Oragadam,Tamil Nadu,,india_city,Duplicate / cannibalizing risk,/materials/ss-420-supplier-india.html,Hold unless Search Console shows demand
Stainless Steel,SS 420,fasteners,Hosur,Tamil Nadu,,india_city,Duplicate / cannibalizing risk,/materials/ss-420-supplier-india.html,Hold unless Search Console shows demand
Stainless Steel,SS 420,fasteners,Salem,Tamil Nadu,,india_city,Duplicate / cannibalizing risk,/materials/ss-420-supplier-india.html,Hold unless Search Console shows demand
Stainless Steel,SS 420,fasteners,Trichy,Tamil Nadu,,india_city,Duplicate / cannibalizing risk,/materials/ss-420-supplier-india.html,Hold unless Search Console shows demand
Stainless Steel,SS 420,fasteners,Bommasandra,Karnataka,,india_city,Duplicate / cannibalizing risk,/materials/ss-420-supplier-india.html,Hold unless Search Console shows demand
Stainless Steel,SS 420,fasteners,Mysuru,Karnataka,,india_city,Duplicate / cannibalizing risk,/materials/ss-420-supplier-india.html,Hold unless Search Console shows demand
Stainless Steel,SS 420,fasteners,Mangaluru,Karnataka,,india_city,Duplicate / cannibalizing risk,/materials/ss-420-supplier-india.html,Hold unless Search Console shows demand
Stainless Steel,SS 420,fasteners,Secunderabad,Telangana,,india_city,Duplicate / cannibalizing risk,/materials/ss-420-supplier-india.html,Hold unless Search Console shows demand
Stainless Steel,SS 420,fasteners,Kakinada,Andhra Pradesh,,india_city,Duplicate / cannibalizing risk,/materials/ss-420-supplier-india.html,Hold unless Search Console shows demand
Stainless Steel,SS 420,fasteners,Vijayawada,Andhra Pradesh,,india_city,Duplicate / cannibalizing risk,/materials/ss-420-supplier-india.html,Hold unless Search Console shows demand
Stainless Steel,SS 420,fasteners,Greater Noida,Uttar Pradesh,,india_city,Duplicate / cannibalizing risk,/materials/ss-420-supplier-india.html,Hold unless Search Console shows demand
Stainless Steel,SS 420,fasteners,Ghaziabad,Uttar Pradesh,,india_city,Duplicate / cannibalizing risk,/materials/ss-420-supplier-india.html,Hold unless Search Console shows demand
Stainless Steel,SS 420,fasteners,Jaipur,Rajasthan,,india_city,Duplicate / cannibalizing risk,/materials/ss-420-supplier-india.html,Hold unless Search Console shows demand
Stainless Steel,SS 420,fasteners,Indore,Madhya Pradesh,,india_city,Duplicate / cannibalizing risk,/materials/ss-420-supplier-india.html,Hold unless Search Console shows demand
Stainless Steel,SS 420,fasteners,Pithampur,Madhya Pradesh,,india_city,Duplicate / cannibalizing risk,/materials/ss-420-supplier-india.html,Hold unless Search Console shows demand
Stainless Steel,SS 420,fasteners,Bhopal / Mandideep,Madhya Pradesh,,india_city,Duplicate / cannibalizing risk,/materials/ss-420-supplier-india.html,Hold unless Search Console shows demand
Stainless Steel,SS 420,fasteners,Kolkata,West Bengal,,india_city,Duplicate / cannibalizing risk,/materials/ss-420-supplier-india.html,Hold unless Search Console shows demand
Stainless Steel,SS 420,fasteners,Howrah,West Bengal,,india_city,Duplicate / cannibalizing risk,/materials/ss-420-supplier-india.html,Hold unless Search Console shows demand
Stainless Steel,SS 420,fasteners,Durgapur,West Bengal,,india_city,Duplicate / cannibalizing risk,/materials/ss-420-supplier-india.html,Hold unless Search Console shows demand
Stainless Steel,SS 420,fasteners,Jamshedpur,Jharkhand,,india_city,Duplicate / cannibalizing risk,/materials/ss-420-supplier-india.html,Hold unless Search Console shows demand
Stainless Steel,SS 420,fasteners,Ludhiana,Punjab,,india_city,Duplicate / cannibalizing risk,/materials/ss-420-supplier-india.html,Hold unless Search Console shows demand
Stainless Steel,SS 420,wire mesh,Navi Mumbai,Maharashtra,,india_city,Duplicate / cannibalizing risk,/materials/ss-420-supplier-india.html,Hold unless Search Console shows demand
Stainless Steel,SS 420,wire mesh,Thane,Maharashtra,,india_city,Duplicate / cannibalizing risk,/materials/ss-420-supplier-india.html,Hold unless Search Console shows demand
Stainless Steel,SS 420,wire mesh,Nashik,Maharashtra,,india_city,Duplicate / cannibalizing risk,/materials/ss-420-supplier-india.html,Hold unless Search Console shows demand
Stainless Steel,SS 420,wire mesh,Chhatrapati Sambhajinagar / Aurangabad,Maharashtra,,india_city,Duplicate / cannibalizing risk,/materials/ss-420-supplier-india.html,Hold unless Search Console shows demand
Stainless Steel,SS 420,wire mesh,Nagpur / Butibori,Maharashtra,,india_city,Duplicate / cannibalizing risk,/materials/ss-420-supplier-india.html,Hold unless Search Console shows demand
Stainless Steel,SS 420,wire mesh,Hazira,Gujarat,,india_city,Duplicate / cannibalizing risk,/materials/ss-420-supplier-india.html,Hold unless Search Console shows demand
Stainless Steel,SS 420,wire mesh,Rajkot,Gujarat,,india_city,Duplicate / cannibalizing risk,/materials/ss-420-supplier-india.html,Hold unless Search Console shows demand
Stainless Steel,SS 420,wire mesh,Jamnagar,Gujarat,,india_city,Duplicate / cannibalizing risk,/materials/ss-420-supplier-india.html,Hold unless Search Console shows demand
Stainless Steel,SS 420,wire mesh,Sriperumbudur,Tamil Nadu,,india_city,Duplicate / cannibalizing risk,/materials/ss-420-supplier-india.html,Hold unless Search Console shows demand
Stainless Steel,SS 420,wire mesh,Oragadam,Tamil Nadu,,india_city,Duplicate / cannibalizing risk,/materials/ss-420-supplier-india.html,Hold unless Search Console shows demand
Stainless Steel,SS 420,wire mesh,Hosur,Tamil Nadu,,india_city,Duplicate / cannibalizing risk,/materials/ss-420-supplier-india.html,Hold unless Search Console shows demand
Stainless Steel,SS 420,wire mesh,Salem,Tamil Nadu,,india_city,Duplicate / cannibalizing risk,/materials/ss-420-supplier-india.html,Hold unless Search Console shows demand
Stainless Steel,SS 420,wire mesh,Trichy,Tamil Nadu,,india_city,Duplicate / cannibalizing risk,/materials/ss-420-supplier-india.html,Hold unless Search Console shows demand
Stainless Steel,SS 420,wire mesh,Bommasandra,Karnataka,,india_city,Duplicate / cannibalizing risk,/materials/ss-420-supplier-india.html,Hold unless Search Console shows demand
Stainless Steel,SS 420,wire mesh,Mysuru,Karnataka,,india_city,Duplicate / cannibalizing risk,/materials/ss-420-supplier-india.html,Hold unless Search Console shows demand
Stainless Steel,SS 420,wire mesh,Mangaluru,Karnataka,,india_city,Duplicate / cannibalizing risk,/materials/ss-420-supplier-india.html,Hold unless Search Console shows demand
Stainless Steel,SS 420,wire mesh,Secunderabad,Telangana,,india_city,Duplicate / cannibalizing risk,/materials/ss-420-supplier-india.html,Hold unless Search Console shows demand
Stainless Steel,SS 420,wire mesh,Kakinada,Andhra Pradesh,,india_city,Duplicate / cannibalizing risk,/materials/ss-420-supplier-india.html,Hold unless Search Console shows demand
Stainless Steel,SS 420,wire mesh,Vijayawada,Andhra Pradesh,,india_city,Duplicate / cannibalizing risk,/materials/ss-420-supplier-india.html,Hold unless Search Console shows demand
Stainless Steel,SS 420,wire mesh,Greater Noida,Uttar Pradesh,,india_city,Duplicate / cannibalizing risk,/materials/ss-420-supplier-india.html,Hold unless Search Console shows demand
Stainless Steel,SS 420,wire mesh,Ghaziabad,Uttar Pradesh,,india_city,Duplicate / cannibalizing risk,/materials/ss-420-supplier-india.html,Hold unless Search Console shows demand
Stainless Steel,SS 420,wire mesh,Jaipur,Rajasthan,,india_city,Duplicate / cannibalizing risk,/materials/ss-420-supplier-india.html,Hold unless Search Console shows demand
Stainless Steel,SS 420,wire mesh,Indore,Madhya Pradesh,,india_city,Duplicate / cannibalizing risk,/materials/ss-420-supplier-india.html,Hold unless Search Console shows demand
Stainless Steel,SS 420,wire mesh,Pithampur,Madhya Pradesh,,india_city,Duplicate / cannibalizing risk,/materials/ss-420-supplier-india.html,Hold unless Search Console shows demand
Stainless Steel,SS 420,wire mesh,Bhopal / Mandideep,Madhya Pradesh,,india_city,Duplicate / cannibalizing risk,/materials/ss-420-supplier-india.html,Hold unless Search Console shows demand
Stainless Steel,SS 420,wire mesh,Kolkata,West Bengal,,india_city,Duplicate / cannibalizing risk,/materials/ss-420-supplier-india.html,Hold unless Search Console shows demand
Stainless Steel,SS 420,wire mesh,Howrah,West Bengal,,india_city,Duplicate / cannibalizing risk,/materials/ss-420-supplier-india.html,Hold unless Search Console shows demand
Stainless Steel,SS 420,wire mesh,Durgapur,West Bengal,,india_city,Duplicate / cannibalizing risk,/materials/ss-420-supplier-india.html,Hold unless Search Console shows demand
Stainless Steel,SS 420,wire mesh,Jamshedpur,Jharkhand,,india_city,Duplicate / cannibalizing risk,/materials/ss-420-supplier-india.html,Hold unless Search Console shows demand
Stainless Steel,SS 420,wire mesh,Ludhiana,Punjab,,india_city,Duplicate / cannibalizing risk,/materials/ss-420-supplier-india.html,Hold unless Search Console shows demand
Stainless Steel,SS 420,perforated sheets,Navi Mumbai,Maharashtra,,india_city,Duplicate / cannibalizing risk,/materials/ss-420-supplier-india.html,Hold unless Search Console shows demand
Stainless Steel,SS 420,perforated sheets,Thane,Maharashtra,,india_city,Duplicate / cannibalizing risk,/materials/ss-420-supplier-india.html,Hold unless Search Console shows demand
Stainless Steel,SS 420,perforated sheets,Nashik,Maharashtra,,india_city,Duplicate / cannibalizing risk,/materials/ss-420-supplier-india.html,Hold unless Search Console shows demand
Stainless Steel,SS 420,perforated sheets,Chhatrapati Sambhajinagar / Aurangabad,Maharashtra,,india_city,Duplicate / cannibalizing risk,/materials/ss-420-supplier-india.html,Hold unless Search Console shows demand
Stainless Steel,SS 420,perforated sheets,Nagpur / Butibori,Maharashtra,,india_city,Duplicate / cannibalizing risk,/materials/ss-420-supplier-india.html,Hold unless Search Console shows demand
Stainless Steel,SS 420,perforated sheets,Hazira,Gujarat,,india_city,Duplicate / cannibalizing risk,/materials/ss-420-supplier-india.html,Hold unless Search Console shows demand
Stainless Steel,SS 420,perforated sheets,Rajkot,Gujarat,,india_city,Duplicate / cannibalizing risk,/materials/ss-420-supplier-india.html,Hold unless Search Console shows demand
Stainless Steel,SS 420,perforated sheets,Jamnagar,Gujarat,,india_city,Duplicate / cannibalizing risk,/materials/ss-420-supplier-india.html,Hold unless Search Console shows demand
Stainless Steel,SS 420,perforated sheets,Sriperumbudur,Tamil Nadu,,india_city,Duplicate / cannibalizing risk,/materials/ss-420-supplier-india.html,Hold unless Search Console shows demand
Stainless Steel,SS 420,perforated sheets,Oragadam,Tamil Nadu,,india_city,Duplicate / cannibalizing risk,/materials/ss-420-supplier-india.html,Hold unless Search Console shows demand
Stainless Steel,SS 420,perforated sheets,Hosur,Tamil Nadu,,india_city,Duplicate / cannibalizing risk,/materials/ss-420-supplier-india.html,Hold unless Search Console shows demand
Stainless Steel,SS 420,perforated sheets,Salem,Tamil Nadu,,india_city,Duplicate / cannibalizing risk,/materials/ss-420-supplier-india.html,Hold unless Search Console shows demand
Stainless Steel,SS 420,perforated sheets,Trichy,Tamil Nadu,,india_city,Duplicate / cannibalizing risk,/materials/ss-420-supplier-india.html,Hold unless Search Console shows demand
Stainless Steel,SS 420,perforated sheets,Bommasandra,Karnataka,,india_city,Duplicate / cannibalizing risk,/materials/ss-420-supplier-india.html,Hold unless Search Console shows demand
Stainless Steel,SS 420,perforated sheets,Mysuru,Karnataka,,india_city,Duplicate / cannibalizing risk,/materials/ss-420-supplier-india.html,Hold unless Search Console shows demand
Stainless Steel,SS 420,perforated sheets,Mangaluru,Karnataka,,india_city,Duplicate / cannibalizing risk,/materials/ss-420-supplier-india.html,Hold unless Search Console shows demand
Stainless Steel,SS 420,perforated sheets,Secunderabad,Telangana,,india_city,Duplicate / cannibalizing risk,/materials/ss-420-supplier-india.html,Hold unless Search Console shows demand
Stainless Steel,SS 420,perforated sheets,Kakinada,Andhra Pradesh,,india_city,Duplicate / cannibalizing risk,/materials/ss-420-supplier-india.html,Hold unless Search Console shows demand
Stainless Steel,SS 420,perforated sheets,Vijayawada,Andhra Pradesh,,india_city,Duplicate / cannibalizing risk,/materials/ss-420-supplier-india.html,Hold unless Search Console shows demand
Stainless Steel,SS 420,perforated sheets,Greater Noida,Uttar Pradesh,,india_city,Duplicate / cannibalizing risk,/materials/ss-420-supplier-india.html,Hold unless Search Console shows demand
Stainless Steel,SS 420,perforated sheets,Ghaziabad,Uttar Pradesh,,india_city,Duplicate / cannibalizing risk,/materials/ss-420-supplier-india.html,Hold unless Search Console shows demand
Stainless Steel,SS 420,perforated sheets,Jaipur,Rajasthan,,india_city,Duplicate / cannibalizing risk,/materials/ss-420-supplier-india.html,Hold unless Search Console shows demand
Stainless Steel,SS 420,perforated sheets,Indore,Madhya Pradesh,,india_city,Duplicate / cannibalizing risk,/materials/ss-420-supplier-india.html,Hold unless Search Console shows demand
Stainless Steel,SS 420,perforated sheets,Pithampur,Madhya Pradesh,,india_city,Duplicate / cannibalizing risk,/materials/ss-420-supplier-india.html,Hold unless Search Console shows demand
Stainless Steel,SS 420,perforated sheets,Bhopal / Mandideep,Madhya Pradesh,,india_city,Duplicate / cannibalizing risk,/materials/ss-420-supplier-india.html,Hold unless Search Console shows demand
Stainless Steel,SS 420,perforated sheets,Kolkata,West Bengal,,india_city,Duplicate / cannibalizing risk,/materials/ss-420-supplier-india.html,Hold unless Search Console shows demand
Stainless Steel,SS 420,perforated sheets,Howrah,West Bengal,,india_city,Duplicate / cannibalizing risk,/materials/ss-420-supplier-india.html,Hold unless Search Console shows demand
Stainless Steel,SS 420,perforated sheets,Durgapur,West Bengal,,india_city,Duplicate / cannibalizing risk,/materials/ss-420-supplier-india.html,Hold unless Search Console shows demand
Stainless Steel,SS 420,perforated sheets,Jamshedpur,Jharkhand,,india_city,Duplicate / cannibalizing risk,/materials/ss-420-supplier-india.html,Hold unless Search Console shows demand
Stainless Steel,SS 420,perforated sheets,Ludhiana,Punjab,,india_city,Duplicate / cannibalizing risk,/materials/ss-420-supplier-india.html,Hold unless Search Console shows demand
Stainless Steel,SS 430,tubes,Navi Mumbai,Maharashtra,,india_city,Duplicate / cannibalizing risk,/materials/ss-430-supplier-india.html,Hold unless Search Console shows demand
Stainless Steel,SS 430,tubes,Thane,Maharashtra,,india_city,Duplicate / cannibalizing risk,/materials/ss-430-supplier-india.html,Hold unless Search Console shows demand
Stainless Steel,SS 430,tubes,Nashik,Maharashtra,,india_city,Duplicate / cannibalizing risk,/materials/ss-430-supplier-india.html,Hold unless Search Console shows demand
Stainless Steel,SS 430,tubes,Chhatrapati Sambhajinagar / Aurangabad,Maharashtra,,india_city,Duplicate / cannibalizing risk,/materials/ss-430-supplier-india.html,Hold unless Search Console shows demand
Stainless Steel,SS 430,tubes,Nagpur / Butibori,Maharashtra,,india_city,Duplicate / cannibalizing risk,/materials/ss-430-supplier-india.html,Hold unless Search Console shows demand
Stainless Steel,SS 430,tubes,Hazira,Gujarat,,india_city,Duplicate / cannibalizing risk,/materials/ss-430-supplier-india.html,Hold unless Search Console shows demand
Stainless Steel,SS 430,tubes,Rajkot,Gujarat,,india_city,Duplicate / cannibalizing risk,/materials/ss-430-supplier-india.html,Hold unless Search Console shows demand
Stainless Steel,SS 430,tubes,Jamnagar,Gujarat,,india_city,Duplicate / cannibalizing risk,/materials/ss-430-supplier-india.html,Hold unless Search Console shows demand
Stainless Steel,SS 430,tubes,Sriperumbudur,Tamil Nadu,,india_city,Duplicate / cannibalizing risk,/materials/ss-430-supplier-india.html,Hold unless Search Console shows demand
Stainless Steel,SS 430,tubes,Oragadam,Tamil Nadu,,india_city,Duplicate / cannibalizing risk,/materials/ss-430-supplier-india.html,Hold unless Search Console shows demand
Stainless Steel,SS 430,tubes,Hosur,Tamil Nadu,,india_city,Duplicate / cannibalizing risk,/materials/ss-430-supplier-india.html,Hold unless Search Console shows demand
Stainless Steel,SS 430,tubes,Salem,Tamil Nadu,,india_city,Duplicate / cannibalizing risk,/materials/ss-430-supplier-india.html,Hold unless Search Console shows demand
Stainless Steel,SS 430,tubes,Trichy,Tamil Nadu,,india_city,Duplicate / cannibalizing risk,/materials/ss-430-supplier-india.html,Hold unless Search Console shows demand
Stainless Steel,SS 430,tubes,Bommasandra,Karnataka,,india_city,Duplicate / cannibalizing risk,/materials/ss-430-supplier-india.html,Hold unless Search Console shows demand
Stainless Steel,SS 430,tubes,Mysuru,Karnataka,,india_city,Duplicate / cannibalizing risk,/materials/ss-430-supplier-india.html,Hold unless Search Console shows demand
Stainless Steel,SS 430,tubes,Mangaluru,Karnataka,,india_city,Duplicate / cannibalizing risk,/materials/ss-430-supplier-india.html,Hold unless Search Console shows demand
Stainless Steel,SS 430,tubes,Secunderabad,Telangana,,india_city,Duplicate / cannibalizing risk,/materials/ss-430-supplier-india.html,Hold unless Search Console shows demand
Stainless Steel,SS 430,tubes,Kakinada,Andhra Pradesh,,india_city,Duplicate / cannibalizing risk,/materials/ss-430-supplier-india.html,Hold unless Search Console shows demand
Stainless Steel,SS 430,tubes,Vijayawada,Andhra Pradesh,,india_city,Duplicate / cannibalizing risk,/materials/ss-430-supplier-india.html,Hold unless Search Console shows demand
Stainless Steel,SS 430,tubes,Greater Noida,Uttar Pradesh,,india_city,Duplicate / cannibalizing risk,/materials/ss-430-supplier-india.html,Hold unless Search Console shows demand
Stainless Steel,SS 430,tubes,Ghaziabad,Uttar Pradesh,,india_city,Duplicate / cannibalizing risk,/materials/ss-430-supplier-india.html,Hold unless Search Console shows demand
Stainless Steel,SS 430,tubes,Jaipur,Rajasthan,,india_city,Duplicate / cannibalizing risk,/materials/ss-430-supplier-india.html,Hold unless Search Console shows demand
Stainless Steel,SS 430,tubes,Indore,Madhya Pradesh,,india_city,Duplicate / cannibalizing risk,/materials/ss-430-supplier-india.html,Hold unless Search Console shows demand
Stainless Steel,SS 430,tubes,Pithampur,Madhya Pradesh,,india_city,Duplicate / cannibalizing risk,/materials/ss-430-supplier-india.html,Hold unless Search Console shows demand
Stainless Steel,SS 430,tubes,Bhopal / Mandideep,Madhya Pradesh,,india_city,Duplicate / cannibalizing risk,/materials/ss-430-supplier-india.html,Hold unless Search Console shows demand
Stainless Steel,SS 430,tubes,Kolkata,West Bengal,,india_city,Duplicate / cannibalizing risk,/materials/ss-430-supplier-india.html,Hold unless Search Console shows demand
Stainless Steel,SS 430,tubes,Howrah,West Bengal,,india_city,Duplicate / cannibalizing risk,/materials/ss-430-supplier-india.html,Hold unless Search Console shows demand
Stainless Steel,SS 430,tubes,Durgapur,West Bengal,,india_city,Duplicate / cannibalizing risk,/materials/ss-430-supplier-india.html,Hold unless Search Console shows demand
Stainless Steel,SS 430,tubes,Jamshedpur,Jharkhand,,india_city,Duplicate / cannibalizing risk,/materials/ss-430-supplier-india.html,Hold unless Search Console shows demand
Stainless Steel,SS 430,tubes,Ludhiana,Punjab,,india_city,Duplicate / cannibalizing risk,/materials/ss-430-supplier-india.html,Hold unless Search Console shows demand
Stainless Steel,SS 430,rods,Navi Mumbai,Maharashtra,,india_city,Duplicate / cannibalizing risk,/materials/ss-430-supplier-india.html,Hold unless Search Console shows demand
Stainless Steel,SS 430,rods,Thane,Maharashtra,,india_city,Duplicate / cannibalizing risk,/materials/ss-430-supplier-india.html,Hold unless Search Console shows demand
Stainless Steel,SS 430,rods,Nashik,Maharashtra,,india_city,Duplicate / cannibalizing risk,/materials/ss-430-supplier-india.html,Hold unless Search Console shows demand
Stainless Steel,SS 430,rods,Chhatrapati Sambhajinagar / Aurangabad,Maharashtra,,india_city,Duplicate / cannibalizing risk,/materials/ss-430-supplier-india.html,Hold unless Search Console shows demand
Stainless Steel,SS 430,rods,Nagpur / Butibori,Maharashtra,,india_city,Duplicate / cannibalizing risk,/materials/ss-430-supplier-india.html,Hold unless Search Console shows demand
Stainless Steel,SS 430,rods,Hazira,Gujarat,,india_city,Duplicate / cannibalizing risk,/materials/ss-430-supplier-india.html,Hold unless Search Console shows demand
Stainless Steel,SS 430,rods,Rajkot,Gujarat,,india_city,Duplicate / cannibalizing risk,/materials/ss-430-supplier-india.html,Hold unless Search Console shows demand
Stainless Steel,SS 430,rods,Jamnagar,Gujarat,,india_city,Duplicate / cannibalizing risk,/materials/ss-430-supplier-india.html,Hold unless Search Console shows demand
Stainless Steel,SS 430,rods,Sriperumbudur,Tamil Nadu,,india_city,Duplicate / cannibalizing risk,/materials/ss-430-supplier-india.html,Hold unless Search Console shows demand
Stainless Steel,SS 430,rods,Oragadam,Tamil Nadu,,india_city,Duplicate / cannibalizing risk,/materials/ss-430-supplier-india.html,Hold unless Search Console shows demand
Stainless Steel,SS 430,rods,Hosur,Tamil Nadu,,india_city,Duplicate / cannibalizing risk,/materials/ss-430-supplier-india.html,Hold unless Search Console shows demand
Stainless Steel,SS 430,rods,Salem,Tamil Nadu,,india_city,Duplicate / cannibalizing risk,/materials/ss-430-supplier-india.html,Hold unless Search Console shows demand
Stainless Steel,SS 430,rods,Trichy,Tamil Nadu,,india_city,Duplicate / cannibalizing risk,/materials/ss-430-supplier-india.html,Hold unless Search Console shows demand
Stainless Steel,SS 430,rods,Bommasandra,Karnataka,,india_city,Duplicate / cannibalizing risk,/materials/ss-430-supplier-india.html,Hold unless Search Console shows demand
Stainless Steel,SS 430,rods,Mysuru,Karnataka,,india_city,Duplicate / cannibalizing risk,/materials/ss-430-supplier-india.html,Hold unless Search Console shows demand
Stainless Steel,SS 430,rods,Mangaluru,Karnataka,,india_city,Duplicate / cannibalizing risk,/materials/ss-430-supplier-india.html,Hold unless Search Console shows demand
Stainless Steel,SS 430,rods,Secunderabad,Telangana,,india_city,Duplicate / cannibalizing risk,/materials/ss-430-supplier-india.html,Hold unless Search Console shows demand
Stainless Steel,SS 430,rods,Kakinada,Andhra Pradesh,,india_city,Duplicate / cannibalizing risk,/materials/ss-430-supplier-india.html,Hold unless Search Console shows demand
Stainless Steel,SS 430,rods,Vijayawada,Andhra Pradesh,,india_city,Duplicate / cannibalizing risk,/materials/ss-430-supplier-india.html,Hold unless Search Console shows demand
Stainless Steel,SS 430,rods,Greater Noida,Uttar Pradesh,,india_city,Duplicate / cannibalizing risk,/materials/ss-430-supplier-india.html,Hold unless Search Console shows demand
Stainless Steel,SS 430,rods,Ghaziabad,Uttar Pradesh,,india_city,Duplicate / cannibalizing risk,/materials/ss-430-supplier-india.html,Hold unless Search Console shows demand
Stainless Steel,SS 430,rods,Jaipur,Rajasthan,,india_city,Duplicate / cannibalizing risk,/materials/ss-430-supplier-india.html,Hold unless Search Console shows demand
Stainless Steel,SS 430,rods,Indore,Madhya Pradesh,,india_city,Duplicate / cannibalizing risk,/materials/ss-430-supplier-india.html,Hold unless Search Console shows demand
Stainless Steel,SS 430,rods,Pithampur,Madhya Pradesh,,india_city,Duplicate / cannibalizing risk,/materials/ss-430-supplier-india.html,Hold unless Search Console shows demand
Stainless Steel,SS 430,rods,Bhopal / Mandideep,Madhya Pradesh,,india_city,Duplicate / cannibalizing risk,/materials/ss-430-supplier-india.html,Hold unless Search Console shows demand
Stainless Steel,SS 430,rods,Kolkata,West Bengal,,india_city,Duplicate / cannibalizing risk,/materials/ss-430-supplier-india.html,Hold unless Search Console shows demand
Stainless Steel,SS 430,rods,Howrah,West Bengal,,india_city,Duplicate / cannibalizing risk,/materials/ss-430-supplier-india.html,Hold unless Search Console shows demand
Stainless Steel,SS 430,rods,Durgapur,West Bengal,,india_city,Duplicate / cannibalizing risk,/materials/ss-430-supplier-india.html,Hold unless Search Console shows demand
Stainless Steel,SS 430,rods,Jamshedpur,Jharkhand,,india_city,Duplicate / cannibalizing risk,/materials/ss-430-supplier-india.html,Hold unless Search Console shows demand
Stainless Steel,SS 430,rods,Ludhiana,Punjab,,india_city,Duplicate / cannibalizing risk,/materials/ss-430-supplier-india.html,Hold unless Search Console shows demand
Stainless Steel,SS 430,flats,Navi Mumbai,Maharashtra,,india_city,Duplicate / cannibalizing risk,/materials/ss-430-supplier-india.html,Hold unless Search Console shows demand
Stainless Steel,SS 430,flats,Thane,Maharashtra,,india_city,Duplicate / cannibalizing risk,/materials/ss-430-supplier-india.html,Hold unless Search Console shows demand
Stainless Steel,SS 430,flats,Nashik,Maharashtra,,india_city,Duplicate / cannibalizing risk,/materials/ss-430-supplier-india.html,Hold unless Search Console shows demand
Stainless Steel,SS 430,flats,Chhatrapati Sambhajinagar / Aurangabad,Maharashtra,,india_city,Duplicate / cannibalizing risk,/materials/ss-430-supplier-india.html,Hold unless Search Console shows demand
Stainless Steel,SS 430,flats,Nagpur / Butibori,Maharashtra,,india_city,Duplicate / cannibalizing risk,/materials/ss-430-supplier-india.html,Hold unless Search Console shows demand
Stainless Steel,SS 430,flats,Hazira,Gujarat,,india_city,Duplicate / cannibalizing risk,/materials/ss-430-supplier-india.html,Hold unless Search Console shows demand
Stainless Steel,SS 430,flats,Rajkot,Gujarat,,india_city,Duplicate / cannibalizing risk,/materials/ss-430-supplier-india.html,Hold unless Search Console shows demand
Stainless Steel,SS 430,flats,Jamnagar,Gujarat,,india_city,Duplicate / cannibalizing risk,/materials/ss-430-supplier-india.html,Hold unless Search Console shows demand
Stainless Steel,SS 430,flats,Sriperumbudur,Tamil Nadu,,india_city,Duplicate / cannibalizing risk,/materials/ss-430-supplier-india.html,Hold unless Search Console shows demand
Stainless Steel,SS 430,flats,Oragadam,Tamil Nadu,,india_city,Duplicate / cannibalizing risk,/materials/ss-430-supplier-india.html,Hold unless Search Console shows demand
Stainless Steel,SS 430,flats,Hosur,Tamil Nadu,,india_city,Duplicate / cannibalizing risk,/materials/ss-430-supplier-india.html,Hold unless Search Console shows demand
Stainless Steel,SS 430,flats,Salem,Tamil Nadu,,india_city,Duplicate / cannibalizing risk,/materials/ss-430-supplier-india.html,Hold unless Search Console shows demand
Stainless Steel,SS 430,flats,Trichy,Tamil Nadu,,india_city,Duplicate / cannibalizing risk,/materials/ss-430-supplier-india.html,Hold unless Search Console shows demand
Stainless Steel,SS 430,flats,Bommasandra,Karnataka,,india_city,Duplicate / cannibalizing risk,/materials/ss-430-supplier-india.html,Hold unless Search Console shows demand
Stainless Steel,SS 430,flats,Mysuru,Karnataka,,india_city,Duplicate / cannibalizing risk,/materials/ss-430-supplier-india.html,Hold unless Search Console shows demand
Stainless Steel,SS 430,flats,Mangaluru,Karnataka,,india_city,Duplicate / cannibalizing risk,/materials/ss-430-supplier-india.html,Hold unless Search Console shows demand
Stainless Steel,SS 430,flats,Secunderabad,Telangana,,india_city,Duplicate / cannibalizing risk,/materials/ss-430-supplier-india.html,Hold unless Search Console shows demand
Stainless Steel,SS 430,flats,Kakinada,Andhra Pradesh,,india_city,Duplicate / cannibalizing risk,/materials/ss-430-supplier-india.html,Hold unless Search Console shows demand
Stainless Steel,SS 430,flats,Vijayawada,Andhra Pradesh,,india_city,Duplicate / cannibalizing risk,/materials/ss-430-supplier-india.html,Hold unless Search Console shows demand
Stainless Steel,SS 430,flats,Greater Noida,Uttar Pradesh,,india_city,Duplicate / cannibalizing risk,/materials/ss-430-supplier-india.html,Hold unless Search Console shows demand
Stainless Steel,SS 430,flats,Ghaziabad,Uttar Pradesh,,india_city,Duplicate / cannibalizing risk,/materials/ss-430-supplier-india.html,Hold unless Search Console shows demand
Stainless Steel,SS 430,flats,Jaipur,Rajasthan,,india_city,Duplicate / cannibalizing risk,/materials/ss-430-supplier-india.html,Hold unless Search Console shows demand
Stainless Steel,SS 430,flats,Indore,Madhya Pradesh,,india_city,Duplicate / cannibalizing risk,/materials/ss-430-supplier-india.html,Hold unless Search Console shows demand
Stainless Steel,SS 430,flats,Pithampur,Madhya Pradesh,,india_city,Duplicate / cannibalizing risk,/materials/ss-430-supplier-india.html,Hold unless Search Console shows demand
Stainless Steel,SS 430,flats,Bhopal / Mandideep,Madhya Pradesh,,india_city,Duplicate / cannibalizing risk,/materials/ss-430-supplier-india.html,Hold unless Search Console shows demand
Stainless Steel,SS 430,flats,Kolkata,West Bengal,,india_city,Duplicate / cannibalizing risk,/materials/ss-430-supplier-india.html,Hold unless Search Console shows demand
Stainless Steel,SS 430,flats,Howrah,West Bengal,,india_city,Duplicate / cannibalizing risk,/materials/ss-430-supplier-india.html,Hold unless Search Console shows demand
Stainless Steel,SS 430,flats,Durgapur,West Bengal,,india_city,Duplicate / cannibalizing risk,/materials/ss-430-supplier-india.html,Hold unless Search Console shows demand
Stainless Steel,SS 430,flats,Jamshedpur,Jharkhand,,india_city,Duplicate / cannibalizing risk,/materials/ss-430-supplier-india.html,Hold unless Search Console shows demand
Stainless Steel,SS 430,flats,Ludhiana,Punjab,,india_city,Duplicate / cannibalizing risk,/materials/ss-430-supplier-india.html,Hold unless Search Console shows demand
Stainless Steel,SS 430,angles,Navi Mumbai,Maharashtra,,india_city,Duplicate / cannibalizing risk,/materials/ss-430-supplier-india.html,Hold unless Search Console shows demand
Stainless Steel,SS 430,angles,Thane,Maharashtra,,india_city,Duplicate / cannibalizing risk,/materials/ss-430-supplier-india.html,Hold unless Search Console shows demand
Stainless Steel,SS 430,angles,Nashik,Maharashtra,,india_city,Duplicate / cannibalizing risk,/materials/ss-430-supplier-india.html,Hold unless Search Console shows demand
Stainless Steel,SS 430,angles,Chhatrapati Sambhajinagar / Aurangabad,Maharashtra,,india_city,Duplicate / cannibalizing risk,/materials/ss-430-supplier-india.html,Hold unless Search Console shows demand
Stainless Steel,SS 430,angles,Nagpur / Butibori,Maharashtra,,india_city,Duplicate / cannibalizing risk,/materials/ss-430-supplier-india.html,Hold unless Search Console shows demand
Stainless Steel,SS 430,angles,Hazira,Gujarat,,india_city,Duplicate / cannibalizing risk,/materials/ss-430-supplier-india.html,Hold unless Search Console shows demand
Stainless Steel,SS 430,angles,Rajkot,Gujarat,,india_city,Duplicate / cannibalizing risk,/materials/ss-430-supplier-india.html,Hold unless Search Console shows demand
Stainless Steel,SS 430,angles,Jamnagar,Gujarat,,india_city,Duplicate / cannibalizing risk,/materials/ss-430-supplier-india.html,Hold unless Search Console shows demand
Stainless Steel,SS 430,angles,Sriperumbudur,Tamil Nadu,,india_city,Duplicate / cannibalizing risk,/materials/ss-430-supplier-india.html,Hold unless Search Console shows demand
Stainless Steel,SS 430,angles,Oragadam,Tamil Nadu,,india_city,Duplicate / cannibalizing risk,/materials/ss-430-supplier-india.html,Hold unless Search Console shows demand
Stainless Steel,SS 430,angles,Hosur,Tamil Nadu,,india_city,Duplicate / cannibalizing risk,/materials/ss-430-supplier-india.html,Hold unless Search Console shows demand
Stainless Steel,SS 430,angles,Salem,Tamil Nadu,,india_city,Duplicate / cannibalizing risk,/materials/ss-430-supplier-india.html,Hold unless Search Console shows demand
Stainless Steel,SS 430,angles,Trichy,Tamil Nadu,,india_city,Duplicate / cannibalizing risk,/materials/ss-430-supplier-india.html,Hold unless Search Console shows demand
Stainless Steel,SS 430,angles,Bommasandra,Karnataka,,india_city,Duplicate / cannibalizing risk,/materials/ss-430-supplier-india.html,Hold unless Search Console shows demand
Stainless Steel,SS 430,angles,Mysuru,Karnataka,,india_city,Duplicate / cannibalizing risk,/materials/ss-430-supplier-india.html,Hold unless Search Console shows demand
Stainless Steel,SS 430,angles,Mangaluru,Karnataka,,india_city,Duplicate / cannibalizing risk,/materials/ss-430-supplier-india.html,Hold unless Search Console shows demand
Stainless Steel,SS 430,angles,Secunderabad,Telangana,,india_city,Duplicate / cannibalizing risk,/materials/ss-430-supplier-india.html,Hold unless Search Console shows demand
Stainless Steel,SS 430,angles,Kakinada,Andhra Pradesh,,india_city,Duplicate / cannibalizing risk,/materials/ss-430-supplier-india.html,Hold unless Search Console shows demand
Stainless Steel,SS 430,angles,Vijayawada,Andhra Pradesh,,india_city,Duplicate / cannibalizing risk,/materials/ss-430-supplier-india.html,Hold unless Search Console shows demand
Stainless Steel,SS 430,angles,Greater Noida,Uttar Pradesh,,india_city,Duplicate / cannibalizing risk,/materials/ss-430-supplier-india.html,Hold unless Search Console shows demand
Stainless Steel,SS 430,angles,Ghaziabad,Uttar Pradesh,,india_city,Duplicate / cannibalizing risk,/materials/ss-430-supplier-india.html,Hold unless Search Console shows demand
Stainless Steel,SS 430,angles,Jaipur,Rajasthan,,india_city,Duplicate / cannibalizing risk,/materials/ss-430-supplier-india.html,Hold unless Search Console shows demand
Stainless Steel,SS 430,angles,Indore,Madhya Pradesh,,india_city,Duplicate / cannibalizing risk,/materials/ss-430-supplier-india.html,Hold unless Search Console shows demand
Stainless Steel,SS 430,angles,Pithampur,Madhya Pradesh,,india_city,Duplicate / cannibalizing risk,/materials/ss-430-supplier-india.html,Hold unless Search Console shows demand
Stainless Steel,SS 430,angles,Bhopal / Mandideep,Madhya Pradesh,,india_city,Duplicate / cannibalizing risk,/materials/ss-430-supplier-india.html,Hold unless Search Console shows demand
Stainless Steel,SS 430,angles,Kolkata,West Bengal,,india_city,Duplicate / cannibalizing risk,/materials/ss-430-supplier-india.html,Hold unless Search Console shows demand
Stainless Steel,SS 430,angles,Howrah,West Bengal,,india_city,Duplicate / cannibalizing risk,/materials/ss-430-supplier-india.html,Hold unless Search Console shows demand
Stainless Steel,SS 430,angles,Durgapur,West Bengal,,india_city,Duplicate / cannibalizing risk,/materials/ss-430-supplier-india.html,Hold unless Search Console shows demand
Stainless Steel,SS 430,angles,Jamshedpur,Jharkhand,,india_city,Duplicate / cannibalizing risk,/materials/ss-430-supplier-india.html,Hold unless Search Console shows demand
Stainless Steel,SS 430,angles,Ludhiana,Punjab,,india_city,Duplicate / cannibalizing risk,/materials/ss-430-supplier-india.html,Hold unless Search Console shows demand
Stainless Steel,SS 430,channels,Navi Mumbai,Maharashtra,,india_city,Duplicate / cannibalizing risk,/materials/ss-430-supplier-india.html,Hold unless Search Console shows demand
Stainless Steel,SS 430,channels,Thane,Maharashtra,,india_city,Duplicate / cannibalizing risk,/materials/ss-430-supplier-india.html,Hold unless Search Console shows demand
Stainless Steel,SS 430,channels,Nashik,Maharashtra,,india_city,Duplicate / cannibalizing risk,/materials/ss-430-supplier-india.html,Hold unless Search Console shows demand
Stainless Steel,SS 430,channels,Chhatrapati Sambhajinagar / Aurangabad,Maharashtra,,india_city,Duplicate / cannibalizing risk,/materials/ss-430-supplier-india.html,Hold unless Search Console shows demand
Stainless Steel,SS 430,channels,Nagpur / Butibori,Maharashtra,,india_city,Duplicate / cannibalizing risk,/materials/ss-430-supplier-india.html,Hold unless Search Console shows demand
Stainless Steel,SS 430,channels,Hazira,Gujarat,,india_city,Duplicate / cannibalizing risk,/materials/ss-430-supplier-india.html,Hold unless Search Console shows demand
Stainless Steel,SS 430,channels,Rajkot,Gujarat,,india_city,Duplicate / cannibalizing risk,/materials/ss-430-supplier-india.html,Hold unless Search Console shows demand
Stainless Steel,SS 430,channels,Jamnagar,Gujarat,,india_city,Duplicate / cannibalizing risk,/materials/ss-430-supplier-india.html,Hold unless Search Console shows demand
Stainless Steel,SS 430,channels,Sriperumbudur,Tamil Nadu,,india_city,Duplicate / cannibalizing risk,/materials/ss-430-supplier-india.html,Hold unless Search Console shows demand
Stainless Steel,SS 430,channels,Oragadam,Tamil Nadu,,india_city,Duplicate / cannibalizing risk,/materials/ss-430-supplier-india.html,Hold unless Search Console shows demand
Stainless Steel,SS 430,channels,Hosur,Tamil Nadu,,india_city,Duplicate / cannibalizing risk,/materials/ss-430-supplier-india.html,Hold unless Search Console shows demand
Stainless Steel,SS 430,channels,Salem,Tamil Nadu,,india_city,Duplicate / cannibalizing risk,/materials/ss-430-supplier-india.html,Hold unless Search Console shows demand
Stainless Steel,SS 430,channels,Trichy,Tamil Nadu,,india_city,Duplicate / cannibalizing risk,/materials/ss-430-supplier-india.html,Hold unless Search Console shows demand
Stainless Steel,SS 430,channels,Bommasandra,Karnataka,,india_city,Duplicate / cannibalizing risk,/materials/ss-430-supplier-india.html,Hold unless Search Console shows demand
Stainless Steel,SS 430,channels,Mysuru,Karnataka,,india_city,Duplicate / cannibalizing risk,/materials/ss-430-supplier-india.html,Hold unless Search Console shows demand
Stainless Steel,SS 430,channels,Mangaluru,Karnataka,,india_city,Duplicate / cannibalizing risk,/materials/ss-430-supplier-india.html,Hold unless Search Console shows demand
Stainless Steel,SS 430,channels,Secunderabad,Telangana,,india_city,Duplicate / cannibalizing risk,/materials/ss-430-supplier-india.html,Hold unless Search Console shows demand
Stainless Steel,SS 430,channels,Kakinada,Andhra Pradesh,,india_city,Duplicate / cannibalizing risk,/materials/ss-430-supplier-india.html,Hold unless Search Console shows demand
Stainless Steel,SS 430,channels,Vijayawada,Andhra Pradesh,,india_city,Duplicate / cannibalizing risk,/materials/ss-430-supplier-india.html,Hold unless Search Console shows demand
Stainless Steel,SS 430,channels,Greater Noida,Uttar Pradesh,,india_city,Duplicate / cannibalizing risk,/materials/ss-430-supplier-india.html,Hold unless Search Console shows demand
Stainless Steel,SS 430,channels,Ghaziabad,Uttar Pradesh,,india_city,Duplicate / cannibalizing risk,/materials/ss-430-supplier-india.html,Hold unless Search Console shows demand
Stainless Steel,SS 430,channels,Jaipur,Rajasthan,,india_city,Duplicate / cannibalizing risk,/materials/ss-430-supplier-india.html,Hold unless Search Console shows demand
Stainless Steel,SS 430,channels,Indore,Madhya Pradesh,,india_city,Duplicate / cannibalizing risk,/materials/ss-430-supplier-india.html,Hold unless Search Console shows demand
Stainless Steel,SS 430,channels,Pithampur,Madhya Pradesh,,india_city,Duplicate / cannibalizing risk,/materials/ss-430-supplier-india.html,Hold unless Search Console shows demand
Stainless Steel,SS 430,channels,Bhopal / Mandideep,Madhya Pradesh,,india_city,Duplicate / cannibalizing risk,/materials/ss-430-supplier-india.html,Hold unless Search Console shows demand
Stainless Steel,SS 430,channels,Kolkata,West Bengal,,india_city,Duplicate / cannibalizing risk,/materials/ss-430-supplier-india.html,Hold unless Search Console shows demand
Stainless Steel,SS 430,channels,Howrah,West Bengal,,india_city,Duplicate / cannibalizing risk,/materials/ss-430-supplier-india.html,Hold unless Search Console shows demand
Stainless Steel,SS 430,channels,Durgapur,West Bengal,,india_city,Duplicate / cannibalizing risk,/materials/ss-430-supplier-india.html,Hold unless Search Console shows demand
Stainless Steel,SS 430,channels,Jamshedpur,Jharkhand,,india_city,Duplicate / cannibalizing risk,/materials/ss-430-supplier-india.html,Hold unless Search Console shows demand
Stainless Steel,SS 430,channels,Ludhiana,Punjab,,india_city,Duplicate / cannibalizing risk,/materials/ss-430-supplier-india.html,Hold unless Search Console shows demand
Stainless Steel,SS 430,fasteners,Navi Mumbai,Maharashtra,,india_city,Duplicate / cannibalizing risk,/materials/ss-430-supplier-india.html,Hold unless Search Console shows demand
Stainless Steel,SS 430,fasteners,Thane,Maharashtra,,india_city,Duplicate / cannibalizing risk,/materials/ss-430-supplier-india.html,Hold unless Search Console shows demand
Stainless Steel,SS 430,fasteners,Nashik,Maharashtra,,india_city,Duplicate / cannibalizing risk,/materials/ss-430-supplier-india.html,Hold unless Search Console shows demand
Stainless Steel,SS 430,fasteners,Chhatrapati Sambhajinagar / Aurangabad,Maharashtra,,india_city,Duplicate / cannibalizing risk,/materials/ss-430-supplier-india.html,Hold unless Search Console shows demand
Stainless Steel,SS 430,fasteners,Nagpur / Butibori,Maharashtra,,india_city,Duplicate / cannibalizing risk,/materials/ss-430-supplier-india.html,Hold unless Search Console shows demand
Stainless Steel,SS 430,fasteners,Hazira,Gujarat,,india_city,Duplicate / cannibalizing risk,/materials/ss-430-supplier-india.html,Hold unless Search Console shows demand
Stainless Steel,SS 430,fasteners,Rajkot,Gujarat,,india_city,Duplicate / cannibalizing risk,/materials/ss-430-supplier-india.html,Hold unless Search Console shows demand
Stainless Steel,SS 430,fasteners,Jamnagar,Gujarat,,india_city,Duplicate / cannibalizing risk,/materials/ss-430-supplier-india.html,Hold unless Search Console shows demand
Stainless Steel,SS 430,fasteners,Sriperumbudur,Tamil Nadu,,india_city,Duplicate / cannibalizing risk,/materials/ss-430-supplier-india.html,Hold unless Search Console shows demand
Stainless Steel,SS 430,fasteners,Oragadam,Tamil Nadu,,india_city,Duplicate / cannibalizing risk,/materials/ss-430-supplier-india.html,Hold unless Search Console shows demand
Stainless Steel,SS 430,fasteners,Hosur,Tamil Nadu,,india_city,Duplicate / cannibalizing risk,/materials/ss-430-supplier-india.html,Hold unless Search Console shows demand
Stainless Steel,SS 430,fasteners,Salem,Tamil Nadu,,india_city,Duplicate / cannibalizing risk,/materials/ss-430-supplier-india.html,Hold unless Search Console shows demand
Stainless Steel,SS 430,fasteners,Trichy,Tamil Nadu,,india_city,Duplicate / cannibalizing risk,/materials/ss-430-supplier-india.html,Hold unless Search Console shows demand
Stainless Steel,SS 430,fasteners,Bommasandra,Karnataka,,india_city,Duplicate / cannibalizing risk,/materials/ss-430-supplier-india.html,Hold unless Search Console shows demand
Stainless Steel,SS 430,fasteners,Mysuru,Karnataka,,india_city,Duplicate / cannibalizing risk,/materials/ss-430-supplier-india.html,Hold unless Search Console shows demand
Stainless Steel,SS 430,fasteners,Mangaluru,Karnataka,,india_city,Duplicate / cannibalizing risk,/materials/ss-430-supplier-india.html,Hold unless Search Console shows demand
Stainless Steel,SS 430,fasteners,Secunderabad,Telangana,,india_city,Duplicate / cannibalizing risk,/materials/ss-430-supplier-india.html,Hold unless Search Console shows demand
Stainless Steel,SS 430,fasteners,Kakinada,Andhra Pradesh,,india_city,Duplicate / cannibalizing risk,/materials/ss-430-supplier-india.html,Hold unless Search Console shows demand
Stainless Steel,SS 430,fasteners,Vijayawada,Andhra Pradesh,,india_city,Duplicate / cannibalizing risk,/materials/ss-430-supplier-india.html,Hold unless Search Console shows demand
Stainless Steel,SS 430,fasteners,Greater Noida,Uttar Pradesh,,india_city,Duplicate / cannibalizing risk,/materials/ss-430-supplier-india.html,Hold unless Search Console shows demand
Stainless Steel,SS 430,fasteners,Ghaziabad,Uttar Pradesh,,india_city,Duplicate / cannibalizing risk,/materials/ss-430-supplier-india.html,Hold unless Search Console shows demand
Stainless Steel,SS 430,fasteners,Jaipur,Rajasthan,,india_city,Duplicate / cannibalizing risk,/materials/ss-430-supplier-india.html,Hold unless Search Console shows demand
Stainless Steel,SS 430,fasteners,Indore,Madhya Pradesh,,india_city,Duplicate / cannibalizing risk,/materials/ss-430-supplier-india.html,Hold unless Search Console shows demand
Stainless Steel,SS 430,fasteners,Pithampur,Madhya Pradesh,,india_city,Duplicate / cannibalizing risk,/materials/ss-430-supplier-india.html,Hold unless Search Console shows demand
Stainless Steel,SS 430,fasteners,Bhopal / Mandideep,Madhya Pradesh,,india_city,Duplicate / cannibalizing risk,/materials/ss-430-supplier-india.html,Hold unless Search Console shows demand
Stainless Steel,SS 430,fasteners,Kolkata,West Bengal,,india_city,Duplicate / cannibalizing risk,/materials/ss-430-supplier-india.html,Hold unless Search Console shows demand
Stainless Steel,SS 430,fasteners,Howrah,West Bengal,,india_city,Duplicate / cannibalizing risk,/materials/ss-430-supplier-india.html,Hold unless Search Console shows demand
Stainless Steel,SS 430,fasteners,Durgapur,West Bengal,,india_city,Duplicate / cannibalizing risk,/materials/ss-430-supplier-india.html,Hold unless Search Console shows demand
Stainless Steel,SS 430,fasteners,Jamshedpur,Jharkhand,,india_city,Duplicate / cannibalizing risk,/materials/ss-430-supplier-india.html,Hold unless Search Console shows demand
Stainless Steel,SS 430,fasteners,Ludhiana,Punjab,,india_city,Duplicate / cannibalizing risk,/materials/ss-430-supplier-india.html,Hold unless Search Console shows demand
Stainless Steel,SS 430,wire mesh,Navi Mumbai,Maharashtra,,india_city,Duplicate / cannibalizing risk,/materials/ss-430-supplier-india.html,Hold unless Search Console shows demand
Stainless Steel,SS 430,wire mesh,Thane,Maharashtra,,india_city,Duplicate / cannibalizing risk,/materials/ss-430-supplier-india.html,Hold unless Search Console shows demand
Stainless Steel,SS 430,wire mesh,Nashik,Maharashtra,,india_city,Duplicate / cannibalizing risk,/materials/ss-430-supplier-india.html,Hold unless Search Console shows demand
Stainless Steel,SS 430,wire mesh,Chhatrapati Sambhajinagar / Aurangabad,Maharashtra,,india_city,Duplicate / cannibalizing risk,/materials/ss-430-supplier-india.html,Hold unless Search Console shows demand
Stainless Steel,SS 430,wire mesh,Nagpur / Butibori,Maharashtra,,india_city,Duplicate / cannibalizing risk,/materials/ss-430-supplier-india.html,Hold unless Search Console shows demand
Stainless Steel,SS 430,wire mesh,Hazira,Gujarat,,india_city,Duplicate / cannibalizing risk,/materials/ss-430-supplier-india.html,Hold unless Search Console shows demand
Stainless Steel,SS 430,wire mesh,Rajkot,Gujarat,,india_city,Duplicate / cannibalizing risk,/materials/ss-430-supplier-india.html,Hold unless Search Console shows demand
Stainless Steel,SS 430,wire mesh,Jamnagar,Gujarat,,india_city,Duplicate / cannibalizing risk,/materials/ss-430-supplier-india.html,Hold unless Search Console shows demand
Stainless Steel,SS 430,wire mesh,Sriperumbudur,Tamil Nadu,,india_city,Duplicate / cannibalizing risk,/materials/ss-430-supplier-india.html,Hold unless Search Console shows demand
Stainless Steel,SS 430,wire mesh,Oragadam,Tamil Nadu,,india_city,Duplicate / cannibalizing risk,/materials/ss-430-supplier-india.html,Hold unless Search Console shows demand
Stainless Steel,SS 430,wire mesh,Hosur,Tamil Nadu,,india_city,Duplicate / cannibalizing risk,/materials/ss-430-supplier-india.html,Hold unless Search Console shows demand
Stainless Steel,SS 430,wire mesh,Salem,Tamil Nadu,,india_city,Duplicate / cannibalizing risk,/materials/ss-430-supplier-india.html,Hold unless Search Console shows demand
Stainless Steel,SS 430,wire mesh,Trichy,Tamil Nadu,,india_city,Duplicate / cannibalizing risk,/materials/ss-430-supplier-india.html,Hold unless Search Console shows demand
Stainless Steel,SS 430,wire mesh,Bommasandra,Karnataka,,india_city,Duplicate / cannibalizing risk,/materials/ss-430-supplier-india.html,Hold unless Search Console shows demand
Stainless Steel,SS 430,wire mesh,Mysuru,Karnataka,,india_city,Duplicate / cannibalizing risk,/materials/ss-430-supplier-india.html,Hold unless Search Console shows demand
Stainless Steel,SS 430,wire mesh,Mangaluru,Karnataka,,india_city,Duplicate / cannibalizing risk,/materials/ss-430-supplier-india.html,Hold unless Search Console shows demand
Stainless Steel,SS 430,wire mesh,Secunderabad,Telangana,,india_city,Duplicate / cannibalizing risk,/materials/ss-430-supplier-india.html,Hold unless Search Console shows demand
Stainless Steel,SS 430,wire mesh,Kakinada,Andhra Pradesh,,india_city,Duplicate / cannibalizing risk,/materials/ss-430-supplier-india.html,Hold unless Search Console shows demand
Stainless Steel,SS 430,wire mesh,Vijayawada,Andhra Pradesh,,india_city,Duplicate / cannibalizing risk,/materials/ss-430-supplier-india.html,Hold unless Search Console shows demand
Stainless Steel,SS 430,wire mesh,Greater Noida,Uttar Pradesh,,india_city,Duplicate / cannibalizing risk,/materials/ss-430-supplier-india.html,Hold unless Search Console shows demand
Stainless Steel,SS 430,wire mesh,Ghaziabad,Uttar Pradesh,,india_city,Duplicate / cannibalizing risk,/materials/ss-430-supplier-india.html,Hold unless Search Console shows demand
Stainless Steel,SS 430,wire mesh,Jaipur,Rajasthan,,india_city,Duplicate / cannibalizing risk,/materials/ss-430-supplier-india.html,Hold unless Search Console shows demand
Stainless Steel,SS 430,wire mesh,Indore,Madhya Pradesh,,india_city,Duplicate / cannibalizing risk,/materials/ss-430-supplier-india.html,Hold unless Search Console shows demand
Stainless Steel,SS 430,wire mesh,Pithampur,Madhya Pradesh,,india_city,Duplicate / cannibalizing risk,/materials/ss-430-supplier-india.html,Hold unless Search Console shows demand
Stainless Steel,SS 430,wire mesh,Bhopal / Mandideep,Madhya Pradesh,,india_city,Duplicate / cannibalizing risk,/materials/ss-430-supplier-india.html,Hold unless Search Console shows demand
Stainless Steel,SS 430,wire mesh,Kolkata,West Bengal,,india_city,Duplicate / cannibalizing risk,/materials/ss-430-supplier-india.html,Hold unless Search Console shows demand
Stainless Steel,SS 430,wire mesh,Howrah,West Bengal,,india_city,Duplicate / cannibalizing risk,/materials/ss-430-supplier-india.html,Hold unless Search Console shows demand
Stainless Steel,SS 430,wire mesh,Durgapur,West Bengal,,india_city,Duplicate / cannibalizing risk,/materials/ss-430-supplier-india.html,Hold unless Search Console shows demand
Stainless Steel,SS 430,wire mesh,Jamshedpur,Jharkhand,,india_city,Duplicate / cannibalizing risk,/materials/ss-430-supplier-india.html,Hold unless Search Console shows demand
Stainless Steel,SS 430,wire mesh,Ludhiana,Punjab,,india_city,Duplicate / cannibalizing risk,/materials/ss-430-supplier-india.html,Hold unless Search Console shows demand
Stainless Steel,SS 430,perforated sheets,Navi Mumbai,Maharashtra,,india_city,Duplicate / cannibalizing risk,/materials/ss-430-supplier-india.html,Hold unless Search Console shows demand
Stainless Steel,SS 430,perforated sheets,Thane,Maharashtra,,india_city,Duplicate / cannibalizing risk,/materials/ss-430-supplier-india.html,Hold unless Search Console shows demand
Stainless Steel,SS 430,perforated sheets,Nashik,Maharashtra,,india_city,Duplicate / cannibalizing risk,/materials/ss-430-supplier-india.html,Hold unless Search Console shows demand
Stainless Steel,SS 430,perforated sheets,Chhatrapati Sambhajinagar / Aurangabad,Maharashtra,,india_city,Duplicate / cannibalizing risk,/materials/ss-430-supplier-india.html,Hold unless Search Console shows demand
Stainless Steel,SS 430,perforated sheets,Nagpur / Butibori,Maharashtra,,india_city,Duplicate / cannibalizing risk,/materials/ss-430-supplier-india.html,Hold unless Search Console shows demand
Stainless Steel,SS 430,perforated sheets,Hazira,Gujarat,,india_city,Duplicate / cannibalizing risk,/materials/ss-430-supplier-india.html,Hold unless Search Console shows demand
Stainless Steel,SS 430,perforated sheets,Rajkot,Gujarat,,india_city,Duplicate / cannibalizing risk,/materials/ss-430-supplier-india.html,Hold unless Search Console shows demand
Stainless Steel,SS 430,perforated sheets,Jamnagar,Gujarat,,india_city,Duplicate / cannibalizing risk,/materials/ss-430-supplier-india.html,Hold unless Search Console shows demand
Stainless Steel,SS 430,perforated sheets,Sriperumbudur,Tamil Nadu,,india_city,Duplicate / cannibalizing risk,/materials/ss-430-supplier-india.html,Hold unless Search Console shows demand
Stainless Steel,SS 430,perforated sheets,Oragadam,Tamil Nadu,,india_city,Duplicate / cannibalizing risk,/materials/ss-430-supplier-india.html,Hold unless Search Console shows demand
Stainless Steel,SS 430,perforated sheets,Hosur,Tamil Nadu,,india_city,Duplicate / cannibalizing risk,/materials/ss-430-supplier-india.html,Hold unless Search Console shows demand
Stainless Steel,SS 430,perforated sheets,Salem,Tamil Nadu,,india_city,Duplicate / cannibalizing risk,/materials/ss-430-supplier-india.html,Hold unless Search Console shows demand
Stainless Steel,SS 430,perforated sheets,Trichy,Tamil Nadu,,india_city,Duplicate / cannibalizing risk,/materials/ss-430-supplier-india.html,Hold unless Search Console shows demand
Stainless Steel,SS 430,perforated sheets,Bommasandra,Karnataka,,india_city,Duplicate / cannibalizing risk,/materials/ss-430-supplier-india.html,Hold unless Search Console shows demand
Stainless Steel,SS 430,perforated sheets,Mysuru,Karnataka,,india_city,Duplicate / cannibalizing risk,/materials/ss-430-supplier-india.html,Hold unless Search Console shows demand
Stainless Steel,SS 430,perforated sheets,Mangaluru,Karnataka,,india_city,Duplicate / cannibalizing risk,/materials/ss-430-supplier-india.html,Hold unless Search Console shows demand
Stainless Steel,SS 430,perforated sheets,Secunderabad,Telangana,,india_city,Duplicate / cannibalizing risk,/materials/ss-430-supplier-india.html,Hold unless Search Console shows demand
Stainless Steel,SS 430,perforated sheets,Kakinada,Andhra Pradesh,,india_city,Duplicate / cannibalizing risk,/materials/ss-430-supplier-india.html,Hold unless Search Console shows demand
Stainless Steel,SS 430,perforated sheets,Vijayawada,Andhra Pradesh,,india_city,Duplicate / cannibalizing risk,/materials/ss-430-supplier-india.html,Hold unless Search Console shows demand
Stainless Steel,SS 430,perforated sheets,Greater Noida,Uttar Pradesh,,india_city,Duplicate / cannibalizing risk,/materials/ss-430-supplier-india.html,Hold unless Search Console shows demand
Stainless Steel,SS 430,perforated sheets,Ghaziabad,Uttar Pradesh,,india_city,Duplicate / cannibalizing risk,/materials/ss-430-supplier-india.html,Hold unless Search Console shows demand
Stainless Steel,SS 430,perforated sheets,Jaipur,Rajasthan,,india_city,Duplicate / cannibalizing risk,/materials/ss-430-supplier-india.html,Hold unless Search Console shows demand
Stainless Steel,SS 430,perforated sheets,Indore,Madhya Pradesh,,india_city,Duplicate / cannibalizing risk,/materials/ss-430-supplier-india.html,Hold unless Search Console shows demand
Stainless Steel,SS 430,perforated sheets,Pithampur,Madhya Pradesh,,india_city,Duplicate / cannibalizing risk,/materials/ss-430-supplier-india.html,Hold unless Search Console shows demand
Stainless Steel,SS 430,perforated sheets,Bhopal / Mandideep,Madhya Pradesh,,india_city,Duplicate / cannibalizing risk,/materials/ss-430-supplier-india.html,Hold unless Search Console shows demand
Stainless Steel,SS 430,perforated sheets,Kolkata,West Bengal,,india_city,Duplicate / cannibalizing risk,/materials/ss-430-supplier-india.html,Hold unless Search Console shows demand
Stainless Steel,SS 430,perforated sheets,Howrah,West Bengal,,india_city,Duplicate / cannibalizing risk,/materials/ss-430-supplier-india.html,Hold unless Search Console shows demand
Stainless Steel,SS 430,perforated sheets,Durgapur,West Bengal,,india_city,Duplicate / cannibalizing risk,/materials/ss-430-supplier-india.html,Hold unless Search Console shows demand
Stainless Steel,SS 430,perforated sheets,Jamshedpur,Jharkhand,,india_city,Duplicate / cannibalizing risk,/materials/ss-430-supplier-india.html,Hold unless Search Console shows demand
Stainless Steel,SS 430,perforated sheets,Ludhiana,Punjab,,india_city,Duplicate / cannibalizing risk,/materials/ss-430-supplier-india.html,Hold unless Search Console shows demand
Nickel Alloys,Inconel 600,tubes,Navi Mumbai,Maharashtra,,india_city,Duplicate / cannibalizing risk,/materials/inconel-600-supplier-india.html,Hold unless Search Console shows demand
Nickel Alloys,Inconel 600,tubes,Jamnagar,Gujarat,,india_city,Duplicate / cannibalizing risk,/materials/inconel-600-supplier-india.html,Hold unless Search Console shows demand
Nickel Alloys,Inconel 600,tubes,Bommasandra,Karnataka,,india_city,Duplicate / cannibalizing risk,/materials/inconel-600-supplier-india.html,Hold unless Search Console shows demand
Nickel Alloys,Inconel 600,tubes,Mangaluru,Karnataka,,india_city,Duplicate / cannibalizing risk,/materials/inconel-600-supplier-india.html,Hold unless Search Console shows demand
Nickel Alloys,Inconel 600,tubes,Secunderabad,Telangana,,india_city,Duplicate / cannibalizing risk,/materials/inconel-600-supplier-india.html,Hold unless Search Console shows demand
Nickel Alloys,Inconel 600,tubes,Indore,Madhya Pradesh,,india_city,Duplicate / cannibalizing risk,/materials/inconel-600-supplier-india.html,Hold unless Search Console shows demand
Nickel Alloys,Inconel 600,tubes,Pithampur,Madhya Pradesh,,india_city,Duplicate / cannibalizing risk,/materials/inconel-600-supplier-india.html,Hold unless Search Console shows demand
Nickel Alloys,Inconel 600,tubes,Jamshedpur,Jharkhand,,india_city,Duplicate / cannibalizing risk,/materials/inconel-600-supplier-india.html,Hold unless Search Console shows demand
Nickel Alloys,Inconel 600,tubes,Jalandhar,Punjab,,india_city,Not recommended,/materials/inconel-600-supplier-india.html,Do not create
Nickel Alloys,Inconel 600,tubes,Kochi,Kerala,,india_city,Not recommended,/materials/inconel-600-supplier-india.html,Do not create
Nickel Alloys,Inconel 600,sheets,Navi Mumbai,Maharashtra,,india_city,Duplicate / cannibalizing risk,/materials/inconel-600-supplier-india.html,Hold unless Search Console shows demand
Nickel Alloys,Inconel 600,sheets,Jamnagar,Gujarat,,india_city,Duplicate / cannibalizing risk,/materials/inconel-600-supplier-india.html,Hold unless Search Console shows demand
Nickel Alloys,Inconel 600,sheets,Bommasandra,Karnataka,,india_city,Duplicate / cannibalizing risk,/materials/inconel-600-supplier-india.html,Hold unless Search Console shows demand
Nickel Alloys,Inconel 600,sheets,Mangaluru,Karnataka,,india_city,Duplicate / cannibalizing risk,/materials/inconel-600-supplier-india.html,Hold unless Search Console shows demand
Nickel Alloys,Inconel 600,sheets,Secunderabad,Telangana,,india_city,Duplicate / cannibalizing risk,/materials/inconel-600-supplier-india.html,Hold unless Search Console shows demand
Nickel Alloys,Inconel 600,sheets,Indore,Madhya Pradesh,,india_city,Duplicate / cannibalizing risk,/materials/inconel-600-supplier-india.html,Hold unless Search Console shows demand
Nickel Alloys,Inconel 600,sheets,Pithampur,Madhya Pradesh,,india_city,Duplicate / cannibalizing risk,/materials/inconel-600-supplier-india.html,Hold unless Search Console shows demand
Nickel Alloys,Inconel 600,sheets,Jamshedpur,Jharkhand,,india_city,Duplicate / cannibalizing risk,/materials/inconel-600-supplier-india.html,Hold unless Search Console shows demand
Nickel Alloys,Inconel 600,sheets,Jalandhar,Punjab,,india_city,Not recommended,/materials/inconel-600-supplier-india.html,Do not create
Nickel Alloys,Inconel 600,sheets,Kochi,Kerala,,india_city,Not recommended,/materials/inconel-600-supplier-india.html,Do not create
Nickel Alloys,Inconel 600,rods,Navi Mumbai,Maharashtra,,india_city,Duplicate / cannibalizing risk,/materials/inconel-600-supplier-india.html,Hold unless Search Console shows demand
Nickel Alloys,Inconel 600,rods,Jamnagar,Gujarat,,india_city,Duplicate / cannibalizing risk,/materials/inconel-600-supplier-india.html,Hold unless Search Console shows demand
Nickel Alloys,Inconel 600,rods,Bommasandra,Karnataka,,india_city,Duplicate / cannibalizing risk,/materials/inconel-600-supplier-india.html,Hold unless Search Console shows demand
Nickel Alloys,Inconel 600,rods,Mangaluru,Karnataka,,india_city,Duplicate / cannibalizing risk,/materials/inconel-600-supplier-india.html,Hold unless Search Console shows demand
Nickel Alloys,Inconel 600,rods,Secunderabad,Telangana,,india_city,Duplicate / cannibalizing risk,/materials/inconel-600-supplier-india.html,Hold unless Search Console shows demand
Nickel Alloys,Inconel 600,rods,Indore,Madhya Pradesh,,india_city,Duplicate / cannibalizing risk,/materials/inconel-600-supplier-india.html,Hold unless Search Console shows demand
Nickel Alloys,Inconel 600,rods,Pithampur,Madhya Pradesh,,india_city,Duplicate / cannibalizing risk,/materials/inconel-600-supplier-india.html,Hold unless Search Console shows demand
Nickel Alloys,Inconel 600,rods,Jamshedpur,Jharkhand,,india_city,Duplicate / cannibalizing risk,/materials/inconel-600-supplier-india.html,Hold unless Search Console shows demand
Nickel Alloys,Inconel 600,rods,Jalandhar,Punjab,,india_city,Not recommended,/materials/inconel-600-supplier-india.html,Do not create
Nickel Alloys,Inconel 600,rods,Kochi,Kerala,,india_city,Not recommended,/materials/inconel-600-supplier-india.html,Do not create
Nickel Alloys,Inconel 600,fasteners,Navi Mumbai,Maharashtra,,india_city,Duplicate / cannibalizing risk,/materials/inconel-600-supplier-india.html,Hold unless Search Console shows demand
Nickel Alloys,Inconel 600,fasteners,Jamnagar,Gujarat,,india_city,Duplicate / cannibalizing risk,/materials/inconel-600-supplier-india.html,Hold unless Search Console shows demand
Nickel Alloys,Inconel 600,fasteners,Bommasandra,Karnataka,,india_city,Duplicate / cannibalizing risk,/materials/inconel-600-supplier-india.html,Hold unless Search Console shows demand
Nickel Alloys,Inconel 600,fasteners,Mangaluru,Karnataka,,india_city,Duplicate / cannibalizing risk,/materials/inconel-600-supplier-india.html,Hold unless Search Console shows demand
Nickel Alloys,Inconel 600,fasteners,Secunderabad,Telangana,,india_city,Duplicate / cannibalizing risk,/materials/inconel-600-supplier-india.html,Hold unless Search Console shows demand
Nickel Alloys,Inconel 600,fasteners,Indore,Madhya Pradesh,,india_city,Duplicate / cannibalizing risk,/materials/inconel-600-supplier-india.html,Hold unless Search Console shows demand
Nickel Alloys,Inconel 600,fasteners,Pithampur,Madhya Pradesh,,india_city,Duplicate / cannibalizing risk,/materials/inconel-600-supplier-india.html,Hold unless Search Console shows demand
Nickel Alloys,Inconel 600,fasteners,Jamshedpur,Jharkhand,,india_city,Duplicate / cannibalizing risk,/materials/inconel-600-supplier-india.html,Hold unless Search Console shows demand
Nickel Alloys,Inconel 600,fasteners,Jalandhar,Punjab,,india_city,Not recommended,/materials/inconel-600-supplier-india.html,Do not create
Nickel Alloys,Inconel 600,fasteners,Kochi,Kerala,,india_city,Not recommended,/materials/inconel-600-supplier-india.html,Do not create
Nickel Alloys,Monel 400,tubes,Navi Mumbai,Maharashtra,,india_city,Duplicate / cannibalizing risk,/materials/monel-400-supplier-india.html,Hold unless Search Console shows demand
Nickel Alloys,Monel 400,tubes,Jamnagar,Gujarat,,india_city,Duplicate / cannibalizing risk,/materials/monel-400-supplier-india.html,Hold unless Search Console shows demand
Nickel Alloys,Monel 400,tubes,Bommasandra,Karnataka,,india_city,Duplicate / cannibalizing risk,/materials/monel-400-supplier-india.html,Hold unless Search Console shows demand
Nickel Alloys,Monel 400,tubes,Mangaluru,Karnataka,,india_city,Duplicate / cannibalizing risk,/materials/monel-400-supplier-india.html,Hold unless Search Console shows demand
Nickel Alloys,Monel 400,tubes,Secunderabad,Telangana,,india_city,Duplicate / cannibalizing risk,/materials/monel-400-supplier-india.html,Hold unless Search Console shows demand
Nickel Alloys,Monel 400,tubes,Indore,Madhya Pradesh,,india_city,Duplicate / cannibalizing risk,/materials/monel-400-supplier-india.html,Hold unless Search Console shows demand
Nickel Alloys,Monel 400,tubes,Pithampur,Madhya Pradesh,,india_city,Duplicate / cannibalizing risk,/materials/monel-400-supplier-india.html,Hold unless Search Console shows demand
Nickel Alloys,Monel 400,tubes,Jamshedpur,Jharkhand,,india_city,Duplicate / cannibalizing risk,/materials/monel-400-supplier-india.html,Hold unless Search Console shows demand
Nickel Alloys,Monel 400,tubes,Jalandhar,Punjab,,india_city,Not recommended,/materials/monel-400-supplier-india.html,Do not create
Nickel Alloys,Monel 400,tubes,Kochi,Kerala,,india_city,Not recommended,/materials/monel-400-supplier-india.html,Do not create
Nickel Alloys,Monel 400,sheets,Navi Mumbai,Maharashtra,,india_city,Duplicate / cannibalizing risk,/materials/monel-400-supplier-india.html,Hold unless Search Console shows demand
Nickel Alloys,Monel 400,sheets,Jamnagar,Gujarat,,india_city,Duplicate / cannibalizing risk,/materials/monel-400-supplier-india.html,Hold unless Search Console shows demand
Nickel Alloys,Monel 400,sheets,Bommasandra,Karnataka,,india_city,Duplicate / cannibalizing risk,/materials/monel-400-supplier-india.html,Hold unless Search Console shows demand
Nickel Alloys,Monel 400,sheets,Mangaluru,Karnataka,,india_city,Duplicate / cannibalizing risk,/materials/monel-400-supplier-india.html,Hold unless Search Console shows demand
Nickel Alloys,Monel 400,sheets,Secunderabad,Telangana,,india_city,Duplicate / cannibalizing risk,/materials/monel-400-supplier-india.html,Hold unless Search Console shows demand
Nickel Alloys,Monel 400,sheets,Indore,Madhya Pradesh,,india_city,Duplicate / cannibalizing risk,/materials/monel-400-supplier-india.html,Hold unless Search Console shows demand
Nickel Alloys,Monel 400,sheets,Pithampur,Madhya Pradesh,,india_city,Duplicate / cannibalizing risk,/materials/monel-400-supplier-india.html,Hold unless Search Console shows demand
Nickel Alloys,Monel 400,sheets,Jamshedpur,Jharkhand,,india_city,Duplicate / cannibalizing risk,/materials/monel-400-supplier-india.html,Hold unless Search Console shows demand
Nickel Alloys,Monel 400,sheets,Jalandhar,Punjab,,india_city,Not recommended,/materials/monel-400-supplier-india.html,Do not create
Nickel Alloys,Monel 400,sheets,Kochi,Kerala,,india_city,Not recommended,/materials/monel-400-supplier-india.html,Do not create
Nickel Alloys,Monel 400,rods,Navi Mumbai,Maharashtra,,india_city,Duplicate / cannibalizing risk,/materials/monel-400-supplier-india.html,Hold unless Search Console shows demand
Nickel Alloys,Monel 400,rods,Jamnagar,Gujarat,,india_city,Duplicate / cannibalizing risk,/materials/monel-400-supplier-india.html,Hold unless Search Console shows demand
Nickel Alloys,Monel 400,rods,Bommasandra,Karnataka,,india_city,Duplicate / cannibalizing risk,/materials/monel-400-supplier-india.html,Hold unless Search Console shows demand
Nickel Alloys,Monel 400,rods,Mangaluru,Karnataka,,india_city,Duplicate / cannibalizing risk,/materials/monel-400-supplier-india.html,Hold unless Search Console shows demand
Nickel Alloys,Monel 400,rods,Secunderabad,Telangana,,india_city,Duplicate / cannibalizing risk,/materials/monel-400-supplier-india.html,Hold unless Search Console shows demand
Nickel Alloys,Monel 400,rods,Indore,Madhya Pradesh,,india_city,Duplicate / cannibalizing risk,/materials/monel-400-supplier-india.html,Hold unless Search Console shows demand
Nickel Alloys,Monel 400,rods,Pithampur,Madhya Pradesh,,india_city,Duplicate / cannibalizing risk,/materials/monel-400-supplier-india.html,Hold unless Search Console shows demand
Nickel Alloys,Monel 400,rods,Jamshedpur,Jharkhand,,india_city,Duplicate / cannibalizing risk,/materials/monel-400-supplier-india.html,Hold unless Search Console shows demand
Nickel Alloys,Monel 400,rods,Jalandhar,Punjab,,india_city,Not recommended,/materials/monel-400-supplier-india.html,Do not create
Nickel Alloys,Monel 400,rods,Kochi,Kerala,,india_city,Not recommended,/materials/monel-400-supplier-india.html,Do not create
Nickel Alloys,Monel 400,fasteners,Navi Mumbai,Maharashtra,,india_city,Duplicate / cannibalizing risk,/materials/monel-400-supplier-india.html,Hold unless Search Console shows demand
Nickel Alloys,Monel 400,fasteners,Jamnagar,Gujarat,,india_city,Duplicate / cannibalizing risk,/materials/monel-400-supplier-india.html,Hold unless Search Console shows demand
Nickel Alloys,Monel 400,fasteners,Bommasandra,Karnataka,,india_city,Duplicate / cannibalizing risk,/materials/monel-400-supplier-india.html,Hold unless Search Console shows demand
Nickel Alloys,Monel 400,fasteners,Mangaluru,Karnataka,,india_city,Duplicate / cannibalizing risk,/materials/monel-400-supplier-india.html,Hold unless Search Console shows demand
Nickel Alloys,Monel 400,fasteners,Secunderabad,Telangana,,india_city,Duplicate / cannibalizing risk,/materials/monel-400-supplier-india.html,Hold unless Search Console shows demand
Nickel Alloys,Monel 400,fasteners,Indore,Madhya Pradesh,,india_city,Duplicate / cannibalizing risk,/materials/monel-400-supplier-india.html,Hold unless Search Console shows demand
Nickel Alloys,Monel 400,fasteners,Pithampur,Madhya Pradesh,,india_city,Duplicate / cannibalizing risk,/materials/monel-400-supplier-india.html,Hold unless Search Console shows demand
Nickel Alloys,Monel 400,fasteners,Jamshedpur,Jharkhand,,india_city,Duplicate / cannibalizing risk,/materials/monel-400-supplier-india.html,Hold unless Search Console shows demand
Nickel Alloys,Monel 400,fasteners,Jalandhar,Punjab,,india_city,Not recommended,/materials/monel-400-supplier-india.html,Do not create
Nickel Alloys,Monel 400,fasteners,Kochi,Kerala,,india_city,Not recommended,/materials/monel-400-supplier-india.html,Do not create
Nickel Alloys,Monel K500,tubes,Navi Mumbai,Maharashtra,,india_city,Duplicate / cannibalizing risk,/materials/monel-400-supplier-india.html,Hold unless Search Console shows demand
Nickel Alloys,Monel K500,tubes,Jamnagar,Gujarat,,india_city,Duplicate / cannibalizing risk,/materials/monel-400-supplier-india.html,Hold unless Search Console shows demand
Nickel Alloys,Monel K500,tubes,Bommasandra,Karnataka,,india_city,Duplicate / cannibalizing risk,/materials/monel-400-supplier-india.html,Hold unless Search Console shows demand
Nickel Alloys,Monel K500,tubes,Mangaluru,Karnataka,,india_city,Duplicate / cannibalizing risk,/materials/monel-400-supplier-india.html,Hold unless Search Console shows demand
Nickel Alloys,Monel K500,tubes,Secunderabad,Telangana,,india_city,Duplicate / cannibalizing risk,/materials/monel-400-supplier-india.html,Hold unless Search Console shows demand
Nickel Alloys,Monel K500,tubes,Indore,Madhya Pradesh,,india_city,Duplicate / cannibalizing risk,/materials/monel-400-supplier-india.html,Hold unless Search Console shows demand
Nickel Alloys,Monel K500,tubes,Pithampur,Madhya Pradesh,,india_city,Duplicate / cannibalizing risk,/materials/monel-400-supplier-india.html,Hold unless Search Console shows demand
Nickel Alloys,Monel K500,tubes,Jamshedpur,Jharkhand,,india_city,Duplicate / cannibalizing risk,/materials/monel-400-supplier-india.html,Hold unless Search Console shows demand
Nickel Alloys,Monel K500,tubes,Jalandhar,Punjab,,india_city,Not recommended,/materials/monel-400-supplier-india.html,Do not create
Nickel Alloys,Monel K500,tubes,Kochi,Kerala,,india_city,Not recommended,/materials/monel-400-supplier-india.html,Do not create
Nickel Alloys,Monel K500,sheets,Navi Mumbai,Maharashtra,,india_city,Duplicate / cannibalizing risk,/materials/monel-400-supplier-india.html,Hold unless Search Console shows demand
Nickel Alloys,Monel K500,sheets,Jamnagar,Gujarat,,india_city,Duplicate / cannibalizing risk,/materials/monel-400-supplier-india.html,Hold unless Search Console shows demand
Nickel Alloys,Monel K500,sheets,Bommasandra,Karnataka,,india_city,Duplicate / cannibalizing risk,/materials/monel-400-supplier-india.html,Hold unless Search Console shows demand
Nickel Alloys,Monel K500,sheets,Mangaluru,Karnataka,,india_city,Duplicate / cannibalizing risk,/materials/monel-400-supplier-india.html,Hold unless Search Console shows demand
Nickel Alloys,Monel K500,sheets,Secunderabad,Telangana,,india_city,Duplicate / cannibalizing risk,/materials/monel-400-supplier-india.html,Hold unless Search Console shows demand
Nickel Alloys,Monel K500,sheets,Indore,Madhya Pradesh,,india_city,Duplicate / cannibalizing risk,/materials/monel-400-supplier-india.html,Hold unless Search Console shows demand
Nickel Alloys,Monel K500,sheets,Pithampur,Madhya Pradesh,,india_city,Duplicate / cannibalizing risk,/materials/monel-400-supplier-india.html,Hold unless Search Console shows demand
Nickel Alloys,Monel K500,sheets,Jamshedpur,Jharkhand,,india_city,Duplicate / cannibalizing risk,/materials/monel-400-supplier-india.html,Hold unless Search Console shows demand
Nickel Alloys,Monel K500,sheets,Jalandhar,Punjab,,india_city,Not recommended,/materials/monel-400-supplier-india.html,Do not create
Nickel Alloys,Monel K500,sheets,Kochi,Kerala,,india_city,Not recommended,/materials/monel-400-supplier-india.html,Do not create
Nickel Alloys,Monel K500,rods,Navi Mumbai,Maharashtra,,india_city,Duplicate / cannibalizing risk,/materials/monel-400-supplier-india.html,Hold unless Search Console shows demand
Nickel Alloys,Monel K500,rods,Jamnagar,Gujarat,,india_city,Duplicate / cannibalizing risk,/materials/monel-400-supplier-india.html,Hold unless Search Console shows demand
Nickel Alloys,Monel K500,rods,Bommasandra,Karnataka,,india_city,Duplicate / cannibalizing risk,/materials/monel-400-supplier-india.html,Hold unless Search Console shows demand
Nickel Alloys,Monel K500,rods,Mangaluru,Karnataka,,india_city,Duplicate / cannibalizing risk,/materials/monel-400-supplier-india.html,Hold unless Search Console shows demand
Nickel Alloys,Monel K500,rods,Secunderabad,Telangana,,india_city,Duplicate / cannibalizing risk,/materials/monel-400-supplier-india.html,Hold unless Search Console shows demand
Nickel Alloys,Monel K500,rods,Indore,Madhya Pradesh,,india_city,Duplicate / cannibalizing risk,/materials/monel-400-supplier-india.html,Hold unless Search Console shows demand
Nickel Alloys,Monel K500,rods,Pithampur,Madhya Pradesh,,india_city,Duplicate / cannibalizing risk,/materials/monel-400-supplier-india.html,Hold unless Search Console shows demand
Nickel Alloys,Monel K500,rods,Jamshedpur,Jharkhand,,india_city,Duplicate / cannibalizing risk,/materials/monel-400-supplier-india.html,Hold unless Search Console shows demand
Nickel Alloys,Monel K500,rods,Jalandhar,Punjab,,india_city,Not recommended,/materials/monel-400-supplier-india.html,Do not create
Nickel Alloys,Monel K500,rods,Kochi,Kerala,,india_city,Not recommended,/materials/monel-400-supplier-india.html,Do not create
Nickel Alloys,Monel K500,fasteners,Navi Mumbai,Maharashtra,,india_city,Duplicate / cannibalizing risk,/materials/monel-400-supplier-india.html,Hold unless Search Console shows demand
Nickel Alloys,Monel K500,fasteners,Jamnagar,Gujarat,,india_city,Duplicate / cannibalizing risk,/materials/monel-400-supplier-india.html,Hold unless Search Console shows demand
Nickel Alloys,Monel K500,fasteners,Bommasandra,Karnataka,,india_city,Duplicate / cannibalizing risk,/materials/monel-400-supplier-india.html,Hold unless Search Console shows demand
Nickel Alloys,Monel K500,fasteners,Mangaluru,Karnataka,,india_city,Duplicate / cannibalizing risk,/materials/monel-400-supplier-india.html,Hold unless Search Console shows demand
Nickel Alloys,Monel K500,fasteners,Secunderabad,Telangana,,india_city,Duplicate / cannibalizing risk,/materials/monel-400-supplier-india.html,Hold unless Search Console shows demand
Nickel Alloys,Monel K500,fasteners,Indore,Madhya Pradesh,,india_city,Duplicate / cannibalizing risk,/materials/monel-400-supplier-india.html,Hold unless Search Console shows demand
Nickel Alloys,Monel K500,fasteners,Pithampur,Madhya Pradesh,,india_city,Duplicate / cannibalizing risk,/materials/monel-400-supplier-india.html,Hold unless Search Console shows demand
Nickel Alloys,Monel K500,fasteners,Jamshedpur,Jharkhand,,india_city,Duplicate / cannibalizing risk,/materials/monel-400-supplier-india.html,Hold unless Search Console shows demand
Nickel Alloys,Monel K500,fasteners,Jalandhar,Punjab,,india_city,Not recommended,/materials/monel-400-supplier-india.html,Do not create
Nickel Alloys,Monel K500,fasteners,Kochi,Kerala,,india_city,Not recommended,/materials/monel-400-supplier-india.html,Do not create
Nickel Alloys,Hastelloy C22,tubes,Navi Mumbai,Maharashtra,,india_city,Duplicate / cannibalizing risk,/materials/hastelloy-b-2-supplier-india.html,Hold unless Search Console shows demand
Nickel Alloys,Hastelloy C22,tubes,Jamnagar,Gujarat,,india_city,Duplicate / cannibalizing risk,/materials/hastelloy-b-2-supplier-india.html,Hold unless Search Console shows demand
Nickel Alloys,Hastelloy C22,tubes,Bommasandra,Karnataka,,india_city,Duplicate / cannibalizing risk,/materials/hastelloy-b-2-supplier-india.html,Hold unless Search Console shows demand
Nickel Alloys,Hastelloy C22,tubes,Mangaluru,Karnataka,,india_city,Duplicate / cannibalizing risk,/materials/hastelloy-b-2-supplier-india.html,Hold unless Search Console shows demand
Nickel Alloys,Hastelloy C22,tubes,Secunderabad,Telangana,,india_city,Duplicate / cannibalizing risk,/materials/hastelloy-b-2-supplier-india.html,Hold unless Search Console shows demand
Nickel Alloys,Hastelloy C22,tubes,Indore,Madhya Pradesh,,india_city,Duplicate / cannibalizing risk,/materials/hastelloy-b-2-supplier-india.html,Hold unless Search Console shows demand
Nickel Alloys,Hastelloy C22,tubes,Pithampur,Madhya Pradesh,,india_city,Duplicate / cannibalizing risk,/materials/hastelloy-b-2-supplier-india.html,Hold unless Search Console shows demand
Nickel Alloys,Hastelloy C22,tubes,Jamshedpur,Jharkhand,,india_city,Duplicate / cannibalizing risk,/materials/hastelloy-b-2-supplier-india.html,Hold unless Search Console shows demand
Nickel Alloys,Hastelloy C22,tubes,Jalandhar,Punjab,,india_city,Not recommended,/materials/hastelloy-b-2-supplier-india.html,Do not create
Nickel Alloys,Hastelloy C22,tubes,Kochi,Kerala,,india_city,Not recommended,/materials/hastelloy-b-2-supplier-india.html,Do not create
Nickel Alloys,Hastelloy C22,sheets,Navi Mumbai,Maharashtra,,india_city,Duplicate / cannibalizing risk,/materials/hastelloy-b-2-supplier-india.html,Hold unless Search Console shows demand
Nickel Alloys,Hastelloy C22,sheets,Jamnagar,Gujarat,,india_city,Duplicate / cannibalizing risk,/materials/hastelloy-b-2-supplier-india.html,Hold unless Search Console shows demand
Nickel Alloys,Hastelloy C22,sheets,Bommasandra,Karnataka,,india_city,Duplicate / cannibalizing risk,/materials/hastelloy-b-2-supplier-india.html,Hold unless Search Console shows demand
Nickel Alloys,Hastelloy C22,sheets,Mangaluru,Karnataka,,india_city,Duplicate / cannibalizing risk,/materials/hastelloy-b-2-supplier-india.html,Hold unless Search Console shows demand
Nickel Alloys,Hastelloy C22,sheets,Secunderabad,Telangana,,india_city,Duplicate / cannibalizing risk,/materials/hastelloy-b-2-supplier-india.html,Hold unless Search Console shows demand
Nickel Alloys,Hastelloy C22,sheets,Indore,Madhya Pradesh,,india_city,Duplicate / cannibalizing risk,/materials/hastelloy-b-2-supplier-india.html,Hold unless Search Console shows demand
Nickel Alloys,Hastelloy C22,sheets,Pithampur,Madhya Pradesh,,india_city,Duplicate / cannibalizing risk,/materials/hastelloy-b-2-supplier-india.html,Hold unless Search Console shows demand
Nickel Alloys,Hastelloy C22,sheets,Jamshedpur,Jharkhand,,india_city,Duplicate / cannibalizing risk,/materials/hastelloy-b-2-supplier-india.html,Hold unless Search Console shows demand
Nickel Alloys,Hastelloy C22,sheets,Jalandhar,Punjab,,india_city,Not recommended,/materials/hastelloy-b-2-supplier-india.html,Do not create
Nickel Alloys,Hastelloy C22,sheets,Kochi,Kerala,,india_city,Not recommended,/materials/hastelloy-b-2-supplier-india.html,Do not create
Nickel Alloys,Hastelloy C22,rods,Navi Mumbai,Maharashtra,,india_city,Duplicate / cannibalizing risk,/materials/hastelloy-b-2-supplier-india.html,Hold unless Search Console shows demand
Nickel Alloys,Hastelloy C22,rods,Jamnagar,Gujarat,,india_city,Duplicate / cannibalizing risk,/materials/hastelloy-b-2-supplier-india.html,Hold unless Search Console shows demand
Nickel Alloys,Hastelloy C22,rods,Bommasandra,Karnataka,,india_city,Duplicate / cannibalizing risk,/materials/hastelloy-b-2-supplier-india.html,Hold unless Search Console shows demand
Nickel Alloys,Hastelloy C22,rods,Mangaluru,Karnataka,,india_city,Duplicate / cannibalizing risk,/materials/hastelloy-b-2-supplier-india.html,Hold unless Search Console shows demand
Nickel Alloys,Hastelloy C22,rods,Secunderabad,Telangana,,india_city,Duplicate / cannibalizing risk,/materials/hastelloy-b-2-supplier-india.html,Hold unless Search Console shows demand
Nickel Alloys,Hastelloy C22,rods,Indore,Madhya Pradesh,,india_city,Duplicate / cannibalizing risk,/materials/hastelloy-b-2-supplier-india.html,Hold unless Search Console shows demand
Nickel Alloys,Hastelloy C22,rods,Pithampur,Madhya Pradesh,,india_city,Duplicate / cannibalizing risk,/materials/hastelloy-b-2-supplier-india.html,Hold unless Search Console shows demand
Nickel Alloys,Hastelloy C22,rods,Jamshedpur,Jharkhand,,india_city,Duplicate / cannibalizing risk,/materials/hastelloy-b-2-supplier-india.html,Hold unless Search Console shows demand
Nickel Alloys,Hastelloy C22,rods,Jalandhar,Punjab,,india_city,Not recommended,/materials/hastelloy-b-2-supplier-india.html,Do not create
Nickel Alloys,Hastelloy C22,rods,Kochi,Kerala,,india_city,Not recommended,/materials/hastelloy-b-2-supplier-india.html,Do not create
Nickel Alloys,Hastelloy C22,fasteners,Navi Mumbai,Maharashtra,,india_city,Duplicate / cannibalizing risk,/materials/hastelloy-b-2-supplier-india.html,Hold unless Search Console shows demand
Nickel Alloys,Hastelloy C22,fasteners,Jamnagar,Gujarat,,india_city,Duplicate / cannibalizing risk,/materials/hastelloy-b-2-supplier-india.html,Hold unless Search Console shows demand
Nickel Alloys,Hastelloy C22,fasteners,Bommasandra,Karnataka,,india_city,Duplicate / cannibalizing risk,/materials/hastelloy-b-2-supplier-india.html,Hold unless Search Console shows demand
Nickel Alloys,Hastelloy C22,fasteners,Mangaluru,Karnataka,,india_city,Duplicate / cannibalizing risk,/materials/hastelloy-b-2-supplier-india.html,Hold unless Search Console shows demand
Nickel Alloys,Hastelloy C22,fasteners,Secunderabad,Telangana,,india_city,Duplicate / cannibalizing risk,/materials/hastelloy-b-2-supplier-india.html,Hold unless Search Console shows demand
Nickel Alloys,Hastelloy C22,fasteners,Indore,Madhya Pradesh,,india_city,Duplicate / cannibalizing risk,/materials/hastelloy-b-2-supplier-india.html,Hold unless Search Console shows demand
Nickel Alloys,Hastelloy C22,fasteners,Pithampur,Madhya Pradesh,,india_city,Duplicate / cannibalizing risk,/materials/hastelloy-b-2-supplier-india.html,Hold unless Search Console shows demand
Nickel Alloys,Hastelloy C22,fasteners,Jamshedpur,Jharkhand,,india_city,Duplicate / cannibalizing risk,/materials/hastelloy-b-2-supplier-india.html,Hold unless Search Console shows demand
Nickel Alloys,Hastelloy C22,fasteners,Jalandhar,Punjab,,india_city,Not recommended,/materials/hastelloy-b-2-supplier-india.html,Do not create
Nickel Alloys,Hastelloy C22,fasteners,Kochi,Kerala,,india_city,Not recommended,/materials/hastelloy-b-2-supplier-india.html,Do not create
Nickel Alloys,Nickel 200,tubes,Navi Mumbai,Maharashtra,,india_city,Duplicate / cannibalizing risk,/materials/nickel-200-supplier-india.html,Hold unless Search Console shows demand
Nickel Alloys,Nickel 200,tubes,Jamnagar,Gujarat,,india_city,Duplicate / cannibalizing risk,/materials/nickel-200-supplier-india.html,Hold unless Search Console shows demand
Nickel Alloys,Nickel 200,tubes,Bommasandra,Karnataka,,india_city,Duplicate / cannibalizing risk,/materials/nickel-200-supplier-india.html,Hold unless Search Console shows demand
Nickel Alloys,Nickel 200,tubes,Mangaluru,Karnataka,,india_city,Duplicate / cannibalizing risk,/materials/nickel-200-supplier-india.html,Hold unless Search Console shows demand
Nickel Alloys,Nickel 200,tubes,Secunderabad,Telangana,,india_city,Duplicate / cannibalizing risk,/materials/nickel-200-supplier-india.html,Hold unless Search Console shows demand
Nickel Alloys,Nickel 200,tubes,Indore,Madhya Pradesh,,india_city,Duplicate / cannibalizing risk,/materials/nickel-200-supplier-india.html,Hold unless Search Console shows demand
Nickel Alloys,Nickel 200,tubes,Pithampur,Madhya Pradesh,,india_city,Duplicate / cannibalizing risk,/materials/nickel-200-supplier-india.html,Hold unless Search Console shows demand
Nickel Alloys,Nickel 200,tubes,Jamshedpur,Jharkhand,,india_city,Duplicate / cannibalizing risk,/materials/nickel-200-supplier-india.html,Hold unless Search Console shows demand
Nickel Alloys,Nickel 200,tubes,Jalandhar,Punjab,,india_city,Not recommended,/materials/nickel-200-supplier-india.html,Do not create
Nickel Alloys,Nickel 200,tubes,Kochi,Kerala,,india_city,Not recommended,/materials/nickel-200-supplier-india.html,Do not create
Nickel Alloys,Nickel 200,sheets,Navi Mumbai,Maharashtra,,india_city,Duplicate / cannibalizing risk,/materials/nickel-200-supplier-india.html,Hold unless Search Console shows demand
Nickel Alloys,Nickel 200,sheets,Jamnagar,Gujarat,,india_city,Duplicate / cannibalizing risk,/materials/nickel-200-supplier-india.html,Hold unless Search Console shows demand
Nickel Alloys,Nickel 200,sheets,Bommasandra,Karnataka,,india_city,Duplicate / cannibalizing risk,/materials/nickel-200-supplier-india.html,Hold unless Search Console shows demand
Nickel Alloys,Nickel 200,sheets,Mangaluru,Karnataka,,india_city,Duplicate / cannibalizing risk,/materials/nickel-200-supplier-india.html,Hold unless Search Console shows demand
Nickel Alloys,Nickel 200,sheets,Secunderabad,Telangana,,india_city,Duplicate / cannibalizing risk,/materials/nickel-200-supplier-india.html,Hold unless Search Console shows demand
Nickel Alloys,Nickel 200,sheets,Indore,Madhya Pradesh,,india_city,Duplicate / cannibalizing risk,/materials/nickel-200-supplier-india.html,Hold unless Search Console shows demand
Nickel Alloys,Nickel 200,sheets,Pithampur,Madhya Pradesh,,india_city,Duplicate / cannibalizing risk,/materials/nickel-200-supplier-india.html,Hold unless Search Console shows demand
Nickel Alloys,Nickel 200,sheets,Jamshedpur,Jharkhand,,india_city,Duplicate / cannibalizing risk,/materials/nickel-200-supplier-india.html,Hold unless Search Console shows demand
Nickel Alloys,Nickel 200,sheets,Jalandhar,Punjab,,india_city,Not recommended,/materials/nickel-200-supplier-india.html,Do not create
Nickel Alloys,Nickel 200,sheets,Kochi,Kerala,,india_city,Not recommended,/materials/nickel-200-supplier-india.html,Do not create
Nickel Alloys,Nickel 200,rods,Navi Mumbai,Maharashtra,,india_city,Duplicate / cannibalizing risk,/materials/nickel-200-supplier-india.html,Hold unless Search Console shows demand
Nickel Alloys,Nickel 200,rods,Jamnagar,Gujarat,,india_city,Duplicate / cannibalizing risk,/materials/nickel-200-supplier-india.html,Hold unless Search Console shows demand
Nickel Alloys,Nickel 200,rods,Bommasandra,Karnataka,,india_city,Duplicate / cannibalizing risk,/materials/nickel-200-supplier-india.html,Hold unless Search Console shows demand
Nickel Alloys,Nickel 200,rods,Mangaluru,Karnataka,,india_city,Duplicate / cannibalizing risk,/materials/nickel-200-supplier-india.html,Hold unless Search Console shows demand
Nickel Alloys,Nickel 200,rods,Secunderabad,Telangana,,india_city,Duplicate / cannibalizing risk,/materials/nickel-200-supplier-india.html,Hold unless Search Console shows demand
Nickel Alloys,Nickel 200,rods,Indore,Madhya Pradesh,,india_city,Duplicate / cannibalizing risk,/materials/nickel-200-supplier-india.html,Hold unless Search Console shows demand
Nickel Alloys,Nickel 200,rods,Pithampur,Madhya Pradesh,,india_city,Duplicate / cannibalizing risk,/materials/nickel-200-supplier-india.html,Hold unless Search Console shows demand
Nickel Alloys,Nickel 200,rods,Jamshedpur,Jharkhand,,india_city,Duplicate / cannibalizing risk,/materials/nickel-200-supplier-india.html,Hold unless Search Console shows demand
Nickel Alloys,Nickel 200,rods,Jalandhar,Punjab,,india_city,Not recommended,/materials/nickel-200-supplier-india.html,Do not create
Nickel Alloys,Nickel 200,rods,Kochi,Kerala,,india_city,Not recommended,/materials/nickel-200-supplier-india.html,Do not create
Nickel Alloys,Nickel 200,fasteners,Navi Mumbai,Maharashtra,,india_city,Duplicate / cannibalizing risk,/materials/nickel-200-supplier-india.html,Hold unless Search Console shows demand
Nickel Alloys,Nickel 200,fasteners,Jamnagar,Gujarat,,india_city,Duplicate / cannibalizing risk,/materials/nickel-200-supplier-india.html,Hold unless Search Console shows demand
Nickel Alloys,Nickel 200,fasteners,Bommasandra,Karnataka,,india_city,Duplicate / cannibalizing risk,/materials/nickel-200-supplier-india.html,Hold unless Search Console shows demand
Nickel Alloys,Nickel 200,fasteners,Mangaluru,Karnataka,,india_city,Duplicate / cannibalizing risk,/materials/nickel-200-supplier-india.html,Hold unless Search Console shows demand
Nickel Alloys,Nickel 200,fasteners,Secunderabad,Telangana,,india_city,Duplicate / cannibalizing risk,/materials/nickel-200-supplier-india.html,Hold unless Search Console shows demand
Nickel Alloys,Nickel 200,fasteners,Indore,Madhya Pradesh,,india_city,Duplicate / cannibalizing risk,/materials/nickel-200-supplier-india.html,Hold unless Search Console shows demand
Nickel Alloys,Nickel 200,fasteners,Pithampur,Madhya Pradesh,,india_city,Duplicate / cannibalizing risk,/materials/nickel-200-supplier-india.html,Hold unless Search Console shows demand
Nickel Alloys,Nickel 200,fasteners,Jamshedpur,Jharkhand,,india_city,Duplicate / cannibalizing risk,/materials/nickel-200-supplier-india.html,Hold unless Search Console shows demand
Nickel Alloys,Nickel 200,fasteners,Jalandhar,Punjab,,india_city,Not recommended,/materials/nickel-200-supplier-india.html,Do not create
Nickel Alloys,Nickel 200,fasteners,Kochi,Kerala,,india_city,Not recommended,/materials/nickel-200-supplier-india.html,Do not create
Nickel Alloys,Nickel 201,tubes,Navi Mumbai,Maharashtra,,india_city,Duplicate / cannibalizing risk,/materials/nickel-201-supplier-india.html,Hold unless Search Console shows demand
Nickel Alloys,Nickel 201,tubes,Jamnagar,Gujarat,,india_city,Duplicate / cannibalizing risk,/materials/nickel-201-supplier-india.html,Hold unless Search Console shows demand
Nickel Alloys,Nickel 201,tubes,Bommasandra,Karnataka,,india_city,Duplicate / cannibalizing risk,/materials/nickel-201-supplier-india.html,Hold unless Search Console shows demand
Nickel Alloys,Nickel 201,tubes,Mangaluru,Karnataka,,india_city,Duplicate / cannibalizing risk,/materials/nickel-201-supplier-india.html,Hold unless Search Console shows demand
Nickel Alloys,Nickel 201,tubes,Secunderabad,Telangana,,india_city,Duplicate / cannibalizing risk,/materials/nickel-201-supplier-india.html,Hold unless Search Console shows demand
Nickel Alloys,Nickel 201,tubes,Indore,Madhya Pradesh,,india_city,Duplicate / cannibalizing risk,/materials/nickel-201-supplier-india.html,Hold unless Search Console shows demand
Nickel Alloys,Nickel 201,tubes,Pithampur,Madhya Pradesh,,india_city,Duplicate / cannibalizing risk,/materials/nickel-201-supplier-india.html,Hold unless Search Console shows demand
Nickel Alloys,Nickel 201,tubes,Jamshedpur,Jharkhand,,india_city,Duplicate / cannibalizing risk,/materials/nickel-201-supplier-india.html,Hold unless Search Console shows demand
Nickel Alloys,Nickel 201,tubes,Jalandhar,Punjab,,india_city,Not recommended,/materials/nickel-201-supplier-india.html,Do not create
Nickel Alloys,Nickel 201,tubes,Kochi,Kerala,,india_city,Not recommended,/materials/nickel-201-supplier-india.html,Do not create
Nickel Alloys,Nickel 201,sheets,Navi Mumbai,Maharashtra,,india_city,Duplicate / cannibalizing risk,/materials/nickel-201-supplier-india.html,Hold unless Search Console shows demand
Nickel Alloys,Nickel 201,sheets,Jamnagar,Gujarat,,india_city,Duplicate / cannibalizing risk,/materials/nickel-201-supplier-india.html,Hold unless Search Console shows demand
Nickel Alloys,Nickel 201,sheets,Bommasandra,Karnataka,,india_city,Duplicate / cannibalizing risk,/materials/nickel-201-supplier-india.html,Hold unless Search Console shows demand
Nickel Alloys,Nickel 201,sheets,Mangaluru,Karnataka,,india_city,Duplicate / cannibalizing risk,/materials/nickel-201-supplier-india.html,Hold unless Search Console shows demand
Nickel Alloys,Nickel 201,sheets,Secunderabad,Telangana,,india_city,Duplicate / cannibalizing risk,/materials/nickel-201-supplier-india.html,Hold unless Search Console shows demand
Nickel Alloys,Nickel 201,sheets,Indore,Madhya Pradesh,,india_city,Duplicate / cannibalizing risk,/materials/nickel-201-supplier-india.html,Hold unless Search Console shows demand
Nickel Alloys,Nickel 201,sheets,Pithampur,Madhya Pradesh,,india_city,Duplicate / cannibalizing risk,/materials/nickel-201-supplier-india.html,Hold unless Search Console shows demand
Nickel Alloys,Nickel 201,sheets,Jamshedpur,Jharkhand,,india_city,Duplicate / cannibalizing risk,/materials/nickel-201-supplier-india.html,Hold unless Search Console shows demand
Nickel Alloys,Nickel 201,sheets,Jalandhar,Punjab,,india_city,Not recommended,/materials/nickel-201-supplier-india.html,Do not create
Nickel Alloys,Nickel 201,sheets,Kochi,Kerala,,india_city,Not recommended,/materials/nickel-201-supplier-india.html,Do not create
Nickel Alloys,Nickel 201,rods,Navi Mumbai,Maharashtra,,india_city,Duplicate / cannibalizing risk,/materials/nickel-201-supplier-india.html,Hold unless Search Console shows demand
Nickel Alloys,Nickel 201,rods,Jamnagar,Gujarat,,india_city,Duplicate / cannibalizing risk,/materials/nickel-201-supplier-india.html,Hold unless Search Console shows demand
Nickel Alloys,Nickel 201,rods,Bommasandra,Karnataka,,india_city,Duplicate / cannibalizing risk,/materials/nickel-201-supplier-india.html,Hold unless Search Console shows demand
Nickel Alloys,Nickel 201,rods,Mangaluru,Karnataka,,india_city,Duplicate / cannibalizing risk,/materials/nickel-201-supplier-india.html,Hold unless Search Console shows demand
Nickel Alloys,Nickel 201,rods,Secunderabad,Telangana,,india_city,Duplicate / cannibalizing risk,/materials/nickel-201-supplier-india.html,Hold unless Search Console shows demand
Nickel Alloys,Nickel 201,rods,Indore,Madhya Pradesh,,india_city,Duplicate / cannibalizing risk,/materials/nickel-201-supplier-india.html,Hold unless Search Console shows demand
Nickel Alloys,Nickel 201,rods,Pithampur,Madhya Pradesh,,india_city,Duplicate / cannibalizing risk,/materials/nickel-201-supplier-india.html,Hold unless Search Console shows demand
Nickel Alloys,Nickel 201,rods,Jamshedpur,Jharkhand,,india_city,Duplicate / cannibalizing risk,/materials/nickel-201-supplier-india.html,Hold unless Search Console shows demand
Nickel Alloys,Nickel 201,rods,Jalandhar,Punjab,,india_city,Not recommended,/materials/nickel-201-supplier-india.html,Do not create
Nickel Alloys,Nickel 201,rods,Kochi,Kerala,,india_city,Not recommended,/materials/nickel-201-supplier-india.html,Do not create
Nickel Alloys,Nickel 201,fasteners,Navi Mumbai,Maharashtra,,india_city,Duplicate / cannibalizing risk,/materials/nickel-201-supplier-india.html,Hold unless Search Console shows demand
Nickel Alloys,Nickel 201,fasteners,Jamnagar,Gujarat,,india_city,Duplicate / cannibalizing risk,/materials/nickel-201-supplier-india.html,Hold unless Search Console shows demand
Nickel Alloys,Nickel 201,fasteners,Bommasandra,Karnataka,,india_city,Duplicate / cannibalizing risk,/materials/nickel-201-supplier-india.html,Hold unless Search Console shows demand
Nickel Alloys,Nickel 201,fasteners,Mangaluru,Karnataka,,india_city,Duplicate / cannibalizing risk,/materials/nickel-201-supplier-india.html,Hold unless Search Console shows demand
Nickel Alloys,Nickel 201,fasteners,Secunderabad,Telangana,,india_city,Duplicate / cannibalizing risk,/materials/nickel-201-supplier-india.html,Hold unless Search Console shows demand
Nickel Alloys,Nickel 201,fasteners,Indore,Madhya Pradesh,,india_city,Duplicate / cannibalizing risk,/materials/nickel-201-supplier-india.html,Hold unless Search Console shows demand
Nickel Alloys,Nickel 201,fasteners,Pithampur,Madhya Pradesh,,india_city,Duplicate / cannibalizing risk,/materials/nickel-201-supplier-india.html,Hold unless Search Console shows demand
Nickel Alloys,Nickel 201,fasteners,Jamshedpur,Jharkhand,,india_city,Duplicate / cannibalizing risk,/materials/nickel-201-supplier-india.html,Hold unless Search Console shows demand
Nickel Alloys,Nickel 201,fasteners,Jalandhar,Punjab,,india_city,Not recommended,/materials/nickel-201-supplier-india.html,Do not create
Nickel Alloys,Nickel 201,fasteners,Kochi,Kerala,,india_city,Not recommended,/materials/nickel-201-supplier-india.html,Do not create
Nickel Alloys,Inconel 600,tubes,,,Indonesia,export_country,Duplicate / cannibalizing risk,/materials/inconel-600-supplier-india.html,Hold unless Search Console shows demand
Nickel Alloys,Inconel 600,tubes,,,Vietnam,export_country,Duplicate / cannibalizing risk,/materials/inconel-600-supplier-india.html,Hold unless Search Console shows demand
Nickel Alloys,Inconel 600,tubes,,,Japan,export_country,Duplicate / cannibalizing risk,/materials/inconel-600-supplier-india.html,Hold unless Search Console shows demand
Nickel Alloys,Inconel 600,tubes,,,Spain,export_country,Duplicate / cannibalizing risk,/materials/inconel-600-supplier-india.html,Hold unless Search Console shows demand
Nickel Alloys,Inconel 600,tubes,,,Mexico,export_country,Duplicate / cannibalizing risk,/materials/inconel-600-supplier-india.html,Hold unless Search Console shows demand
Nickel Alloys,Inconel 600,tubes,,,Kenya,export_country,Not recommended,/materials/inconel-600-supplier-india.html,Do not create
Nickel Alloys,Inconel 600,tubes,,,Tanzania,export_country,Not recommended,/materials/inconel-600-supplier-india.html,Do not create
Nickel Alloys,Inconel 600,tubes,,,Mauritius,export_country,Not recommended,/materials/inconel-600-supplier-india.html,Do not create
Nickel Alloys,Inconel 600,sheets,,,Indonesia,export_country,Duplicate / cannibalizing risk,/materials/inconel-600-supplier-india.html,Hold unless Search Console shows demand
Nickel Alloys,Inconel 600,sheets,,,Vietnam,export_country,Duplicate / cannibalizing risk,/materials/inconel-600-supplier-india.html,Hold unless Search Console shows demand
Nickel Alloys,Inconel 600,sheets,,,Japan,export_country,Duplicate / cannibalizing risk,/materials/inconel-600-supplier-india.html,Hold unless Search Console shows demand
Nickel Alloys,Inconel 600,sheets,,,Spain,export_country,Duplicate / cannibalizing risk,/materials/inconel-600-supplier-india.html,Hold unless Search Console shows demand
Nickel Alloys,Inconel 600,sheets,,,Mexico,export_country,Duplicate / cannibalizing risk,/materials/inconel-600-supplier-india.html,Hold unless Search Console shows demand
Nickel Alloys,Inconel 600,sheets,,,Kenya,export_country,Not recommended,/materials/inconel-600-supplier-india.html,Do not create
Nickel Alloys,Inconel 600,sheets,,,Tanzania,export_country,Not recommended,/materials/inconel-600-supplier-india.html,Do not create
Nickel Alloys,Inconel 600,sheets,,,Mauritius,export_country,Not recommended,/materials/inconel-600-supplier-india.html,Do not create
Nickel Alloys,Inconel 600,rods,,,Indonesia,export_country,Duplicate / cannibalizing risk,/materials/inconel-600-supplier-india.html,Hold unless Search Console shows demand
Nickel Alloys,Inconel 600,rods,,,Vietnam,export_country,Duplicate / cannibalizing risk,/materials/inconel-600-supplier-india.html,Hold unless Search Console shows demand
Nickel Alloys,Inconel 600,rods,,,Japan,export_country,Duplicate / cannibalizing risk,/materials/inconel-600-supplier-india.html,Hold unless Search Console shows demand
Nickel Alloys,Inconel 600,rods,,,Spain,export_country,Duplicate / cannibalizing risk,/materials/inconel-600-supplier-india.html,Hold unless Search Console shows demand
Nickel Alloys,Inconel 600,rods,,,Mexico,export_country,Duplicate / cannibalizing risk,/materials/inconel-600-supplier-india.html,Hold unless Search Console shows demand
Nickel Alloys,Inconel 600,rods,,,Kenya,export_country,Not recommended,/materials/inconel-600-supplier-india.html,Do not create
Nickel Alloys,Inconel 600,rods,,,Tanzania,export_country,Not recommended,/materials/inconel-600-supplier-india.html,Do not create
Nickel Alloys,Inconel 600,rods,,,Mauritius,export_country,Not recommended,/materials/inconel-600-supplier-india.html,Do not create
Nickel Alloys,Inconel 600,fasteners,,,Indonesia,export_country,Duplicate / cannibalizing risk,/materials/inconel-600-supplier-india.html,Hold unless Search Console shows demand
Nickel Alloys,Inconel 600,fasteners,,,Vietnam,export_country,Duplicate / cannibalizing risk,/materials/inconel-600-supplier-india.html,Hold unless Search Console shows demand
Nickel Alloys,Inconel 600,fasteners,,,Japan,export_country,Duplicate / cannibalizing risk,/materials/inconel-600-supplier-india.html,Hold unless Search Console shows demand
Nickel Alloys,Inconel 600,fasteners,,,Spain,export_country,Duplicate / cannibalizing risk,/materials/inconel-600-supplier-india.html,Hold unless Search Console shows demand
Nickel Alloys,Inconel 600,fasteners,,,Mexico,export_country,Duplicate / cannibalizing risk,/materials/inconel-600-supplier-india.html,Hold unless Search Console shows demand
Nickel Alloys,Inconel 600,fasteners,,,Kenya,export_country,Not recommended,/materials/inconel-600-supplier-india.html,Do not create
Nickel Alloys,Inconel 600,fasteners,,,Tanzania,export_country,Not recommended,/materials/inconel-600-supplier-india.html,Do not create
Nickel Alloys,Inconel 600,fasteners,,,Mauritius,export_country,Not recommended,/materials/inconel-600-supplier-india.html,Do not create
Nickel Alloys,Monel 400,tubes,,,Indonesia,export_country,Duplicate / cannibalizing risk,/materials/monel-400-supplier-india.html,Hold unless Search Console shows demand
Nickel Alloys,Monel 400,tubes,,,Vietnam,export_country,Duplicate / cannibalizing risk,/materials/monel-400-supplier-india.html,Hold unless Search Console shows demand
Nickel Alloys,Monel 400,tubes,,,Japan,export_country,Duplicate / cannibalizing risk,/materials/monel-400-supplier-india.html,Hold unless Search Console shows demand
Nickel Alloys,Monel 400,tubes,,,Spain,export_country,Duplicate / cannibalizing risk,/materials/monel-400-supplier-india.html,Hold unless Search Console shows demand
Nickel Alloys,Monel 400,tubes,,,Mexico,export_country,Duplicate / cannibalizing risk,/materials/monel-400-supplier-india.html,Hold unless Search Console shows demand
Nickel Alloys,Monel 400,tubes,,,Kenya,export_country,Not recommended,/materials/monel-400-supplier-india.html,Do not create
Nickel Alloys,Monel 400,tubes,,,Tanzania,export_country,Not recommended,/materials/monel-400-supplier-india.html,Do not create
Nickel Alloys,Monel 400,tubes,,,Mauritius,export_country,Not recommended,/materials/monel-400-supplier-india.html,Do not create
Nickel Alloys,Monel 400,sheets,,,Indonesia,export_country,Duplicate / cannibalizing risk,/materials/monel-400-supplier-india.html,Hold unless Search Console shows demand
Nickel Alloys,Monel 400,sheets,,,Vietnam,export_country,Duplicate / cannibalizing risk,/materials/monel-400-supplier-india.html,Hold unless Search Console shows demand
Nickel Alloys,Monel 400,sheets,,,Japan,export_country,Duplicate / cannibalizing risk,/materials/monel-400-supplier-india.html,Hold unless Search Console shows demand
Nickel Alloys,Monel 400,sheets,,,Spain,export_country,Duplicate / cannibalizing risk,/materials/monel-400-supplier-india.html,Hold unless Search Console shows demand
Nickel Alloys,Monel 400,sheets,,,Mexico,export_country,Duplicate / cannibalizing risk,/materials/monel-400-supplier-india.html,Hold unless Search Console shows demand
Nickel Alloys,Monel 400,sheets,,,Kenya,export_country,Not recommended,/materials/monel-400-supplier-india.html,Do not create
Nickel Alloys,Monel 400,sheets,,,Tanzania,export_country,Not recommended,/materials/monel-400-supplier-india.html,Do not create
Nickel Alloys,Monel 400,sheets,,,Mauritius,export_country,Not recommended,/materials/monel-400-supplier-india.html,Do not create
Nickel Alloys,Monel 400,rods,,,Indonesia,export_country,Duplicate / cannibalizing risk,/materials/monel-400-supplier-india.html,Hold unless Search Console shows demand
Nickel Alloys,Monel 400,rods,,,Vietnam,export_country,Duplicate / cannibalizing risk,/materials/monel-400-supplier-india.html,Hold unless Search Console shows demand
Nickel Alloys,Monel 400,rods,,,Japan,export_country,Duplicate / cannibalizing risk,/materials/monel-400-supplier-india.html,Hold unless Search Console shows demand
Nickel Alloys,Monel 400,rods,,,Spain,export_country,Duplicate / cannibalizing risk,/materials/monel-400-supplier-india.html,Hold unless Search Console shows demand
Nickel Alloys,Monel 400,rods,,,Mexico,export_country,Duplicate / cannibalizing risk,/materials/monel-400-supplier-india.html,Hold unless Search Console shows demand
Nickel Alloys,Monel 400,rods,,,Kenya,export_country,Not recommended,/materials/monel-400-supplier-india.html,Do not create
Nickel Alloys,Monel 400,rods,,,Tanzania,export_country,Not recommended,/materials/monel-400-supplier-india.html,Do not create
Nickel Alloys,Monel 400,rods,,,Mauritius,export_country,Not recommended,/materials/monel-400-supplier-india.html,Do not create
Nickel Alloys,Monel 400,fasteners,,,Indonesia,export_country,Duplicate / cannibalizing risk,/materials/monel-400-supplier-india.html,Hold unless Search Console shows demand
Nickel Alloys,Monel 400,fasteners,,,Vietnam,export_country,Duplicate / cannibalizing risk,/materials/monel-400-supplier-india.html,Hold unless Search Console shows demand
Nickel Alloys,Monel 400,fasteners,,,Japan,export_country,Duplicate / cannibalizing risk,/materials/monel-400-supplier-india.html,Hold unless Search Console shows demand
Nickel Alloys,Monel 400,fasteners,,,Spain,export_country,Duplicate / cannibalizing risk,/materials/monel-400-supplier-india.html,Hold unless Search Console shows demand
Nickel Alloys,Monel 400,fasteners,,,Mexico,export_country,Duplicate / cannibalizing risk,/materials/monel-400-supplier-india.html,Hold unless Search Console shows demand
Nickel Alloys,Monel 400,fasteners,,,Kenya,export_country,Not recommended,/materials/monel-400-supplier-india.html,Do not create
Nickel Alloys,Monel 400,fasteners,,,Tanzania,export_country,Not recommended,/materials/monel-400-supplier-india.html,Do not create
Nickel Alloys,Monel 400,fasteners,,,Mauritius,export_country,Not recommended,/materials/monel-400-supplier-india.html,Do not create
Nickel Alloys,Monel K500,tubes,,,Indonesia,export_country,Duplicate / cannibalizing risk,/materials/monel-400-supplier-india.html,Hold unless Search Console shows demand
Nickel Alloys,Monel K500,tubes,,,Vietnam,export_country,Duplicate / cannibalizing risk,/materials/monel-400-supplier-india.html,Hold unless Search Console shows demand
Nickel Alloys,Monel K500,tubes,,,Japan,export_country,Duplicate / cannibalizing risk,/materials/monel-400-supplier-india.html,Hold unless Search Console shows demand
Nickel Alloys,Monel K500,tubes,,,Spain,export_country,Duplicate / cannibalizing risk,/materials/monel-400-supplier-india.html,Hold unless Search Console shows demand
Nickel Alloys,Monel K500,tubes,,,Mexico,export_country,Duplicate / cannibalizing risk,/materials/monel-400-supplier-india.html,Hold unless Search Console shows demand
Nickel Alloys,Monel K500,tubes,,,Kenya,export_country,Not recommended,/materials/monel-400-supplier-india.html,Do not create
Nickel Alloys,Monel K500,tubes,,,Tanzania,export_country,Not recommended,/materials/monel-400-supplier-india.html,Do not create
Nickel Alloys,Monel K500,tubes,,,Mauritius,export_country,Not recommended,/materials/monel-400-supplier-india.html,Do not create
Nickel Alloys,Monel K500,sheets,,,Indonesia,export_country,Duplicate / cannibalizing risk,/materials/monel-400-supplier-india.html,Hold unless Search Console shows demand
Nickel Alloys,Monel K500,sheets,,,Vietnam,export_country,Duplicate / cannibalizing risk,/materials/monel-400-supplier-india.html,Hold unless Search Console shows demand
Nickel Alloys,Monel K500,sheets,,,Japan,export_country,Duplicate / cannibalizing risk,/materials/monel-400-supplier-india.html,Hold unless Search Console shows demand
Nickel Alloys,Monel K500,sheets,,,Spain,export_country,Duplicate / cannibalizing risk,/materials/monel-400-supplier-india.html,Hold unless Search Console shows demand
Nickel Alloys,Monel K500,sheets,,,Mexico,export_country,Duplicate / cannibalizing risk,/materials/monel-400-supplier-india.html,Hold unless Search Console shows demand
Nickel Alloys,Monel K500,sheets,,,Kenya,export_country,Not recommended,/materials/monel-400-supplier-india.html,Do not create
Nickel Alloys,Monel K500,sheets,,,Tanzania,export_country,Not recommended,/materials/monel-400-supplier-india.html,Do not create
Nickel Alloys,Monel K500,sheets,,,Mauritius,export_country,Not recommended,/materials/monel-400-supplier-india.html,Do not create
Nickel Alloys,Monel K500,rods,,,Indonesia,export_country,Duplicate / cannibalizing risk,/materials/monel-400-supplier-india.html,Hold unless Search Console shows demand
Nickel Alloys,Monel K500,rods,,,Vietnam,export_country,Duplicate / cannibalizing risk,/materials/monel-400-supplier-india.html,Hold unless Search Console shows demand
Nickel Alloys,Monel K500,rods,,,Japan,export_country,Duplicate / cannibalizing risk,/materials/monel-400-supplier-india.html,Hold unless Search Console shows demand
Nickel Alloys,Monel K500,rods,,,Spain,export_country,Duplicate / cannibalizing risk,/materials/monel-400-supplier-india.html,Hold unless Search Console shows demand
Nickel Alloys,Monel K500,rods,,,Mexico,export_country,Duplicate / cannibalizing risk,/materials/monel-400-supplier-india.html,Hold unless Search Console shows demand
Nickel Alloys,Monel K500,rods,,,Kenya,export_country,Not recommended,/materials/monel-400-supplier-india.html,Do not create
Nickel Alloys,Monel K500,rods,,,Tanzania,export_country,Not recommended,/materials/monel-400-supplier-india.html,Do not create
Nickel Alloys,Monel K500,rods,,,Mauritius,export_country,Not recommended,/materials/monel-400-supplier-india.html,Do not create
Nickel Alloys,Monel K500,fasteners,,,Indonesia,export_country,Duplicate / cannibalizing risk,/materials/monel-400-supplier-india.html,Hold unless Search Console shows demand
Nickel Alloys,Monel K500,fasteners,,,Vietnam,export_country,Duplicate / cannibalizing risk,/materials/monel-400-supplier-india.html,Hold unless Search Console shows demand
Nickel Alloys,Monel K500,fasteners,,,Japan,export_country,Duplicate / cannibalizing risk,/materials/monel-400-supplier-india.html,Hold unless Search Console shows demand
Nickel Alloys,Monel K500,fasteners,,,Spain,export_country,Duplicate / cannibalizing risk,/materials/monel-400-supplier-india.html,Hold unless Search Console shows demand
Nickel Alloys,Monel K500,fasteners,,,Mexico,export_country,Duplicate / cannibalizing risk,/materials/monel-400-supplier-india.html,Hold unless Search Console shows demand
Nickel Alloys,Monel K500,fasteners,,,Kenya,export_country,Not recommended,/materials/monel-400-supplier-india.html,Do not create
Nickel Alloys,Monel K500,fasteners,,,Tanzania,export_country,Not recommended,/materials/monel-400-supplier-india.html,Do not create
Nickel Alloys,Monel K500,fasteners,,,Mauritius,export_country,Not recommended,/materials/monel-400-supplier-india.html,Do not create
Nickel Alloys,Hastelloy C22,tubes,,,Indonesia,export_country,Duplicate / cannibalizing risk,/materials/hastelloy-b-2-supplier-india.html,Hold unless Search Console shows demand
Nickel Alloys,Hastelloy C22,tubes,,,Vietnam,export_country,Duplicate / cannibalizing risk,/materials/hastelloy-b-2-supplier-india.html,Hold unless Search Console shows demand
Nickel Alloys,Hastelloy C22,tubes,,,Japan,export_country,Duplicate / cannibalizing risk,/materials/hastelloy-b-2-supplier-india.html,Hold unless Search Console shows demand
Nickel Alloys,Hastelloy C22,tubes,,,Spain,export_country,Duplicate / cannibalizing risk,/materials/hastelloy-b-2-supplier-india.html,Hold unless Search Console shows demand
Nickel Alloys,Hastelloy C22,tubes,,,Mexico,export_country,Duplicate / cannibalizing risk,/materials/hastelloy-b-2-supplier-india.html,Hold unless Search Console shows demand
Nickel Alloys,Hastelloy C22,tubes,,,Kenya,export_country,Not recommended,/materials/hastelloy-b-2-supplier-india.html,Do not create
Nickel Alloys,Hastelloy C22,tubes,,,Tanzania,export_country,Not recommended,/materials/hastelloy-b-2-supplier-india.html,Do not create
Nickel Alloys,Hastelloy C22,tubes,,,Mauritius,export_country,Not recommended,/materials/hastelloy-b-2-supplier-india.html,Do not create
Nickel Alloys,Hastelloy C22,sheets,,,Indonesia,export_country,Duplicate / cannibalizing risk,/materials/hastelloy-b-2-supplier-india.html,Hold unless Search Console shows demand
Nickel Alloys,Hastelloy C22,sheets,,,Vietnam,export_country,Duplicate / cannibalizing risk,/materials/hastelloy-b-2-supplier-india.html,Hold unless Search Console shows demand
Nickel Alloys,Hastelloy C22,sheets,,,Japan,export_country,Duplicate / cannibalizing risk,/materials/hastelloy-b-2-supplier-india.html,Hold unless Search Console shows demand
Nickel Alloys,Hastelloy C22,sheets,,,Spain,export_country,Duplicate / cannibalizing risk,/materials/hastelloy-b-2-supplier-india.html,Hold unless Search Console shows demand
Nickel Alloys,Hastelloy C22,sheets,,,Mexico,export_country,Duplicate / cannibalizing risk,/materials/hastelloy-b-2-supplier-india.html,Hold unless Search Console shows demand
Nickel Alloys,Hastelloy C22,sheets,,,Kenya,export_country,Not recommended,/materials/hastelloy-b-2-supplier-india.html,Do not create
Nickel Alloys,Hastelloy C22,sheets,,,Tanzania,export_country,Not recommended,/materials/hastelloy-b-2-supplier-india.html,Do not create
Nickel Alloys,Hastelloy C22,sheets,,,Mauritius,export_country,Not recommended,/materials/hastelloy-b-2-supplier-india.html,Do not create
Nickel Alloys,Hastelloy C22,rods,,,Indonesia,export_country,Duplicate / cannibalizing risk,/materials/hastelloy-b-2-supplier-india.html,Hold unless Search Console shows demand
Nickel Alloys,Hastelloy C22,rods,,,Vietnam,export_country,Duplicate / cannibalizing risk,/materials/hastelloy-b-2-supplier-india.html,Hold unless Search Console shows demand
Nickel Alloys,Hastelloy C22,rods,,,Japan,export_country,Duplicate / cannibalizing risk,/materials/hastelloy-b-2-supplier-india.html,Hold unless Search Console shows demand
Nickel Alloys,Hastelloy C22,rods,,,Spain,export_country,Duplicate / cannibalizing risk,/materials/hastelloy-b-2-supplier-india.html,Hold unless Search Console shows demand
Nickel Alloys,Hastelloy C22,rods,,,Mexico,export_country,Duplicate / cannibalizing risk,/materials/hastelloy-b-2-supplier-india.html,Hold unless Search Console shows demand
Nickel Alloys,Hastelloy C22,rods,,,Kenya,export_country,Not recommended,/materials/hastelloy-b-2-supplier-india.html,Do not create
Nickel Alloys,Hastelloy C22,rods,,,Tanzania,export_country,Not recommended,/materials/hastelloy-b-2-supplier-india.html,Do not create
Nickel Alloys,Hastelloy C22,rods,,,Mauritius,export_country,Not recommended,/materials/hastelloy-b-2-supplier-india.html,Do not create
Nickel Alloys,Hastelloy C22,fasteners,,,Indonesia,export_country,Duplicate / cannibalizing risk,/materials/hastelloy-b-2-supplier-india.html,Hold unless Search Console shows demand
Nickel Alloys,Hastelloy C22,fasteners,,,Vietnam,export_country,Duplicate / cannibalizing risk,/materials/hastelloy-b-2-supplier-india.html,Hold unless Search Console shows demand
Nickel Alloys,Hastelloy C22,fasteners,,,Japan,export_country,Duplicate / cannibalizing risk,/materials/hastelloy-b-2-supplier-india.html,Hold unless Search Console shows demand
Nickel Alloys,Hastelloy C22,fasteners,,,Spain,export_country,Duplicate / cannibalizing risk,/materials/hastelloy-b-2-supplier-india.html,Hold unless Search Console shows demand
Nickel Alloys,Hastelloy C22,fasteners,,,Mexico,export_country,Duplicate / cannibalizing risk,/materials/hastelloy-b-2-supplier-india.html,Hold unless Search Console shows demand
Nickel Alloys,Hastelloy C22,fasteners,,,Kenya,export_country,Not recommended,/materials/hastelloy-b-2-supplier-india.html,Do not create
Nickel Alloys,Hastelloy C22,fasteners,,,Tanzania,export_country,Not recommended,/materials/hastelloy-b-2-supplier-india.html,Do not create
Nickel Alloys,Hastelloy C22,fasteners,,,Mauritius,export_country,Not recommended,/materials/hastelloy-b-2-supplier-india.html,Do not create
Nickel Alloys,Nickel 200,tubes,,,Indonesia,export_country,Duplicate / cannibalizing risk,/materials/nickel-200-supplier-india.html,Hold unless Search Console shows demand
Nickel Alloys,Nickel 200,tubes,,,Vietnam,export_country,Duplicate / cannibalizing risk,/materials/nickel-200-supplier-india.html,Hold unless Search Console shows demand
Nickel Alloys,Nickel 200,tubes,,,Japan,export_country,Duplicate / cannibalizing risk,/materials/nickel-200-supplier-india.html,Hold unless Search Console shows demand
Nickel Alloys,Nickel 200,tubes,,,Spain,export_country,Duplicate / cannibalizing risk,/materials/nickel-200-supplier-india.html,Hold unless Search Console shows demand
Nickel Alloys,Nickel 200,tubes,,,Mexico,export_country,Duplicate / cannibalizing risk,/materials/nickel-200-supplier-india.html,Hold unless Search Console shows demand
Nickel Alloys,Nickel 200,tubes,,,Kenya,export_country,Not recommended,/materials/nickel-200-supplier-india.html,Do not create
Nickel Alloys,Nickel 200,tubes,,,Tanzania,export_country,Not recommended,/materials/nickel-200-supplier-india.html,Do not create
Nickel Alloys,Nickel 200,tubes,,,Mauritius,export_country,Not recommended,/materials/nickel-200-supplier-india.html,Do not create
Nickel Alloys,Nickel 200,sheets,,,Indonesia,export_country,Duplicate / cannibalizing risk,/materials/nickel-200-supplier-india.html,Hold unless Search Console shows demand
Nickel Alloys,Nickel 200,sheets,,,Vietnam,export_country,Duplicate / cannibalizing risk,/materials/nickel-200-supplier-india.html,Hold unless Search Console shows demand
Nickel Alloys,Nickel 200,sheets,,,Japan,export_country,Duplicate / cannibalizing risk,/materials/nickel-200-supplier-india.html,Hold unless Search Console shows demand
Nickel Alloys,Nickel 200,sheets,,,Spain,export_country,Duplicate / cannibalizing risk,/materials/nickel-200-supplier-india.html,Hold unless Search Console shows demand
Nickel Alloys,Nickel 200,sheets,,,Mexico,export_country,Duplicate / cannibalizing risk,/materials/nickel-200-supplier-india.html,Hold unless Search Console shows demand
Nickel Alloys,Nickel 200,sheets,,,Kenya,export_country,Not recommended,/materials/nickel-200-supplier-india.html,Do not create
Nickel Alloys,Nickel 200,sheets,,,Tanzania,export_country,Not recommended,/materials/nickel-200-supplier-india.html,Do not create
Nickel Alloys,Nickel 200,sheets,,,Mauritius,export_country,Not recommended,/materials/nickel-200-supplier-india.html,Do not create
Nickel Alloys,Nickel 200,rods,,,Indonesia,export_country,Duplicate / cannibalizing risk,/materials/nickel-200-supplier-india.html,Hold unless Search Console shows demand
Nickel Alloys,Nickel 200,rods,,,Vietnam,export_country,Duplicate / cannibalizing risk,/materials/nickel-200-supplier-india.html,Hold unless Search Console shows demand
Nickel Alloys,Nickel 200,rods,,,Japan,export_country,Duplicate / cannibalizing risk,/materials/nickel-200-supplier-india.html,Hold unless Search Console shows demand
Nickel Alloys,Nickel 200,rods,,,Spain,export_country,Duplicate / cannibalizing risk,/materials/nickel-200-supplier-india.html,Hold unless Search Console shows demand
Nickel Alloys,Nickel 200,rods,,,Mexico,export_country,Duplicate / cannibalizing risk,/materials/nickel-200-supplier-india.html,Hold unless Search Console shows demand
Nickel Alloys,Nickel 200,rods,,,Kenya,export_country,Not recommended,/materials/nickel-200-supplier-india.html,Do not create
Nickel Alloys,Nickel 200,rods,,,Tanzania,export_country,Not recommended,/materials/nickel-200-supplier-india.html,Do not create
Nickel Alloys,Nickel 200,rods,,,Mauritius,export_country,Not recommended,/materials/nickel-200-supplier-india.html,Do not create
Nickel Alloys,Nickel 200,fasteners,,,Indonesia,export_country,Duplicate / cannibalizing risk,/materials/nickel-200-supplier-india.html,Hold unless Search Console shows demand
Nickel Alloys,Nickel 200,fasteners,,,Vietnam,export_country,Duplicate / cannibalizing risk,/materials/nickel-200-supplier-india.html,Hold unless Search Console shows demand
Nickel Alloys,Nickel 200,fasteners,,,Japan,export_country,Duplicate / cannibalizing risk,/materials/nickel-200-supplier-india.html,Hold unless Search Console shows demand
Nickel Alloys,Nickel 200,fasteners,,,Spain,export_country,Duplicate / cannibalizing risk,/materials/nickel-200-supplier-india.html,Hold unless Search Console shows demand
Nickel Alloys,Nickel 200,fasteners,,,Mexico,export_country,Duplicate / cannibalizing risk,/materials/nickel-200-supplier-india.html,Hold unless Search Console shows demand
Nickel Alloys,Nickel 200,fasteners,,,Kenya,export_country,Not recommended,/materials/nickel-200-supplier-india.html,Do not create
Nickel Alloys,Nickel 200,fasteners,,,Tanzania,export_country,Not recommended,/materials/nickel-200-supplier-india.html,Do not create
Nickel Alloys,Nickel 200,fasteners,,,Mauritius,export_country,Not recommended,/materials/nickel-200-supplier-india.html,Do not create
Nickel Alloys,Nickel 201,tubes,,,Indonesia,export_country,Duplicate / cannibalizing risk,/materials/nickel-201-supplier-india.html,Hold unless Search Console shows demand
Nickel Alloys,Nickel 201,tubes,,,Vietnam,export_country,Duplicate / cannibalizing risk,/materials/nickel-201-supplier-india.html,Hold unless Search Console shows demand
Nickel Alloys,Nickel 201,tubes,,,Japan,export_country,Duplicate / cannibalizing risk,/materials/nickel-201-supplier-india.html,Hold unless Search Console shows demand
Nickel Alloys,Nickel 201,tubes,,,Spain,export_country,Duplicate / cannibalizing risk,/materials/nickel-201-supplier-india.html,Hold unless Search Console shows demand
Nickel Alloys,Nickel 201,tubes,,,Mexico,export_country,Duplicate / cannibalizing risk,/materials/nickel-201-supplier-india.html,Hold unless Search Console shows demand
Nickel Alloys,Nickel 201,tubes,,,Kenya,export_country,Not recommended,/materials/nickel-201-supplier-india.html,Do not create
Nickel Alloys,Nickel 201,tubes,,,Tanzania,export_country,Not recommended,/materials/nickel-201-supplier-india.html,Do not create
Nickel Alloys,Nickel 201,tubes,,,Mauritius,export_country,Not recommended,/materials/nickel-201-supplier-india.html,Do not create
Nickel Alloys,Nickel 201,sheets,,,Indonesia,export_country,Duplicate / cannibalizing risk,/materials/nickel-201-supplier-india.html,Hold unless Search Console shows demand
Nickel Alloys,Nickel 201,sheets,,,Vietnam,export_country,Duplicate / cannibalizing risk,/materials/nickel-201-supplier-india.html,Hold unless Search Console shows demand
Nickel Alloys,Nickel 201,sheets,,,Japan,export_country,Duplicate / cannibalizing risk,/materials/nickel-201-supplier-india.html,Hold unless Search Console shows demand
Nickel Alloys,Nickel 201,sheets,,,Spain,export_country,Duplicate / cannibalizing risk,/materials/nickel-201-supplier-india.html,Hold unless Search Console shows demand
Nickel Alloys,Nickel 201,sheets,,,Mexico,export_country,Duplicate / cannibalizing risk,/materials/nickel-201-supplier-india.html,Hold unless Search Console shows demand
Nickel Alloys,Nickel 201,sheets,,,Kenya,export_country,Not recommended,/materials/nickel-201-supplier-india.html,Do not create
Nickel Alloys,Nickel 201,sheets,,,Tanzania,export_country,Not recommended,/materials/nickel-201-supplier-india.html,Do not create
Nickel Alloys,Nickel 201,sheets,,,Mauritius,export_country,Not recommended,/materials/nickel-201-supplier-india.html,Do not create
Nickel Alloys,Nickel 201,rods,,,Indonesia,export_country,Duplicate / cannibalizing risk,/materials/nickel-201-supplier-india.html,Hold unless Search Console shows demand
Nickel Alloys,Nickel 201,rods,,,Vietnam,export_country,Duplicate / cannibalizing risk,/materials/nickel-201-supplier-india.html,Hold unless Search Console shows demand
Nickel Alloys,Nickel 201,rods,,,Japan,export_country,Duplicate / cannibalizing risk,/materials/nickel-201-supplier-india.html,Hold unless Search Console shows demand
Nickel Alloys,Nickel 201,rods,,,Spain,export_country,Duplicate / cannibalizing risk,/materials/nickel-201-supplier-india.html,Hold unless Search Console shows demand
Nickel Alloys,Nickel 201,rods,,,Mexico,export_country,Duplicate / cannibalizing risk,/materials/nickel-201-supplier-india.html,Hold unless Search Console shows demand
Nickel Alloys,Nickel 201,rods,,,Kenya,export_country,Not recommended,/materials/nickel-201-supplier-india.html,Do not create
Nickel Alloys,Nickel 201,rods,,,Tanzania,export_country,Not recommended,/materials/nickel-201-supplier-india.html,Do not create
Nickel Alloys,Nickel 201,rods,,,Mauritius,export_country,Not recommended,/materials/nickel-201-supplier-india.html,Do not create
Nickel Alloys,Nickel 201,fasteners,,,Indonesia,export_country,Duplicate / cannibalizing risk,/materials/nickel-201-supplier-india.html,Hold unless Search Console shows demand
Nickel Alloys,Nickel 201,fasteners,,,Vietnam,export_country,Duplicate / cannibalizing risk,/materials/nickel-201-supplier-india.html,Hold unless Search Console shows demand
Nickel Alloys,Nickel 201,fasteners,,,Japan,export_country,Duplicate / cannibalizing risk,/materials/nickel-201-supplier-india.html,Hold unless Search Console shows demand
Nickel Alloys,Nickel 201,fasteners,,,Spain,export_country,Duplicate / cannibalizing risk,/materials/nickel-201-supplier-india.html,Hold unless Search Console shows demand
Nickel Alloys,Nickel 201,fasteners,,,Mexico,export_country,Duplicate / cannibalizing risk,/materials/nickel-201-supplier-india.html,Hold unless Search Console shows demand
Nickel Alloys,Nickel 201,fasteners,,,Kenya,export_country,Not recommended,/materials/nickel-201-supplier-india.html,Do not create
Nickel Alloys,Nickel 201,fasteners,,,Tanzania,export_country,Not recommended,/materials/nickel-201-supplier-india.html,Do not create
Nickel Alloys,Nickel 201,fasteners,,,Mauritius,export_country,Not recommended,/materials/nickel-201-supplier-india.html,Do not create
Carbon Steel,Carbon Steel,pipes,Navi Mumbai,Maharashtra,,india_city,Not recommended,/materials/carbon-steel.html,Do not create
Carbon Steel,Carbon Steel,pipes,Thane,Maharashtra,,india_city,Not recommended,/materials/carbon-steel.html,Do not create
Carbon Steel,Carbon Steel,pipes,Nashik,Maharashtra,,india_city,Not recommended,/materials/carbon-steel.html,Do not create
Carbon Steel,Carbon Steel,pipes,Chhatrapati Sambhajinagar / Aurangabad,Maharashtra,,india_city,Not recommended,/materials/carbon-steel.html,Do not create
Carbon Steel,Carbon Steel,pipes,Nagpur / Butibori,Maharashtra,,india_city,Not recommended,/materials/carbon-steel.html,Do not create
Carbon Steel,Carbon Steel,pipes,Hazira,Gujarat,,india_city,Not recommended,/materials/carbon-steel.html,Do not create
Carbon Steel,Carbon Steel,pipes,Rajkot,Gujarat,,india_city,Not recommended,/materials/carbon-steel.html,Do not create
Carbon Steel,Carbon Steel,pipes,Jamnagar,Gujarat,,india_city,Not recommended,/materials/carbon-steel.html,Do not create
Carbon Steel,Carbon Steel,pipes,Sriperumbudur,Tamil Nadu,,india_city,Not recommended,/materials/carbon-steel.html,Do not create
Carbon Steel,Carbon Steel,pipes,Oragadam,Tamil Nadu,,india_city,Not recommended,/materials/carbon-steel.html,Do not create
Carbon Steel,Carbon Steel,pipes,Hosur,Tamil Nadu,,india_city,Not recommended,/materials/carbon-steel.html,Do not create
Carbon Steel,Carbon Steel,pipes,Salem,Tamil Nadu,,india_city,Not recommended,/materials/carbon-steel.html,Do not create
Carbon Steel,Carbon Steel,pipes,Trichy,Tamil Nadu,,india_city,Not recommended,/materials/carbon-steel.html,Do not create
Carbon Steel,Carbon Steel,pipes,Bommasandra,Karnataka,,india_city,Not recommended,/materials/carbon-steel.html,Do not create
Carbon Steel,Carbon Steel,pipes,Mysuru,Karnataka,,india_city,Not recommended,/materials/carbon-steel.html,Do not create
Carbon Steel,Carbon Steel,pipes,Mangaluru,Karnataka,,india_city,Not recommended,/materials/carbon-steel.html,Do not create
Carbon Steel,Carbon Steel,pipes,Secunderabad,Telangana,,india_city,Not recommended,/materials/carbon-steel.html,Do not create
Carbon Steel,Carbon Steel,pipes,Kakinada,Andhra Pradesh,,india_city,Not recommended,/materials/carbon-steel.html,Do not create
Carbon Steel,Carbon Steel,pipes,Vijayawada,Andhra Pradesh,,india_city,Not recommended,/materials/carbon-steel.html,Do not create
Carbon Steel,Carbon Steel,pipes,Greater Noida,Uttar Pradesh,,india_city,Not recommended,/materials/carbon-steel.html,Do not create
Carbon Steel,Carbon Steel,pipes,Ghaziabad,Uttar Pradesh,,india_city,Not recommended,/materials/carbon-steel.html,Do not create
Carbon Steel,Carbon Steel,pipes,Bhiwadi,Rajasthan,,india_city,Not recommended,/materials/carbon-steel.html,Do not create
Carbon Steel,Carbon Steel,pipes,Neemrana,Rajasthan,,india_city,Not recommended,/materials/carbon-steel.html,Do not create
Carbon Steel,Carbon Steel,pipes,Jaipur,Rajasthan,,india_city,Not recommended,/materials/carbon-steel.html,Do not create
Carbon Steel,Carbon Steel,pipes,Indore,Madhya Pradesh,,india_city,Not recommended,/materials/carbon-steel.html,Do not create
Carbon Steel,Carbon Steel,pipes,Pithampur,Madhya Pradesh,,india_city,Not recommended,/materials/carbon-steel.html,Do not create
Carbon Steel,Carbon Steel,pipes,Bhopal / Mandideep,Madhya Pradesh,,india_city,Not recommended,/materials/carbon-steel.html,Do not create
Carbon Steel,Carbon Steel,pipes,Kolkata,West Bengal,,india_city,Not recommended,/materials/carbon-steel.html,Do not create
Carbon Steel,Carbon Steel,pipes,Howrah,West Bengal,,india_city,Not recommended,/materials/carbon-steel.html,Do not create
Carbon Steel,Carbon Steel,pipes,Durgapur,West Bengal,,india_city,Not recommended,/materials/carbon-steel.html,Do not create
Carbon Steel,Carbon Steel,pipes,Jamshedpur,Jharkhand,,india_city,Not recommended,/materials/carbon-steel.html,Do not create
Carbon Steel,Carbon Steel,pipes,Ludhiana,Punjab,,india_city,Not recommended,/materials/carbon-steel.html,Do not create
Carbon Steel,Carbon Steel,pipes,Jalandhar,Punjab,,india_city,Missing but low value,/materials/carbon-steel.html,Do not create in final batch
Carbon Steel,Carbon Steel,pipes,Kochi,Kerala,,india_city,Missing but low value,/materials/carbon-steel.html,Do not create in final batch
Carbon Steel,Carbon Steel,pipes,Bhubaneswar,Odisha,,india_city,Not recommended,/materials/carbon-steel.html,Do not create
Carbon Steel,Carbon Steel,pipes,Rourkela,Odisha,,india_city,Not recommended,/materials/carbon-steel.html,Do not create
Carbon Steel,Carbon Steel,plates,Navi Mumbai,Maharashtra,,india_city,Not recommended,/materials/carbon-steel.html,Do not create
Carbon Steel,Carbon Steel,plates,Thane,Maharashtra,,india_city,Not recommended,/materials/carbon-steel.html,Do not create
Carbon Steel,Carbon Steel,plates,Nashik,Maharashtra,,india_city,Not recommended,/materials/carbon-steel.html,Do not create
Carbon Steel,Carbon Steel,plates,Chhatrapati Sambhajinagar / Aurangabad,Maharashtra,,india_city,Not recommended,/materials/carbon-steel.html,Do not create
Carbon Steel,Carbon Steel,plates,Nagpur / Butibori,Maharashtra,,india_city,Not recommended,/materials/carbon-steel.html,Do not create
Carbon Steel,Carbon Steel,plates,Hazira,Gujarat,,india_city,Not recommended,/materials/carbon-steel.html,Do not create
Carbon Steel,Carbon Steel,plates,Rajkot,Gujarat,,india_city,Not recommended,/materials/carbon-steel.html,Do not create
Carbon Steel,Carbon Steel,plates,Jamnagar,Gujarat,,india_city,Not recommended,/materials/carbon-steel.html,Do not create
Carbon Steel,Carbon Steel,plates,Sriperumbudur,Tamil Nadu,,india_city,Not recommended,/materials/carbon-steel.html,Do not create
Carbon Steel,Carbon Steel,plates,Oragadam,Tamil Nadu,,india_city,Not recommended,/materials/carbon-steel.html,Do not create
Carbon Steel,Carbon Steel,plates,Hosur,Tamil Nadu,,india_city,Not recommended,/materials/carbon-steel.html,Do not create
Carbon Steel,Carbon Steel,plates,Salem,Tamil Nadu,,india_city,Not recommended,/materials/carbon-steel.html,Do not create
Carbon Steel,Carbon Steel,plates,Trichy,Tamil Nadu,,india_city,Not recommended,/materials/carbon-steel.html,Do not create
Carbon Steel,Carbon Steel,plates,Bommasandra,Karnataka,,india_city,Not recommended,/materials/carbon-steel.html,Do not create
Carbon Steel,Carbon Steel,plates,Mysuru,Karnataka,,india_city,Not recommended,/materials/carbon-steel.html,Do not create
Carbon Steel,Carbon Steel,plates,Mangaluru,Karnataka,,india_city,Not recommended,/materials/carbon-steel.html,Do not create
Carbon Steel,Carbon Steel,plates,Secunderabad,Telangana,,india_city,Not recommended,/materials/carbon-steel.html,Do not create
Carbon Steel,Carbon Steel,plates,Kakinada,Andhra Pradesh,,india_city,Not recommended,/materials/carbon-steel.html,Do not create
Carbon Steel,Carbon Steel,plates,Vijayawada,Andhra Pradesh,,india_city,Not recommended,/materials/carbon-steel.html,Do not create
Carbon Steel,Carbon Steel,plates,Greater Noida,Uttar Pradesh,,india_city,Not recommended,/materials/carbon-steel.html,Do not create
Carbon Steel,Carbon Steel,plates,Ghaziabad,Uttar Pradesh,,india_city,Not recommended,/materials/carbon-steel.html,Do not create
Carbon Steel,Carbon Steel,plates,Bhiwadi,Rajasthan,,india_city,Not recommended,/materials/carbon-steel.html,Do not create
Carbon Steel,Carbon Steel,plates,Neemrana,Rajasthan,,india_city,Not recommended,/materials/carbon-steel.html,Do not create
Carbon Steel,Carbon Steel,plates,Jaipur,Rajasthan,,india_city,Not recommended,/materials/carbon-steel.html,Do not create
Carbon Steel,Carbon Steel,plates,Indore,Madhya Pradesh,,india_city,Not recommended,/materials/carbon-steel.html,Do not create
Carbon Steel,Carbon Steel,plates,Pithampur,Madhya Pradesh,,india_city,Not recommended,/materials/carbon-steel.html,Do not create
Carbon Steel,Carbon Steel,plates,Bhopal / Mandideep,Madhya Pradesh,,india_city,Not recommended,/materials/carbon-steel.html,Do not create
Carbon Steel,Carbon Steel,plates,Kolkata,West Bengal,,india_city,Not recommended,/materials/carbon-steel.html,Do not create
Carbon Steel,Carbon Steel,plates,Howrah,West Bengal,,india_city,Not recommended,/materials/carbon-steel.html,Do not create
Carbon Steel,Carbon Steel,plates,Durgapur,West Bengal,,india_city,Not recommended,/materials/carbon-steel.html,Do not create
Carbon Steel,Carbon Steel,plates,Jamshedpur,Jharkhand,,india_city,Not recommended,/materials/carbon-steel.html,Do not create
Carbon Steel,Carbon Steel,plates,Ludhiana,Punjab,,india_city,Not recommended,/materials/carbon-steel.html,Do not create
Carbon Steel,Carbon Steel,plates,Jalandhar,Punjab,,india_city,Missing but low value,/materials/carbon-steel.html,Do not create in final batch
Carbon Steel,Carbon Steel,plates,Kochi,Kerala,,india_city,Missing but low value,/materials/carbon-steel.html,Do not create in final batch
Carbon Steel,Carbon Steel,plates,Bhubaneswar,Odisha,,india_city,Not recommended,/materials/carbon-steel.html,Do not create
Carbon Steel,Carbon Steel,plates,Rourkela,Odisha,,india_city,Not recommended,/materials/carbon-steel.html,Do not create
Carbon Steel,Carbon Steel,sheets,Mumbai,Maharashtra,,india_city,Not recommended,/materials/carbon-steel.html,Do not create
Carbon Steel,Carbon Steel,sheets,Navi Mumbai,Maharashtra,,india_city,Missing but low value,/materials/carbon-steel.html,Do not create in final batch
Carbon Steel,Carbon Steel,sheets,Thane,Maharashtra,,india_city,Missing but low value,/materials/carbon-steel.html,Do not create in final batch
Carbon Steel,Carbon Steel,sheets,Pune,Maharashtra,,india_city,Not recommended,/materials/carbon-steel.html,Do not create
Carbon Steel,Carbon Steel,sheets,Chakan,Maharashtra,,india_city,Not recommended,/materials/carbon-steel.html,Do not create
Carbon Steel,Carbon Steel,sheets,PCMC,Maharashtra,,india_city,Not recommended,/materials/carbon-steel.html,Do not create
Carbon Steel,Carbon Steel,sheets,Nashik,Maharashtra,,india_city,Missing but low value,/materials/carbon-steel.html,Do not create in final batch
Carbon Steel,Carbon Steel,sheets,Chhatrapati Sambhajinagar / Aurangabad,Maharashtra,,india_city,Missing but low value,/materials/carbon-steel.html,Do not create in final batch
Carbon Steel,Carbon Steel,sheets,Nagpur / Butibori,Maharashtra,,india_city,Missing but low value,/materials/carbon-steel.html,Do not create in final batch
Carbon Steel,Carbon Steel,sheets,Ahmedabad,Gujarat,,india_city,Not recommended,/materials/carbon-steel.html,Do not create
Carbon Steel,Carbon Steel,sheets,Sanand,Gujarat,,india_city,Not recommended,/materials/carbon-steel.html,Do not create
Carbon Steel,Carbon Steel,sheets,Vadodara,Gujarat,,india_city,Not recommended,/materials/carbon-steel.html,Do not create
Carbon Steel,Carbon Steel,sheets,Surat,Gujarat,,india_city,Not recommended,/materials/carbon-steel.html,Do not create
Carbon Steel,Carbon Steel,sheets,Hazira,Gujarat,,india_city,Missing but low value,/materials/carbon-steel.html,Do not create in final batch
Carbon Steel,Carbon Steel,sheets,Ankleshwar,Gujarat,,india_city,Not recommended,/materials/carbon-steel.html,Do not create
Carbon Steel,Carbon Steel,sheets,Bharuch,Gujarat,,india_city,Not recommended,/materials/carbon-steel.html,Do not create
Carbon Steel,Carbon Steel,sheets,Vapi,Gujarat,,india_city,Not recommended,/materials/carbon-steel.html,Do not create
Carbon Steel,Carbon Steel,sheets,Rajkot,Gujarat,,india_city,Missing but low value,/materials/carbon-steel.html,Do not create in final batch
Carbon Steel,Carbon Steel,sheets,Jamnagar,Gujarat,,india_city,Missing but low value,/materials/carbon-steel.html,Do not create in final batch
Carbon Steel,Carbon Steel,sheets,Chennai,Tamil Nadu,,india_city,Not recommended,/materials/carbon-steel.html,Do not create
Carbon Steel,Carbon Steel,sheets,Sriperumbudur,Tamil Nadu,,india_city,Missing but low value,/materials/carbon-steel.html,Do not create in final batch
Carbon Steel,Carbon Steel,sheets,Oragadam,Tamil Nadu,,india_city,Missing but low value,/materials/carbon-steel.html,Do not create in final batch
Carbon Steel,Carbon Steel,sheets,Coimbatore,Tamil Nadu,,india_city,Not recommended,/materials/carbon-steel.html,Do not create
Carbon Steel,Carbon Steel,sheets,Hosur,Tamil Nadu,,india_city,Missing but low value,/materials/carbon-steel.html,Do not create in final batch
Carbon Steel,Carbon Steel,sheets,Salem,Tamil Nadu,,india_city,Missing but low value,/materials/carbon-steel.html,Do not create in final batch
Carbon Steel,Carbon Steel,sheets,Trichy,Tamil Nadu,,india_city,Missing but low value,/materials/carbon-steel.html,Do not create in final batch
Carbon Steel,Carbon Steel,sheets,Bengaluru,Karnataka,,india_city,Not recommended,/materials/carbon-steel.html,Do not create
Carbon Steel,Carbon Steel,sheets,Peenya,Karnataka,,india_city,Not recommended,/materials/carbon-steel.html,Do not create
Carbon Steel,Carbon Steel,sheets,Bommasandra,Karnataka,,india_city,Missing but low value,/materials/carbon-steel.html,Do not create in final batch
Carbon Steel,Carbon Steel,sheets,Mysuru,Karnataka,,india_city,Missing but low value,/materials/carbon-steel.html,Do not create in final batch
Carbon Steel,Carbon Steel,sheets,Mangaluru,Karnataka,,india_city,Missing but low value,/materials/carbon-steel.html,Do not create in final batch
Carbon Steel,Carbon Steel,sheets,Hyderabad,Telangana,,india_city,Not recommended,/materials/carbon-steel.html,Do not create
Carbon Steel,Carbon Steel,sheets,Secunderabad,Telangana,,india_city,Missing but low value,/materials/carbon-steel.html,Do not create in final batch
Carbon Steel,Carbon Steel,sheets,Visakhapatnam,Andhra Pradesh,,india_city,Not recommended,/materials/carbon-steel.html,Do not create
Carbon Steel,Carbon Steel,sheets,Kakinada,Andhra Pradesh,,india_city,Missing but low value,/materials/carbon-steel.html,Do not create in final batch
Carbon Steel,Carbon Steel,sheets,Vijayawada,Andhra Pradesh,,india_city,Missing but low value,/materials/carbon-steel.html,Do not create in final batch
Carbon Steel,Carbon Steel,sheets,Delhi,Delhi NCR,,india_city,Not recommended,/materials/carbon-steel.html,Do not create
Carbon Steel,Carbon Steel,sheets,Gurugram,Haryana,,india_city,Not recommended,/materials/carbon-steel.html,Do not create
Carbon Steel,Carbon Steel,sheets,Faridabad,Haryana,,india_city,Not recommended,/materials/carbon-steel.html,Do not create
Carbon Steel,Carbon Steel,sheets,Noida,Uttar Pradesh,,india_city,Not recommended,/materials/carbon-steel.html,Do not create
Carbon Steel,Carbon Steel,sheets,Greater Noida,Uttar Pradesh,,india_city,Missing but low value,/materials/carbon-steel.html,Do not create in final batch
Carbon Steel,Carbon Steel,sheets,Ghaziabad,Uttar Pradesh,,india_city,Missing but low value,/materials/carbon-steel.html,Do not create in final batch
Carbon Steel,Carbon Steel,sheets,Bhiwadi,Rajasthan,,india_city,Missing but low value,/materials/carbon-steel.html,Do not create in final batch
Carbon Steel,Carbon Steel,sheets,Neemrana,Rajasthan,,india_city,Missing but low value,/materials/carbon-steel.html,Do not create in final batch
Carbon Steel,Carbon Steel,sheets,Jaipur,Rajasthan,,india_city,Missing but low value,/materials/carbon-steel.html,Do not create in final batch
Carbon Steel,Carbon Steel,sheets,Indore,Madhya Pradesh,,india_city,Missing but low value,/materials/carbon-steel.html,Do not create in final batch
Carbon Steel,Carbon Steel,sheets,Pithampur,Madhya Pradesh,,india_city,Missing but low value,/materials/carbon-steel.html,Do not create in final batch
Carbon Steel,Carbon Steel,sheets,Bhopal / Mandideep,Madhya Pradesh,,india_city,Missing but low value,/materials/carbon-steel.html,Do not create in final batch
Carbon Steel,Carbon Steel,sheets,Kolkata,West Bengal,,india_city,Missing but low value,/materials/carbon-steel.html,Do not create in final batch
Carbon Steel,Carbon Steel,sheets,Howrah,West Bengal,,india_city,Missing but low value,/materials/carbon-steel.html,Do not create in final batch
Carbon Steel,Carbon Steel,sheets,Durgapur,West Bengal,,india_city,Missing but low value,/materials/carbon-steel.html,Do not create in final batch
Carbon Steel,Carbon Steel,sheets,Jamshedpur,Jharkhand,,india_city,Missing but low value,/materials/carbon-steel.html,Do not create in final batch
Carbon Steel,Carbon Steel,sheets,Ludhiana,Punjab,,india_city,Missing but low value,/materials/carbon-steel.html,Do not create in final batch
Carbon Steel,Carbon Steel,sheets,Jalandhar,Punjab,,india_city,Missing but low value,/materials/carbon-steel.html,Do not create in final batch
Carbon Steel,Carbon Steel,sheets,Kochi,Kerala,,india_city,Missing but low value,/materials/carbon-steel.html,Do not create in final batch
Carbon Steel,Carbon Steel,sheets,Bhubaneswar,Odisha,,india_city,Missing but low value,/materials/carbon-steel.html,Do not create in final batch
Carbon Steel,Carbon Steel,sheets,Rourkela,Odisha,,india_city,Missing but low value,/materials/carbon-steel.html,Do not create in final batch
Carbon Steel,Carbon Steel,flanges,Navi Mumbai,Maharashtra,,india_city,Not recommended,/materials/carbon-steel.html,Do not create
Carbon Steel,Carbon Steel,flanges,Thane,Maharashtra,,india_city,Not recommended,/materials/carbon-steel.html,Do not create
Carbon Steel,Carbon Steel,flanges,Nashik,Maharashtra,,india_city,Not recommended,/materials/carbon-steel.html,Do not create
Carbon Steel,Carbon Steel,flanges,Chhatrapati Sambhajinagar / Aurangabad,Maharashtra,,india_city,Not recommended,/materials/carbon-steel.html,Do not create
Carbon Steel,Carbon Steel,flanges,Nagpur / Butibori,Maharashtra,,india_city,Not recommended,/materials/carbon-steel.html,Do not create
Carbon Steel,Carbon Steel,flanges,Hazira,Gujarat,,india_city,Not recommended,/materials/carbon-steel.html,Do not create
Carbon Steel,Carbon Steel,flanges,Rajkot,Gujarat,,india_city,Not recommended,/materials/carbon-steel.html,Do not create
Carbon Steel,Carbon Steel,flanges,Jamnagar,Gujarat,,india_city,Not recommended,/materials/carbon-steel.html,Do not create
Carbon Steel,Carbon Steel,flanges,Sriperumbudur,Tamil Nadu,,india_city,Not recommended,/materials/carbon-steel.html,Do not create
Carbon Steel,Carbon Steel,flanges,Oragadam,Tamil Nadu,,india_city,Not recommended,/materials/carbon-steel.html,Do not create
Carbon Steel,Carbon Steel,flanges,Hosur,Tamil Nadu,,india_city,Not recommended,/materials/carbon-steel.html,Do not create
Carbon Steel,Carbon Steel,flanges,Salem,Tamil Nadu,,india_city,Not recommended,/materials/carbon-steel.html,Do not create
Carbon Steel,Carbon Steel,flanges,Trichy,Tamil Nadu,,india_city,Not recommended,/materials/carbon-steel.html,Do not create
Carbon Steel,Carbon Steel,flanges,Bommasandra,Karnataka,,india_city,Not recommended,/materials/carbon-steel.html,Do not create
Carbon Steel,Carbon Steel,flanges,Mysuru,Karnataka,,india_city,Not recommended,/materials/carbon-steel.html,Do not create
Carbon Steel,Carbon Steel,flanges,Mangaluru,Karnataka,,india_city,Not recommended,/materials/carbon-steel.html,Do not create
Carbon Steel,Carbon Steel,flanges,Secunderabad,Telangana,,india_city,Not recommended,/materials/carbon-steel.html,Do not create
Carbon Steel,Carbon Steel,flanges,Kakinada,Andhra Pradesh,,india_city,Not recommended,/materials/carbon-steel.html,Do not create
Carbon Steel,Carbon Steel,flanges,Vijayawada,Andhra Pradesh,,india_city,Not recommended,/materials/carbon-steel.html,Do not create
Carbon Steel,Carbon Steel,flanges,Greater Noida,Uttar Pradesh,,india_city,Not recommended,/materials/carbon-steel.html,Do not create
Carbon Steel,Carbon Steel,flanges,Ghaziabad,Uttar Pradesh,,india_city,Not recommended,/materials/carbon-steel.html,Do not create
Carbon Steel,Carbon Steel,flanges,Bhiwadi,Rajasthan,,india_city,Not recommended,/materials/carbon-steel.html,Do not create
Carbon Steel,Carbon Steel,flanges,Neemrana,Rajasthan,,india_city,Not recommended,/materials/carbon-steel.html,Do not create
Carbon Steel,Carbon Steel,flanges,Jaipur,Rajasthan,,india_city,Not recommended,/materials/carbon-steel.html,Do not create
Carbon Steel,Carbon Steel,flanges,Indore,Madhya Pradesh,,india_city,Not recommended,/materials/carbon-steel.html,Do not create
Carbon Steel,Carbon Steel,flanges,Pithampur,Madhya Pradesh,,india_city,Not recommended,/materials/carbon-steel.html,Do not create
Carbon Steel,Carbon Steel,flanges,Bhopal / Mandideep,Madhya Pradesh,,india_city,Not recommended,/materials/carbon-steel.html,Do not create
Carbon Steel,Carbon Steel,flanges,Kolkata,West Bengal,,india_city,Not recommended,/materials/carbon-steel.html,Do not create
Carbon Steel,Carbon Steel,flanges,Howrah,West Bengal,,india_city,Not recommended,/materials/carbon-steel.html,Do not create
Carbon Steel,Carbon Steel,flanges,Durgapur,West Bengal,,india_city,Not recommended,/materials/carbon-steel.html,Do not create
Carbon Steel,Carbon Steel,flanges,Jamshedpur,Jharkhand,,india_city,Not recommended,/materials/carbon-steel.html,Do not create
Carbon Steel,Carbon Steel,flanges,Ludhiana,Punjab,,india_city,Not recommended,/materials/carbon-steel.html,Do not create
Carbon Steel,Carbon Steel,flanges,Jalandhar,Punjab,,india_city,Missing but low value,/materials/carbon-steel.html,Do not create in final batch
Carbon Steel,Carbon Steel,flanges,Kochi,Kerala,,india_city,Missing but low value,/materials/carbon-steel.html,Do not create in final batch
Carbon Steel,Carbon Steel,flanges,Bhubaneswar,Odisha,,india_city,Not recommended,/materials/carbon-steel.html,Do not create
Carbon Steel,Carbon Steel,flanges,Rourkela,Odisha,,india_city,Not recommended,/materials/carbon-steel.html,Do not create
Carbon Steel,Carbon Steel,fittings,Navi Mumbai,Maharashtra,,india_city,Not recommended,/materials/carbon-steel.html,Do not create
Carbon Steel,Carbon Steel,fittings,Thane,Maharashtra,,india_city,Not recommended,/materials/carbon-steel.html,Do not create
Carbon Steel,Carbon Steel,fittings,Nashik,Maharashtra,,india_city,Not recommended,/materials/carbon-steel.html,Do not create
Carbon Steel,Carbon Steel,fittings,Chhatrapati Sambhajinagar / Aurangabad,Maharashtra,,india_city,Not recommended,/materials/carbon-steel.html,Do not create
Carbon Steel,Carbon Steel,fittings,Nagpur / Butibori,Maharashtra,,india_city,Not recommended,/materials/carbon-steel.html,Do not create
Carbon Steel,Carbon Steel,fittings,Hazira,Gujarat,,india_city,Not recommended,/materials/carbon-steel.html,Do not create
Carbon Steel,Carbon Steel,fittings,Rajkot,Gujarat,,india_city,Not recommended,/materials/carbon-steel.html,Do not create
Carbon Steel,Carbon Steel,fittings,Jamnagar,Gujarat,,india_city,Not recommended,/materials/carbon-steel.html,Do not create
Carbon Steel,Carbon Steel,fittings,Sriperumbudur,Tamil Nadu,,india_city,Not recommended,/materials/carbon-steel.html,Do not create
Carbon Steel,Carbon Steel,fittings,Oragadam,Tamil Nadu,,india_city,Not recommended,/materials/carbon-steel.html,Do not create
Carbon Steel,Carbon Steel,fittings,Hosur,Tamil Nadu,,india_city,Not recommended,/materials/carbon-steel.html,Do not create
Carbon Steel,Carbon Steel,fittings,Salem,Tamil Nadu,,india_city,Not recommended,/materials/carbon-steel.html,Do not create
Carbon Steel,Carbon Steel,fittings,Trichy,Tamil Nadu,,india_city,Not recommended,/materials/carbon-steel.html,Do not create
Carbon Steel,Carbon Steel,fittings,Bommasandra,Karnataka,,india_city,Not recommended,/materials/carbon-steel.html,Do not create
Carbon Steel,Carbon Steel,fittings,Mysuru,Karnataka,,india_city,Not recommended,/materials/carbon-steel.html,Do not create
Carbon Steel,Carbon Steel,fittings,Mangaluru,Karnataka,,india_city,Not recommended,/materials/carbon-steel.html,Do not create
Carbon Steel,Carbon Steel,fittings,Secunderabad,Telangana,,india_city,Not recommended,/materials/carbon-steel.html,Do not create
Carbon Steel,Carbon Steel,fittings,Kakinada,Andhra Pradesh,,india_city,Not recommended,/materials/carbon-steel.html,Do not create
Carbon Steel,Carbon Steel,fittings,Vijayawada,Andhra Pradesh,,india_city,Not recommended,/materials/carbon-steel.html,Do not create
Carbon Steel,Carbon Steel,fittings,Greater Noida,Uttar Pradesh,,india_city,Not recommended,/materials/carbon-steel.html,Do not create
Carbon Steel,Carbon Steel,fittings,Ghaziabad,Uttar Pradesh,,india_city,Not recommended,/materials/carbon-steel.html,Do not create
Carbon Steel,Carbon Steel,fittings,Bhiwadi,Rajasthan,,india_city,Not recommended,/materials/carbon-steel.html,Do not create
Carbon Steel,Carbon Steel,fittings,Neemrana,Rajasthan,,india_city,Not recommended,/materials/carbon-steel.html,Do not create
Carbon Steel,Carbon Steel,fittings,Jaipur,Rajasthan,,india_city,Not recommended,/materials/carbon-steel.html,Do not create
Carbon Steel,Carbon Steel,fittings,Indore,Madhya Pradesh,,india_city,Not recommended,/materials/carbon-steel.html,Do not create
Carbon Steel,Carbon Steel,fittings,Pithampur,Madhya Pradesh,,india_city,Not recommended,/materials/carbon-steel.html,Do not create
Carbon Steel,Carbon Steel,fittings,Bhopal / Mandideep,Madhya Pradesh,,india_city,Not recommended,/materials/carbon-steel.html,Do not create
Carbon Steel,Carbon Steel,fittings,Kolkata,West Bengal,,india_city,Not recommended,/materials/carbon-steel.html,Do not create
Carbon Steel,Carbon Steel,fittings,Howrah,West Bengal,,india_city,Not recommended,/materials/carbon-steel.html,Do not create
Carbon Steel,Carbon Steel,fittings,Durgapur,West Bengal,,india_city,Not recommended,/materials/carbon-steel.html,Do not create
Carbon Steel,Carbon Steel,fittings,Jamshedpur,Jharkhand,,india_city,Not recommended,/materials/carbon-steel.html,Do not create
Carbon Steel,Carbon Steel,fittings,Ludhiana,Punjab,,india_city,Not recommended,/materials/carbon-steel.html,Do not create
Carbon Steel,Carbon Steel,fittings,Jalandhar,Punjab,,india_city,Missing but low value,/materials/carbon-steel.html,Do not create in final batch
Carbon Steel,Carbon Steel,fittings,Kochi,Kerala,,india_city,Missing but low value,/materials/carbon-steel.html,Do not create in final batch
Carbon Steel,Carbon Steel,fittings,Bhubaneswar,Odisha,,india_city,Not recommended,/materials/carbon-steel.html,Do not create
Carbon Steel,Carbon Steel,fittings,Rourkela,Odisha,,india_city,Not recommended,/materials/carbon-steel.html,Do not create
Carbon Steel,Carbon Steel,channels,Mumbai,Maharashtra,,india_city,Not recommended,/materials/carbon-steel.html,Do not create
Carbon Steel,Carbon Steel,channels,Navi Mumbai,Maharashtra,,india_city,Missing but low value,/materials/carbon-steel.html,Do not create in final batch
Carbon Steel,Carbon Steel,channels,Thane,Maharashtra,,india_city,Missing but low value,/materials/carbon-steel.html,Do not create in final batch
Carbon Steel,Carbon Steel,channels,Pune,Maharashtra,,india_city,Not recommended,/materials/carbon-steel.html,Do not create
Carbon Steel,Carbon Steel,channels,Chakan,Maharashtra,,india_city,Not recommended,/materials/carbon-steel.html,Do not create
Carbon Steel,Carbon Steel,channels,PCMC,Maharashtra,,india_city,Not recommended,/materials/carbon-steel.html,Do not create
Carbon Steel,Carbon Steel,channels,Nashik,Maharashtra,,india_city,Missing but low value,/materials/carbon-steel.html,Do not create in final batch
Carbon Steel,Carbon Steel,channels,Chhatrapati Sambhajinagar / Aurangabad,Maharashtra,,india_city,Missing but low value,/materials/carbon-steel.html,Do not create in final batch
Carbon Steel,Carbon Steel,channels,Nagpur / Butibori,Maharashtra,,india_city,Missing but low value,/materials/carbon-steel.html,Do not create in final batch
Carbon Steel,Carbon Steel,channels,Ahmedabad,Gujarat,,india_city,Not recommended,/materials/carbon-steel.html,Do not create
Carbon Steel,Carbon Steel,channels,Sanand,Gujarat,,india_city,Not recommended,/materials/carbon-steel.html,Do not create
Carbon Steel,Carbon Steel,channels,Vadodara,Gujarat,,india_city,Not recommended,/materials/carbon-steel.html,Do not create
Carbon Steel,Carbon Steel,channels,Surat,Gujarat,,india_city,Not recommended,/materials/carbon-steel.html,Do not create
Carbon Steel,Carbon Steel,channels,Hazira,Gujarat,,india_city,Missing but low value,/materials/carbon-steel.html,Do not create in final batch
Carbon Steel,Carbon Steel,channels,Ankleshwar,Gujarat,,india_city,Not recommended,/materials/carbon-steel.html,Do not create
Carbon Steel,Carbon Steel,channels,Bharuch,Gujarat,,india_city,Not recommended,/materials/carbon-steel.html,Do not create
Carbon Steel,Carbon Steel,channels,Vapi,Gujarat,,india_city,Not recommended,/materials/carbon-steel.html,Do not create
Carbon Steel,Carbon Steel,channels,Rajkot,Gujarat,,india_city,Missing but low value,/materials/carbon-steel.html,Do not create in final batch
Carbon Steel,Carbon Steel,channels,Jamnagar,Gujarat,,india_city,Missing but low value,/materials/carbon-steel.html,Do not create in final batch
Carbon Steel,Carbon Steel,channels,Chennai,Tamil Nadu,,india_city,Not recommended,/materials/carbon-steel.html,Do not create
Carbon Steel,Carbon Steel,channels,Sriperumbudur,Tamil Nadu,,india_city,Missing but low value,/materials/carbon-steel.html,Do not create in final batch
Carbon Steel,Carbon Steel,channels,Oragadam,Tamil Nadu,,india_city,Missing but low value,/materials/carbon-steel.html,Do not create in final batch
Carbon Steel,Carbon Steel,channels,Coimbatore,Tamil Nadu,,india_city,Not recommended,/materials/carbon-steel.html,Do not create
Carbon Steel,Carbon Steel,channels,Hosur,Tamil Nadu,,india_city,Missing but low value,/materials/carbon-steel.html,Do not create in final batch
Carbon Steel,Carbon Steel,channels,Salem,Tamil Nadu,,india_city,Missing but low value,/materials/carbon-steel.html,Do not create in final batch
Carbon Steel,Carbon Steel,channels,Trichy,Tamil Nadu,,india_city,Missing but low value,/materials/carbon-steel.html,Do not create in final batch
Carbon Steel,Carbon Steel,channels,Bengaluru,Karnataka,,india_city,Not recommended,/materials/carbon-steel.html,Do not create
Carbon Steel,Carbon Steel,channels,Peenya,Karnataka,,india_city,Not recommended,/materials/carbon-steel.html,Do not create
Carbon Steel,Carbon Steel,channels,Bommasandra,Karnataka,,india_city,Missing but low value,/materials/carbon-steel.html,Do not create in final batch
Carbon Steel,Carbon Steel,channels,Mysuru,Karnataka,,india_city,Missing but low value,/materials/carbon-steel.html,Do not create in final batch
Carbon Steel,Carbon Steel,channels,Mangaluru,Karnataka,,india_city,Missing but low value,/materials/carbon-steel.html,Do not create in final batch
Carbon Steel,Carbon Steel,channels,Hyderabad,Telangana,,india_city,Not recommended,/materials/carbon-steel.html,Do not create
Carbon Steel,Carbon Steel,channels,Secunderabad,Telangana,,india_city,Missing but low value,/materials/carbon-steel.html,Do not create in final batch
Carbon Steel,Carbon Steel,channels,Visakhapatnam,Andhra Pradesh,,india_city,Not recommended,/materials/carbon-steel.html,Do not create
Carbon Steel,Carbon Steel,channels,Kakinada,Andhra Pradesh,,india_city,Missing but low value,/materials/carbon-steel.html,Do not create in final batch
Carbon Steel,Carbon Steel,channels,Vijayawada,Andhra Pradesh,,india_city,Missing but low value,/materials/carbon-steel.html,Do not create in final batch
Carbon Steel,Carbon Steel,channels,Delhi,Delhi NCR,,india_city,Not recommended,/materials/carbon-steel.html,Do not create
Carbon Steel,Carbon Steel,channels,Gurugram,Haryana,,india_city,Not recommended,/materials/carbon-steel.html,Do not create
Carbon Steel,Carbon Steel,channels,Faridabad,Haryana,,india_city,Not recommended,/materials/carbon-steel.html,Do not create
Carbon Steel,Carbon Steel,channels,Noida,Uttar Pradesh,,india_city,Not recommended,/materials/carbon-steel.html,Do not create
Carbon Steel,Carbon Steel,channels,Greater Noida,Uttar Pradesh,,india_city,Missing but low value,/materials/carbon-steel.html,Do not create in final batch
Carbon Steel,Carbon Steel,channels,Ghaziabad,Uttar Pradesh,,india_city,Missing but low value,/materials/carbon-steel.html,Do not create in final batch
Carbon Steel,Carbon Steel,channels,Bhiwadi,Rajasthan,,india_city,Missing but low value,/materials/carbon-steel.html,Do not create in final batch
Carbon Steel,Carbon Steel,channels,Neemrana,Rajasthan,,india_city,Missing but low value,/materials/carbon-steel.html,Do not create in final batch
Carbon Steel,Carbon Steel,channels,Jaipur,Rajasthan,,india_city,Missing but low value,/materials/carbon-steel.html,Do not create in final batch
Carbon Steel,Carbon Steel,channels,Indore,Madhya Pradesh,,india_city,Missing but low value,/materials/carbon-steel.html,Do not create in final batch
Carbon Steel,Carbon Steel,channels,Pithampur,Madhya Pradesh,,india_city,Missing but low value,/materials/carbon-steel.html,Do not create in final batch
Carbon Steel,Carbon Steel,channels,Bhopal / Mandideep,Madhya Pradesh,,india_city,Missing but low value,/materials/carbon-steel.html,Do not create in final batch
Carbon Steel,Carbon Steel,channels,Kolkata,West Bengal,,india_city,Missing but low value,/materials/carbon-steel.html,Do not create in final batch
Carbon Steel,Carbon Steel,channels,Howrah,West Bengal,,india_city,Missing but low value,/materials/carbon-steel.html,Do not create in final batch
Carbon Steel,Carbon Steel,channels,Durgapur,West Bengal,,india_city,Missing but low value,/materials/carbon-steel.html,Do not create in final batch
Carbon Steel,Carbon Steel,channels,Jamshedpur,Jharkhand,,india_city,Missing but low value,/materials/carbon-steel.html,Do not create in final batch
Carbon Steel,Carbon Steel,channels,Ludhiana,Punjab,,india_city,Missing but low value,/materials/carbon-steel.html,Do not create in final batch
Carbon Steel,Carbon Steel,channels,Jalandhar,Punjab,,india_city,Missing but low value,/materials/carbon-steel.html,Do not create in final batch
Carbon Steel,Carbon Steel,channels,Kochi,Kerala,,india_city,Missing but low value,/materials/carbon-steel.html,Do not create in final batch
Carbon Steel,Carbon Steel,channels,Bhubaneswar,Odisha,,india_city,Missing but low value,/materials/carbon-steel.html,Do not create in final batch
Carbon Steel,Carbon Steel,channels,Rourkela,Odisha,,india_city,Missing but low value,/materials/carbon-steel.html,Do not create in final batch
Carbon Steel,Carbon Steel,angles,Mumbai,Maharashtra,,india_city,Not recommended,/materials/carbon-steel.html,Do not create
Carbon Steel,Carbon Steel,angles,Navi Mumbai,Maharashtra,,india_city,Missing but low value,/materials/carbon-steel.html,Do not create in final batch
Carbon Steel,Carbon Steel,angles,Thane,Maharashtra,,india_city,Missing but low value,/materials/carbon-steel.html,Do not create in final batch
Carbon Steel,Carbon Steel,angles,Pune,Maharashtra,,india_city,Not recommended,/materials/carbon-steel.html,Do not create
Carbon Steel,Carbon Steel,angles,Chakan,Maharashtra,,india_city,Not recommended,/materials/carbon-steel.html,Do not create
Carbon Steel,Carbon Steel,angles,PCMC,Maharashtra,,india_city,Not recommended,/materials/carbon-steel.html,Do not create
Carbon Steel,Carbon Steel,angles,Nashik,Maharashtra,,india_city,Missing but low value,/materials/carbon-steel.html,Do not create in final batch
Carbon Steel,Carbon Steel,angles,Chhatrapati Sambhajinagar / Aurangabad,Maharashtra,,india_city,Missing but low value,/materials/carbon-steel.html,Do not create in final batch
Carbon Steel,Carbon Steel,angles,Nagpur / Butibori,Maharashtra,,india_city,Missing but low value,/materials/carbon-steel.html,Do not create in final batch
Carbon Steel,Carbon Steel,angles,Ahmedabad,Gujarat,,india_city,Not recommended,/materials/carbon-steel.html,Do not create
Carbon Steel,Carbon Steel,angles,Sanand,Gujarat,,india_city,Not recommended,/materials/carbon-steel.html,Do not create
Carbon Steel,Carbon Steel,angles,Vadodara,Gujarat,,india_city,Not recommended,/materials/carbon-steel.html,Do not create
Carbon Steel,Carbon Steel,angles,Surat,Gujarat,,india_city,Not recommended,/materials/carbon-steel.html,Do not create
Carbon Steel,Carbon Steel,angles,Hazira,Gujarat,,india_city,Missing but low value,/materials/carbon-steel.html,Do not create in final batch
Carbon Steel,Carbon Steel,angles,Ankleshwar,Gujarat,,india_city,Not recommended,/materials/carbon-steel.html,Do not create
Carbon Steel,Carbon Steel,angles,Bharuch,Gujarat,,india_city,Not recommended,/materials/carbon-steel.html,Do not create
Carbon Steel,Carbon Steel,angles,Vapi,Gujarat,,india_city,Not recommended,/materials/carbon-steel.html,Do not create
Carbon Steel,Carbon Steel,angles,Rajkot,Gujarat,,india_city,Missing but low value,/materials/carbon-steel.html,Do not create in final batch
Carbon Steel,Carbon Steel,angles,Jamnagar,Gujarat,,india_city,Missing but low value,/materials/carbon-steel.html,Do not create in final batch
Carbon Steel,Carbon Steel,angles,Chennai,Tamil Nadu,,india_city,Not recommended,/materials/carbon-steel.html,Do not create
Carbon Steel,Carbon Steel,angles,Sriperumbudur,Tamil Nadu,,india_city,Missing but low value,/materials/carbon-steel.html,Do not create in final batch
Carbon Steel,Carbon Steel,angles,Oragadam,Tamil Nadu,,india_city,Missing but low value,/materials/carbon-steel.html,Do not create in final batch
Carbon Steel,Carbon Steel,angles,Coimbatore,Tamil Nadu,,india_city,Not recommended,/materials/carbon-steel.html,Do not create
Carbon Steel,Carbon Steel,angles,Hosur,Tamil Nadu,,india_city,Missing but low value,/materials/carbon-steel.html,Do not create in final batch
Carbon Steel,Carbon Steel,angles,Salem,Tamil Nadu,,india_city,Missing but low value,/materials/carbon-steel.html,Do not create in final batch
Carbon Steel,Carbon Steel,angles,Trichy,Tamil Nadu,,india_city,Missing but low value,/materials/carbon-steel.html,Do not create in final batch
Carbon Steel,Carbon Steel,angles,Bengaluru,Karnataka,,india_city,Not recommended,/materials/carbon-steel.html,Do not create
Carbon Steel,Carbon Steel,angles,Peenya,Karnataka,,india_city,Not recommended,/materials/carbon-steel.html,Do not create
Carbon Steel,Carbon Steel,angles,Bommasandra,Karnataka,,india_city,Missing but low value,/materials/carbon-steel.html,Do not create in final batch
Carbon Steel,Carbon Steel,angles,Mysuru,Karnataka,,india_city,Missing but low value,/materials/carbon-steel.html,Do not create in final batch
Carbon Steel,Carbon Steel,angles,Mangaluru,Karnataka,,india_city,Missing but low value,/materials/carbon-steel.html,Do not create in final batch
Carbon Steel,Carbon Steel,angles,Hyderabad,Telangana,,india_city,Not recommended,/materials/carbon-steel.html,Do not create
Carbon Steel,Carbon Steel,angles,Secunderabad,Telangana,,india_city,Missing but low value,/materials/carbon-steel.html,Do not create in final batch
Carbon Steel,Carbon Steel,angles,Visakhapatnam,Andhra Pradesh,,india_city,Not recommended,/materials/carbon-steel.html,Do not create
Carbon Steel,Carbon Steel,angles,Kakinada,Andhra Pradesh,,india_city,Missing but low value,/materials/carbon-steel.html,Do not create in final batch
Carbon Steel,Carbon Steel,angles,Vijayawada,Andhra Pradesh,,india_city,Missing but low value,/materials/carbon-steel.html,Do not create in final batch
Carbon Steel,Carbon Steel,angles,Delhi,Delhi NCR,,india_city,Not recommended,/materials/carbon-steel.html,Do not create
Carbon Steel,Carbon Steel,angles,Gurugram,Haryana,,india_city,Not recommended,/materials/carbon-steel.html,Do not create
Carbon Steel,Carbon Steel,angles,Faridabad,Haryana,,india_city,Not recommended,/materials/carbon-steel.html,Do not create
Carbon Steel,Carbon Steel,angles,Noida,Uttar Pradesh,,india_city,Not recommended,/materials/carbon-steel.html,Do not create
Carbon Steel,Carbon Steel,angles,Greater Noida,Uttar Pradesh,,india_city,Missing but low value,/materials/carbon-steel.html,Do not create in final batch
Carbon Steel,Carbon Steel,angles,Ghaziabad,Uttar Pradesh,,india_city,Missing but low value,/materials/carbon-steel.html,Do not create in final batch
Carbon Steel,Carbon Steel,angles,Bhiwadi,Rajasthan,,india_city,Missing but low value,/materials/carbon-steel.html,Do not create in final batch
Carbon Steel,Carbon Steel,angles,Neemrana,Rajasthan,,india_city,Missing but low value,/materials/carbon-steel.html,Do not create in final batch
Carbon Steel,Carbon Steel,angles,Jaipur,Rajasthan,,india_city,Missing but low value,/materials/carbon-steel.html,Do not create in final batch
Carbon Steel,Carbon Steel,angles,Indore,Madhya Pradesh,,india_city,Missing but low value,/materials/carbon-steel.html,Do not create in final batch
Carbon Steel,Carbon Steel,angles,Pithampur,Madhya Pradesh,,india_city,Missing but low value,/materials/carbon-steel.html,Do not create in final batch
Carbon Steel,Carbon Steel,angles,Bhopal / Mandideep,Madhya Pradesh,,india_city,Missing but low value,/materials/carbon-steel.html,Do not create in final batch
Carbon Steel,Carbon Steel,angles,Kolkata,West Bengal,,india_city,Missing but low value,/materials/carbon-steel.html,Do not create in final batch
Carbon Steel,Carbon Steel,angles,Howrah,West Bengal,,india_city,Missing but low value,/materials/carbon-steel.html,Do not create in final batch
Carbon Steel,Carbon Steel,angles,Durgapur,West Bengal,,india_city,Missing but low value,/materials/carbon-steel.html,Do not create in final batch
Carbon Steel,Carbon Steel,angles,Jamshedpur,Jharkhand,,india_city,Missing but low value,/materials/carbon-steel.html,Do not create in final batch
Carbon Steel,Carbon Steel,angles,Ludhiana,Punjab,,india_city,Missing but low value,/materials/carbon-steel.html,Do not create in final batch
Carbon Steel,Carbon Steel,angles,Jalandhar,Punjab,,india_city,Missing but low value,/materials/carbon-steel.html,Do not create in final batch
Carbon Steel,Carbon Steel,angles,Kochi,Kerala,,india_city,Missing but low value,/materials/carbon-steel.html,Do not create in final batch
Carbon Steel,Carbon Steel,angles,Bhubaneswar,Odisha,,india_city,Missing but low value,/materials/carbon-steel.html,Do not create in final batch
Carbon Steel,Carbon Steel,angles,Rourkela,Odisha,,india_city,Missing but low value,/materials/carbon-steel.html,Do not create in final batch
Carbon Steel,Carbon Steel,round bars,Mumbai,Maharashtra,,india_city,Not recommended,/materials/carbon-steel.html,Do not create
Carbon Steel,Carbon Steel,round bars,Navi Mumbai,Maharashtra,,india_city,Missing but low value,/materials/carbon-steel.html,Do not create in final batch
Carbon Steel,Carbon Steel,round bars,Thane,Maharashtra,,india_city,Missing but low value,/materials/carbon-steel.html,Do not create in final batch
Carbon Steel,Carbon Steel,round bars,Pune,Maharashtra,,india_city,Not recommended,/materials/carbon-steel.html,Do not create
Carbon Steel,Carbon Steel,round bars,Chakan,Maharashtra,,india_city,Not recommended,/materials/carbon-steel.html,Do not create
Carbon Steel,Carbon Steel,round bars,PCMC,Maharashtra,,india_city,Not recommended,/materials/carbon-steel.html,Do not create
Carbon Steel,Carbon Steel,round bars,Nashik,Maharashtra,,india_city,Missing but low value,/materials/carbon-steel.html,Do not create in final batch
Carbon Steel,Carbon Steel,round bars,Chhatrapati Sambhajinagar / Aurangabad,Maharashtra,,india_city,Missing but low value,/materials/carbon-steel.html,Do not create in final batch
Carbon Steel,Carbon Steel,round bars,Nagpur / Butibori,Maharashtra,,india_city,Missing but low value,/materials/carbon-steel.html,Do not create in final batch
Carbon Steel,Carbon Steel,round bars,Ahmedabad,Gujarat,,india_city,Not recommended,/materials/carbon-steel.html,Do not create
Carbon Steel,Carbon Steel,round bars,Sanand,Gujarat,,india_city,Not recommended,/materials/carbon-steel.html,Do not create
Carbon Steel,Carbon Steel,round bars,Vadodara,Gujarat,,india_city,Not recommended,/materials/carbon-steel.html,Do not create
Carbon Steel,Carbon Steel,round bars,Surat,Gujarat,,india_city,Not recommended,/materials/carbon-steel.html,Do not create
Carbon Steel,Carbon Steel,round bars,Hazira,Gujarat,,india_city,Missing but low value,/materials/carbon-steel.html,Do not create in final batch
Carbon Steel,Carbon Steel,round bars,Ankleshwar,Gujarat,,india_city,Not recommended,/materials/carbon-steel.html,Do not create
Carbon Steel,Carbon Steel,round bars,Bharuch,Gujarat,,india_city,Not recommended,/materials/carbon-steel.html,Do not create
Carbon Steel,Carbon Steel,round bars,Vapi,Gujarat,,india_city,Not recommended,/materials/carbon-steel.html,Do not create
Carbon Steel,Carbon Steel,round bars,Rajkot,Gujarat,,india_city,Missing but low value,/materials/carbon-steel.html,Do not create in final batch
Carbon Steel,Carbon Steel,round bars,Jamnagar,Gujarat,,india_city,Missing but low value,/materials/carbon-steel.html,Do not create in final batch
Carbon Steel,Carbon Steel,round bars,Chennai,Tamil Nadu,,india_city,Not recommended,/materials/carbon-steel.html,Do not create
Carbon Steel,Carbon Steel,round bars,Sriperumbudur,Tamil Nadu,,india_city,Missing but low value,/materials/carbon-steel.html,Do not create in final batch
Carbon Steel,Carbon Steel,round bars,Oragadam,Tamil Nadu,,india_city,Missing but low value,/materials/carbon-steel.html,Do not create in final batch
Carbon Steel,Carbon Steel,round bars,Coimbatore,Tamil Nadu,,india_city,Not recommended,/materials/carbon-steel.html,Do not create
Carbon Steel,Carbon Steel,round bars,Hosur,Tamil Nadu,,india_city,Missing but low value,/materials/carbon-steel.html,Do not create in final batch
Carbon Steel,Carbon Steel,round bars,Salem,Tamil Nadu,,india_city,Missing but low value,/materials/carbon-steel.html,Do not create in final batch
Carbon Steel,Carbon Steel,round bars,Trichy,Tamil Nadu,,india_city,Missing but low value,/materials/carbon-steel.html,Do not create in final batch
Carbon Steel,Carbon Steel,round bars,Bengaluru,Karnataka,,india_city,Not recommended,/materials/carbon-steel.html,Do not create
Carbon Steel,Carbon Steel,round bars,Peenya,Karnataka,,india_city,Not recommended,/materials/carbon-steel.html,Do not create
Carbon Steel,Carbon Steel,round bars,Bommasandra,Karnataka,,india_city,Missing but low value,/materials/carbon-steel.html,Do not create in final batch
Carbon Steel,Carbon Steel,round bars,Mysuru,Karnataka,,india_city,Missing but low value,/materials/carbon-steel.html,Do not create in final batch
Carbon Steel,Carbon Steel,round bars,Mangaluru,Karnataka,,india_city,Missing but low value,/materials/carbon-steel.html,Do not create in final batch
Carbon Steel,Carbon Steel,round bars,Hyderabad,Telangana,,india_city,Not recommended,/materials/carbon-steel.html,Do not create
Carbon Steel,Carbon Steel,round bars,Secunderabad,Telangana,,india_city,Missing but low value,/materials/carbon-steel.html,Do not create in final batch
Carbon Steel,Carbon Steel,round bars,Visakhapatnam,Andhra Pradesh,,india_city,Not recommended,/materials/carbon-steel.html,Do not create
Carbon Steel,Carbon Steel,round bars,Kakinada,Andhra Pradesh,,india_city,Missing but low value,/materials/carbon-steel.html,Do not create in final batch
Carbon Steel,Carbon Steel,round bars,Vijayawada,Andhra Pradesh,,india_city,Missing but low value,/materials/carbon-steel.html,Do not create in final batch
Carbon Steel,Carbon Steel,round bars,Delhi,Delhi NCR,,india_city,Not recommended,/materials/carbon-steel.html,Do not create
Carbon Steel,Carbon Steel,round bars,Gurugram,Haryana,,india_city,Not recommended,/materials/carbon-steel.html,Do not create
Carbon Steel,Carbon Steel,round bars,Faridabad,Haryana,,india_city,Not recommended,/materials/carbon-steel.html,Do not create
Carbon Steel,Carbon Steel,round bars,Noida,Uttar Pradesh,,india_city,Not recommended,/materials/carbon-steel.html,Do not create
Carbon Steel,Carbon Steel,round bars,Greater Noida,Uttar Pradesh,,india_city,Missing but low value,/materials/carbon-steel.html,Do not create in final batch
Carbon Steel,Carbon Steel,round bars,Ghaziabad,Uttar Pradesh,,india_city,Missing but low value,/materials/carbon-steel.html,Do not create in final batch
Carbon Steel,Carbon Steel,round bars,Bhiwadi,Rajasthan,,india_city,Missing but low value,/materials/carbon-steel.html,Do not create in final batch
Carbon Steel,Carbon Steel,round bars,Neemrana,Rajasthan,,india_city,Missing but low value,/materials/carbon-steel.html,Do not create in final batch
Carbon Steel,Carbon Steel,round bars,Jaipur,Rajasthan,,india_city,Missing but low value,/materials/carbon-steel.html,Do not create in final batch
Carbon Steel,Carbon Steel,round bars,Indore,Madhya Pradesh,,india_city,Missing but low value,/materials/carbon-steel.html,Do not create in final batch
Carbon Steel,Carbon Steel,round bars,Pithampur,Madhya Pradesh,,india_city,Missing but low value,/materials/carbon-steel.html,Do not create in final batch
Carbon Steel,Carbon Steel,round bars,Bhopal / Mandideep,Madhya Pradesh,,india_city,Missing but low value,/materials/carbon-steel.html,Do not create in final batch
Carbon Steel,Carbon Steel,round bars,Kolkata,West Bengal,,india_city,Missing but low value,/materials/carbon-steel.html,Do not create in final batch
Carbon Steel,Carbon Steel,round bars,Howrah,West Bengal,,india_city,Missing but low value,/materials/carbon-steel.html,Do not create in final batch
Carbon Steel,Carbon Steel,round bars,Durgapur,West Bengal,,india_city,Missing but low value,/materials/carbon-steel.html,Do not create in final batch
Carbon Steel,Carbon Steel,round bars,Jamshedpur,Jharkhand,,india_city,Missing but low value,/materials/carbon-steel.html,Do not create in final batch
Carbon Steel,Carbon Steel,round bars,Ludhiana,Punjab,,india_city,Missing but low value,/materials/carbon-steel.html,Do not create in final batch
Carbon Steel,Carbon Steel,round bars,Jalandhar,Punjab,,india_city,Missing but low value,/materials/carbon-steel.html,Do not create in final batch
Carbon Steel,Carbon Steel,round bars,Kochi,Kerala,,india_city,Missing but low value,/materials/carbon-steel.html,Do not create in final batch
Carbon Steel,Carbon Steel,round bars,Bhubaneswar,Odisha,,india_city,Missing but low value,/materials/carbon-steel.html,Do not create in final batch
Carbon Steel,Carbon Steel,round bars,Rourkela,Odisha,,india_city,Missing but low value,/materials/carbon-steel.html,Do not create in final batch
Carbon Steel,Carbon Steel,pipes,,,UAE,export_country,Not recommended,/materials/carbon-steel.html,Do not create
Carbon Steel,Carbon Steel,pipes,,,Saudi Arabia,export_country,Not recommended,/materials/carbon-steel.html,Do not create
Carbon Steel,Carbon Steel,pipes,,,Qatar,export_country,Not recommended,/materials/carbon-steel.html,Do not create
Carbon Steel,Carbon Steel,pipes,,,Oman,export_country,Not recommended,/materials/carbon-steel.html,Do not create
Carbon Steel,Carbon Steel,pipes,,,Kuwait,export_country,Missing but low value,/materials/carbon-steel.html,Do not create in final batch
Carbon Steel,Carbon Steel,pipes,,,Bahrain,export_country,Missing but low value,/materials/carbon-steel.html,Do not create in final batch
Carbon Steel,Carbon Steel,pipes,,,Singapore,export_country,Not recommended,/materials/carbon-steel.html,Do not create
Carbon Steel,Carbon Steel,pipes,,,Malaysia,export_country,Missing but low value,/materials/carbon-steel.html,Do not create in final batch
Carbon Steel,Carbon Steel,pipes,,,Indonesia,export_country,Missing but low value,/materials/carbon-steel.html,Do not create in final batch
Carbon Steel,Carbon Steel,pipes,,,Thailand,export_country,Missing but low value,/materials/carbon-steel.html,Do not create in final batch
Carbon Steel,Carbon Steel,pipes,,,Vietnam,export_country,Missing but low value,/materials/carbon-steel.html,Do not create in final batch
Carbon Steel,Carbon Steel,pipes,,,Philippines,export_country,Missing but low value,/materials/carbon-steel.html,Do not create in final batch
Carbon Steel,Carbon Steel,pipes,,,South Korea,export_country,Missing but low value,/materials/carbon-steel.html,Do not create in final batch
Carbon Steel,Carbon Steel,pipes,,,Japan,export_country,Missing but low value,/materials/carbon-steel.html,Do not create in final batch
Carbon Steel,Carbon Steel,pipes,,,Taiwan,export_country,Missing but low value,/materials/carbon-steel.html,Do not create in final batch
Carbon Steel,Carbon Steel,pipes,,,Germany,export_country,Not recommended,/materials/carbon-steel.html,Do not create
Carbon Steel,Carbon Steel,pipes,,,Netherlands,export_country,Not recommended,/materials/carbon-steel.html,Do not create
Carbon Steel,Carbon Steel,pipes,,,United Kingdom,export_country,Not recommended,/materials/carbon-steel.html,Do not create
Carbon Steel,Carbon Steel,pipes,,,Italy,export_country,Missing but low value,/materials/carbon-steel.html,Do not create in final batch
Carbon Steel,Carbon Steel,pipes,,,Spain,export_country,Missing but low value,/materials/carbon-steel.html,Do not create in final batch
Carbon Steel,Carbon Steel,pipes,,,Poland,export_country,Missing but low value,/materials/carbon-steel.html,Do not create in final batch
Carbon Steel,Carbon Steel,pipes,,,United States,export_country,Not recommended,/materials/carbon-steel.html,Do not create
Carbon Steel,Carbon Steel,pipes,,,Canada,export_country,Missing but low value,/materials/carbon-steel.html,Do not create in final batch
Carbon Steel,Carbon Steel,pipes,,,Mexico,export_country,Missing but low value,/materials/carbon-steel.html,Do not create in final batch
Carbon Steel,Carbon Steel,pipes,,,Brazil,export_country,Missing but low value,/materials/carbon-steel.html,Do not create in final batch
Carbon Steel,Carbon Steel,pipes,,,South Africa,export_country,Missing but low value,/materials/carbon-steel.html,Do not create in final batch
Carbon Steel,Carbon Steel,pipes,,,Egypt,export_country,Missing but low value,/materials/carbon-steel.html,Do not create in final batch
Carbon Steel,Carbon Steel,pipes,,,Kenya,export_country,Missing but low value,/materials/carbon-steel.html,Do not create in final batch
Carbon Steel,Carbon Steel,pipes,,,Tanzania,export_country,Missing but low value,/materials/carbon-steel.html,Do not create in final batch
Carbon Steel,Carbon Steel,pipes,,,Nigeria,export_country,Missing but low value,/materials/carbon-steel.html,Do not create in final batch
Carbon Steel,Carbon Steel,pipes,,,Mauritius,export_country,Missing but low value,/materials/carbon-steel.html,Do not create in final batch
Carbon Steel,Carbon Steel,pipes,,,Australia,export_country,Not recommended,/materials/carbon-steel.html,Do not create
Carbon Steel,Carbon Steel,pipes,,,New Zealand,export_country,Missing but low value,/materials/carbon-steel.html,Do not create in final batch
Carbon Steel,Carbon Steel,plates,,,UAE,export_country,Not recommended,/materials/carbon-steel.html,Do not create
Carbon Steel,Carbon Steel,plates,,,Saudi Arabia,export_country,Not recommended,/materials/carbon-steel.html,Do not create
Carbon Steel,Carbon Steel,plates,,,Qatar,export_country,Not recommended,/materials/carbon-steel.html,Do not create
Carbon Steel,Carbon Steel,plates,,,Oman,export_country,Not recommended,/materials/carbon-steel.html,Do not create
Carbon Steel,Carbon Steel,plates,,,Kuwait,export_country,Missing but low value,/materials/carbon-steel.html,Do not create in final batch
Carbon Steel,Carbon Steel,plates,,,Bahrain,export_country,Missing but low value,/materials/carbon-steel.html,Do not create in final batch
Carbon Steel,Carbon Steel,plates,,,Singapore,export_country,Not recommended,/materials/carbon-steel.html,Do not create
Carbon Steel,Carbon Steel,plates,,,Malaysia,export_country,Missing but low value,/materials/carbon-steel.html,Do not create in final batch
Carbon Steel,Carbon Steel,plates,,,Indonesia,export_country,Missing but low value,/materials/carbon-steel.html,Do not create in final batch
Carbon Steel,Carbon Steel,plates,,,Thailand,export_country,Missing but low value,/materials/carbon-steel.html,Do not create in final batch
Carbon Steel,Carbon Steel,plates,,,Vietnam,export_country,Missing but low value,/materials/carbon-steel.html,Do not create in final batch
Carbon Steel,Carbon Steel,plates,,,Philippines,export_country,Missing but low value,/materials/carbon-steel.html,Do not create in final batch
Carbon Steel,Carbon Steel,plates,,,South Korea,export_country,Missing but low value,/materials/carbon-steel.html,Do not create in final batch
Carbon Steel,Carbon Steel,plates,,,Japan,export_country,Missing but low value,/materials/carbon-steel.html,Do not create in final batch
Carbon Steel,Carbon Steel,plates,,,Taiwan,export_country,Missing but low value,/materials/carbon-steel.html,Do not create in final batch
Carbon Steel,Carbon Steel,plates,,,Germany,export_country,Not recommended,/materials/carbon-steel.html,Do not create
Carbon Steel,Carbon Steel,plates,,,Netherlands,export_country,Not recommended,/materials/carbon-steel.html,Do not create
Carbon Steel,Carbon Steel,plates,,,United Kingdom,export_country,Not recommended,/materials/carbon-steel.html,Do not create
Carbon Steel,Carbon Steel,plates,,,Italy,export_country,Missing but low value,/materials/carbon-steel.html,Do not create in final batch
Carbon Steel,Carbon Steel,plates,,,Spain,export_country,Missing but low value,/materials/carbon-steel.html,Do not create in final batch
Carbon Steel,Carbon Steel,plates,,,Poland,export_country,Missing but low value,/materials/carbon-steel.html,Do not create in final batch
Carbon Steel,Carbon Steel,plates,,,United States,export_country,Not recommended,/materials/carbon-steel.html,Do not create
Carbon Steel,Carbon Steel,plates,,,Canada,export_country,Missing but low value,/materials/carbon-steel.html,Do not create in final batch
Carbon Steel,Carbon Steel,plates,,,Mexico,export_country,Missing but low value,/materials/carbon-steel.html,Do not create in final batch
Carbon Steel,Carbon Steel,plates,,,Brazil,export_country,Missing but low value,/materials/carbon-steel.html,Do not create in final batch
Carbon Steel,Carbon Steel,plates,,,South Africa,export_country,Missing but low value,/materials/carbon-steel.html,Do not create in final batch
Carbon Steel,Carbon Steel,plates,,,Egypt,export_country,Missing but low value,/materials/carbon-steel.html,Do not create in final batch
Carbon Steel,Carbon Steel,plates,,,Kenya,export_country,Missing but low value,/materials/carbon-steel.html,Do not create in final batch
Carbon Steel,Carbon Steel,plates,,,Tanzania,export_country,Missing but low value,/materials/carbon-steel.html,Do not create in final batch
Carbon Steel,Carbon Steel,plates,,,Nigeria,export_country,Missing but low value,/materials/carbon-steel.html,Do not create in final batch
Carbon Steel,Carbon Steel,plates,,,Mauritius,export_country,Missing but low value,/materials/carbon-steel.html,Do not create in final batch
Carbon Steel,Carbon Steel,plates,,,Australia,export_country,Not recommended,/materials/carbon-steel.html,Do not create
Carbon Steel,Carbon Steel,plates,,,New Zealand,export_country,Missing but low value,/materials/carbon-steel.html,Do not create in final batch
Carbon Steel,Carbon Steel,sheets,,,UAE,export_country,Missing but low value,/materials/carbon-steel.html,Do not create in final batch
Carbon Steel,Carbon Steel,sheets,,,Saudi Arabia,export_country,Missing but low value,/materials/carbon-steel.html,Do not create in final batch
Carbon Steel,Carbon Steel,sheets,,,Qatar,export_country,Missing but low value,/materials/carbon-steel.html,Do not create in final batch
Carbon Steel,Carbon Steel,sheets,,,Oman,export_country,Missing but low value,/materials/carbon-steel.html,Do not create in final batch
Carbon Steel,Carbon Steel,sheets,,,Kuwait,export_country,Missing but low value,/materials/carbon-steel.html,Do not create in final batch
Carbon Steel,Carbon Steel,sheets,,,Bahrain,export_country,Missing but low value,/materials/carbon-steel.html,Do not create in final batch
Carbon Steel,Carbon Steel,sheets,,,Singapore,export_country,Missing but low value,/materials/carbon-steel.html,Do not create in final batch
Carbon Steel,Carbon Steel,sheets,,,Malaysia,export_country,Missing but low value,/materials/carbon-steel.html,Do not create in final batch
Carbon Steel,Carbon Steel,sheets,,,Indonesia,export_country,Missing but low value,/materials/carbon-steel.html,Do not create in final batch
Carbon Steel,Carbon Steel,sheets,,,Thailand,export_country,Missing but low value,/materials/carbon-steel.html,Do not create in final batch
Carbon Steel,Carbon Steel,sheets,,,Vietnam,export_country,Missing but low value,/materials/carbon-steel.html,Do not create in final batch
Carbon Steel,Carbon Steel,sheets,,,Philippines,export_country,Missing but low value,/materials/carbon-steel.html,Do not create in final batch
Carbon Steel,Carbon Steel,sheets,,,South Korea,export_country,Missing but low value,/materials/carbon-steel.html,Do not create in final batch
Carbon Steel,Carbon Steel,sheets,,,Japan,export_country,Missing but low value,/materials/carbon-steel.html,Do not create in final batch
Carbon Steel,Carbon Steel,sheets,,,Taiwan,export_country,Missing but low value,/materials/carbon-steel.html,Do not create in final batch
Carbon Steel,Carbon Steel,sheets,,,Germany,export_country,Missing but low value,/materials/carbon-steel.html,Do not create in final batch
Carbon Steel,Carbon Steel,sheets,,,Netherlands,export_country,Missing but low value,/materials/carbon-steel.html,Do not create in final batch
Carbon Steel,Carbon Steel,sheets,,,United Kingdom,export_country,Missing but low value,/materials/carbon-steel.html,Do not create in final batch
Carbon Steel,Carbon Steel,sheets,,,Italy,export_country,Missing but low value,/materials/carbon-steel.html,Do not create in final batch
Carbon Steel,Carbon Steel,sheets,,,Spain,export_country,Missing but low value,/materials/carbon-steel.html,Do not create in final batch
Carbon Steel,Carbon Steel,sheets,,,Poland,export_country,Missing but low value,/materials/carbon-steel.html,Do not create in final batch
Carbon Steel,Carbon Steel,sheets,,,United States,export_country,Missing but low value,/materials/carbon-steel.html,Do not create in final batch
Carbon Steel,Carbon Steel,sheets,,,Canada,export_country,Missing but low value,/materials/carbon-steel.html,Do not create in final batch
Carbon Steel,Carbon Steel,sheets,,,Mexico,export_country,Missing but low value,/materials/carbon-steel.html,Do not create in final batch
Carbon Steel,Carbon Steel,sheets,,,Brazil,export_country,Missing but low value,/materials/carbon-steel.html,Do not create in final batch
Carbon Steel,Carbon Steel,sheets,,,South Africa,export_country,Missing but low value,/materials/carbon-steel.html,Do not create in final batch
Carbon Steel,Carbon Steel,sheets,,,Egypt,export_country,Missing but low value,/materials/carbon-steel.html,Do not create in final batch
Carbon Steel,Carbon Steel,sheets,,,Kenya,export_country,Missing but low value,/materials/carbon-steel.html,Do not create in final batch
Carbon Steel,Carbon Steel,sheets,,,Tanzania,export_country,Missing but low value,/materials/carbon-steel.html,Do not create in final batch
Carbon Steel,Carbon Steel,sheets,,,Nigeria,export_country,Missing but low value,/materials/carbon-steel.html,Do not create in final batch
Carbon Steel,Carbon Steel,sheets,,,Mauritius,export_country,Missing but low value,/materials/carbon-steel.html,Do not create in final batch
Carbon Steel,Carbon Steel,sheets,,,Australia,export_country,Missing but low value,/materials/carbon-steel.html,Do not create in final batch
Carbon Steel,Carbon Steel,sheets,,,New Zealand,export_country,Missing but low value,/materials/carbon-steel.html,Do not create in final batch
Carbon Steel,Carbon Steel,flanges,,,UAE,export_country,Not recommended,/materials/carbon-steel.html,Do not create
Carbon Steel,Carbon Steel,flanges,,,Saudi Arabia,export_country,Not recommended,/materials/carbon-steel.html,Do not create
Carbon Steel,Carbon Steel,flanges,,,Qatar,export_country,Not recommended,/materials/carbon-steel.html,Do not create
Carbon Steel,Carbon Steel,flanges,,,Oman,export_country,Not recommended,/materials/carbon-steel.html,Do not create
Carbon Steel,Carbon Steel,flanges,,,Kuwait,export_country,Missing but low value,/materials/carbon-steel.html,Do not create in final batch
Carbon Steel,Carbon Steel,flanges,,,Bahrain,export_country,Missing but low value,/materials/carbon-steel.html,Do not create in final batch
Carbon Steel,Carbon Steel,flanges,,,Singapore,export_country,Not recommended,/materials/carbon-steel.html,Do not create
Carbon Steel,Carbon Steel,flanges,,,Malaysia,export_country,Missing but low value,/materials/carbon-steel.html,Do not create in final batch
Carbon Steel,Carbon Steel,flanges,,,Indonesia,export_country,Missing but low value,/materials/carbon-steel.html,Do not create in final batch
Carbon Steel,Carbon Steel,flanges,,,Thailand,export_country,Missing but low value,/materials/carbon-steel.html,Do not create in final batch
Carbon Steel,Carbon Steel,flanges,,,Vietnam,export_country,Missing but low value,/materials/carbon-steel.html,Do not create in final batch
Carbon Steel,Carbon Steel,flanges,,,Philippines,export_country,Missing but low value,/materials/carbon-steel.html,Do not create in final batch
Carbon Steel,Carbon Steel,flanges,,,South Korea,export_country,Missing but low value,/materials/carbon-steel.html,Do not create in final batch
Carbon Steel,Carbon Steel,flanges,,,Japan,export_country,Missing but low value,/materials/carbon-steel.html,Do not create in final batch
Carbon Steel,Carbon Steel,flanges,,,Taiwan,export_country,Missing but low value,/materials/carbon-steel.html,Do not create in final batch
Carbon Steel,Carbon Steel,flanges,,,Germany,export_country,Not recommended,/materials/carbon-steel.html,Do not create
Carbon Steel,Carbon Steel,flanges,,,Netherlands,export_country,Not recommended,/materials/carbon-steel.html,Do not create
Carbon Steel,Carbon Steel,flanges,,,United Kingdom,export_country,Not recommended,/materials/carbon-steel.html,Do not create
Carbon Steel,Carbon Steel,flanges,,,Italy,export_country,Missing but low value,/materials/carbon-steel.html,Do not create in final batch
Carbon Steel,Carbon Steel,flanges,,,Spain,export_country,Missing but low value,/materials/carbon-steel.html,Do not create in final batch
Carbon Steel,Carbon Steel,flanges,,,Poland,export_country,Missing but low value,/materials/carbon-steel.html,Do not create in final batch
Carbon Steel,Carbon Steel,flanges,,,United States,export_country,Not recommended,/materials/carbon-steel.html,Do not create
Carbon Steel,Carbon Steel,flanges,,,Canada,export_country,Missing but low value,/materials/carbon-steel.html,Do not create in final batch
Carbon Steel,Carbon Steel,flanges,,,Mexico,export_country,Missing but low value,/materials/carbon-steel.html,Do not create in final batch
Carbon Steel,Carbon Steel,flanges,,,Brazil,export_country,Missing but low value,/materials/carbon-steel.html,Do not create in final batch
Carbon Steel,Carbon Steel,flanges,,,South Africa,export_country,Missing but low value,/materials/carbon-steel.html,Do not create in final batch
Carbon Steel,Carbon Steel,flanges,,,Egypt,export_country,Missing but low value,/materials/carbon-steel.html,Do not create in final batch
Carbon Steel,Carbon Steel,flanges,,,Kenya,export_country,Missing but low value,/materials/carbon-steel.html,Do not create in final batch
Carbon Steel,Carbon Steel,flanges,,,Tanzania,export_country,Missing but low value,/materials/carbon-steel.html,Do not create in final batch
Carbon Steel,Carbon Steel,flanges,,,Nigeria,export_country,Missing but low value,/materials/carbon-steel.html,Do not create in final batch
Carbon Steel,Carbon Steel,flanges,,,Mauritius,export_country,Missing but low value,/materials/carbon-steel.html,Do not create in final batch
Carbon Steel,Carbon Steel,flanges,,,Australia,export_country,Not recommended,/materials/carbon-steel.html,Do not create
Carbon Steel,Carbon Steel,flanges,,,New Zealand,export_country,Missing but low value,/materials/carbon-steel.html,Do not create in final batch
Carbon Steel,Carbon Steel,fittings,,,UAE,export_country,Not recommended,/materials/carbon-steel.html,Do not create
Carbon Steel,Carbon Steel,fittings,,,Saudi Arabia,export_country,Not recommended,/materials/carbon-steel.html,Do not create
Carbon Steel,Carbon Steel,fittings,,,Qatar,export_country,Not recommended,/materials/carbon-steel.html,Do not create
Carbon Steel,Carbon Steel,fittings,,,Oman,export_country,Not recommended,/materials/carbon-steel.html,Do not create
Carbon Steel,Carbon Steel,fittings,,,Kuwait,export_country,Missing but low value,/materials/carbon-steel.html,Do not create in final batch
Carbon Steel,Carbon Steel,fittings,,,Bahrain,export_country,Missing but low value,/materials/carbon-steel.html,Do not create in final batch
Carbon Steel,Carbon Steel,fittings,,,Singapore,export_country,Not recommended,/materials/carbon-steel.html,Do not create
Carbon Steel,Carbon Steel,fittings,,,Malaysia,export_country,Missing but low value,/materials/carbon-steel.html,Do not create in final batch
Carbon Steel,Carbon Steel,fittings,,,Indonesia,export_country,Missing but low value,/materials/carbon-steel.html,Do not create in final batch
Carbon Steel,Carbon Steel,fittings,,,Thailand,export_country,Missing but low value,/materials/carbon-steel.html,Do not create in final batch
Carbon Steel,Carbon Steel,fittings,,,Vietnam,export_country,Missing but low value,/materials/carbon-steel.html,Do not create in final batch
Carbon Steel,Carbon Steel,fittings,,,Philippines,export_country,Missing but low value,/materials/carbon-steel.html,Do not create in final batch
Carbon Steel,Carbon Steel,fittings,,,South Korea,export_country,Missing but low value,/materials/carbon-steel.html,Do not create in final batch
Carbon Steel,Carbon Steel,fittings,,,Japan,export_country,Missing but low value,/materials/carbon-steel.html,Do not create in final batch
Carbon Steel,Carbon Steel,fittings,,,Taiwan,export_country,Missing but low value,/materials/carbon-steel.html,Do not create in final batch
Carbon Steel,Carbon Steel,fittings,,,Germany,export_country,Not recommended,/materials/carbon-steel.html,Do not create
Carbon Steel,Carbon Steel,fittings,,,Netherlands,export_country,Not recommended,/materials/carbon-steel.html,Do not create
Carbon Steel,Carbon Steel,fittings,,,United Kingdom,export_country,Not recommended,/materials/carbon-steel.html,Do not create
Carbon Steel,Carbon Steel,fittings,,,Italy,export_country,Missing but low value,/materials/carbon-steel.html,Do not create in final batch
Carbon Steel,Carbon Steel,fittings,,,Spain,export_country,Missing but low value,/materials/carbon-steel.html,Do not create in final batch
Carbon Steel,Carbon Steel,fittings,,,Poland,export_country,Missing but low value,/materials/carbon-steel.html,Do not create in final batch
Carbon Steel,Carbon Steel,fittings,,,United States,export_country,Not recommended,/materials/carbon-steel.html,Do not create
Carbon Steel,Carbon Steel,fittings,,,Canada,export_country,Missing but low value,/materials/carbon-steel.html,Do not create in final batch
Carbon Steel,Carbon Steel,fittings,,,Mexico,export_country,Missing but low value,/materials/carbon-steel.html,Do not create in final batch
Carbon Steel,Carbon Steel,fittings,,,Brazil,export_country,Missing but low value,/materials/carbon-steel.html,Do not create in final batch
Carbon Steel,Carbon Steel,fittings,,,South Africa,export_country,Missing but low value,/materials/carbon-steel.html,Do not create in final batch
Carbon Steel,Carbon Steel,fittings,,,Egypt,export_country,Missing but low value,/materials/carbon-steel.html,Do not create in final batch
Carbon Steel,Carbon Steel,fittings,,,Kenya,export_country,Missing but low value,/materials/carbon-steel.html,Do not create in final batch
Carbon Steel,Carbon Steel,fittings,,,Tanzania,export_country,Missing but low value,/materials/carbon-steel.html,Do not create in final batch
Carbon Steel,Carbon Steel,fittings,,,Nigeria,export_country,Missing but low value,/materials/carbon-steel.html,Do not create in final batch
Carbon Steel,Carbon Steel,fittings,,,Mauritius,export_country,Missing but low value,/materials/carbon-steel.html,Do not create in final batch
Carbon Steel,Carbon Steel,fittings,,,Australia,export_country,Not recommended,/materials/carbon-steel.html,Do not create
Carbon Steel,Carbon Steel,fittings,,,New Zealand,export_country,Missing but low value,/materials/carbon-steel.html,Do not create in final batch
Carbon Steel,Carbon Steel,channels,,,UAE,export_country,Missing but low value,/materials/carbon-steel.html,Do not create in final batch
Carbon Steel,Carbon Steel,channels,,,Saudi Arabia,export_country,Missing but low value,/materials/carbon-steel.html,Do not create in final batch
Carbon Steel,Carbon Steel,channels,,,Qatar,export_country,Missing but low value,/materials/carbon-steel.html,Do not create in final batch
Carbon Steel,Carbon Steel,channels,,,Oman,export_country,Missing but low value,/materials/carbon-steel.html,Do not create in final batch
Carbon Steel,Carbon Steel,channels,,,Kuwait,export_country,Missing but low value,/materials/carbon-steel.html,Do not create in final batch
Carbon Steel,Carbon Steel,channels,,,Bahrain,export_country,Missing but low value,/materials/carbon-steel.html,Do not create in final batch
Carbon Steel,Carbon Steel,channels,,,Singapore,export_country,Missing but low value,/materials/carbon-steel.html,Do not create in final batch
Carbon Steel,Carbon Steel,channels,,,Malaysia,export_country,Missing but low value,/materials/carbon-steel.html,Do not create in final batch
Carbon Steel,Carbon Steel,channels,,,Indonesia,export_country,Missing but low value,/materials/carbon-steel.html,Do not create in final batch
Carbon Steel,Carbon Steel,channels,,,Thailand,export_country,Missing but low value,/materials/carbon-steel.html,Do not create in final batch
Carbon Steel,Carbon Steel,channels,,,Vietnam,export_country,Missing but low value,/materials/carbon-steel.html,Do not create in final batch
Carbon Steel,Carbon Steel,channels,,,Philippines,export_country,Missing but low value,/materials/carbon-steel.html,Do not create in final batch
Carbon Steel,Carbon Steel,channels,,,South Korea,export_country,Missing but low value,/materials/carbon-steel.html,Do not create in final batch
Carbon Steel,Carbon Steel,channels,,,Japan,export_country,Missing but low value,/materials/carbon-steel.html,Do not create in final batch
Carbon Steel,Carbon Steel,channels,,,Taiwan,export_country,Missing but low value,/materials/carbon-steel.html,Do not create in final batch
Carbon Steel,Carbon Steel,channels,,,Germany,export_country,Missing but low value,/materials/carbon-steel.html,Do not create in final batch
Carbon Steel,Carbon Steel,channels,,,Netherlands,export_country,Missing but low value,/materials/carbon-steel.html,Do not create in final batch
Carbon Steel,Carbon Steel,channels,,,United Kingdom,export_country,Missing but low value,/materials/carbon-steel.html,Do not create in final batch
Carbon Steel,Carbon Steel,channels,,,Italy,export_country,Missing but low value,/materials/carbon-steel.html,Do not create in final batch
Carbon Steel,Carbon Steel,channels,,,Spain,export_country,Missing but low value,/materials/carbon-steel.html,Do not create in final batch
Carbon Steel,Carbon Steel,channels,,,Poland,export_country,Missing but low value,/materials/carbon-steel.html,Do not create in final batch
Carbon Steel,Carbon Steel,channels,,,United States,export_country,Missing but low value,/materials/carbon-steel.html,Do not create in final batch
Carbon Steel,Carbon Steel,channels,,,Canada,export_country,Missing but low value,/materials/carbon-steel.html,Do not create in final batch
Carbon Steel,Carbon Steel,channels,,,Mexico,export_country,Missing but low value,/materials/carbon-steel.html,Do not create in final batch
Carbon Steel,Carbon Steel,channels,,,Brazil,export_country,Missing but low value,/materials/carbon-steel.html,Do not create in final batch
Carbon Steel,Carbon Steel,channels,,,South Africa,export_country,Missing but low value,/materials/carbon-steel.html,Do not create in final batch
Carbon Steel,Carbon Steel,channels,,,Egypt,export_country,Missing but low value,/materials/carbon-steel.html,Do not create in final batch
Carbon Steel,Carbon Steel,channels,,,Kenya,export_country,Missing but low value,/materials/carbon-steel.html,Do not create in final batch
Carbon Steel,Carbon Steel,channels,,,Tanzania,export_country,Missing but low value,/materials/carbon-steel.html,Do not create in final batch
Carbon Steel,Carbon Steel,channels,,,Nigeria,export_country,Missing but low value,/materials/carbon-steel.html,Do not create in final batch
Carbon Steel,Carbon Steel,channels,,,Mauritius,export_country,Missing but low value,/materials/carbon-steel.html,Do not create in final batch
Carbon Steel,Carbon Steel,channels,,,Australia,export_country,Missing but low value,/materials/carbon-steel.html,Do not create in final batch
Carbon Steel,Carbon Steel,channels,,,New Zealand,export_country,Missing but low value,/materials/carbon-steel.html,Do not create in final batch
Carbon Steel,Carbon Steel,angles,,,UAE,export_country,Missing but low value,/materials/carbon-steel.html,Do not create in final batch
Carbon Steel,Carbon Steel,angles,,,Saudi Arabia,export_country,Missing but low value,/materials/carbon-steel.html,Do not create in final batch
Carbon Steel,Carbon Steel,angles,,,Qatar,export_country,Missing but low value,/materials/carbon-steel.html,Do not create in final batch
Carbon Steel,Carbon Steel,angles,,,Oman,export_country,Missing but low value,/materials/carbon-steel.html,Do not create in final batch
Carbon Steel,Carbon Steel,angles,,,Kuwait,export_country,Missing but low value,/materials/carbon-steel.html,Do not create in final batch
Carbon Steel,Carbon Steel,angles,,,Bahrain,export_country,Missing but low value,/materials/carbon-steel.html,Do not create in final batch
Carbon Steel,Carbon Steel,angles,,,Singapore,export_country,Missing but low value,/materials/carbon-steel.html,Do not create in final batch
Carbon Steel,Carbon Steel,angles,,,Malaysia,export_country,Missing but low value,/materials/carbon-steel.html,Do not create in final batch
Carbon Steel,Carbon Steel,angles,,,Indonesia,export_country,Missing but low value,/materials/carbon-steel.html,Do not create in final batch
Carbon Steel,Carbon Steel,angles,,,Thailand,export_country,Missing but low value,/materials/carbon-steel.html,Do not create in final batch
Carbon Steel,Carbon Steel,angles,,,Vietnam,export_country,Missing but low value,/materials/carbon-steel.html,Do not create in final batch
Carbon Steel,Carbon Steel,angles,,,Philippines,export_country,Missing but low value,/materials/carbon-steel.html,Do not create in final batch
Carbon Steel,Carbon Steel,angles,,,South Korea,export_country,Missing but low value,/materials/carbon-steel.html,Do not create in final batch
Carbon Steel,Carbon Steel,angles,,,Japan,export_country,Missing but low value,/materials/carbon-steel.html,Do not create in final batch
Carbon Steel,Carbon Steel,angles,,,Taiwan,export_country,Missing but low value,/materials/carbon-steel.html,Do not create in final batch
Carbon Steel,Carbon Steel,angles,,,Germany,export_country,Missing but low value,/materials/carbon-steel.html,Do not create in final batch
Carbon Steel,Carbon Steel,angles,,,Netherlands,export_country,Missing but low value,/materials/carbon-steel.html,Do not create in final batch
Carbon Steel,Carbon Steel,angles,,,United Kingdom,export_country,Missing but low value,/materials/carbon-steel.html,Do not create in final batch
Carbon Steel,Carbon Steel,angles,,,Italy,export_country,Missing but low value,/materials/carbon-steel.html,Do not create in final batch
Carbon Steel,Carbon Steel,angles,,,Spain,export_country,Missing but low value,/materials/carbon-steel.html,Do not create in final batch
Carbon Steel,Carbon Steel,angles,,,Poland,export_country,Missing but low value,/materials/carbon-steel.html,Do not create in final batch
Carbon Steel,Carbon Steel,angles,,,United States,export_country,Missing but low value,/materials/carbon-steel.html,Do not create in final batch
Carbon Steel,Carbon Steel,angles,,,Canada,export_country,Missing but low value,/materials/carbon-steel.html,Do not create in final batch
Carbon Steel,Carbon Steel,angles,,,Mexico,export_country,Missing but low value,/materials/carbon-steel.html,Do not create in final batch
Carbon Steel,Carbon Steel,angles,,,Brazil,export_country,Missing but low value,/materials/carbon-steel.html,Do not create in final batch
Carbon Steel,Carbon Steel,angles,,,South Africa,export_country,Missing but low value,/materials/carbon-steel.html,Do not create in final batch
Carbon Steel,Carbon Steel,angles,,,Egypt,export_country,Missing but low value,/materials/carbon-steel.html,Do not create in final batch
Carbon Steel,Carbon Steel,angles,,,Kenya,export_country,Missing but low value,/materials/carbon-steel.html,Do not create in final batch
Carbon Steel,Carbon Steel,angles,,,Tanzania,export_country,Missing but low value,/materials/carbon-steel.html,Do not create in final batch
Carbon Steel,Carbon Steel,angles,,,Nigeria,export_country,Missing but low value,/materials/carbon-steel.html,Do not create in final batch
Carbon Steel,Carbon Steel,angles,,,Mauritius,export_country,Missing but low value,/materials/carbon-steel.html,Do not create in final batch
Carbon Steel,Carbon Steel,angles,,,Australia,export_country,Missing but low value,/materials/carbon-steel.html,Do not create in final batch
Carbon Steel,Carbon Steel,angles,,,New Zealand,export_country,Missing but low value,/materials/carbon-steel.html,Do not create in final batch
Carbon Steel,Carbon Steel,round bars,,,UAE,export_country,Missing but low value,/materials/carbon-steel.html,Do not create in final batch
Carbon Steel,Carbon Steel,round bars,,,Saudi Arabia,export_country,Missing but low value,/materials/carbon-steel.html,Do not create in final batch
Carbon Steel,Carbon Steel,round bars,,,Qatar,export_country,Missing but low value,/materials/carbon-steel.html,Do not create in final batch
Carbon Steel,Carbon Steel,round bars,,,Oman,export_country,Missing but low value,/materials/carbon-steel.html,Do not create in final batch
Carbon Steel,Carbon Steel,round bars,,,Kuwait,export_country,Missing but low value,/materials/carbon-steel.html,Do not create in final batch
Carbon Steel,Carbon Steel,round bars,,,Bahrain,export_country,Missing but low value,/materials/carbon-steel.html,Do not create in final batch
Carbon Steel,Carbon Steel,round bars,,,Singapore,export_country,Missing but low value,/materials/carbon-steel.html,Do not create in final batch
Carbon Steel,Carbon Steel,round bars,,,Malaysia,export_country,Missing but low value,/materials/carbon-steel.html,Do not create in final batch
Carbon Steel,Carbon Steel,round bars,,,Indonesia,export_country,Missing but low value,/materials/carbon-steel.html,Do not create in final batch
Carbon Steel,Carbon Steel,round bars,,,Thailand,export_country,Missing but low value,/materials/carbon-steel.html,Do not create in final batch
Carbon Steel,Carbon Steel,round bars,,,Vietnam,export_country,Missing but low value,/materials/carbon-steel.html,Do not create in final batch
Carbon Steel,Carbon Steel,round bars,,,Philippines,export_country,Missing but low value,/materials/carbon-steel.html,Do not create in final batch
Carbon Steel,Carbon Steel,round bars,,,South Korea,export_country,Missing but low value,/materials/carbon-steel.html,Do not create in final batch
Carbon Steel,Carbon Steel,round bars,,,Japan,export_country,Missing but low value,/materials/carbon-steel.html,Do not create in final batch
Carbon Steel,Carbon Steel,round bars,,,Taiwan,export_country,Missing but low value,/materials/carbon-steel.html,Do not create in final batch
Carbon Steel,Carbon Steel,round bars,,,Germany,export_country,Missing but low value,/materials/carbon-steel.html,Do not create in final batch
Carbon Steel,Carbon Steel,round bars,,,Netherlands,export_country,Missing but low value,/materials/carbon-steel.html,Do not create in final batch
Carbon Steel,Carbon Steel,round bars,,,United Kingdom,export_country,Missing but low value,/materials/carbon-steel.html,Do not create in final batch
Carbon Steel,Carbon Steel,round bars,,,Italy,export_country,Missing but low value,/materials/carbon-steel.html,Do not create in final batch
Carbon Steel,Carbon Steel,round bars,,,Spain,export_country,Missing but low value,/materials/carbon-steel.html,Do not create in final batch
Carbon Steel,Carbon Steel,round bars,,,Poland,export_country,Missing but low value,/materials/carbon-steel.html,Do not create in final batch
Carbon Steel,Carbon Steel,round bars,,,United States,export_country,Missing but low value,/materials/carbon-steel.html,Do not create in final batch
Carbon Steel,Carbon Steel,round bars,,,Canada,export_country,Missing but low value,/materials/carbon-steel.html,Do not create in final batch
Carbon Steel,Carbon Steel,round bars,,,Mexico,export_country,Missing but low value,/materials/carbon-steel.html,Do not create in final batch
Carbon Steel,Carbon Steel,round bars,,,Brazil,export_country,Missing but low value,/materials/carbon-steel.html,Do not create in final batch
Carbon Steel,Carbon Steel,round bars,,,South Africa,export_country,Missing but low value,/materials/carbon-steel.html,Do not create in final batch
Carbon Steel,Carbon Steel,round bars,,,Egypt,export_country,Missing but low value,/materials/carbon-steel.html,Do not create in final batch
Carbon Steel,Carbon Steel,round bars,,,Kenya,export_country,Missing but low value,/materials/carbon-steel.html,Do not create in final batch
Carbon Steel,Carbon Steel,round bars,,,Tanzania,export_country,Missing but low value,/materials/carbon-steel.html,Do not create in final batch
Carbon Steel,Carbon Steel,round bars,,,Nigeria,export_country,Missing but low value,/materials/carbon-steel.html,Do not create in final batch
Carbon Steel,Carbon Steel,round bars,,,Mauritius,export_country,Missing but low value,/materials/carbon-steel.html,Do not create in final batch
Carbon Steel,Carbon Steel,round bars,,,Australia,export_country,Missing but low value,/materials/carbon-steel.html,Do not create in final batch
Carbon Steel,Carbon Steel,round bars,,,New Zealand,export_country,Missing but low value,/materials/carbon-steel.html,Do not create in final batch
High Speed Steel,HSS M2,round bars,Mumbai,Maharashtra,,india_city,Not recommended,,Do not create
High Speed Steel,HSS M2,round bars,Navi Mumbai,Maharashtra,,india_city,Missing but low value,,Do not create in final batch
High Speed Steel,HSS M2,round bars,Thane,Maharashtra,,india_city,Missing but low value,,Do not create in final batch
High Speed Steel,HSS M2,round bars,Nashik,Maharashtra,,india_city,Missing but low value,,Do not create in final batch
High Speed Steel,HSS M2,round bars,Chhatrapati Sambhajinagar / Aurangabad,Maharashtra,,india_city,Missing but low value,,Do not create in final batch
High Speed Steel,HSS M2,round bars,Nagpur / Butibori,Maharashtra,,india_city,Missing but low value,,Do not create in final batch
High Speed Steel,HSS M2,round bars,Sanand,Gujarat,,india_city,Not recommended,,Do not create
High Speed Steel,HSS M2,round bars,Vadodara,Gujarat,,india_city,Not recommended,,Do not create
High Speed Steel,HSS M2,round bars,Surat,Gujarat,,india_city,Not recommended,,Do not create
High Speed Steel,HSS M2,round bars,Hazira,Gujarat,,india_city,Missing but low value,,Do not create in final batch
High Speed Steel,HSS M2,round bars,Ankleshwar,Gujarat,,india_city,Not recommended,,Do not create
High Speed Steel,HSS M2,round bars,Bharuch,Gujarat,,india_city,Not recommended,,Do not create
High Speed Steel,HSS M2,round bars,Vapi,Gujarat,,india_city,Not recommended,,Do not create
High Speed Steel,HSS M2,round bars,Jamnagar,Gujarat,,india_city,Missing but low value,,Do not create in final batch
High Speed Steel,HSS M2,round bars,Sriperumbudur,Tamil Nadu,,india_city,Missing but low value,,Do not create in final batch
High Speed Steel,HSS M2,round bars,Oragadam,Tamil Nadu,,india_city,Missing but low value,,Do not create in final batch
High Speed Steel,HSS M2,round bars,Hosur,Tamil Nadu,,india_city,Missing but low value,,Do not create in final batch
High Speed Steel,HSS M2,round bars,Salem,Tamil Nadu,,india_city,Missing but low value,,Do not create in final batch
High Speed Steel,HSS M2,round bars,Trichy,Tamil Nadu,,india_city,Missing but low value,,Do not create in final batch
High Speed Steel,HSS M2,round bars,Bommasandra,Karnataka,,india_city,Duplicate / cannibalizing risk,Related hub/page exists,Hold unless Search Console shows demand
High Speed Steel,HSS M2,round bars,Mysuru,Karnataka,,india_city,Missing but low value,,Do not create in final batch
High Speed Steel,HSS M2,round bars,Mangaluru,Karnataka,,india_city,Missing but low value,,Do not create in final batch
High Speed Steel,HSS M2,round bars,Secunderabad,Telangana,,india_city,Duplicate / cannibalizing risk,Related hub/page exists,Hold unless Search Console shows demand
High Speed Steel,HSS M2,round bars,Visakhapatnam,Andhra Pradesh,,india_city,Not recommended,,Do not create
High Speed Steel,HSS M2,round bars,Kakinada,Andhra Pradesh,,india_city,Missing but low value,,Do not create in final batch
High Speed Steel,HSS M2,round bars,Vijayawada,Andhra Pradesh,,india_city,Missing but low value,,Do not create in final batch
High Speed Steel,HSS M2,round bars,Delhi,Delhi NCR,,india_city,Not recommended,,Do not create
High Speed Steel,HSS M2,round bars,Ghaziabad,Uttar Pradesh,,india_city,Missing but low value,,Do not create in final batch
High Speed Steel,HSS M2,round bars,Bhiwadi,Rajasthan,,india_city,Missing but low value,,Do not create in final batch
High Speed Steel,HSS M2,round bars,Neemrana,Rajasthan,,india_city,Missing but low value,,Do not create in final batch
High Speed Steel,HSS M2,round bars,Jaipur,Rajasthan,,india_city,Missing but low value,,Do not create in final batch
High Speed Steel,HSS M2,round bars,Indore,Madhya Pradesh,,india_city,Missing but low value,,Do not create in final batch
High Speed Steel,HSS M2,round bars,Pithampur,Madhya Pradesh,,india_city,Missing but low value,,Do not create in final batch
High Speed Steel,HSS M2,round bars,Bhopal / Mandideep,Madhya Pradesh,,india_city,Missing but low value,,Do not create in final batch
High Speed Steel,HSS M2,round bars,Kolkata,West Bengal,,india_city,Missing but low value,,Do not create in final batch
High Speed Steel,HSS M2,round bars,Howrah,West Bengal,,india_city,Missing but low value,,Do not create in final batch
High Speed Steel,HSS M2,round bars,Durgapur,West Bengal,,india_city,Missing but low value,,Do not create in final batch
High Speed Steel,HSS M2,round bars,Jalandhar,Punjab,,india_city,Missing but low value,,Do not create in final batch
High Speed Steel,HSS M2,round bars,Kochi,Kerala,,india_city,Missing but low value,,Do not create in final batch
High Speed Steel,HSS M2,round bars,Bhubaneswar,Odisha,,india_city,Missing but low value,,Do not create in final batch
High Speed Steel,HSS M2,round bars,Rourkela,Odisha,,india_city,Missing but low value,,Do not create in final batch
High Speed Steel,HSS M2,rods,Mumbai,Maharashtra,,india_city,Not recommended,,Do not create
High Speed Steel,HSS M2,rods,Navi Mumbai,Maharashtra,,india_city,Missing but low value,,Do not create in final batch
High Speed Steel,HSS M2,rods,Thane,Maharashtra,,india_city,Missing but low value,,Do not create in final batch
High Speed Steel,HSS M2,rods,Nashik,Maharashtra,,india_city,Missing but low value,,Do not create in final batch
High Speed Steel,HSS M2,rods,Chhatrapati Sambhajinagar / Aurangabad,Maharashtra,,india_city,Missing but low value,,Do not create in final batch
High Speed Steel,HSS M2,rods,Nagpur / Butibori,Maharashtra,,india_city,Missing but low value,,Do not create in final batch
High Speed Steel,HSS M2,rods,Sanand,Gujarat,,india_city,Not recommended,,Do not create
High Speed Steel,HSS M2,rods,Vadodara,Gujarat,,india_city,Not recommended,,Do not create
High Speed Steel,HSS M2,rods,Surat,Gujarat,,india_city,Not recommended,,Do not create
High Speed Steel,HSS M2,rods,Hazira,Gujarat,,india_city,Missing but low value,,Do not create in final batch
High Speed Steel,HSS M2,rods,Ankleshwar,Gujarat,,india_city,Not recommended,,Do not create
High Speed Steel,HSS M2,rods,Bharuch,Gujarat,,india_city,Not recommended,,Do not create
High Speed Steel,HSS M2,rods,Vapi,Gujarat,,india_city,Not recommended,,Do not create
High Speed Steel,HSS M2,rods,Jamnagar,Gujarat,,india_city,Missing but low value,,Do not create in final batch
High Speed Steel,HSS M2,rods,Sriperumbudur,Tamil Nadu,,india_city,Missing but low value,,Do not create in final batch
High Speed Steel,HSS M2,rods,Oragadam,Tamil Nadu,,india_city,Missing but low value,,Do not create in final batch
High Speed Steel,HSS M2,rods,Hosur,Tamil Nadu,,india_city,Missing but low value,,Do not create in final batch
High Speed Steel,HSS M2,rods,Salem,Tamil Nadu,,india_city,Missing but low value,,Do not create in final batch
High Speed Steel,HSS M2,rods,Trichy,Tamil Nadu,,india_city,Missing but low value,,Do not create in final batch
High Speed Steel,HSS M2,rods,Bommasandra,Karnataka,,india_city,Duplicate / cannibalizing risk,Related hub/page exists,Hold unless Search Console shows demand
High Speed Steel,HSS M2,rods,Mysuru,Karnataka,,india_city,Missing but low value,,Do not create in final batch
High Speed Steel,HSS M2,rods,Mangaluru,Karnataka,,india_city,Missing but low value,,Do not create in final batch
High Speed Steel,HSS M2,rods,Secunderabad,Telangana,,india_city,Duplicate / cannibalizing risk,Related hub/page exists,Hold unless Search Console shows demand
High Speed Steel,HSS M2,rods,Visakhapatnam,Andhra Pradesh,,india_city,Not recommended,,Do not create
High Speed Steel,HSS M2,rods,Kakinada,Andhra Pradesh,,india_city,Missing but low value,,Do not create in final batch
High Speed Steel,HSS M2,rods,Vijayawada,Andhra Pradesh,,india_city,Missing but low value,,Do not create in final batch
High Speed Steel,HSS M2,rods,Delhi,Delhi NCR,,india_city,Not recommended,,Do not create
High Speed Steel,HSS M2,rods,Ghaziabad,Uttar Pradesh,,india_city,Missing but low value,,Do not create in final batch
High Speed Steel,HSS M2,rods,Bhiwadi,Rajasthan,,india_city,Missing but low value,,Do not create in final batch
High Speed Steel,HSS M2,rods,Neemrana,Rajasthan,,india_city,Missing but low value,,Do not create in final batch
High Speed Steel,HSS M2,rods,Jaipur,Rajasthan,,india_city,Missing but low value,,Do not create in final batch
High Speed Steel,HSS M2,rods,Indore,Madhya Pradesh,,india_city,Missing but low value,,Do not create in final batch
High Speed Steel,HSS M2,rods,Pithampur,Madhya Pradesh,,india_city,Missing but low value,,Do not create in final batch
High Speed Steel,HSS M2,rods,Bhopal / Mandideep,Madhya Pradesh,,india_city,Missing but low value,,Do not create in final batch
High Speed Steel,HSS M2,rods,Kolkata,West Bengal,,india_city,Missing but low value,,Do not create in final batch
High Speed Steel,HSS M2,rods,Howrah,West Bengal,,india_city,Missing but low value,,Do not create in final batch
High Speed Steel,HSS M2,rods,Durgapur,West Bengal,,india_city,Missing but low value,,Do not create in final batch
High Speed Steel,HSS M2,rods,Jamshedpur,Jharkhand,,india_city,Duplicate / cannibalizing risk,Related hub/page exists,Hold unless Search Console shows demand
High Speed Steel,HSS M2,rods,Jalandhar,Punjab,,india_city,Missing but low value,,Do not create in final batch
High Speed Steel,HSS M2,rods,Kochi,Kerala,,india_city,Missing but low value,,Do not create in final batch
High Speed Steel,HSS M2,rods,Bhubaneswar,Odisha,,india_city,Missing but low value,,Do not create in final batch
High Speed Steel,HSS M2,rods,Rourkela,Odisha,,india_city,Missing but low value,,Do not create in final batch
High Speed Steel,HSS M2,flats,Mumbai,Maharashtra,,india_city,Not recommended,,Do not create
High Speed Steel,HSS M2,flats,Navi Mumbai,Maharashtra,,india_city,Missing but low value,,Do not create in final batch
High Speed Steel,HSS M2,flats,Thane,Maharashtra,,india_city,Missing but low value,,Do not create in final batch
High Speed Steel,HSS M2,flats,Nashik,Maharashtra,,india_city,Missing but low value,,Do not create in final batch
High Speed Steel,HSS M2,flats,Chhatrapati Sambhajinagar / Aurangabad,Maharashtra,,india_city,Missing but low value,,Do not create in final batch
High Speed Steel,HSS M2,flats,Nagpur / Butibori,Maharashtra,,india_city,Missing but low value,,Do not create in final batch
High Speed Steel,HSS M2,flats,Sanand,Gujarat,,india_city,Not recommended,,Do not create
High Speed Steel,HSS M2,flats,Vadodara,Gujarat,,india_city,Not recommended,,Do not create
High Speed Steel,HSS M2,flats,Surat,Gujarat,,india_city,Not recommended,,Do not create
High Speed Steel,HSS M2,flats,Hazira,Gujarat,,india_city,Missing but low value,,Do not create in final batch
High Speed Steel,HSS M2,flats,Ankleshwar,Gujarat,,india_city,Not recommended,,Do not create
High Speed Steel,HSS M2,flats,Bharuch,Gujarat,,india_city,Not recommended,,Do not create
High Speed Steel,HSS M2,flats,Vapi,Gujarat,,india_city,Not recommended,,Do not create
High Speed Steel,HSS M2,flats,Jamnagar,Gujarat,,india_city,Missing but low value,,Do not create in final batch
High Speed Steel,HSS M2,flats,Sriperumbudur,Tamil Nadu,,india_city,Missing but low value,,Do not create in final batch
High Speed Steel,HSS M2,flats,Oragadam,Tamil Nadu,,india_city,Missing but low value,,Do not create in final batch
High Speed Steel,HSS M2,flats,Hosur,Tamil Nadu,,india_city,Missing but low value,,Do not create in final batch
High Speed Steel,HSS M2,flats,Salem,Tamil Nadu,,india_city,Missing but low value,,Do not create in final batch
High Speed Steel,HSS M2,flats,Trichy,Tamil Nadu,,india_city,Missing but low value,,Do not create in final batch
High Speed Steel,HSS M2,flats,Bommasandra,Karnataka,,india_city,Duplicate / cannibalizing risk,Related hub/page exists,Hold unless Search Console shows demand
High Speed Steel,HSS M2,flats,Mysuru,Karnataka,,india_city,Missing but low value,,Do not create in final batch
High Speed Steel,HSS M2,flats,Mangaluru,Karnataka,,india_city,Missing but low value,,Do not create in final batch
High Speed Steel,HSS M2,flats,Secunderabad,Telangana,,india_city,Duplicate / cannibalizing risk,Related hub/page exists,Hold unless Search Console shows demand
High Speed Steel,HSS M2,flats,Visakhapatnam,Andhra Pradesh,,india_city,Not recommended,,Do not create
High Speed Steel,HSS M2,flats,Kakinada,Andhra Pradesh,,india_city,Missing but low value,,Do not create in final batch
High Speed Steel,HSS M2,flats,Vijayawada,Andhra Pradesh,,india_city,Missing but low value,,Do not create in final batch
High Speed Steel,HSS M2,flats,Delhi,Delhi NCR,,india_city,Not recommended,,Do not create
High Speed Steel,HSS M2,flats,Ghaziabad,Uttar Pradesh,,india_city,Missing but low value,,Do not create in final batch
High Speed Steel,HSS M2,flats,Bhiwadi,Rajasthan,,india_city,Missing but low value,,Do not create in final batch
High Speed Steel,HSS M2,flats,Neemrana,Rajasthan,,india_city,Missing but low value,,Do not create in final batch
High Speed Steel,HSS M2,flats,Jaipur,Rajasthan,,india_city,Missing but low value,,Do not create in final batch
High Speed Steel,HSS M2,flats,Indore,Madhya Pradesh,,india_city,Missing but low value,,Do not create in final batch
High Speed Steel,HSS M2,flats,Pithampur,Madhya Pradesh,,india_city,Missing but low value,,Do not create in final batch
High Speed Steel,HSS M2,flats,Bhopal / Mandideep,Madhya Pradesh,,india_city,Missing but low value,,Do not create in final batch
High Speed Steel,HSS M2,flats,Kolkata,West Bengal,,india_city,Missing but low value,,Do not create in final batch
High Speed Steel,HSS M2,flats,Howrah,West Bengal,,india_city,Missing but low value,,Do not create in final batch
High Speed Steel,HSS M2,flats,Durgapur,West Bengal,,india_city,Missing but low value,,Do not create in final batch
High Speed Steel,HSS M2,flats,Jamshedpur,Jharkhand,,india_city,Duplicate / cannibalizing risk,Related hub/page exists,Hold unless Search Console shows demand
High Speed Steel,HSS M2,flats,Jalandhar,Punjab,,india_city,Missing but low value,,Do not create in final batch
High Speed Steel,HSS M2,flats,Kochi,Kerala,,india_city,Missing but low value,,Do not create in final batch
High Speed Steel,HSS M2,flats,Bhubaneswar,Odisha,,india_city,Missing but low value,,Do not create in final batch
High Speed Steel,HSS M2,flats,Rourkela,Odisha,,india_city,Missing but low value,,Do not create in final batch
High Speed Steel,HSS M2,tool steel bars,Mumbai,Maharashtra,,india_city,Not recommended,,Do not create
High Speed Steel,HSS M2,tool steel bars,Navi Mumbai,Maharashtra,,india_city,Missing but low value,,Do not create in final batch
High Speed Steel,HSS M2,tool steel bars,Thane,Maharashtra,,india_city,Missing but low value,,Do not create in final batch
High Speed Steel,HSS M2,tool steel bars,Nashik,Maharashtra,,india_city,Missing but low value,,Do not create in final batch
High Speed Steel,HSS M2,tool steel bars,Chhatrapati Sambhajinagar / Aurangabad,Maharashtra,,india_city,Missing but low value,,Do not create in final batch
High Speed Steel,HSS M2,tool steel bars,Nagpur / Butibori,Maharashtra,,india_city,Missing but low value,,Do not create in final batch
High Speed Steel,HSS M2,tool steel bars,Sanand,Gujarat,,india_city,Not recommended,,Do not create
High Speed Steel,HSS M2,tool steel bars,Vadodara,Gujarat,,india_city,Not recommended,,Do not create
High Speed Steel,HSS M2,tool steel bars,Surat,Gujarat,,india_city,Not recommended,,Do not create
High Speed Steel,HSS M2,tool steel bars,Hazira,Gujarat,,india_city,Missing but low value,,Do not create in final batch
High Speed Steel,HSS M2,tool steel bars,Ankleshwar,Gujarat,,india_city,Not recommended,,Do not create
High Speed Steel,HSS M2,tool steel bars,Bharuch,Gujarat,,india_city,Not recommended,,Do not create
High Speed Steel,HSS M2,tool steel bars,Vapi,Gujarat,,india_city,Not recommended,,Do not create
High Speed Steel,HSS M2,tool steel bars,Jamnagar,Gujarat,,india_city,Missing but low value,,Do not create in final batch
High Speed Steel,HSS M2,tool steel bars,Sriperumbudur,Tamil Nadu,,india_city,Missing but low value,,Do not create in final batch
High Speed Steel,HSS M2,tool steel bars,Oragadam,Tamil Nadu,,india_city,Missing but low value,,Do not create in final batch
High Speed Steel,HSS M2,tool steel bars,Hosur,Tamil Nadu,,india_city,Missing but low value,,Do not create in final batch
High Speed Steel,HSS M2,tool steel bars,Salem,Tamil Nadu,,india_city,Missing but low value,,Do not create in final batch
High Speed Steel,HSS M2,tool steel bars,Trichy,Tamil Nadu,,india_city,Missing but low value,,Do not create in final batch
High Speed Steel,HSS M2,tool steel bars,Bommasandra,Karnataka,,india_city,Duplicate / cannibalizing risk,Related hub/page exists,Hold unless Search Console shows demand
High Speed Steel,HSS M2,tool steel bars,Mysuru,Karnataka,,india_city,Missing but low value,,Do not create in final batch
High Speed Steel,HSS M2,tool steel bars,Mangaluru,Karnataka,,india_city,Missing but low value,,Do not create in final batch
High Speed Steel,HSS M2,tool steel bars,Secunderabad,Telangana,,india_city,Duplicate / cannibalizing risk,Related hub/page exists,Hold unless Search Console shows demand
High Speed Steel,HSS M2,tool steel bars,Visakhapatnam,Andhra Pradesh,,india_city,Not recommended,,Do not create
High Speed Steel,HSS M2,tool steel bars,Kakinada,Andhra Pradesh,,india_city,Missing but low value,,Do not create in final batch
High Speed Steel,HSS M2,tool steel bars,Vijayawada,Andhra Pradesh,,india_city,Missing but low value,,Do not create in final batch
High Speed Steel,HSS M2,tool steel bars,Delhi,Delhi NCR,,india_city,Not recommended,,Do not create
High Speed Steel,HSS M2,tool steel bars,Ghaziabad,Uttar Pradesh,,india_city,Missing but low value,,Do not create in final batch
High Speed Steel,HSS M2,tool steel bars,Bhiwadi,Rajasthan,,india_city,Missing but low value,,Do not create in final batch
High Speed Steel,HSS M2,tool steel bars,Neemrana,Rajasthan,,india_city,Missing but low value,,Do not create in final batch
High Speed Steel,HSS M2,tool steel bars,Jaipur,Rajasthan,,india_city,Missing but low value,,Do not create in final batch
High Speed Steel,HSS M2,tool steel bars,Indore,Madhya Pradesh,,india_city,Missing but low value,,Do not create in final batch
High Speed Steel,HSS M2,tool steel bars,Pithampur,Madhya Pradesh,,india_city,Missing but low value,,Do not create in final batch
High Speed Steel,HSS M2,tool steel bars,Bhopal / Mandideep,Madhya Pradesh,,india_city,Missing but low value,,Do not create in final batch
High Speed Steel,HSS M2,tool steel bars,Kolkata,West Bengal,,india_city,Missing but low value,,Do not create in final batch
High Speed Steel,HSS M2,tool steel bars,Howrah,West Bengal,,india_city,Missing but low value,,Do not create in final batch
High Speed Steel,HSS M2,tool steel bars,Durgapur,West Bengal,,india_city,Missing but low value,,Do not create in final batch
High Speed Steel,HSS M2,tool steel bars,Jamshedpur,Jharkhand,,india_city,Duplicate / cannibalizing risk,Related hub/page exists,Hold unless Search Console shows demand
High Speed Steel,HSS M2,tool steel bars,Jalandhar,Punjab,,india_city,Missing but low value,,Do not create in final batch
High Speed Steel,HSS M2,tool steel bars,Kochi,Kerala,,india_city,Missing but low value,,Do not create in final batch
High Speed Steel,HSS M2,tool steel bars,Bhubaneswar,Odisha,,india_city,Missing but low value,,Do not create in final batch
High Speed Steel,HSS M2,tool steel bars,Rourkela,Odisha,,india_city,Missing but low value,,Do not create in final batch
High Speed Steel,HSS M2,plates,Mumbai,Maharashtra,,india_city,Missing but low value,,Do not create in final batch
High Speed Steel,HSS M2,plates,Navi Mumbai,Maharashtra,,india_city,Missing but low value,,Do not create in final batch
High Speed Steel,HSS M2,plates,Thane,Maharashtra,,india_city,Missing but low value,,Do not create in final batch
High Speed Steel,HSS M2,plates,Pune,Maharashtra,,india_city,Duplicate / cannibalizing risk,Related hub/page exists,Hold unless Search Console shows demand
High Speed Steel,HSS M2,plates,Chakan,Maharashtra,,india_city,Duplicate / cannibalizing risk,Related hub/page exists,Hold unless Search Console shows demand
High Speed Steel,HSS M2,plates,PCMC,Maharashtra,,india_city,Duplicate / cannibalizing risk,Related hub/page exists,Hold unless Search Console shows demand
High Speed Steel,HSS M2,plates,Nashik,Maharashtra,,india_city,Missing but low value,,Do not create in final batch
High Speed Steel,HSS M2,plates,Chhatrapati Sambhajinagar / Aurangabad,Maharashtra,,india_city,Missing but low value,,Do not create in final batch
High Speed Steel,HSS M2,plates,Nagpur / Butibori,Maharashtra,,india_city,Missing but low value,,Do not create in final batch
High Speed Steel,HSS M2,plates,Ahmedabad,Gujarat,,india_city,Duplicate / cannibalizing risk,Related hub/page exists,Hold unless Search Console shows demand
High Speed Steel,HSS M2,plates,Sanand,Gujarat,,india_city,Missing but low value,,Do not create in final batch
High Speed Steel,HSS M2,plates,Vadodara,Gujarat,,india_city,Missing but low value,,Do not create in final batch
High Speed Steel,HSS M2,plates,Surat,Gujarat,,india_city,Missing but low value,,Do not create in final batch
High Speed Steel,HSS M2,plates,Hazira,Gujarat,,india_city,Missing but low value,,Do not create in final batch
High Speed Steel,HSS M2,plates,Ankleshwar,Gujarat,,india_city,Missing but low value,,Do not create in final batch
High Speed Steel,HSS M2,plates,Bharuch,Gujarat,,india_city,Missing but low value,,Do not create in final batch
High Speed Steel,HSS M2,plates,Vapi,Gujarat,,india_city,Missing but low value,,Do not create in final batch
High Speed Steel,HSS M2,plates,Rajkot,Gujarat,,india_city,Not recommended,,Do not create
High Speed Steel,HSS M2,plates,Jamnagar,Gujarat,,india_city,Missing but low value,,Do not create in final batch
High Speed Steel,HSS M2,plates,Chennai,Tamil Nadu,,india_city,Duplicate / cannibalizing risk,Related hub/page exists,Hold unless Search Console shows demand
High Speed Steel,HSS M2,plates,Sriperumbudur,Tamil Nadu,,india_city,Missing but low value,,Do not create in final batch
High Speed Steel,HSS M2,plates,Oragadam,Tamil Nadu,,india_city,Missing but low value,,Do not create in final batch
High Speed Steel,HSS M2,plates,Coimbatore,Tamil Nadu,,india_city,Duplicate / cannibalizing risk,Related hub/page exists,Hold unless Search Console shows demand
High Speed Steel,HSS M2,plates,Hosur,Tamil Nadu,,india_city,Missing but low value,,Do not create in final batch
High Speed Steel,HSS M2,plates,Salem,Tamil Nadu,,india_city,Missing but low value,,Do not create in final batch
High Speed Steel,HSS M2,plates,Trichy,Tamil Nadu,,india_city,Missing but low value,,Do not create in final batch
High Speed Steel,HSS M2,plates,Bengaluru,Karnataka,,india_city,Duplicate / cannibalizing risk,Related hub/page exists,Hold unless Search Console shows demand
High Speed Steel,HSS M2,plates,Peenya,Karnataka,,india_city,Duplicate / cannibalizing risk,Related hub/page exists,Hold unless Search Console shows demand
High Speed Steel,HSS M2,plates,Bommasandra,Karnataka,,india_city,Duplicate / cannibalizing risk,Related hub/page exists,Hold unless Search Console shows demand
High Speed Steel,HSS M2,plates,Mysuru,Karnataka,,india_city,Missing but low value,,Do not create in final batch
High Speed Steel,HSS M2,plates,Mangaluru,Karnataka,,india_city,Missing but low value,,Do not create in final batch
High Speed Steel,HSS M2,plates,Hyderabad,Telangana,,india_city,Duplicate / cannibalizing risk,Related hub/page exists,Hold unless Search Console shows demand
High Speed Steel,HSS M2,plates,Secunderabad,Telangana,,india_city,Duplicate / cannibalizing risk,Related hub/page exists,Hold unless Search Console shows demand
High Speed Steel,HSS M2,plates,Visakhapatnam,Andhra Pradesh,,india_city,Missing but low value,,Do not create in final batch
High Speed Steel,HSS M2,plates,Kakinada,Andhra Pradesh,,india_city,Missing but low value,,Do not create in final batch
High Speed Steel,HSS M2,plates,Vijayawada,Andhra Pradesh,,india_city,Missing but low value,,Do not create in final batch
High Speed Steel,HSS M2,plates,Delhi,Delhi NCR,,india_city,Missing but low value,,Do not create in final batch
High Speed Steel,HSS M2,plates,Gurugram,Haryana,,india_city,Duplicate / cannibalizing risk,Related hub/page exists,Hold unless Search Console shows demand
High Speed Steel,HSS M2,plates,Faridabad,Haryana,,india_city,Duplicate / cannibalizing risk,Related hub/page exists,Hold unless Search Console shows demand
High Speed Steel,HSS M2,plates,Greater Noida,Uttar Pradesh,,india_city,Not recommended,,Do not create
High Speed Steel,HSS M2,plates,Ghaziabad,Uttar Pradesh,,india_city,Missing but low value,,Do not create in final batch
High Speed Steel,HSS M2,plates,Bhiwadi,Rajasthan,,india_city,Missing but low value,,Do not create in final batch
High Speed Steel,HSS M2,plates,Neemrana,Rajasthan,,india_city,Missing but low value,,Do not create in final batch
High Speed Steel,HSS M2,plates,Jaipur,Rajasthan,,india_city,Missing but low value,,Do not create in final batch
High Speed Steel,HSS M2,plates,Indore,Madhya Pradesh,,india_city,Missing but low value,,Do not create in final batch
High Speed Steel,HSS M2,plates,Pithampur,Madhya Pradesh,,india_city,Missing but low value,,Do not create in final batch
High Speed Steel,HSS M2,plates,Bhopal / Mandideep,Madhya Pradesh,,india_city,Missing but low value,,Do not create in final batch
High Speed Steel,HSS M2,plates,Kolkata,West Bengal,,india_city,Missing but low value,,Do not create in final batch
High Speed Steel,HSS M2,plates,Howrah,West Bengal,,india_city,Missing but low value,,Do not create in final batch
High Speed Steel,HSS M2,plates,Durgapur,West Bengal,,india_city,Missing but low value,,Do not create in final batch
High Speed Steel,HSS M2,plates,Jamshedpur,Jharkhand,,india_city,Duplicate / cannibalizing risk,Related hub/page exists,Hold unless Search Console shows demand
High Speed Steel,HSS M2,plates,Ludhiana,Punjab,,india_city,Not recommended,,Do not create
High Speed Steel,HSS M2,plates,Jalandhar,Punjab,,india_city,Missing but low value,,Do not create in final batch
High Speed Steel,HSS M2,plates,Kochi,Kerala,,india_city,Missing but low value,,Do not create in final batch
High Speed Steel,HSS M2,plates,Bhubaneswar,Odisha,,india_city,Missing but low value,,Do not create in final batch
High Speed Steel,HSS M2,plates,Rourkela,Odisha,,india_city,Missing but low value,,Do not create in final batch
High Speed Steel,HSS M35,round bars,Mumbai,Maharashtra,,india_city,Not recommended,,Do not create
High Speed Steel,HSS M35,round bars,Navi Mumbai,Maharashtra,,india_city,Missing but low value,,Do not create in final batch
High Speed Steel,HSS M35,round bars,Thane,Maharashtra,,india_city,Missing but low value,,Do not create in final batch
High Speed Steel,HSS M35,round bars,Nashik,Maharashtra,,india_city,Missing but low value,,Do not create in final batch
High Speed Steel,HSS M35,round bars,Chhatrapati Sambhajinagar / Aurangabad,Maharashtra,,india_city,Missing but low value,,Do not create in final batch
High Speed Steel,HSS M35,round bars,Nagpur / Butibori,Maharashtra,,india_city,Missing but low value,,Do not create in final batch
High Speed Steel,HSS M35,round bars,Sanand,Gujarat,,india_city,Not recommended,,Do not create
High Speed Steel,HSS M35,round bars,Vadodara,Gujarat,,india_city,Not recommended,,Do not create
High Speed Steel,HSS M35,round bars,Surat,Gujarat,,india_city,Not recommended,,Do not create
High Speed Steel,HSS M35,round bars,Hazira,Gujarat,,india_city,Missing but low value,,Do not create in final batch
High Speed Steel,HSS M35,round bars,Ankleshwar,Gujarat,,india_city,Not recommended,,Do not create
High Speed Steel,HSS M35,round bars,Bharuch,Gujarat,,india_city,Not recommended,,Do not create
High Speed Steel,HSS M35,round bars,Vapi,Gujarat,,india_city,Not recommended,,Do not create
High Speed Steel,HSS M35,round bars,Jamnagar,Gujarat,,india_city,Missing but low value,,Do not create in final batch
High Speed Steel,HSS M35,round bars,Sriperumbudur,Tamil Nadu,,india_city,Missing but low value,,Do not create in final batch
High Speed Steel,HSS M35,round bars,Oragadam,Tamil Nadu,,india_city,Missing but low value,,Do not create in final batch
High Speed Steel,HSS M35,round bars,Hosur,Tamil Nadu,,india_city,Missing but low value,,Do not create in final batch
High Speed Steel,HSS M35,round bars,Salem,Tamil Nadu,,india_city,Missing but low value,,Do not create in final batch
High Speed Steel,HSS M35,round bars,Trichy,Tamil Nadu,,india_city,Missing but low value,,Do not create in final batch
High Speed Steel,HSS M35,round bars,Bommasandra,Karnataka,,india_city,Duplicate / cannibalizing risk,Related hub/page exists,Hold unless Search Console shows demand
High Speed Steel,HSS M35,round bars,Mysuru,Karnataka,,india_city,Missing but low value,,Do not create in final batch
High Speed Steel,HSS M35,round bars,Mangaluru,Karnataka,,india_city,Missing but low value,,Do not create in final batch
High Speed Steel,HSS M35,round bars,Secunderabad,Telangana,,india_city,Duplicate / cannibalizing risk,Related hub/page exists,Hold unless Search Console shows demand
High Speed Steel,HSS M35,round bars,Visakhapatnam,Andhra Pradesh,,india_city,Not recommended,,Do not create
High Speed Steel,HSS M35,round bars,Kakinada,Andhra Pradesh,,india_city,Missing but low value,,Do not create in final batch
High Speed Steel,HSS M35,round bars,Vijayawada,Andhra Pradesh,,india_city,Missing but low value,,Do not create in final batch
High Speed Steel,HSS M35,round bars,Delhi,Delhi NCR,,india_city,Not recommended,,Do not create
High Speed Steel,HSS M35,round bars,Ghaziabad,Uttar Pradesh,,india_city,Missing but low value,,Do not create in final batch
High Speed Steel,HSS M35,round bars,Bhiwadi,Rajasthan,,india_city,Missing but low value,,Do not create in final batch
High Speed Steel,HSS M35,round bars,Neemrana,Rajasthan,,india_city,Missing but low value,,Do not create in final batch
High Speed Steel,HSS M35,round bars,Jaipur,Rajasthan,,india_city,Missing but low value,,Do not create in final batch
High Speed Steel,HSS M35,round bars,Indore,Madhya Pradesh,,india_city,Missing but low value,,Do not create in final batch
High Speed Steel,HSS M35,round bars,Pithampur,Madhya Pradesh,,india_city,Missing but low value,,Do not create in final batch
High Speed Steel,HSS M35,round bars,Bhopal / Mandideep,Madhya Pradesh,,india_city,Missing but low value,,Do not create in final batch
High Speed Steel,HSS M35,round bars,Kolkata,West Bengal,,india_city,Missing but low value,,Do not create in final batch
High Speed Steel,HSS M35,round bars,Howrah,West Bengal,,india_city,Missing but low value,,Do not create in final batch
High Speed Steel,HSS M35,round bars,Durgapur,West Bengal,,india_city,Missing but low value,,Do not create in final batch
High Speed Steel,HSS M35,round bars,Jamshedpur,Jharkhand,,india_city,Duplicate / cannibalizing risk,Related hub/page exists,Hold unless Search Console shows demand
High Speed Steel,HSS M35,round bars,Jalandhar,Punjab,,india_city,Missing but low value,,Do not create in final batch
High Speed Steel,HSS M35,round bars,Kochi,Kerala,,india_city,Missing but low value,,Do not create in final batch
High Speed Steel,HSS M35,round bars,Bhubaneswar,Odisha,,india_city,Missing but low value,,Do not create in final batch
High Speed Steel,HSS M35,round bars,Rourkela,Odisha,,india_city,Missing but low value,,Do not create in final batch
High Speed Steel,HSS M35,rods,Mumbai,Maharashtra,,india_city,Not recommended,,Do not create
High Speed Steel,HSS M35,rods,Navi Mumbai,Maharashtra,,india_city,Missing but low value,,Do not create in final batch
High Speed Steel,HSS M35,rods,Thane,Maharashtra,,india_city,Missing but low value,,Do not create in final batch
High Speed Steel,HSS M35,rods,Nashik,Maharashtra,,india_city,Missing but low value,,Do not create in final batch
High Speed Steel,HSS M35,rods,Chhatrapati Sambhajinagar / Aurangabad,Maharashtra,,india_city,Missing but low value,,Do not create in final batch
High Speed Steel,HSS M35,rods,Nagpur / Butibori,Maharashtra,,india_city,Missing but low value,,Do not create in final batch
High Speed Steel,HSS M35,rods,Sanand,Gujarat,,india_city,Not recommended,,Do not create
High Speed Steel,HSS M35,rods,Vadodara,Gujarat,,india_city,Not recommended,,Do not create
High Speed Steel,HSS M35,rods,Surat,Gujarat,,india_city,Not recommended,,Do not create
High Speed Steel,HSS M35,rods,Hazira,Gujarat,,india_city,Missing but low value,,Do not create in final batch
High Speed Steel,HSS M35,rods,Ankleshwar,Gujarat,,india_city,Not recommended,,Do not create
High Speed Steel,HSS M35,rods,Bharuch,Gujarat,,india_city,Not recommended,,Do not create
High Speed Steel,HSS M35,rods,Vapi,Gujarat,,india_city,Not recommended,,Do not create
High Speed Steel,HSS M35,rods,Jamnagar,Gujarat,,india_city,Missing but low value,,Do not create in final batch
High Speed Steel,HSS M35,rods,Sriperumbudur,Tamil Nadu,,india_city,Missing but low value,,Do not create in final batch
High Speed Steel,HSS M35,rods,Oragadam,Tamil Nadu,,india_city,Missing but low value,,Do not create in final batch
High Speed Steel,HSS M35,rods,Hosur,Tamil Nadu,,india_city,Missing but low value,,Do not create in final batch
High Speed Steel,HSS M35,rods,Salem,Tamil Nadu,,india_city,Missing but low value,,Do not create in final batch
High Speed Steel,HSS M35,rods,Trichy,Tamil Nadu,,india_city,Missing but low value,,Do not create in final batch
High Speed Steel,HSS M35,rods,Bommasandra,Karnataka,,india_city,Duplicate / cannibalizing risk,Related hub/page exists,Hold unless Search Console shows demand
High Speed Steel,HSS M35,rods,Mysuru,Karnataka,,india_city,Missing but low value,,Do not create in final batch
High Speed Steel,HSS M35,rods,Mangaluru,Karnataka,,india_city,Missing but low value,,Do not create in final batch
High Speed Steel,HSS M35,rods,Secunderabad,Telangana,,india_city,Duplicate / cannibalizing risk,Related hub/page exists,Hold unless Search Console shows demand
High Speed Steel,HSS M35,rods,Visakhapatnam,Andhra Pradesh,,india_city,Not recommended,,Do not create
High Speed Steel,HSS M35,rods,Kakinada,Andhra Pradesh,,india_city,Missing but low value,,Do not create in final batch
High Speed Steel,HSS M35,rods,Vijayawada,Andhra Pradesh,,india_city,Missing but low value,,Do not create in final batch
High Speed Steel,HSS M35,rods,Delhi,Delhi NCR,,india_city,Not recommended,,Do not create
High Speed Steel,HSS M35,rods,Ghaziabad,Uttar Pradesh,,india_city,Missing but low value,,Do not create in final batch
High Speed Steel,HSS M35,rods,Bhiwadi,Rajasthan,,india_city,Missing but low value,,Do not create in final batch
High Speed Steel,HSS M35,rods,Neemrana,Rajasthan,,india_city,Missing but low value,,Do not create in final batch
High Speed Steel,HSS M35,rods,Jaipur,Rajasthan,,india_city,Missing but low value,,Do not create in final batch
High Speed Steel,HSS M35,rods,Indore,Madhya Pradesh,,india_city,Missing but low value,,Do not create in final batch
High Speed Steel,HSS M35,rods,Pithampur,Madhya Pradesh,,india_city,Missing but low value,,Do not create in final batch
High Speed Steel,HSS M35,rods,Bhopal / Mandideep,Madhya Pradesh,,india_city,Missing but low value,,Do not create in final batch
High Speed Steel,HSS M35,rods,Kolkata,West Bengal,,india_city,Missing but low value,,Do not create in final batch
High Speed Steel,HSS M35,rods,Howrah,West Bengal,,india_city,Missing but low value,,Do not create in final batch
High Speed Steel,HSS M35,rods,Durgapur,West Bengal,,india_city,Missing but low value,,Do not create in final batch
High Speed Steel,HSS M35,rods,Jamshedpur,Jharkhand,,india_city,Duplicate / cannibalizing risk,Related hub/page exists,Hold unless Search Console shows demand
High Speed Steel,HSS M35,rods,Jalandhar,Punjab,,india_city,Missing but low value,,Do not create in final batch
High Speed Steel,HSS M35,rods,Kochi,Kerala,,india_city,Missing but low value,,Do not create in final batch
High Speed Steel,HSS M35,rods,Bhubaneswar,Odisha,,india_city,Missing but low value,,Do not create in final batch
High Speed Steel,HSS M35,rods,Rourkela,Odisha,,india_city,Missing but low value,,Do not create in final batch
High Speed Steel,HSS M35,flats,Mumbai,Maharashtra,,india_city,Not recommended,,Do not create
High Speed Steel,HSS M35,flats,Navi Mumbai,Maharashtra,,india_city,Missing but low value,,Do not create in final batch
High Speed Steel,HSS M35,flats,Thane,Maharashtra,,india_city,Missing but low value,,Do not create in final batch
High Speed Steel,HSS M35,flats,Nashik,Maharashtra,,india_city,Missing but low value,,Do not create in final batch
High Speed Steel,HSS M35,flats,Chhatrapati Sambhajinagar / Aurangabad,Maharashtra,,india_city,Missing but low value,,Do not create in final batch
High Speed Steel,HSS M35,flats,Nagpur / Butibori,Maharashtra,,india_city,Missing but low value,,Do not create in final batch
High Speed Steel,HSS M35,flats,Sanand,Gujarat,,india_city,Not recommended,,Do not create
High Speed Steel,HSS M35,flats,Vadodara,Gujarat,,india_city,Not recommended,,Do not create
High Speed Steel,HSS M35,flats,Surat,Gujarat,,india_city,Not recommended,,Do not create
High Speed Steel,HSS M35,flats,Hazira,Gujarat,,india_city,Missing but low value,,Do not create in final batch
High Speed Steel,HSS M35,flats,Ankleshwar,Gujarat,,india_city,Not recommended,,Do not create
High Speed Steel,HSS M35,flats,Bharuch,Gujarat,,india_city,Not recommended,,Do not create
High Speed Steel,HSS M35,flats,Vapi,Gujarat,,india_city,Not recommended,,Do not create
High Speed Steel,HSS M35,flats,Jamnagar,Gujarat,,india_city,Missing but low value,,Do not create in final batch
High Speed Steel,HSS M35,flats,Sriperumbudur,Tamil Nadu,,india_city,Missing but low value,,Do not create in final batch
High Speed Steel,HSS M35,flats,Oragadam,Tamil Nadu,,india_city,Missing but low value,,Do not create in final batch
High Speed Steel,HSS M35,flats,Hosur,Tamil Nadu,,india_city,Missing but low value,,Do not create in final batch
High Speed Steel,HSS M35,flats,Salem,Tamil Nadu,,india_city,Missing but low value,,Do not create in final batch
High Speed Steel,HSS M35,flats,Trichy,Tamil Nadu,,india_city,Missing but low value,,Do not create in final batch
High Speed Steel,HSS M35,flats,Bommasandra,Karnataka,,india_city,Duplicate / cannibalizing risk,Related hub/page exists,Hold unless Search Console shows demand
High Speed Steel,HSS M35,flats,Mysuru,Karnataka,,india_city,Missing but low value,,Do not create in final batch
High Speed Steel,HSS M35,flats,Mangaluru,Karnataka,,india_city,Missing but low value,,Do not create in final batch
High Speed Steel,HSS M35,flats,Secunderabad,Telangana,,india_city,Duplicate / cannibalizing risk,Related hub/page exists,Hold unless Search Console shows demand
High Speed Steel,HSS M35,flats,Visakhapatnam,Andhra Pradesh,,india_city,Not recommended,,Do not create
High Speed Steel,HSS M35,flats,Kakinada,Andhra Pradesh,,india_city,Missing but low value,,Do not create in final batch
High Speed Steel,HSS M35,flats,Vijayawada,Andhra Pradesh,,india_city,Missing but low value,,Do not create in final batch
High Speed Steel,HSS M35,flats,Delhi,Delhi NCR,,india_city,Not recommended,,Do not create
High Speed Steel,HSS M35,flats,Ghaziabad,Uttar Pradesh,,india_city,Missing but low value,,Do not create in final batch
High Speed Steel,HSS M35,flats,Bhiwadi,Rajasthan,,india_city,Missing but low value,,Do not create in final batch
High Speed Steel,HSS M35,flats,Neemrana,Rajasthan,,india_city,Missing but low value,,Do not create in final batch
High Speed Steel,HSS M35,flats,Jaipur,Rajasthan,,india_city,Missing but low value,,Do not create in final batch
High Speed Steel,HSS M35,flats,Indore,Madhya Pradesh,,india_city,Missing but low value,,Do not create in final batch
High Speed Steel,HSS M35,flats,Pithampur,Madhya Pradesh,,india_city,Missing but low value,,Do not create in final batch
High Speed Steel,HSS M35,flats,Bhopal / Mandideep,Madhya Pradesh,,india_city,Missing but low value,,Do not create in final batch
High Speed Steel,HSS M35,flats,Kolkata,West Bengal,,india_city,Missing but low value,,Do not create in final batch
High Speed Steel,HSS M35,flats,Howrah,West Bengal,,india_city,Missing but low value,,Do not create in final batch
High Speed Steel,HSS M35,flats,Durgapur,West Bengal,,india_city,Missing but low value,,Do not create in final batch
High Speed Steel,HSS M35,flats,Jamshedpur,Jharkhand,,india_city,Duplicate / cannibalizing risk,Related hub/page exists,Hold unless Search Console shows demand
High Speed Steel,HSS M35,flats,Jalandhar,Punjab,,india_city,Missing but low value,,Do not create in final batch
High Speed Steel,HSS M35,flats,Kochi,Kerala,,india_city,Missing but low value,,Do not create in final batch
High Speed Steel,HSS M35,flats,Bhubaneswar,Odisha,,india_city,Missing but low value,,Do not create in final batch
High Speed Steel,HSS M35,flats,Rourkela,Odisha,,india_city,Missing but low value,,Do not create in final batch
High Speed Steel,HSS M35,tool steel bars,Mumbai,Maharashtra,,india_city,Not recommended,,Do not create
High Speed Steel,HSS M35,tool steel bars,Navi Mumbai,Maharashtra,,india_city,Missing but low value,,Do not create in final batch
High Speed Steel,HSS M35,tool steel bars,Thane,Maharashtra,,india_city,Missing but low value,,Do not create in final batch
High Speed Steel,HSS M35,tool steel bars,Nashik,Maharashtra,,india_city,Missing but low value,,Do not create in final batch
High Speed Steel,HSS M35,tool steel bars,Chhatrapati Sambhajinagar / Aurangabad,Maharashtra,,india_city,Missing but low value,,Do not create in final batch
High Speed Steel,HSS M35,tool steel bars,Nagpur / Butibori,Maharashtra,,india_city,Missing but low value,,Do not create in final batch
High Speed Steel,HSS M35,tool steel bars,Sanand,Gujarat,,india_city,Not recommended,,Do not create
High Speed Steel,HSS M35,tool steel bars,Vadodara,Gujarat,,india_city,Not recommended,,Do not create
High Speed Steel,HSS M35,tool steel bars,Surat,Gujarat,,india_city,Not recommended,,Do not create
High Speed Steel,HSS M35,tool steel bars,Hazira,Gujarat,,india_city,Missing but low value,,Do not create in final batch
High Speed Steel,HSS M35,tool steel bars,Ankleshwar,Gujarat,,india_city,Not recommended,,Do not create
High Speed Steel,HSS M35,tool steel bars,Bharuch,Gujarat,,india_city,Not recommended,,Do not create
High Speed Steel,HSS M35,tool steel bars,Vapi,Gujarat,,india_city,Not recommended,,Do not create
High Speed Steel,HSS M35,tool steel bars,Jamnagar,Gujarat,,india_city,Missing but low value,,Do not create in final batch
High Speed Steel,HSS M35,tool steel bars,Sriperumbudur,Tamil Nadu,,india_city,Missing but low value,,Do not create in final batch
High Speed Steel,HSS M35,tool steel bars,Oragadam,Tamil Nadu,,india_city,Missing but low value,,Do not create in final batch
High Speed Steel,HSS M35,tool steel bars,Hosur,Tamil Nadu,,india_city,Missing but low value,,Do not create in final batch
High Speed Steel,HSS M35,tool steel bars,Salem,Tamil Nadu,,india_city,Missing but low value,,Do not create in final batch
High Speed Steel,HSS M35,tool steel bars,Trichy,Tamil Nadu,,india_city,Missing but low value,,Do not create in final batch
High Speed Steel,HSS M35,tool steel bars,Bommasandra,Karnataka,,india_city,Duplicate / cannibalizing risk,Related hub/page exists,Hold unless Search Console shows demand
High Speed Steel,HSS M35,tool steel bars,Mysuru,Karnataka,,india_city,Missing but low value,,Do not create in final batch
High Speed Steel,HSS M35,tool steel bars,Mangaluru,Karnataka,,india_city,Missing but low value,,Do not create in final batch
High Speed Steel,HSS M35,tool steel bars,Secunderabad,Telangana,,india_city,Duplicate / cannibalizing risk,Related hub/page exists,Hold unless Search Console shows demand
High Speed Steel,HSS M35,tool steel bars,Visakhapatnam,Andhra Pradesh,,india_city,Not recommended,,Do not create
High Speed Steel,HSS M35,tool steel bars,Kakinada,Andhra Pradesh,,india_city,Missing but low value,,Do not create in final batch
High Speed Steel,HSS M35,tool steel bars,Vijayawada,Andhra Pradesh,,india_city,Missing but low value,,Do not create in final batch
High Speed Steel,HSS M35,tool steel bars,Delhi,Delhi NCR,,india_city,Not recommended,,Do not create
High Speed Steel,HSS M35,tool steel bars,Ghaziabad,Uttar Pradesh,,india_city,Missing but low value,,Do not create in final batch
High Speed Steel,HSS M35,tool steel bars,Bhiwadi,Rajasthan,,india_city,Missing but low value,,Do not create in final batch
High Speed Steel,HSS M35,tool steel bars,Neemrana,Rajasthan,,india_city,Missing but low value,,Do not create in final batch
High Speed Steel,HSS M35,tool steel bars,Jaipur,Rajasthan,,india_city,Missing but low value,,Do not create in final batch
High Speed Steel,HSS M35,tool steel bars,Indore,Madhya Pradesh,,india_city,Missing but low value,,Do not create in final batch
High Speed Steel,HSS M35,tool steel bars,Pithampur,Madhya Pradesh,,india_city,Missing but low value,,Do not create in final batch
High Speed Steel,HSS M35,tool steel bars,Bhopal / Mandideep,Madhya Pradesh,,india_city,Missing but low value,,Do not create in final batch
High Speed Steel,HSS M35,tool steel bars,Kolkata,West Bengal,,india_city,Missing but low value,,Do not create in final batch
High Speed Steel,HSS M35,tool steel bars,Howrah,West Bengal,,india_city,Missing but low value,,Do not create in final batch
High Speed Steel,HSS M35,tool steel bars,Durgapur,West Bengal,,india_city,Missing but low value,,Do not create in final batch
High Speed Steel,HSS M35,tool steel bars,Jamshedpur,Jharkhand,,india_city,Duplicate / cannibalizing risk,Related hub/page exists,Hold unless Search Console shows demand
High Speed Steel,HSS M35,tool steel bars,Jalandhar,Punjab,,india_city,Missing but low value,,Do not create in final batch
High Speed Steel,HSS M35,tool steel bars,Kochi,Kerala,,india_city,Missing but low value,,Do not create in final batch
High Speed Steel,HSS M35,tool steel bars,Bhubaneswar,Odisha,,india_city,Missing but low value,,Do not create in final batch
High Speed Steel,HSS M35,tool steel bars,Rourkela,Odisha,,india_city,Missing but low value,,Do not create in final batch
High Speed Steel,HSS M35,plates,Mumbai,Maharashtra,,india_city,Missing but low value,,Do not create in final batch
High Speed Steel,HSS M35,plates,Navi Mumbai,Maharashtra,,india_city,Missing but low value,,Do not create in final batch
High Speed Steel,HSS M35,plates,Thane,Maharashtra,,india_city,Missing but low value,,Do not create in final batch
High Speed Steel,HSS M35,plates,Pune,Maharashtra,,india_city,Duplicate / cannibalizing risk,Related hub/page exists,Hold unless Search Console shows demand
High Speed Steel,HSS M35,plates,Chakan,Maharashtra,,india_city,Duplicate / cannibalizing risk,Related hub/page exists,Hold unless Search Console shows demand
High Speed Steel,HSS M35,plates,PCMC,Maharashtra,,india_city,Duplicate / cannibalizing risk,Related hub/page exists,Hold unless Search Console shows demand
High Speed Steel,HSS M35,plates,Nashik,Maharashtra,,india_city,Missing but low value,,Do not create in final batch
High Speed Steel,HSS M35,plates,Chhatrapati Sambhajinagar / Aurangabad,Maharashtra,,india_city,Missing but low value,,Do not create in final batch
High Speed Steel,HSS M35,plates,Nagpur / Butibori,Maharashtra,,india_city,Missing but low value,,Do not create in final batch
High Speed Steel,HSS M35,plates,Ahmedabad,Gujarat,,india_city,Duplicate / cannibalizing risk,Related hub/page exists,Hold unless Search Console shows demand
High Speed Steel,HSS M35,plates,Sanand,Gujarat,,india_city,Missing but low value,,Do not create in final batch
High Speed Steel,HSS M35,plates,Vadodara,Gujarat,,india_city,Missing but low value,,Do not create in final batch
High Speed Steel,HSS M35,plates,Surat,Gujarat,,india_city,Missing but low value,,Do not create in final batch
High Speed Steel,HSS M35,plates,Hazira,Gujarat,,india_city,Missing but low value,,Do not create in final batch
High Speed Steel,HSS M35,plates,Ankleshwar,Gujarat,,india_city,Missing but low value,,Do not create in final batch
High Speed Steel,HSS M35,plates,Bharuch,Gujarat,,india_city,Missing but low value,,Do not create in final batch
High Speed Steel,HSS M35,plates,Vapi,Gujarat,,india_city,Missing but low value,,Do not create in final batch
High Speed Steel,HSS M35,plates,Rajkot,Gujarat,,india_city,Not recommended,,Do not create
High Speed Steel,HSS M35,plates,Jamnagar,Gujarat,,india_city,Missing but low value,,Do not create in final batch
High Speed Steel,HSS M35,plates,Chennai,Tamil Nadu,,india_city,Duplicate / cannibalizing risk,Related hub/page exists,Hold unless Search Console shows demand
High Speed Steel,HSS M35,plates,Sriperumbudur,Tamil Nadu,,india_city,Missing but low value,,Do not create in final batch
High Speed Steel,HSS M35,plates,Oragadam,Tamil Nadu,,india_city,Missing but low value,,Do not create in final batch
High Speed Steel,HSS M35,plates,Coimbatore,Tamil Nadu,,india_city,Duplicate / cannibalizing risk,Related hub/page exists,Hold unless Search Console shows demand
High Speed Steel,HSS M35,plates,Hosur,Tamil Nadu,,india_city,Missing but low value,,Do not create in final batch
High Speed Steel,HSS M35,plates,Salem,Tamil Nadu,,india_city,Missing but low value,,Do not create in final batch
High Speed Steel,HSS M35,plates,Trichy,Tamil Nadu,,india_city,Missing but low value,,Do not create in final batch
High Speed Steel,HSS M35,plates,Bengaluru,Karnataka,,india_city,Duplicate / cannibalizing risk,Related hub/page exists,Hold unless Search Console shows demand
High Speed Steel,HSS M35,plates,Peenya,Karnataka,,india_city,Duplicate / cannibalizing risk,Related hub/page exists,Hold unless Search Console shows demand
High Speed Steel,HSS M35,plates,Bommasandra,Karnataka,,india_city,Duplicate / cannibalizing risk,Related hub/page exists,Hold unless Search Console shows demand
High Speed Steel,HSS M35,plates,Mysuru,Karnataka,,india_city,Missing but low value,,Do not create in final batch
High Speed Steel,HSS M35,plates,Mangaluru,Karnataka,,india_city,Missing but low value,,Do not create in final batch
High Speed Steel,HSS M35,plates,Hyderabad,Telangana,,india_city,Duplicate / cannibalizing risk,Related hub/page exists,Hold unless Search Console shows demand
High Speed Steel,HSS M35,plates,Secunderabad,Telangana,,india_city,Duplicate / cannibalizing risk,Related hub/page exists,Hold unless Search Console shows demand
High Speed Steel,HSS M35,plates,Visakhapatnam,Andhra Pradesh,,india_city,Missing but low value,,Do not create in final batch
High Speed Steel,HSS M35,plates,Kakinada,Andhra Pradesh,,india_city,Missing but low value,,Do not create in final batch
High Speed Steel,HSS M35,plates,Vijayawada,Andhra Pradesh,,india_city,Missing but low value,,Do not create in final batch
High Speed Steel,HSS M35,plates,Delhi,Delhi NCR,,india_city,Missing but low value,,Do not create in final batch
High Speed Steel,HSS M35,plates,Gurugram,Haryana,,india_city,Duplicate / cannibalizing risk,Related hub/page exists,Hold unless Search Console shows demand
High Speed Steel,HSS M35,plates,Faridabad,Haryana,,india_city,Duplicate / cannibalizing risk,Related hub/page exists,Hold unless Search Console shows demand
High Speed Steel,HSS M35,plates,Greater Noida,Uttar Pradesh,,india_city,Not recommended,,Do not create
High Speed Steel,HSS M35,plates,Ghaziabad,Uttar Pradesh,,india_city,Missing but low value,,Do not create in final batch
High Speed Steel,HSS M35,plates,Bhiwadi,Rajasthan,,india_city,Missing but low value,,Do not create in final batch
High Speed Steel,HSS M35,plates,Neemrana,Rajasthan,,india_city,Missing but low value,,Do not create in final batch
High Speed Steel,HSS M35,plates,Jaipur,Rajasthan,,india_city,Missing but low value,,Do not create in final batch
High Speed Steel,HSS M35,plates,Indore,Madhya Pradesh,,india_city,Missing but low value,,Do not create in final batch
High Speed Steel,HSS M35,plates,Pithampur,Madhya Pradesh,,india_city,Missing but low value,,Do not create in final batch
High Speed Steel,HSS M35,plates,Bhopal / Mandideep,Madhya Pradesh,,india_city,Missing but low value,,Do not create in final batch
High Speed Steel,HSS M35,plates,Kolkata,West Bengal,,india_city,Missing but low value,,Do not create in final batch
High Speed Steel,HSS M35,plates,Howrah,West Bengal,,india_city,Missing but low value,,Do not create in final batch
High Speed Steel,HSS M35,plates,Durgapur,West Bengal,,india_city,Missing but low value,,Do not create in final batch
High Speed Steel,HSS M35,plates,Jamshedpur,Jharkhand,,india_city,Duplicate / cannibalizing risk,Related hub/page exists,Hold unless Search Console shows demand
High Speed Steel,HSS M35,plates,Ludhiana,Punjab,,india_city,Not recommended,,Do not create
High Speed Steel,HSS M35,plates,Jalandhar,Punjab,,india_city,Missing but low value,,Do not create in final batch
High Speed Steel,HSS M35,plates,Kochi,Kerala,,india_city,Missing but low value,,Do not create in final batch
High Speed Steel,HSS M35,plates,Bhubaneswar,Odisha,,india_city,Missing but low value,,Do not create in final batch
High Speed Steel,HSS M35,plates,Rourkela,Odisha,,india_city,Missing but low value,,Do not create in final batch
High Speed Steel,HSS M42,round bars,Mumbai,Maharashtra,,india_city,Not recommended,,Do not create
High Speed Steel,HSS M42,round bars,Navi Mumbai,Maharashtra,,india_city,Missing but low value,,Do not create in final batch
High Speed Steel,HSS M42,round bars,Thane,Maharashtra,,india_city,Missing but low value,,Do not create in final batch
High Speed Steel,HSS M42,round bars,Nashik,Maharashtra,,india_city,Missing but low value,,Do not create in final batch
High Speed Steel,HSS M42,round bars,Chhatrapati Sambhajinagar / Aurangabad,Maharashtra,,india_city,Missing but low value,,Do not create in final batch
High Speed Steel,HSS M42,round bars,Nagpur / Butibori,Maharashtra,,india_city,Missing but low value,,Do not create in final batch
High Speed Steel,HSS M42,round bars,Sanand,Gujarat,,india_city,Not recommended,,Do not create
High Speed Steel,HSS M42,round bars,Vadodara,Gujarat,,india_city,Not recommended,,Do not create
High Speed Steel,HSS M42,round bars,Surat,Gujarat,,india_city,Not recommended,,Do not create
High Speed Steel,HSS M42,round bars,Hazira,Gujarat,,india_city,Missing but low value,,Do not create in final batch
High Speed Steel,HSS M42,round bars,Ankleshwar,Gujarat,,india_city,Not recommended,,Do not create
High Speed Steel,HSS M42,round bars,Bharuch,Gujarat,,india_city,Not recommended,,Do not create
High Speed Steel,HSS M42,round bars,Vapi,Gujarat,,india_city,Not recommended,,Do not create
High Speed Steel,HSS M42,round bars,Jamnagar,Gujarat,,india_city,Missing but low value,,Do not create in final batch
High Speed Steel,HSS M42,round bars,Sriperumbudur,Tamil Nadu,,india_city,Missing but low value,,Do not create in final batch
High Speed Steel,HSS M42,round bars,Oragadam,Tamil Nadu,,india_city,Missing but low value,,Do not create in final batch
High Speed Steel,HSS M42,round bars,Hosur,Tamil Nadu,,india_city,Missing but low value,,Do not create in final batch
High Speed Steel,HSS M42,round bars,Salem,Tamil Nadu,,india_city,Missing but low value,,Do not create in final batch
High Speed Steel,HSS M42,round bars,Trichy,Tamil Nadu,,india_city,Missing but low value,,Do not create in final batch
High Speed Steel,HSS M42,round bars,Bommasandra,Karnataka,,india_city,Duplicate / cannibalizing risk,Related hub/page exists,Hold unless Search Console shows demand
High Speed Steel,HSS M42,round bars,Mysuru,Karnataka,,india_city,Missing but low value,,Do not create in final batch
High Speed Steel,HSS M42,round bars,Mangaluru,Karnataka,,india_city,Missing but low value,,Do not create in final batch
High Speed Steel,HSS M42,round bars,Secunderabad,Telangana,,india_city,Duplicate / cannibalizing risk,Related hub/page exists,Hold unless Search Console shows demand
High Speed Steel,HSS M42,round bars,Visakhapatnam,Andhra Pradesh,,india_city,Not recommended,,Do not create
High Speed Steel,HSS M42,round bars,Kakinada,Andhra Pradesh,,india_city,Missing but low value,,Do not create in final batch
High Speed Steel,HSS M42,round bars,Vijayawada,Andhra Pradesh,,india_city,Missing but low value,,Do not create in final batch
High Speed Steel,HSS M42,round bars,Delhi,Delhi NCR,,india_city,Not recommended,,Do not create
High Speed Steel,HSS M42,round bars,Ghaziabad,Uttar Pradesh,,india_city,Missing but low value,,Do not create in final batch
High Speed Steel,HSS M42,round bars,Bhiwadi,Rajasthan,,india_city,Missing but low value,,Do not create in final batch
High Speed Steel,HSS M42,round bars,Neemrana,Rajasthan,,india_city,Missing but low value,,Do not create in final batch
High Speed Steel,HSS M42,round bars,Jaipur,Rajasthan,,india_city,Missing but low value,,Do not create in final batch
High Speed Steel,HSS M42,round bars,Indore,Madhya Pradesh,,india_city,Missing but low value,,Do not create in final batch
High Speed Steel,HSS M42,round bars,Pithampur,Madhya Pradesh,,india_city,Missing but low value,,Do not create in final batch
High Speed Steel,HSS M42,round bars,Bhopal / Mandideep,Madhya Pradesh,,india_city,Missing but low value,,Do not create in final batch
High Speed Steel,HSS M42,round bars,Kolkata,West Bengal,,india_city,Missing but low value,,Do not create in final batch
High Speed Steel,HSS M42,round bars,Howrah,West Bengal,,india_city,Missing but low value,,Do not create in final batch
High Speed Steel,HSS M42,round bars,Durgapur,West Bengal,,india_city,Missing but low value,,Do not create in final batch
High Speed Steel,HSS M42,round bars,Jamshedpur,Jharkhand,,india_city,Duplicate / cannibalizing risk,Related hub/page exists,Hold unless Search Console shows demand
High Speed Steel,HSS M42,round bars,Jalandhar,Punjab,,india_city,Missing but low value,,Do not create in final batch
High Speed Steel,HSS M42,round bars,Kochi,Kerala,,india_city,Missing but low value,,Do not create in final batch
High Speed Steel,HSS M42,round bars,Bhubaneswar,Odisha,,india_city,Missing but low value,,Do not create in final batch
High Speed Steel,HSS M42,round bars,Rourkela,Odisha,,india_city,Missing but low value,,Do not create in final batch
High Speed Steel,HSS M42,rods,Mumbai,Maharashtra,,india_city,Not recommended,,Do not create
High Speed Steel,HSS M42,rods,Navi Mumbai,Maharashtra,,india_city,Missing but low value,,Do not create in final batch
High Speed Steel,HSS M42,rods,Thane,Maharashtra,,india_city,Missing but low value,,Do not create in final batch
High Speed Steel,HSS M42,rods,Nashik,Maharashtra,,india_city,Missing but low value,,Do not create in final batch
High Speed Steel,HSS M42,rods,Chhatrapati Sambhajinagar / Aurangabad,Maharashtra,,india_city,Missing but low value,,Do not create in final batch
High Speed Steel,HSS M42,rods,Nagpur / Butibori,Maharashtra,,india_city,Missing but low value,,Do not create in final batch
High Speed Steel,HSS M42,rods,Sanand,Gujarat,,india_city,Not recommended,,Do not create
High Speed Steel,HSS M42,rods,Vadodara,Gujarat,,india_city,Not recommended,,Do not create
High Speed Steel,HSS M42,rods,Surat,Gujarat,,india_city,Not recommended,,Do not create
High Speed Steel,HSS M42,rods,Hazira,Gujarat,,india_city,Missing but low value,,Do not create in final batch
High Speed Steel,HSS M42,rods,Ankleshwar,Gujarat,,india_city,Not recommended,,Do not create
High Speed Steel,HSS M42,rods,Bharuch,Gujarat,,india_city,Not recommended,,Do not create
High Speed Steel,HSS M42,rods,Vapi,Gujarat,,india_city,Not recommended,,Do not create
High Speed Steel,HSS M42,rods,Jamnagar,Gujarat,,india_city,Missing but low value,,Do not create in final batch
High Speed Steel,HSS M42,rods,Sriperumbudur,Tamil Nadu,,india_city,Missing but low value,,Do not create in final batch
High Speed Steel,HSS M42,rods,Oragadam,Tamil Nadu,,india_city,Missing but low value,,Do not create in final batch
High Speed Steel,HSS M42,rods,Hosur,Tamil Nadu,,india_city,Missing but low value,,Do not create in final batch
High Speed Steel,HSS M42,rods,Salem,Tamil Nadu,,india_city,Missing but low value,,Do not create in final batch
High Speed Steel,HSS M42,rods,Trichy,Tamil Nadu,,india_city,Missing but low value,,Do not create in final batch
High Speed Steel,HSS M42,rods,Bommasandra,Karnataka,,india_city,Duplicate / cannibalizing risk,Related hub/page exists,Hold unless Search Console shows demand
High Speed Steel,HSS M42,rods,Mysuru,Karnataka,,india_city,Missing but low value,,Do not create in final batch
High Speed Steel,HSS M42,rods,Mangaluru,Karnataka,,india_city,Missing but low value,,Do not create in final batch
High Speed Steel,HSS M42,rods,Secunderabad,Telangana,,india_city,Duplicate / cannibalizing risk,Related hub/page exists,Hold unless Search Console shows demand
High Speed Steel,HSS M42,rods,Visakhapatnam,Andhra Pradesh,,india_city,Not recommended,,Do not create
High Speed Steel,HSS M42,rods,Kakinada,Andhra Pradesh,,india_city,Missing but low value,,Do not create in final batch
High Speed Steel,HSS M42,rods,Vijayawada,Andhra Pradesh,,india_city,Missing but low value,,Do not create in final batch
High Speed Steel,HSS M42,rods,Delhi,Delhi NCR,,india_city,Not recommended,,Do not create
High Speed Steel,HSS M42,rods,Ghaziabad,Uttar Pradesh,,india_city,Missing but low value,,Do not create in final batch
High Speed Steel,HSS M42,rods,Bhiwadi,Rajasthan,,india_city,Missing but low value,,Do not create in final batch
High Speed Steel,HSS M42,rods,Neemrana,Rajasthan,,india_city,Missing but low value,,Do not create in final batch
High Speed Steel,HSS M42,rods,Jaipur,Rajasthan,,india_city,Missing but low value,,Do not create in final batch
High Speed Steel,HSS M42,rods,Indore,Madhya Pradesh,,india_city,Missing but low value,,Do not create in final batch
High Speed Steel,HSS M42,rods,Pithampur,Madhya Pradesh,,india_city,Missing but low value,,Do not create in final batch
High Speed Steel,HSS M42,rods,Bhopal / Mandideep,Madhya Pradesh,,india_city,Missing but low value,,Do not create in final batch
High Speed Steel,HSS M42,rods,Kolkata,West Bengal,,india_city,Missing but low value,,Do not create in final batch
High Speed Steel,HSS M42,rods,Howrah,West Bengal,,india_city,Missing but low value,,Do not create in final batch
High Speed Steel,HSS M42,rods,Durgapur,West Bengal,,india_city,Missing but low value,,Do not create in final batch
High Speed Steel,HSS M42,rods,Jamshedpur,Jharkhand,,india_city,Duplicate / cannibalizing risk,Related hub/page exists,Hold unless Search Console shows demand
High Speed Steel,HSS M42,rods,Jalandhar,Punjab,,india_city,Missing but low value,,Do not create in final batch
High Speed Steel,HSS M42,rods,Kochi,Kerala,,india_city,Missing but low value,,Do not create in final batch
High Speed Steel,HSS M42,rods,Bhubaneswar,Odisha,,india_city,Missing but low value,,Do not create in final batch
High Speed Steel,HSS M42,rods,Rourkela,Odisha,,india_city,Missing but low value,,Do not create in final batch
High Speed Steel,HSS M42,flats,Mumbai,Maharashtra,,india_city,Not recommended,,Do not create
High Speed Steel,HSS M42,flats,Navi Mumbai,Maharashtra,,india_city,Missing but low value,,Do not create in final batch
High Speed Steel,HSS M42,flats,Thane,Maharashtra,,india_city,Missing but low value,,Do not create in final batch
High Speed Steel,HSS M42,flats,Nashik,Maharashtra,,india_city,Missing but low value,,Do not create in final batch
High Speed Steel,HSS M42,flats,Chhatrapati Sambhajinagar / Aurangabad,Maharashtra,,india_city,Missing but low value,,Do not create in final batch
High Speed Steel,HSS M42,flats,Nagpur / Butibori,Maharashtra,,india_city,Missing but low value,,Do not create in final batch
High Speed Steel,HSS M42,flats,Sanand,Gujarat,,india_city,Not recommended,,Do not create
High Speed Steel,HSS M42,flats,Vadodara,Gujarat,,india_city,Not recommended,,Do not create
High Speed Steel,HSS M42,flats,Surat,Gujarat,,india_city,Not recommended,,Do not create
High Speed Steel,HSS M42,flats,Hazira,Gujarat,,india_city,Missing but low value,,Do not create in final batch
High Speed Steel,HSS M42,flats,Ankleshwar,Gujarat,,india_city,Not recommended,,Do not create
High Speed Steel,HSS M42,flats,Bharuch,Gujarat,,india_city,Not recommended,,Do not create
High Speed Steel,HSS M42,flats,Vapi,Gujarat,,india_city,Not recommended,,Do not create
High Speed Steel,HSS M42,flats,Jamnagar,Gujarat,,india_city,Missing but low value,,Do not create in final batch
High Speed Steel,HSS M42,flats,Sriperumbudur,Tamil Nadu,,india_city,Missing but low value,,Do not create in final batch
High Speed Steel,HSS M42,flats,Oragadam,Tamil Nadu,,india_city,Missing but low value,,Do not create in final batch
High Speed Steel,HSS M42,flats,Hosur,Tamil Nadu,,india_city,Missing but low value,,Do not create in final batch
High Speed Steel,HSS M42,flats,Salem,Tamil Nadu,,india_city,Missing but low value,,Do not create in final batch
High Speed Steel,HSS M42,flats,Trichy,Tamil Nadu,,india_city,Missing but low value,,Do not create in final batch
High Speed Steel,HSS M42,flats,Bommasandra,Karnataka,,india_city,Duplicate / cannibalizing risk,Related hub/page exists,Hold unless Search Console shows demand
High Speed Steel,HSS M42,flats,Mysuru,Karnataka,,india_city,Missing but low value,,Do not create in final batch
High Speed Steel,HSS M42,flats,Mangaluru,Karnataka,,india_city,Missing but low value,,Do not create in final batch
High Speed Steel,HSS M42,flats,Secunderabad,Telangana,,india_city,Duplicate / cannibalizing risk,Related hub/page exists,Hold unless Search Console shows demand
High Speed Steel,HSS M42,flats,Visakhapatnam,Andhra Pradesh,,india_city,Not recommended,,Do not create
High Speed Steel,HSS M42,flats,Kakinada,Andhra Pradesh,,india_city,Missing but low value,,Do not create in final batch
High Speed Steel,HSS M42,flats,Vijayawada,Andhra Pradesh,,india_city,Missing but low value,,Do not create in final batch
High Speed Steel,HSS M42,flats,Delhi,Delhi NCR,,india_city,Not recommended,,Do not create
High Speed Steel,HSS M42,flats,Ghaziabad,Uttar Pradesh,,india_city,Missing but low value,,Do not create in final batch
High Speed Steel,HSS M42,flats,Bhiwadi,Rajasthan,,india_city,Missing but low value,,Do not create in final batch
High Speed Steel,HSS M42,flats,Neemrana,Rajasthan,,india_city,Missing but low value,,Do not create in final batch
High Speed Steel,HSS M42,flats,Jaipur,Rajasthan,,india_city,Missing but low value,,Do not create in final batch
High Speed Steel,HSS M42,flats,Indore,Madhya Pradesh,,india_city,Missing but low value,,Do not create in final batch
High Speed Steel,HSS M42,flats,Pithampur,Madhya Pradesh,,india_city,Missing but low value,,Do not create in final batch
High Speed Steel,HSS M42,flats,Bhopal / Mandideep,Madhya Pradesh,,india_city,Missing but low value,,Do not create in final batch
High Speed Steel,HSS M42,flats,Kolkata,West Bengal,,india_city,Missing but low value,,Do not create in final batch
High Speed Steel,HSS M42,flats,Howrah,West Bengal,,india_city,Missing but low value,,Do not create in final batch
High Speed Steel,HSS M42,flats,Durgapur,West Bengal,,india_city,Missing but low value,,Do not create in final batch
High Speed Steel,HSS M42,flats,Jamshedpur,Jharkhand,,india_city,Duplicate / cannibalizing risk,Related hub/page exists,Hold unless Search Console shows demand
High Speed Steel,HSS M42,flats,Jalandhar,Punjab,,india_city,Missing but low value,,Do not create in final batch
High Speed Steel,HSS M42,flats,Kochi,Kerala,,india_city,Missing but low value,,Do not create in final batch
High Speed Steel,HSS M42,flats,Bhubaneswar,Odisha,,india_city,Missing but low value,,Do not create in final batch
High Speed Steel,HSS M42,flats,Rourkela,Odisha,,india_city,Missing but low value,,Do not create in final batch
High Speed Steel,HSS M42,tool steel bars,Mumbai,Maharashtra,,india_city,Not recommended,,Do not create
High Speed Steel,HSS M42,tool steel bars,Navi Mumbai,Maharashtra,,india_city,Missing but low value,,Do not create in final batch
High Speed Steel,HSS M42,tool steel bars,Thane,Maharashtra,,india_city,Missing but low value,,Do not create in final batch
High Speed Steel,HSS M42,tool steel bars,Nashik,Maharashtra,,india_city,Missing but low value,,Do not create in final batch
High Speed Steel,HSS M42,tool steel bars,Chhatrapati Sambhajinagar / Aurangabad,Maharashtra,,india_city,Missing but low value,,Do not create in final batch
High Speed Steel,HSS M42,tool steel bars,Nagpur / Butibori,Maharashtra,,india_city,Missing but low value,,Do not create in final batch
High Speed Steel,HSS M42,tool steel bars,Sanand,Gujarat,,india_city,Not recommended,,Do not create
High Speed Steel,HSS M42,tool steel bars,Vadodara,Gujarat,,india_city,Not recommended,,Do not create
High Speed Steel,HSS M42,tool steel bars,Surat,Gujarat,,india_city,Not recommended,,Do not create
High Speed Steel,HSS M42,tool steel bars,Hazira,Gujarat,,india_city,Missing but low value,,Do not create in final batch
High Speed Steel,HSS M42,tool steel bars,Ankleshwar,Gujarat,,india_city,Not recommended,,Do not create
High Speed Steel,HSS M42,tool steel bars,Bharuch,Gujarat,,india_city,Not recommended,,Do not create
High Speed Steel,HSS M42,tool steel bars,Vapi,Gujarat,,india_city,Not recommended,,Do not create
High Speed Steel,HSS M42,tool steel bars,Jamnagar,Gujarat,,india_city,Missing but low value,,Do not create in final batch
High Speed Steel,HSS M42,tool steel bars,Sriperumbudur,Tamil Nadu,,india_city,Missing but low value,,Do not create in final batch
High Speed Steel,HSS M42,tool steel bars,Oragadam,Tamil Nadu,,india_city,Missing but low value,,Do not create in final batch
High Speed Steel,HSS M42,tool steel bars,Hosur,Tamil Nadu,,india_city,Missing but low value,,Do not create in final batch
High Speed Steel,HSS M42,tool steel bars,Salem,Tamil Nadu,,india_city,Missing but low value,,Do not create in final batch
High Speed Steel,HSS M42,tool steel bars,Trichy,Tamil Nadu,,india_city,Missing but low value,,Do not create in final batch
High Speed Steel,HSS M42,tool steel bars,Bommasandra,Karnataka,,india_city,Duplicate / cannibalizing risk,Related hub/page exists,Hold unless Search Console shows demand
High Speed Steel,HSS M42,tool steel bars,Mysuru,Karnataka,,india_city,Missing but low value,,Do not create in final batch
High Speed Steel,HSS M42,tool steel bars,Mangaluru,Karnataka,,india_city,Missing but low value,,Do not create in final batch
High Speed Steel,HSS M42,tool steel bars,Secunderabad,Telangana,,india_city,Duplicate / cannibalizing risk,Related hub/page exists,Hold unless Search Console shows demand
High Speed Steel,HSS M42,tool steel bars,Visakhapatnam,Andhra Pradesh,,india_city,Not recommended,,Do not create
High Speed Steel,HSS M42,tool steel bars,Kakinada,Andhra Pradesh,,india_city,Missing but low value,,Do not create in final batch
High Speed Steel,HSS M42,tool steel bars,Vijayawada,Andhra Pradesh,,india_city,Missing but low value,,Do not create in final batch
High Speed Steel,HSS M42,tool steel bars,Delhi,Delhi NCR,,india_city,Not recommended,,Do not create
High Speed Steel,HSS M42,tool steel bars,Ghaziabad,Uttar Pradesh,,india_city,Missing but low value,,Do not create in final batch
High Speed Steel,HSS M42,tool steel bars,Bhiwadi,Rajasthan,,india_city,Missing but low value,,Do not create in final batch
High Speed Steel,HSS M42,tool steel bars,Neemrana,Rajasthan,,india_city,Missing but low value,,Do not create in final batch
High Speed Steel,HSS M42,tool steel bars,Jaipur,Rajasthan,,india_city,Missing but low value,,Do not create in final batch
High Speed Steel,HSS M42,tool steel bars,Indore,Madhya Pradesh,,india_city,Missing but low value,,Do not create in final batch
High Speed Steel,HSS M42,tool steel bars,Pithampur,Madhya Pradesh,,india_city,Missing but low value,,Do not create in final batch
High Speed Steel,HSS M42,tool steel bars,Bhopal / Mandideep,Madhya Pradesh,,india_city,Missing but low value,,Do not create in final batch
High Speed Steel,HSS M42,tool steel bars,Kolkata,West Bengal,,india_city,Missing but low value,,Do not create in final batch
High Speed Steel,HSS M42,tool steel bars,Howrah,West Bengal,,india_city,Missing but low value,,Do not create in final batch
High Speed Steel,HSS M42,tool steel bars,Durgapur,West Bengal,,india_city,Missing but low value,,Do not create in final batch
High Speed Steel,HSS M42,tool steel bars,Jamshedpur,Jharkhand,,india_city,Duplicate / cannibalizing risk,Related hub/page exists,Hold unless Search Console shows demand
High Speed Steel,HSS M42,tool steel bars,Jalandhar,Punjab,,india_city,Missing but low value,,Do not create in final batch
High Speed Steel,HSS M42,tool steel bars,Kochi,Kerala,,india_city,Missing but low value,,Do not create in final batch
High Speed Steel,HSS M42,tool steel bars,Bhubaneswar,Odisha,,india_city,Missing but low value,,Do not create in final batch
High Speed Steel,HSS M42,tool steel bars,Rourkela,Odisha,,india_city,Missing but low value,,Do not create in final batch
High Speed Steel,HSS M42,plates,Mumbai,Maharashtra,,india_city,Missing but low value,,Do not create in final batch
High Speed Steel,HSS M42,plates,Navi Mumbai,Maharashtra,,india_city,Missing but low value,,Do not create in final batch
High Speed Steel,HSS M42,plates,Thane,Maharashtra,,india_city,Missing but low value,,Do not create in final batch
High Speed Steel,HSS M42,plates,Pune,Maharashtra,,india_city,Duplicate / cannibalizing risk,Related hub/page exists,Hold unless Search Console shows demand
High Speed Steel,HSS M42,plates,Chakan,Maharashtra,,india_city,Duplicate / cannibalizing risk,Related hub/page exists,Hold unless Search Console shows demand
High Speed Steel,HSS M42,plates,PCMC,Maharashtra,,india_city,Duplicate / cannibalizing risk,Related hub/page exists,Hold unless Search Console shows demand
High Speed Steel,HSS M42,plates,Nashik,Maharashtra,,india_city,Missing but low value,,Do not create in final batch
High Speed Steel,HSS M42,plates,Chhatrapati Sambhajinagar / Aurangabad,Maharashtra,,india_city,Missing but low value,,Do not create in final batch
High Speed Steel,HSS M42,plates,Nagpur / Butibori,Maharashtra,,india_city,Missing but low value,,Do not create in final batch
High Speed Steel,HSS M42,plates,Ahmedabad,Gujarat,,india_city,Duplicate / cannibalizing risk,Related hub/page exists,Hold unless Search Console shows demand
High Speed Steel,HSS M42,plates,Sanand,Gujarat,,india_city,Missing but low value,,Do not create in final batch
High Speed Steel,HSS M42,plates,Vadodara,Gujarat,,india_city,Missing but low value,,Do not create in final batch
High Speed Steel,HSS M42,plates,Surat,Gujarat,,india_city,Missing but low value,,Do not create in final batch
High Speed Steel,HSS M42,plates,Hazira,Gujarat,,india_city,Missing but low value,,Do not create in final batch
High Speed Steel,HSS M42,plates,Ankleshwar,Gujarat,,india_city,Missing but low value,,Do not create in final batch
High Speed Steel,HSS M42,plates,Bharuch,Gujarat,,india_city,Missing but low value,,Do not create in final batch
High Speed Steel,HSS M42,plates,Vapi,Gujarat,,india_city,Missing but low value,,Do not create in final batch
High Speed Steel,HSS M42,plates,Rajkot,Gujarat,,india_city,Not recommended,,Do not create
High Speed Steel,HSS M42,plates,Jamnagar,Gujarat,,india_city,Missing but low value,,Do not create in final batch
High Speed Steel,HSS M42,plates,Chennai,Tamil Nadu,,india_city,Duplicate / cannibalizing risk,Related hub/page exists,Hold unless Search Console shows demand
High Speed Steel,HSS M42,plates,Sriperumbudur,Tamil Nadu,,india_city,Missing but low value,,Do not create in final batch
High Speed Steel,HSS M42,plates,Oragadam,Tamil Nadu,,india_city,Missing but low value,,Do not create in final batch
High Speed Steel,HSS M42,plates,Coimbatore,Tamil Nadu,,india_city,Duplicate / cannibalizing risk,Related hub/page exists,Hold unless Search Console shows demand
High Speed Steel,HSS M42,plates,Hosur,Tamil Nadu,,india_city,Missing but low value,,Do not create in final batch
High Speed Steel,HSS M42,plates,Salem,Tamil Nadu,,india_city,Missing but low value,,Do not create in final batch
High Speed Steel,HSS M42,plates,Trichy,Tamil Nadu,,india_city,Missing but low value,,Do not create in final batch
High Speed Steel,HSS M42,plates,Bengaluru,Karnataka,,india_city,Duplicate / cannibalizing risk,Related hub/page exists,Hold unless Search Console shows demand
High Speed Steel,HSS M42,plates,Peenya,Karnataka,,india_city,Duplicate / cannibalizing risk,Related hub/page exists,Hold unless Search Console shows demand
High Speed Steel,HSS M42,plates,Bommasandra,Karnataka,,india_city,Duplicate / cannibalizing risk,Related hub/page exists,Hold unless Search Console shows demand
High Speed Steel,HSS M42,plates,Mysuru,Karnataka,,india_city,Missing but low value,,Do not create in final batch
High Speed Steel,HSS M42,plates,Mangaluru,Karnataka,,india_city,Missing but low value,,Do not create in final batch
High Speed Steel,HSS M42,plates,Hyderabad,Telangana,,india_city,Duplicate / cannibalizing risk,Related hub/page exists,Hold unless Search Console shows demand
High Speed Steel,HSS M42,plates,Secunderabad,Telangana,,india_city,Duplicate / cannibalizing risk,Related hub/page exists,Hold unless Search Console shows demand
High Speed Steel,HSS M42,plates,Visakhapatnam,Andhra Pradesh,,india_city,Missing but low value,,Do not create in final batch
High Speed Steel,HSS M42,plates,Kakinada,Andhra Pradesh,,india_city,Missing but low value,,Do not create in final batch
High Speed Steel,HSS M42,plates,Vijayawada,Andhra Pradesh,,india_city,Missing but low value,,Do not create in final batch
High Speed Steel,HSS M42,plates,Delhi,Delhi NCR,,india_city,Missing but low value,,Do not create in final batch
High Speed Steel,HSS M42,plates,Gurugram,Haryana,,india_city,Duplicate / cannibalizing risk,Related hub/page exists,Hold unless Search Console shows demand
High Speed Steel,HSS M42,plates,Faridabad,Haryana,,india_city,Duplicate / cannibalizing risk,Related hub/page exists,Hold unless Search Console shows demand
High Speed Steel,HSS M42,plates,Greater Noida,Uttar Pradesh,,india_city,Not recommended,,Do not create
High Speed Steel,HSS M42,plates,Ghaziabad,Uttar Pradesh,,india_city,Missing but low value,,Do not create in final batch
High Speed Steel,HSS M42,plates,Bhiwadi,Rajasthan,,india_city,Missing but low value,,Do not create in final batch
High Speed Steel,HSS M42,plates,Neemrana,Rajasthan,,india_city,Missing but low value,,Do not create in final batch
High Speed Steel,HSS M42,plates,Jaipur,Rajasthan,,india_city,Missing but low value,,Do not create in final batch
High Speed Steel,HSS M42,plates,Indore,Madhya Pradesh,,india_city,Missing but low value,,Do not create in final batch
High Speed Steel,HSS M42,plates,Pithampur,Madhya Pradesh,,india_city,Missing but low value,,Do not create in final batch
High Speed Steel,HSS M42,plates,Bhopal / Mandideep,Madhya Pradesh,,india_city,Missing but low value,,Do not create in final batch
High Speed Steel,HSS M42,plates,Kolkata,West Bengal,,india_city,Missing but low value,,Do not create in final batch
High Speed Steel,HSS M42,plates,Howrah,West Bengal,,india_city,Missing but low value,,Do not create in final batch
High Speed Steel,HSS M42,plates,Durgapur,West Bengal,,india_city,Missing but low value,,Do not create in final batch
High Speed Steel,HSS M42,plates,Jamshedpur,Jharkhand,,india_city,Duplicate / cannibalizing risk,Related hub/page exists,Hold unless Search Console shows demand
High Speed Steel,HSS M42,plates,Ludhiana,Punjab,,india_city,Not recommended,,Do not create
High Speed Steel,HSS M42,plates,Jalandhar,Punjab,,india_city,Missing but low value,,Do not create in final batch
High Speed Steel,HSS M42,plates,Kochi,Kerala,,india_city,Missing but low value,,Do not create in final batch
High Speed Steel,HSS M42,plates,Bhubaneswar,Odisha,,india_city,Missing but low value,,Do not create in final batch
High Speed Steel,HSS M42,plates,Rourkela,Odisha,,india_city,Missing but low value,,Do not create in final batch
Aluminium,Aluminium 6061,sheets,Navi Mumbai,Maharashtra,,india_city,Duplicate / cannibalizing risk,/materials/aluminium-6061-supplier-india.html,Hold unless Search Console shows demand
Aluminium,Aluminium 6061,sheets,Bommasandra,Karnataka,,india_city,Duplicate / cannibalizing risk,/materials/aluminium-6061-supplier-india.html,Hold unless Search Console shows demand
Aluminium,Aluminium 6061,sheets,Secunderabad,Telangana,,india_city,Duplicate / cannibalizing risk,/materials/aluminium-6061-supplier-india.html,Hold unless Search Console shows demand
Aluminium,Aluminium 6061,plates,Navi Mumbai,Maharashtra,,india_city,Duplicate / cannibalizing risk,/materials/aluminium-6061-supplier-india.html,Hold unless Search Console shows demand
Aluminium,Aluminium 6061,plates,Bommasandra,Karnataka,,india_city,Duplicate / cannibalizing risk,/materials/aluminium-6061-supplier-india.html,Hold unless Search Console shows demand
Aluminium,Aluminium 6061,plates,Secunderabad,Telangana,,india_city,Duplicate / cannibalizing risk,/materials/aluminium-6061-supplier-india.html,Hold unless Search Console shows demand
Aluminium,Aluminium 6061,rods,Navi Mumbai,Maharashtra,,india_city,Duplicate / cannibalizing risk,/materials/aluminium-6061-supplier-india.html,Hold unless Search Console shows demand
Aluminium,Aluminium 6061,rods,Bommasandra,Karnataka,,india_city,Duplicate / cannibalizing risk,/materials/aluminium-6061-supplier-india.html,Hold unless Search Console shows demand
Aluminium,Aluminium 6061,rods,Secunderabad,Telangana,,india_city,Duplicate / cannibalizing risk,/materials/aluminium-6061-supplier-india.html,Hold unless Search Console shows demand
Aluminium,Aluminium 6061,flats,Navi Mumbai,Maharashtra,,india_city,Duplicate / cannibalizing risk,/materials/aluminium-6061-supplier-india.html,Hold unless Search Console shows demand
Aluminium,Aluminium 6061,flats,Bommasandra,Karnataka,,india_city,Duplicate / cannibalizing risk,/materials/aluminium-6061-supplier-india.html,Hold unless Search Console shows demand
Aluminium,Aluminium 6061,flats,Secunderabad,Telangana,,india_city,Duplicate / cannibalizing risk,/materials/aluminium-6061-supplier-india.html,Hold unless Search Console shows demand
Aluminium,Aluminium 6061,tubes,Mumbai,Maharashtra,,india_city,Duplicate / cannibalizing risk,/materials/aluminium-6061-supplier-india.html,Hold unless Search Console shows demand
Aluminium,Aluminium 6061,tubes,Navi Mumbai,Maharashtra,,india_city,Duplicate / cannibalizing risk,/materials/aluminium-6061-supplier-india.html,Hold unless Search Console shows demand
Aluminium,Aluminium 6061,tubes,Thane,Maharashtra,,india_city,Not recommended,/materials/aluminium-6061-supplier-india.html,Do not create
Aluminium,Aluminium 6061,tubes,Pune,Maharashtra,,india_city,Duplicate / cannibalizing risk,/materials/aluminium-6061-supplier-india.html,Hold unless Search Console shows demand
Aluminium,Aluminium 6061,tubes,Nashik,Maharashtra,,india_city,Not recommended,/materials/aluminium-6061-supplier-india.html,Do not create
Aluminium,Aluminium 6061,tubes,Chhatrapati Sambhajinagar / Aurangabad,Maharashtra,,india_city,Not recommended,/materials/aluminium-6061-supplier-india.html,Do not create
Aluminium,Aluminium 6061,tubes,Nagpur / Butibori,Maharashtra,,india_city,Not recommended,/materials/aluminium-6061-supplier-india.html,Do not create
Aluminium,Aluminium 6061,tubes,Ahmedabad,Gujarat,,india_city,Duplicate / cannibalizing risk,/materials/aluminium-6061-supplier-india.html,Hold unless Search Console shows demand
Aluminium,Aluminium 6061,tubes,Vadodara,Gujarat,,india_city,Duplicate / cannibalizing risk,/materials/aluminium-6061-supplier-india.html,Hold unless Search Console shows demand
Aluminium,Aluminium 6061,tubes,Hazira,Gujarat,,india_city,Not recommended,/materials/aluminium-6061-supplier-india.html,Do not create
Aluminium,Aluminium 6061,tubes,Rajkot,Gujarat,,india_city,Not recommended,/materials/aluminium-6061-supplier-india.html,Do not create
Aluminium,Aluminium 6061,tubes,Jamnagar,Gujarat,,india_city,Not recommended,/materials/aluminium-6061-supplier-india.html,Do not create
Aluminium,Aluminium 6061,tubes,Chennai,Tamil Nadu,,india_city,Duplicate / cannibalizing risk,/materials/aluminium-6061-supplier-india.html,Hold unless Search Console shows demand
Aluminium,Aluminium 6061,tubes,Sriperumbudur,Tamil Nadu,,india_city,Not recommended,/materials/aluminium-6061-supplier-india.html,Do not create
Aluminium,Aluminium 6061,tubes,Oragadam,Tamil Nadu,,india_city,Not recommended,/materials/aluminium-6061-supplier-india.html,Do not create
Aluminium,Aluminium 6061,tubes,Coimbatore,Tamil Nadu,,india_city,Duplicate / cannibalizing risk,/materials/aluminium-6061-supplier-india.html,Hold unless Search Console shows demand
Aluminium,Aluminium 6061,tubes,Hosur,Tamil Nadu,,india_city,Not recommended,/materials/aluminium-6061-supplier-india.html,Do not create
Aluminium,Aluminium 6061,tubes,Salem,Tamil Nadu,,india_city,Not recommended,/materials/aluminium-6061-supplier-india.html,Do not create
Aluminium,Aluminium 6061,tubes,Trichy,Tamil Nadu,,india_city,Not recommended,/materials/aluminium-6061-supplier-india.html,Do not create
Aluminium,Aluminium 6061,tubes,Bengaluru,Karnataka,,india_city,Duplicate / cannibalizing risk,/materials/aluminium-6061-supplier-india.html,Hold unless Search Console shows demand
Aluminium,Aluminium 6061,tubes,Peenya,Karnataka,,india_city,Duplicate / cannibalizing risk,/materials/aluminium-6061-supplier-india.html,Hold unless Search Console shows demand
Aluminium,Aluminium 6061,tubes,Bommasandra,Karnataka,,india_city,Duplicate / cannibalizing risk,/materials/aluminium-6061-supplier-india.html,Hold unless Search Console shows demand
Aluminium,Aluminium 6061,tubes,Mysuru,Karnataka,,india_city,Not recommended,/materials/aluminium-6061-supplier-india.html,Do not create
Aluminium,Aluminium 6061,tubes,Mangaluru,Karnataka,,india_city,Not recommended,/materials/aluminium-6061-supplier-india.html,Do not create
Aluminium,Aluminium 6061,tubes,Hyderabad,Telangana,,india_city,Duplicate / cannibalizing risk,/materials/aluminium-6061-supplier-india.html,Hold unless Search Console shows demand
Aluminium,Aluminium 6061,tubes,Secunderabad,Telangana,,india_city,Duplicate / cannibalizing risk,/materials/aluminium-6061-supplier-india.html,Hold unless Search Console shows demand
Aluminium,Aluminium 6061,tubes,Kakinada,Andhra Pradesh,,india_city,Not recommended,/materials/aluminium-6061-supplier-india.html,Do not create
Aluminium,Aluminium 6061,tubes,Vijayawada,Andhra Pradesh,,india_city,Not recommended,/materials/aluminium-6061-supplier-india.html,Do not create
Aluminium,Aluminium 6061,tubes,Delhi,Delhi NCR,,india_city,Duplicate / cannibalizing risk,/materials/aluminium-6061-supplier-india.html,Hold unless Search Console shows demand
Aluminium,Aluminium 6061,tubes,Faridabad,Haryana,,india_city,Duplicate / cannibalizing risk,/materials/aluminium-6061-supplier-india.html,Hold unless Search Console shows demand
Aluminium,Aluminium 6061,tubes,Greater Noida,Uttar Pradesh,,india_city,Not recommended,/materials/aluminium-6061-supplier-india.html,Do not create
Aluminium,Aluminium 6061,tubes,Ghaziabad,Uttar Pradesh,,india_city,Not recommended,/materials/aluminium-6061-supplier-india.html,Do not create
Aluminium,Aluminium 6061,tubes,Bhiwadi,Rajasthan,,india_city,Not recommended,/materials/aluminium-6061-supplier-india.html,Do not create
Aluminium,Aluminium 6061,tubes,Neemrana,Rajasthan,,india_city,Not recommended,/materials/aluminium-6061-supplier-india.html,Do not create
Aluminium,Aluminium 6061,tubes,Jaipur,Rajasthan,,india_city,Not recommended,/materials/aluminium-6061-supplier-india.html,Do not create
Aluminium,Aluminium 6061,tubes,Indore,Madhya Pradesh,,india_city,Not recommended,/materials/aluminium-6061-supplier-india.html,Do not create
Aluminium,Aluminium 6061,tubes,Pithampur,Madhya Pradesh,,india_city,Not recommended,/materials/aluminium-6061-supplier-india.html,Do not create
Aluminium,Aluminium 6061,tubes,Bhopal / Mandideep,Madhya Pradesh,,india_city,Not recommended,/materials/aluminium-6061-supplier-india.html,Do not create
Aluminium,Aluminium 6061,tubes,Kolkata,West Bengal,,india_city,Not recommended,/materials/aluminium-6061-supplier-india.html,Do not create
Aluminium,Aluminium 6061,tubes,Howrah,West Bengal,,india_city,Not recommended,/materials/aluminium-6061-supplier-india.html,Do not create
Aluminium,Aluminium 6061,tubes,Durgapur,West Bengal,,india_city,Not recommended,/materials/aluminium-6061-supplier-india.html,Do not create
Aluminium,Aluminium 6061,tubes,Jamshedpur,Jharkhand,,india_city,Not recommended,/materials/aluminium-6061-supplier-india.html,Do not create
Aluminium,Aluminium 6061,tubes,Ludhiana,Punjab,,india_city,Not recommended,/materials/aluminium-6061-supplier-india.html,Do not create
Aluminium,Aluminium 6061,tubes,Jalandhar,Punjab,,india_city,Missing but low value,/materials/aluminium-6061-supplier-india.html,Do not create in final batch
Aluminium,Aluminium 6061,tubes,Kochi,Kerala,,india_city,Missing but low value,/materials/aluminium-6061-supplier-india.html,Do not create in final batch
Aluminium,Aluminium 6061,tubes,Bhubaneswar,Odisha,,india_city,Not recommended,/materials/aluminium-6061-supplier-india.html,Do not create
Aluminium,Aluminium 6061,tubes,Rourkela,Odisha,,india_city,Not recommended,/materials/aluminium-6061-supplier-india.html,Do not create
Aluminium,Aluminium 6061,flanges,Mumbai,Maharashtra,,india_city,Duplicate / cannibalizing risk,/materials/aluminium-6061-supplier-india.html,Hold unless Search Console shows demand
Aluminium,Aluminium 6061,flanges,Navi Mumbai,Maharashtra,,india_city,Duplicate / cannibalizing risk,/materials/aluminium-6061-supplier-india.html,Hold unless Search Console shows demand
Aluminium,Aluminium 6061,flanges,Thane,Maharashtra,,india_city,Not recommended,/materials/aluminium-6061-supplier-india.html,Do not create
Aluminium,Aluminium 6061,flanges,Pune,Maharashtra,,india_city,Duplicate / cannibalizing risk,/materials/aluminium-6061-supplier-india.html,Hold unless Search Console shows demand
Aluminium,Aluminium 6061,flanges,Nashik,Maharashtra,,india_city,Not recommended,/materials/aluminium-6061-supplier-india.html,Do not create
Aluminium,Aluminium 6061,flanges,Chhatrapati Sambhajinagar / Aurangabad,Maharashtra,,india_city,Not recommended,/materials/aluminium-6061-supplier-india.html,Do not create
Aluminium,Aluminium 6061,flanges,Nagpur / Butibori,Maharashtra,,india_city,Not recommended,/materials/aluminium-6061-supplier-india.html,Do not create
Aluminium,Aluminium 6061,flanges,Ahmedabad,Gujarat,,india_city,Duplicate / cannibalizing risk,/materials/aluminium-6061-supplier-india.html,Hold unless Search Console shows demand
Aluminium,Aluminium 6061,flanges,Vadodara,Gujarat,,india_city,Duplicate / cannibalizing risk,/materials/aluminium-6061-supplier-india.html,Hold unless Search Console shows demand
Aluminium,Aluminium 6061,flanges,Hazira,Gujarat,,india_city,Not recommended,/materials/aluminium-6061-supplier-india.html,Do not create
Aluminium,Aluminium 6061,flanges,Rajkot,Gujarat,,india_city,Not recommended,/materials/aluminium-6061-supplier-india.html,Do not create
Aluminium,Aluminium 6061,flanges,Jamnagar,Gujarat,,india_city,Not recommended,/materials/aluminium-6061-supplier-india.html,Do not create
Aluminium,Aluminium 6061,flanges,Chennai,Tamil Nadu,,india_city,Duplicate / cannibalizing risk,/materials/aluminium-6061-supplier-india.html,Hold unless Search Console shows demand
Aluminium,Aluminium 6061,flanges,Sriperumbudur,Tamil Nadu,,india_city,Not recommended,/materials/aluminium-6061-supplier-india.html,Do not create
Aluminium,Aluminium 6061,flanges,Oragadam,Tamil Nadu,,india_city,Not recommended,/materials/aluminium-6061-supplier-india.html,Do not create
Aluminium,Aluminium 6061,flanges,Coimbatore,Tamil Nadu,,india_city,Duplicate / cannibalizing risk,/materials/aluminium-6061-supplier-india.html,Hold unless Search Console shows demand
Aluminium,Aluminium 6061,flanges,Hosur,Tamil Nadu,,india_city,Not recommended,/materials/aluminium-6061-supplier-india.html,Do not create
Aluminium,Aluminium 6061,flanges,Salem,Tamil Nadu,,india_city,Not recommended,/materials/aluminium-6061-supplier-india.html,Do not create
Aluminium,Aluminium 6061,flanges,Trichy,Tamil Nadu,,india_city,Not recommended,/materials/aluminium-6061-supplier-india.html,Do not create
Aluminium,Aluminium 6061,flanges,Bengaluru,Karnataka,,india_city,Duplicate / cannibalizing risk,/materials/aluminium-6061-supplier-india.html,Hold unless Search Console shows demand
Aluminium,Aluminium 6061,flanges,Peenya,Karnataka,,india_city,Duplicate / cannibalizing risk,/materials/aluminium-6061-supplier-india.html,Hold unless Search Console shows demand
Aluminium,Aluminium 6061,flanges,Bommasandra,Karnataka,,india_city,Duplicate / cannibalizing risk,/materials/aluminium-6061-supplier-india.html,Hold unless Search Console shows demand
Aluminium,Aluminium 6061,flanges,Mysuru,Karnataka,,india_city,Not recommended,/materials/aluminium-6061-supplier-india.html,Do not create
Aluminium,Aluminium 6061,flanges,Mangaluru,Karnataka,,india_city,Not recommended,/materials/aluminium-6061-supplier-india.html,Do not create
Aluminium,Aluminium 6061,flanges,Hyderabad,Telangana,,india_city,Duplicate / cannibalizing risk,/materials/aluminium-6061-supplier-india.html,Hold unless Search Console shows demand
Aluminium,Aluminium 6061,flanges,Secunderabad,Telangana,,india_city,Duplicate / cannibalizing risk,/materials/aluminium-6061-supplier-india.html,Hold unless Search Console shows demand
Aluminium,Aluminium 6061,flanges,Kakinada,Andhra Pradesh,,india_city,Not recommended,/materials/aluminium-6061-supplier-india.html,Do not create
Aluminium,Aluminium 6061,flanges,Vijayawada,Andhra Pradesh,,india_city,Not recommended,/materials/aluminium-6061-supplier-india.html,Do not create
Aluminium,Aluminium 6061,flanges,Delhi,Delhi NCR,,india_city,Duplicate / cannibalizing risk,/materials/aluminium-6061-supplier-india.html,Hold unless Search Console shows demand
Aluminium,Aluminium 6061,flanges,Faridabad,Haryana,,india_city,Duplicate / cannibalizing risk,/materials/aluminium-6061-supplier-india.html,Hold unless Search Console shows demand
Aluminium,Aluminium 6061,flanges,Greater Noida,Uttar Pradesh,,india_city,Not recommended,/materials/aluminium-6061-supplier-india.html,Do not create
Aluminium,Aluminium 6061,flanges,Ghaziabad,Uttar Pradesh,,india_city,Not recommended,/materials/aluminium-6061-supplier-india.html,Do not create
Aluminium,Aluminium 6061,flanges,Bhiwadi,Rajasthan,,india_city,Not recommended,/materials/aluminium-6061-supplier-india.html,Do not create
Aluminium,Aluminium 6061,flanges,Neemrana,Rajasthan,,india_city,Not recommended,/materials/aluminium-6061-supplier-india.html,Do not create
Aluminium,Aluminium 6061,flanges,Jaipur,Rajasthan,,india_city,Not recommended,/materials/aluminium-6061-supplier-india.html,Do not create
Aluminium,Aluminium 6061,flanges,Indore,Madhya Pradesh,,india_city,Not recommended,/materials/aluminium-6061-supplier-india.html,Do not create
Aluminium,Aluminium 6061,flanges,Pithampur,Madhya Pradesh,,india_city,Not recommended,/materials/aluminium-6061-supplier-india.html,Do not create
Aluminium,Aluminium 6061,flanges,Bhopal / Mandideep,Madhya Pradesh,,india_city,Not recommended,/materials/aluminium-6061-supplier-india.html,Do not create
Aluminium,Aluminium 6061,flanges,Kolkata,West Bengal,,india_city,Not recommended,/materials/aluminium-6061-supplier-india.html,Do not create
Aluminium,Aluminium 6061,flanges,Howrah,West Bengal,,india_city,Not recommended,/materials/aluminium-6061-supplier-india.html,Do not create
Aluminium,Aluminium 6061,flanges,Durgapur,West Bengal,,india_city,Not recommended,/materials/aluminium-6061-supplier-india.html,Do not create
Aluminium,Aluminium 6061,flanges,Jamshedpur,Jharkhand,,india_city,Not recommended,/materials/aluminium-6061-supplier-india.html,Do not create
Aluminium,Aluminium 6061,flanges,Ludhiana,Punjab,,india_city,Not recommended,/materials/aluminium-6061-supplier-india.html,Do not create
Aluminium,Aluminium 6061,flanges,Jalandhar,Punjab,,india_city,Missing but low value,/materials/aluminium-6061-supplier-india.html,Do not create in final batch
Aluminium,Aluminium 6061,flanges,Kochi,Kerala,,india_city,Missing but low value,/materials/aluminium-6061-supplier-india.html,Do not create in final batch
Aluminium,Aluminium 6061,flanges,Bhubaneswar,Odisha,,india_city,Not recommended,/materials/aluminium-6061-supplier-india.html,Do not create
Aluminium,Aluminium 6061,flanges,Rourkela,Odisha,,india_city,Not recommended,/materials/aluminium-6061-supplier-india.html,Do not create
Aluminium,Aluminium 6061,fittings,Navi Mumbai,Maharashtra,,india_city,Duplicate / cannibalizing risk,/materials/aluminium-6061-supplier-india.html,Hold unless Search Console shows demand
Aluminium,Aluminium 6061,fittings,Thane,Maharashtra,,india_city,Not recommended,/materials/aluminium-6061-supplier-india.html,Do not create
Aluminium,Aluminium 6061,fittings,Nashik,Maharashtra,,india_city,Not recommended,/materials/aluminium-6061-supplier-india.html,Do not create
Aluminium,Aluminium 6061,fittings,Chhatrapati Sambhajinagar / Aurangabad,Maharashtra,,india_city,Not recommended,/materials/aluminium-6061-supplier-india.html,Do not create
Aluminium,Aluminium 6061,fittings,Nagpur / Butibori,Maharashtra,,india_city,Not recommended,/materials/aluminium-6061-supplier-india.html,Do not create
Aluminium,Aluminium 6061,fittings,Hazira,Gujarat,,india_city,Not recommended,/materials/aluminium-6061-supplier-india.html,Do not create
Aluminium,Aluminium 6061,fittings,Rajkot,Gujarat,,india_city,Not recommended,/materials/aluminium-6061-supplier-india.html,Do not create
Aluminium,Aluminium 6061,fittings,Jamnagar,Gujarat,,india_city,Not recommended,/materials/aluminium-6061-supplier-india.html,Do not create
Aluminium,Aluminium 6061,fittings,Sriperumbudur,Tamil Nadu,,india_city,Not recommended,/materials/aluminium-6061-supplier-india.html,Do not create
Aluminium,Aluminium 6061,fittings,Oragadam,Tamil Nadu,,india_city,Not recommended,/materials/aluminium-6061-supplier-india.html,Do not create
Aluminium,Aluminium 6061,fittings,Hosur,Tamil Nadu,,india_city,Not recommended,/materials/aluminium-6061-supplier-india.html,Do not create
Aluminium,Aluminium 6061,fittings,Salem,Tamil Nadu,,india_city,Not recommended,/materials/aluminium-6061-supplier-india.html,Do not create
Aluminium,Aluminium 6061,fittings,Trichy,Tamil Nadu,,india_city,Not recommended,/materials/aluminium-6061-supplier-india.html,Do not create
Aluminium,Aluminium 6061,fittings,Peenya,Karnataka,,india_city,Duplicate / cannibalizing risk,/materials/aluminium-6061-supplier-india.html,Hold unless Search Console shows demand
Aluminium,Aluminium 6061,fittings,Bommasandra,Karnataka,,india_city,Duplicate / cannibalizing risk,/materials/aluminium-6061-supplier-india.html,Hold unless Search Console shows demand
Aluminium,Aluminium 6061,fittings,Mysuru,Karnataka,,india_city,Not recommended,/materials/aluminium-6061-supplier-india.html,Do not create
Aluminium,Aluminium 6061,fittings,Mangaluru,Karnataka,,india_city,Not recommended,/materials/aluminium-6061-supplier-india.html,Do not create
Aluminium,Aluminium 6061,fittings,Secunderabad,Telangana,,india_city,Duplicate / cannibalizing risk,/materials/aluminium-6061-supplier-india.html,Hold unless Search Console shows demand
Aluminium,Aluminium 6061,fittings,Kakinada,Andhra Pradesh,,india_city,Not recommended,/materials/aluminium-6061-supplier-india.html,Do not create
Aluminium,Aluminium 6061,fittings,Vijayawada,Andhra Pradesh,,india_city,Not recommended,/materials/aluminium-6061-supplier-india.html,Do not create
Aluminium,Aluminium 6061,fittings,Greater Noida,Uttar Pradesh,,india_city,Not recommended,/materials/aluminium-6061-supplier-india.html,Do not create
Aluminium,Aluminium 6061,fittings,Ghaziabad,Uttar Pradesh,,india_city,Not recommended,/materials/aluminium-6061-supplier-india.html,Do not create
Aluminium,Aluminium 6061,fittings,Bhiwadi,Rajasthan,,india_city,Not recommended,/materials/aluminium-6061-supplier-india.html,Do not create
Aluminium,Aluminium 6061,fittings,Neemrana,Rajasthan,,india_city,Not recommended,/materials/aluminium-6061-supplier-india.html,Do not create
Aluminium,Aluminium 6061,fittings,Jaipur,Rajasthan,,india_city,Not recommended,/materials/aluminium-6061-supplier-india.html,Do not create
Aluminium,Aluminium 6061,fittings,Indore,Madhya Pradesh,,india_city,Not recommended,/materials/aluminium-6061-supplier-india.html,Do not create
Aluminium,Aluminium 6061,fittings,Pithampur,Madhya Pradesh,,india_city,Not recommended,/materials/aluminium-6061-supplier-india.html,Do not create
Aluminium,Aluminium 6061,fittings,Bhopal / Mandideep,Madhya Pradesh,,india_city,Not recommended,/materials/aluminium-6061-supplier-india.html,Do not create
Aluminium,Aluminium 6061,fittings,Kolkata,West Bengal,,india_city,Not recommended,/materials/aluminium-6061-supplier-india.html,Do not create
Aluminium,Aluminium 6061,fittings,Howrah,West Bengal,,india_city,Not recommended,/materials/aluminium-6061-supplier-india.html,Do not create
Aluminium,Aluminium 6061,fittings,Durgapur,West Bengal,,india_city,Not recommended,/materials/aluminium-6061-supplier-india.html,Do not create
Aluminium,Aluminium 6061,fittings,Jamshedpur,Jharkhand,,india_city,Not recommended,/materials/aluminium-6061-supplier-india.html,Do not create
Aluminium,Aluminium 6061,fittings,Ludhiana,Punjab,,india_city,Not recommended,/materials/aluminium-6061-supplier-india.html,Do not create
Aluminium,Aluminium 6061,fittings,Jalandhar,Punjab,,india_city,Missing but low value,/materials/aluminium-6061-supplier-india.html,Do not create in final batch
Aluminium,Aluminium 6061,fittings,Kochi,Kerala,,india_city,Missing but low value,/materials/aluminium-6061-supplier-india.html,Do not create in final batch
Aluminium,Aluminium 6061,fittings,Bhubaneswar,Odisha,,india_city,Not recommended,/materials/aluminium-6061-supplier-india.html,Do not create
Aluminium,Aluminium 6061,fittings,Rourkela,Odisha,,india_city,Not recommended,/materials/aluminium-6061-supplier-india.html,Do not create
Aluminium,Aluminium 6082,sheets,Mumbai,Maharashtra,,india_city,Duplicate / cannibalizing risk,/materials/aluminium-6082-supplier-india.html,Hold unless Search Console shows demand
Aluminium,Aluminium 6082,sheets,Navi Mumbai,Maharashtra,,india_city,Duplicate / cannibalizing risk,/materials/aluminium-6082-supplier-india.html,Hold unless Search Console shows demand
Aluminium,Aluminium 6082,sheets,Thane,Maharashtra,,india_city,Not recommended,/materials/aluminium-6082-supplier-india.html,Do not create
Aluminium,Aluminium 6082,sheets,Pune,Maharashtra,,india_city,Duplicate / cannibalizing risk,/materials/aluminium-6082-supplier-india.html,Hold unless Search Console shows demand
Aluminium,Aluminium 6082,sheets,Nashik,Maharashtra,,india_city,Not recommended,/materials/aluminium-6082-supplier-india.html,Do not create
Aluminium,Aluminium 6082,sheets,Chhatrapati Sambhajinagar / Aurangabad,Maharashtra,,india_city,Not recommended,/materials/aluminium-6082-supplier-india.html,Do not create
Aluminium,Aluminium 6082,sheets,Nagpur / Butibori,Maharashtra,,india_city,Not recommended,/materials/aluminium-6082-supplier-india.html,Do not create
Aluminium,Aluminium 6082,sheets,Ahmedabad,Gujarat,,india_city,Duplicate / cannibalizing risk,/materials/aluminium-6082-supplier-india.html,Hold unless Search Console shows demand
Aluminium,Aluminium 6082,sheets,Vadodara,Gujarat,,india_city,Duplicate / cannibalizing risk,/materials/aluminium-6082-supplier-india.html,Hold unless Search Console shows demand
Aluminium,Aluminium 6082,sheets,Hazira,Gujarat,,india_city,Not recommended,/materials/aluminium-6082-supplier-india.html,Do not create
Aluminium,Aluminium 6082,sheets,Rajkot,Gujarat,,india_city,Not recommended,/materials/aluminium-6082-supplier-india.html,Do not create
Aluminium,Aluminium 6082,sheets,Jamnagar,Gujarat,,india_city,Not recommended,/materials/aluminium-6082-supplier-india.html,Do not create
Aluminium,Aluminium 6082,sheets,Chennai,Tamil Nadu,,india_city,Duplicate / cannibalizing risk,/materials/aluminium-6082-supplier-india.html,Hold unless Search Console shows demand
Aluminium,Aluminium 6082,sheets,Sriperumbudur,Tamil Nadu,,india_city,Not recommended,/materials/aluminium-6082-supplier-india.html,Do not create
Aluminium,Aluminium 6082,sheets,Oragadam,Tamil Nadu,,india_city,Not recommended,/materials/aluminium-6082-supplier-india.html,Do not create
Aluminium,Aluminium 6082,sheets,Coimbatore,Tamil Nadu,,india_city,Duplicate / cannibalizing risk,/materials/aluminium-6082-supplier-india.html,Hold unless Search Console shows demand
Aluminium,Aluminium 6082,sheets,Hosur,Tamil Nadu,,india_city,Not recommended,/materials/aluminium-6082-supplier-india.html,Do not create
Aluminium,Aluminium 6082,sheets,Salem,Tamil Nadu,,india_city,Not recommended,/materials/aluminium-6082-supplier-india.html,Do not create
Aluminium,Aluminium 6082,sheets,Trichy,Tamil Nadu,,india_city,Not recommended,/materials/aluminium-6082-supplier-india.html,Do not create
Aluminium,Aluminium 6082,sheets,Bengaluru,Karnataka,,india_city,Duplicate / cannibalizing risk,/materials/aluminium-6082-supplier-india.html,Hold unless Search Console shows demand
Aluminium,Aluminium 6082,sheets,Peenya,Karnataka,,india_city,Duplicate / cannibalizing risk,/materials/aluminium-6082-supplier-india.html,Hold unless Search Console shows demand
Aluminium,Aluminium 6082,sheets,Bommasandra,Karnataka,,india_city,Duplicate / cannibalizing risk,/materials/aluminium-6082-supplier-india.html,Hold unless Search Console shows demand
Aluminium,Aluminium 6082,sheets,Mysuru,Karnataka,,india_city,Not recommended,/materials/aluminium-6082-supplier-india.html,Do not create
Aluminium,Aluminium 6082,sheets,Mangaluru,Karnataka,,india_city,Not recommended,/materials/aluminium-6082-supplier-india.html,Do not create
Aluminium,Aluminium 6082,sheets,Hyderabad,Telangana,,india_city,Duplicate / cannibalizing risk,/materials/aluminium-6082-supplier-india.html,Hold unless Search Console shows demand
Aluminium,Aluminium 6082,sheets,Secunderabad,Telangana,,india_city,Duplicate / cannibalizing risk,/materials/aluminium-6082-supplier-india.html,Hold unless Search Console shows demand
Aluminium,Aluminium 6082,sheets,Kakinada,Andhra Pradesh,,india_city,Not recommended,/materials/aluminium-6082-supplier-india.html,Do not create
Aluminium,Aluminium 6082,sheets,Vijayawada,Andhra Pradesh,,india_city,Not recommended,/materials/aluminium-6082-supplier-india.html,Do not create
Aluminium,Aluminium 6082,sheets,Delhi,Delhi NCR,,india_city,Duplicate / cannibalizing risk,/materials/aluminium-6082-supplier-india.html,Hold unless Search Console shows demand
Aluminium,Aluminium 6082,sheets,Faridabad,Haryana,,india_city,Duplicate / cannibalizing risk,/materials/aluminium-6082-supplier-india.html,Hold unless Search Console shows demand
Aluminium,Aluminium 6082,sheets,Greater Noida,Uttar Pradesh,,india_city,Not recommended,/materials/aluminium-6082-supplier-india.html,Do not create
Aluminium,Aluminium 6082,sheets,Ghaziabad,Uttar Pradesh,,india_city,Not recommended,/materials/aluminium-6082-supplier-india.html,Do not create
Aluminium,Aluminium 6082,sheets,Bhiwadi,Rajasthan,,india_city,Not recommended,/materials/aluminium-6082-supplier-india.html,Do not create
Aluminium,Aluminium 6082,sheets,Neemrana,Rajasthan,,india_city,Not recommended,/materials/aluminium-6082-supplier-india.html,Do not create
Aluminium,Aluminium 6082,sheets,Jaipur,Rajasthan,,india_city,Not recommended,/materials/aluminium-6082-supplier-india.html,Do not create
Aluminium,Aluminium 6082,sheets,Indore,Madhya Pradesh,,india_city,Not recommended,/materials/aluminium-6082-supplier-india.html,Do not create
Aluminium,Aluminium 6082,sheets,Pithampur,Madhya Pradesh,,india_city,Not recommended,/materials/aluminium-6082-supplier-india.html,Do not create
Aluminium,Aluminium 6082,sheets,Bhopal / Mandideep,Madhya Pradesh,,india_city,Not recommended,/materials/aluminium-6082-supplier-india.html,Do not create
Aluminium,Aluminium 6082,sheets,Kolkata,West Bengal,,india_city,Not recommended,/materials/aluminium-6082-supplier-india.html,Do not create
Aluminium,Aluminium 6082,sheets,Howrah,West Bengal,,india_city,Not recommended,/materials/aluminium-6082-supplier-india.html,Do not create
Aluminium,Aluminium 6082,sheets,Durgapur,West Bengal,,india_city,Not recommended,/materials/aluminium-6082-supplier-india.html,Do not create
Aluminium,Aluminium 6082,sheets,Jamshedpur,Jharkhand,,india_city,Not recommended,/materials/aluminium-6082-supplier-india.html,Do not create
Aluminium,Aluminium 6082,sheets,Ludhiana,Punjab,,india_city,Not recommended,/materials/aluminium-6082-supplier-india.html,Do not create
Aluminium,Aluminium 6082,sheets,Jalandhar,Punjab,,india_city,Missing but low value,/materials/aluminium-6082-supplier-india.html,Do not create in final batch
Aluminium,Aluminium 6082,sheets,Kochi,Kerala,,india_city,Missing but low value,/materials/aluminium-6082-supplier-india.html,Do not create in final batch
Aluminium,Aluminium 6082,sheets,Bhubaneswar,Odisha,,india_city,Not recommended,/materials/aluminium-6082-supplier-india.html,Do not create
Aluminium,Aluminium 6082,sheets,Rourkela,Odisha,,india_city,Not recommended,/materials/aluminium-6082-supplier-india.html,Do not create
Aluminium,Aluminium 6082,plates,Mumbai,Maharashtra,,india_city,Duplicate / cannibalizing risk,/materials/aluminium-6082-supplier-india.html,Hold unless Search Console shows demand
Aluminium,Aluminium 6082,plates,Navi Mumbai,Maharashtra,,india_city,Duplicate / cannibalizing risk,/materials/aluminium-6082-supplier-india.html,Hold unless Search Console shows demand
Aluminium,Aluminium 6082,plates,Thane,Maharashtra,,india_city,Not recommended,/materials/aluminium-6082-supplier-india.html,Do not create
Aluminium,Aluminium 6082,plates,Pune,Maharashtra,,india_city,Duplicate / cannibalizing risk,/materials/aluminium-6082-supplier-india.html,Hold unless Search Console shows demand
Aluminium,Aluminium 6082,plates,Nashik,Maharashtra,,india_city,Not recommended,/materials/aluminium-6082-supplier-india.html,Do not create
Aluminium,Aluminium 6082,plates,Chhatrapati Sambhajinagar / Aurangabad,Maharashtra,,india_city,Not recommended,/materials/aluminium-6082-supplier-india.html,Do not create
Aluminium,Aluminium 6082,plates,Nagpur / Butibori,Maharashtra,,india_city,Not recommended,/materials/aluminium-6082-supplier-india.html,Do not create
Aluminium,Aluminium 6082,plates,Ahmedabad,Gujarat,,india_city,Duplicate / cannibalizing risk,/materials/aluminium-6082-supplier-india.html,Hold unless Search Console shows demand
Aluminium,Aluminium 6082,plates,Vadodara,Gujarat,,india_city,Duplicate / cannibalizing risk,/materials/aluminium-6082-supplier-india.html,Hold unless Search Console shows demand
Aluminium,Aluminium 6082,plates,Hazira,Gujarat,,india_city,Not recommended,/materials/aluminium-6082-supplier-india.html,Do not create
Aluminium,Aluminium 6082,plates,Rajkot,Gujarat,,india_city,Not recommended,/materials/aluminium-6082-supplier-india.html,Do not create
Aluminium,Aluminium 6082,plates,Jamnagar,Gujarat,,india_city,Not recommended,/materials/aluminium-6082-supplier-india.html,Do not create
Aluminium,Aluminium 6082,plates,Chennai,Tamil Nadu,,india_city,Duplicate / cannibalizing risk,/materials/aluminium-6082-supplier-india.html,Hold unless Search Console shows demand
Aluminium,Aluminium 6082,plates,Sriperumbudur,Tamil Nadu,,india_city,Not recommended,/materials/aluminium-6082-supplier-india.html,Do not create
Aluminium,Aluminium 6082,plates,Oragadam,Tamil Nadu,,india_city,Not recommended,/materials/aluminium-6082-supplier-india.html,Do not create
Aluminium,Aluminium 6082,plates,Coimbatore,Tamil Nadu,,india_city,Duplicate / cannibalizing risk,/materials/aluminium-6082-supplier-india.html,Hold unless Search Console shows demand
Aluminium,Aluminium 6082,plates,Hosur,Tamil Nadu,,india_city,Not recommended,/materials/aluminium-6082-supplier-india.html,Do not create
Aluminium,Aluminium 6082,plates,Salem,Tamil Nadu,,india_city,Not recommended,/materials/aluminium-6082-supplier-india.html,Do not create
Aluminium,Aluminium 6082,plates,Trichy,Tamil Nadu,,india_city,Not recommended,/materials/aluminium-6082-supplier-india.html,Do not create
Aluminium,Aluminium 6082,plates,Bengaluru,Karnataka,,india_city,Duplicate / cannibalizing risk,/materials/aluminium-6082-supplier-india.html,Hold unless Search Console shows demand
Aluminium,Aluminium 6082,plates,Peenya,Karnataka,,india_city,Duplicate / cannibalizing risk,/materials/aluminium-6082-supplier-india.html,Hold unless Search Console shows demand
Aluminium,Aluminium 6082,plates,Bommasandra,Karnataka,,india_city,Duplicate / cannibalizing risk,/materials/aluminium-6082-supplier-india.html,Hold unless Search Console shows demand
Aluminium,Aluminium 6082,plates,Mysuru,Karnataka,,india_city,Not recommended,/materials/aluminium-6082-supplier-india.html,Do not create
Aluminium,Aluminium 6082,plates,Mangaluru,Karnataka,,india_city,Not recommended,/materials/aluminium-6082-supplier-india.html,Do not create
Aluminium,Aluminium 6082,plates,Hyderabad,Telangana,,india_city,Duplicate / cannibalizing risk,/materials/aluminium-6082-supplier-india.html,Hold unless Search Console shows demand
Aluminium,Aluminium 6082,plates,Secunderabad,Telangana,,india_city,Duplicate / cannibalizing risk,/materials/aluminium-6082-supplier-india.html,Hold unless Search Console shows demand
Aluminium,Aluminium 6082,plates,Kakinada,Andhra Pradesh,,india_city,Not recommended,/materials/aluminium-6082-supplier-india.html,Do not create
Aluminium,Aluminium 6082,plates,Vijayawada,Andhra Pradesh,,india_city,Not recommended,/materials/aluminium-6082-supplier-india.html,Do not create
Aluminium,Aluminium 6082,plates,Delhi,Delhi NCR,,india_city,Duplicate / cannibalizing risk,/materials/aluminium-6082-supplier-india.html,Hold unless Search Console shows demand
Aluminium,Aluminium 6082,plates,Faridabad,Haryana,,india_city,Duplicate / cannibalizing risk,/materials/aluminium-6082-supplier-india.html,Hold unless Search Console shows demand
Aluminium,Aluminium 6082,plates,Greater Noida,Uttar Pradesh,,india_city,Not recommended,/materials/aluminium-6082-supplier-india.html,Do not create
Aluminium,Aluminium 6082,plates,Ghaziabad,Uttar Pradesh,,india_city,Not recommended,/materials/aluminium-6082-supplier-india.html,Do not create
Aluminium,Aluminium 6082,plates,Bhiwadi,Rajasthan,,india_city,Not recommended,/materials/aluminium-6082-supplier-india.html,Do not create
Aluminium,Aluminium 6082,plates,Neemrana,Rajasthan,,india_city,Not recommended,/materials/aluminium-6082-supplier-india.html,Do not create
Aluminium,Aluminium 6082,plates,Jaipur,Rajasthan,,india_city,Not recommended,/materials/aluminium-6082-supplier-india.html,Do not create
Aluminium,Aluminium 6082,plates,Indore,Madhya Pradesh,,india_city,Not recommended,/materials/aluminium-6082-supplier-india.html,Do not create
Aluminium,Aluminium 6082,plates,Pithampur,Madhya Pradesh,,india_city,Not recommended,/materials/aluminium-6082-supplier-india.html,Do not create
Aluminium,Aluminium 6082,plates,Bhopal / Mandideep,Madhya Pradesh,,india_city,Not recommended,/materials/aluminium-6082-supplier-india.html,Do not create
Aluminium,Aluminium 6082,plates,Kolkata,West Bengal,,india_city,Not recommended,/materials/aluminium-6082-supplier-india.html,Do not create
Aluminium,Aluminium 6082,plates,Howrah,West Bengal,,india_city,Not recommended,/materials/aluminium-6082-supplier-india.html,Do not create
Aluminium,Aluminium 6082,plates,Durgapur,West Bengal,,india_city,Not recommended,/materials/aluminium-6082-supplier-india.html,Do not create
Aluminium,Aluminium 6082,plates,Jamshedpur,Jharkhand,,india_city,Not recommended,/materials/aluminium-6082-supplier-india.html,Do not create
Aluminium,Aluminium 6082,plates,Ludhiana,Punjab,,india_city,Not recommended,/materials/aluminium-6082-supplier-india.html,Do not create
Aluminium,Aluminium 6082,plates,Jalandhar,Punjab,,india_city,Missing but low value,/materials/aluminium-6082-supplier-india.html,Do not create in final batch
Aluminium,Aluminium 6082,plates,Kochi,Kerala,,india_city,Missing but low value,/materials/aluminium-6082-supplier-india.html,Do not create in final batch
Aluminium,Aluminium 6082,plates,Bhubaneswar,Odisha,,india_city,Not recommended,/materials/aluminium-6082-supplier-india.html,Do not create
Aluminium,Aluminium 6082,plates,Rourkela,Odisha,,india_city,Not recommended,/materials/aluminium-6082-supplier-india.html,Do not create
Aluminium,Aluminium 6082,rods,Mumbai,Maharashtra,,india_city,Duplicate / cannibalizing risk,/materials/aluminium-6082-supplier-india.html,Hold unless Search Console shows demand
Aluminium,Aluminium 6082,rods,Navi Mumbai,Maharashtra,,india_city,Duplicate / cannibalizing risk,/materials/aluminium-6082-supplier-india.html,Hold unless Search Console shows demand
Aluminium,Aluminium 6082,rods,Thane,Maharashtra,,india_city,Not recommended,/materials/aluminium-6082-supplier-india.html,Do not create
Aluminium,Aluminium 6082,rods,Pune,Maharashtra,,india_city,Duplicate / cannibalizing risk,/materials/aluminium-6082-supplier-india.html,Hold unless Search Console shows demand
Aluminium,Aluminium 6082,rods,Nashik,Maharashtra,,india_city,Not recommended,/materials/aluminium-6082-supplier-india.html,Do not create
Aluminium,Aluminium 6082,rods,Chhatrapati Sambhajinagar / Aurangabad,Maharashtra,,india_city,Not recommended,/materials/aluminium-6082-supplier-india.html,Do not create
Aluminium,Aluminium 6082,rods,Nagpur / Butibori,Maharashtra,,india_city,Not recommended,/materials/aluminium-6082-supplier-india.html,Do not create
Aluminium,Aluminium 6082,rods,Ahmedabad,Gujarat,,india_city,Duplicate / cannibalizing risk,/materials/aluminium-6082-supplier-india.html,Hold unless Search Console shows demand
Aluminium,Aluminium 6082,rods,Vadodara,Gujarat,,india_city,Duplicate / cannibalizing risk,/materials/aluminium-6082-supplier-india.html,Hold unless Search Console shows demand
Aluminium,Aluminium 6082,rods,Hazira,Gujarat,,india_city,Not recommended,/materials/aluminium-6082-supplier-india.html,Do not create
Aluminium,Aluminium 6082,rods,Rajkot,Gujarat,,india_city,Not recommended,/materials/aluminium-6082-supplier-india.html,Do not create
Aluminium,Aluminium 6082,rods,Jamnagar,Gujarat,,india_city,Not recommended,/materials/aluminium-6082-supplier-india.html,Do not create
Aluminium,Aluminium 6082,rods,Chennai,Tamil Nadu,,india_city,Duplicate / cannibalizing risk,/materials/aluminium-6082-supplier-india.html,Hold unless Search Console shows demand
Aluminium,Aluminium 6082,rods,Sriperumbudur,Tamil Nadu,,india_city,Not recommended,/materials/aluminium-6082-supplier-india.html,Do not create
Aluminium,Aluminium 6082,rods,Oragadam,Tamil Nadu,,india_city,Not recommended,/materials/aluminium-6082-supplier-india.html,Do not create
Aluminium,Aluminium 6082,rods,Coimbatore,Tamil Nadu,,india_city,Duplicate / cannibalizing risk,/materials/aluminium-6082-supplier-india.html,Hold unless Search Console shows demand
Aluminium,Aluminium 6082,rods,Hosur,Tamil Nadu,,india_city,Not recommended,/materials/aluminium-6082-supplier-india.html,Do not create
Aluminium,Aluminium 6082,rods,Salem,Tamil Nadu,,india_city,Not recommended,/materials/aluminium-6082-supplier-india.html,Do not create
Aluminium,Aluminium 6082,rods,Trichy,Tamil Nadu,,india_city,Not recommended,/materials/aluminium-6082-supplier-india.html,Do not create
Aluminium,Aluminium 6082,rods,Bengaluru,Karnataka,,india_city,Duplicate / cannibalizing risk,/materials/aluminium-6082-supplier-india.html,Hold unless Search Console shows demand
Aluminium,Aluminium 6082,rods,Peenya,Karnataka,,india_city,Duplicate / cannibalizing risk,/materials/aluminium-6082-supplier-india.html,Hold unless Search Console shows demand
Aluminium,Aluminium 6082,rods,Bommasandra,Karnataka,,india_city,Duplicate / cannibalizing risk,/materials/aluminium-6082-supplier-india.html,Hold unless Search Console shows demand
Aluminium,Aluminium 6082,rods,Mysuru,Karnataka,,india_city,Not recommended,/materials/aluminium-6082-supplier-india.html,Do not create
Aluminium,Aluminium 6082,rods,Mangaluru,Karnataka,,india_city,Not recommended,/materials/aluminium-6082-supplier-india.html,Do not create
Aluminium,Aluminium 6082,rods,Hyderabad,Telangana,,india_city,Duplicate / cannibalizing risk,/materials/aluminium-6082-supplier-india.html,Hold unless Search Console shows demand
Aluminium,Aluminium 6082,rods,Secunderabad,Telangana,,india_city,Duplicate / cannibalizing risk,/materials/aluminium-6082-supplier-india.html,Hold unless Search Console shows demand
Aluminium,Aluminium 6082,rods,Kakinada,Andhra Pradesh,,india_city,Not recommended,/materials/aluminium-6082-supplier-india.html,Do not create
Aluminium,Aluminium 6082,rods,Vijayawada,Andhra Pradesh,,india_city,Not recommended,/materials/aluminium-6082-supplier-india.html,Do not create
Aluminium,Aluminium 6082,rods,Delhi,Delhi NCR,,india_city,Duplicate / cannibalizing risk,/materials/aluminium-6082-supplier-india.html,Hold unless Search Console shows demand
Aluminium,Aluminium 6082,rods,Faridabad,Haryana,,india_city,Duplicate / cannibalizing risk,/materials/aluminium-6082-supplier-india.html,Hold unless Search Console shows demand
Aluminium,Aluminium 6082,rods,Greater Noida,Uttar Pradesh,,india_city,Not recommended,/materials/aluminium-6082-supplier-india.html,Do not create
Aluminium,Aluminium 6082,rods,Ghaziabad,Uttar Pradesh,,india_city,Not recommended,/materials/aluminium-6082-supplier-india.html,Do not create
Aluminium,Aluminium 6082,rods,Bhiwadi,Rajasthan,,india_city,Not recommended,/materials/aluminium-6082-supplier-india.html,Do not create
Aluminium,Aluminium 6082,rods,Neemrana,Rajasthan,,india_city,Not recommended,/materials/aluminium-6082-supplier-india.html,Do not create
Aluminium,Aluminium 6082,rods,Jaipur,Rajasthan,,india_city,Not recommended,/materials/aluminium-6082-supplier-india.html,Do not create
Aluminium,Aluminium 6082,rods,Indore,Madhya Pradesh,,india_city,Not recommended,/materials/aluminium-6082-supplier-india.html,Do not create
Aluminium,Aluminium 6082,rods,Pithampur,Madhya Pradesh,,india_city,Not recommended,/materials/aluminium-6082-supplier-india.html,Do not create
Aluminium,Aluminium 6082,rods,Bhopal / Mandideep,Madhya Pradesh,,india_city,Not recommended,/materials/aluminium-6082-supplier-india.html,Do not create
Aluminium,Aluminium 6082,rods,Kolkata,West Bengal,,india_city,Not recommended,/materials/aluminium-6082-supplier-india.html,Do not create
Aluminium,Aluminium 6082,rods,Howrah,West Bengal,,india_city,Not recommended,/materials/aluminium-6082-supplier-india.html,Do not create
Aluminium,Aluminium 6082,rods,Durgapur,West Bengal,,india_city,Not recommended,/materials/aluminium-6082-supplier-india.html,Do not create
Aluminium,Aluminium 6082,rods,Jamshedpur,Jharkhand,,india_city,Not recommended,/materials/aluminium-6082-supplier-india.html,Do not create
Aluminium,Aluminium 6082,rods,Ludhiana,Punjab,,india_city,Not recommended,/materials/aluminium-6082-supplier-india.html,Do not create
Aluminium,Aluminium 6082,rods,Jalandhar,Punjab,,india_city,Missing but low value,/materials/aluminium-6082-supplier-india.html,Do not create in final batch
Aluminium,Aluminium 6082,rods,Kochi,Kerala,,india_city,Missing but low value,/materials/aluminium-6082-supplier-india.html,Do not create in final batch
Aluminium,Aluminium 6082,rods,Bhubaneswar,Odisha,,india_city,Not recommended,/materials/aluminium-6082-supplier-india.html,Do not create
Aluminium,Aluminium 6082,rods,Rourkela,Odisha,,india_city,Not recommended,/materials/aluminium-6082-supplier-india.html,Do not create
Aluminium,Aluminium 6082,flats,Mumbai,Maharashtra,,india_city,Duplicate / cannibalizing risk,/materials/aluminium-6082-supplier-india.html,Hold unless Search Console shows demand
Aluminium,Aluminium 6082,flats,Navi Mumbai,Maharashtra,,india_city,Duplicate / cannibalizing risk,/materials/aluminium-6082-supplier-india.html,Hold unless Search Console shows demand
Aluminium,Aluminium 6082,flats,Thane,Maharashtra,,india_city,Not recommended,/materials/aluminium-6082-supplier-india.html,Do not create
Aluminium,Aluminium 6082,flats,Pune,Maharashtra,,india_city,Duplicate / cannibalizing risk,/materials/aluminium-6082-supplier-india.html,Hold unless Search Console shows demand
Aluminium,Aluminium 6082,flats,Nashik,Maharashtra,,india_city,Not recommended,/materials/aluminium-6082-supplier-india.html,Do not create
Aluminium,Aluminium 6082,flats,Chhatrapati Sambhajinagar / Aurangabad,Maharashtra,,india_city,Not recommended,/materials/aluminium-6082-supplier-india.html,Do not create
Aluminium,Aluminium 6082,flats,Nagpur / Butibori,Maharashtra,,india_city,Not recommended,/materials/aluminium-6082-supplier-india.html,Do not create
Aluminium,Aluminium 6082,flats,Ahmedabad,Gujarat,,india_city,Duplicate / cannibalizing risk,/materials/aluminium-6082-supplier-india.html,Hold unless Search Console shows demand
Aluminium,Aluminium 6082,flats,Vadodara,Gujarat,,india_city,Duplicate / cannibalizing risk,/materials/aluminium-6082-supplier-india.html,Hold unless Search Console shows demand
Aluminium,Aluminium 6082,flats,Hazira,Gujarat,,india_city,Not recommended,/materials/aluminium-6082-supplier-india.html,Do not create
Aluminium,Aluminium 6082,flats,Rajkot,Gujarat,,india_city,Not recommended,/materials/aluminium-6082-supplier-india.html,Do not create
Aluminium,Aluminium 6082,flats,Jamnagar,Gujarat,,india_city,Not recommended,/materials/aluminium-6082-supplier-india.html,Do not create
Aluminium,Aluminium 6082,flats,Chennai,Tamil Nadu,,india_city,Duplicate / cannibalizing risk,/materials/aluminium-6082-supplier-india.html,Hold unless Search Console shows demand
Aluminium,Aluminium 6082,flats,Sriperumbudur,Tamil Nadu,,india_city,Not recommended,/materials/aluminium-6082-supplier-india.html,Do not create
Aluminium,Aluminium 6082,flats,Oragadam,Tamil Nadu,,india_city,Not recommended,/materials/aluminium-6082-supplier-india.html,Do not create
Aluminium,Aluminium 6082,flats,Coimbatore,Tamil Nadu,,india_city,Duplicate / cannibalizing risk,/materials/aluminium-6082-supplier-india.html,Hold unless Search Console shows demand
Aluminium,Aluminium 6082,flats,Hosur,Tamil Nadu,,india_city,Not recommended,/materials/aluminium-6082-supplier-india.html,Do not create
Aluminium,Aluminium 6082,flats,Salem,Tamil Nadu,,india_city,Not recommended,/materials/aluminium-6082-supplier-india.html,Do not create
Aluminium,Aluminium 6082,flats,Trichy,Tamil Nadu,,india_city,Not recommended,/materials/aluminium-6082-supplier-india.html,Do not create
Aluminium,Aluminium 6082,flats,Bengaluru,Karnataka,,india_city,Duplicate / cannibalizing risk,/materials/aluminium-6082-supplier-india.html,Hold unless Search Console shows demand
Aluminium,Aluminium 6082,flats,Peenya,Karnataka,,india_city,Duplicate / cannibalizing risk,/materials/aluminium-6082-supplier-india.html,Hold unless Search Console shows demand
Aluminium,Aluminium 6082,flats,Bommasandra,Karnataka,,india_city,Duplicate / cannibalizing risk,/materials/aluminium-6082-supplier-india.html,Hold unless Search Console shows demand
Aluminium,Aluminium 6082,flats,Mysuru,Karnataka,,india_city,Not recommended,/materials/aluminium-6082-supplier-india.html,Do not create
Aluminium,Aluminium 6082,flats,Mangaluru,Karnataka,,india_city,Not recommended,/materials/aluminium-6082-supplier-india.html,Do not create
Aluminium,Aluminium 6082,flats,Hyderabad,Telangana,,india_city,Duplicate / cannibalizing risk,/materials/aluminium-6082-supplier-india.html,Hold unless Search Console shows demand
Aluminium,Aluminium 6082,flats,Secunderabad,Telangana,,india_city,Duplicate / cannibalizing risk,/materials/aluminium-6082-supplier-india.html,Hold unless Search Console shows demand
Aluminium,Aluminium 6082,flats,Kakinada,Andhra Pradesh,,india_city,Not recommended,/materials/aluminium-6082-supplier-india.html,Do not create
Aluminium,Aluminium 6082,flats,Vijayawada,Andhra Pradesh,,india_city,Not recommended,/materials/aluminium-6082-supplier-india.html,Do not create
Aluminium,Aluminium 6082,flats,Delhi,Delhi NCR,,india_city,Duplicate / cannibalizing risk,/materials/aluminium-6082-supplier-india.html,Hold unless Search Console shows demand
Aluminium,Aluminium 6082,flats,Faridabad,Haryana,,india_city,Duplicate / cannibalizing risk,/materials/aluminium-6082-supplier-india.html,Hold unless Search Console shows demand
Aluminium,Aluminium 6082,flats,Greater Noida,Uttar Pradesh,,india_city,Not recommended,/materials/aluminium-6082-supplier-india.html,Do not create
Aluminium,Aluminium 6082,flats,Ghaziabad,Uttar Pradesh,,india_city,Not recommended,/materials/aluminium-6082-supplier-india.html,Do not create
Aluminium,Aluminium 6082,flats,Bhiwadi,Rajasthan,,india_city,Not recommended,/materials/aluminium-6082-supplier-india.html,Do not create
Aluminium,Aluminium 6082,flats,Neemrana,Rajasthan,,india_city,Not recommended,/materials/aluminium-6082-supplier-india.html,Do not create
Aluminium,Aluminium 6082,flats,Jaipur,Rajasthan,,india_city,Not recommended,/materials/aluminium-6082-supplier-india.html,Do not create
Aluminium,Aluminium 6082,flats,Indore,Madhya Pradesh,,india_city,Not recommended,/materials/aluminium-6082-supplier-india.html,Do not create
Aluminium,Aluminium 6082,flats,Pithampur,Madhya Pradesh,,india_city,Not recommended,/materials/aluminium-6082-supplier-india.html,Do not create
Aluminium,Aluminium 6082,flats,Bhopal / Mandideep,Madhya Pradesh,,india_city,Not recommended,/materials/aluminium-6082-supplier-india.html,Do not create
Aluminium,Aluminium 6082,flats,Kolkata,West Bengal,,india_city,Not recommended,/materials/aluminium-6082-supplier-india.html,Do not create
Aluminium,Aluminium 6082,flats,Howrah,West Bengal,,india_city,Not recommended,/materials/aluminium-6082-supplier-india.html,Do not create
Aluminium,Aluminium 6082,flats,Durgapur,West Bengal,,india_city,Not recommended,/materials/aluminium-6082-supplier-india.html,Do not create
Aluminium,Aluminium 6082,flats,Jamshedpur,Jharkhand,,india_city,Not recommended,/materials/aluminium-6082-supplier-india.html,Do not create
Aluminium,Aluminium 6082,flats,Ludhiana,Punjab,,india_city,Not recommended,/materials/aluminium-6082-supplier-india.html,Do not create
Aluminium,Aluminium 6082,flats,Jalandhar,Punjab,,india_city,Missing but low value,/materials/aluminium-6082-supplier-india.html,Do not create in final batch
Aluminium,Aluminium 6082,flats,Kochi,Kerala,,india_city,Missing but low value,/materials/aluminium-6082-supplier-india.html,Do not create in final batch
Aluminium,Aluminium 6082,flats,Bhubaneswar,Odisha,,india_city,Not recommended,/materials/aluminium-6082-supplier-india.html,Do not create
Aluminium,Aluminium 6082,flats,Rourkela,Odisha,,india_city,Not recommended,/materials/aluminium-6082-supplier-india.html,Do not create
Aluminium,Aluminium 6082,tubes,Mumbai,Maharashtra,,india_city,Duplicate / cannibalizing risk,/materials/aluminium-6082-supplier-india.html,Hold unless Search Console shows demand
Aluminium,Aluminium 6082,tubes,Navi Mumbai,Maharashtra,,india_city,Duplicate / cannibalizing risk,/materials/aluminium-6082-supplier-india.html,Hold unless Search Console shows demand
Aluminium,Aluminium 6082,tubes,Thane,Maharashtra,,india_city,Missing but low value,/materials/aluminium-6082-supplier-india.html,Do not create in final batch
Aluminium,Aluminium 6082,tubes,Pune,Maharashtra,,india_city,Duplicate / cannibalizing risk,/materials/aluminium-6082-supplier-india.html,Hold unless Search Console shows demand
Aluminium,Aluminium 6082,tubes,Chakan,Maharashtra,,india_city,Not recommended,/materials/aluminium-6082-supplier-india.html,Do not create
Aluminium,Aluminium 6082,tubes,PCMC,Maharashtra,,india_city,Not recommended,/materials/aluminium-6082-supplier-india.html,Do not create
Aluminium,Aluminium 6082,tubes,Nashik,Maharashtra,,india_city,Missing but low value,/materials/aluminium-6082-supplier-india.html,Do not create in final batch
Aluminium,Aluminium 6082,tubes,Chhatrapati Sambhajinagar / Aurangabad,Maharashtra,,india_city,Missing but low value,/materials/aluminium-6082-supplier-india.html,Do not create in final batch
Aluminium,Aluminium 6082,tubes,Nagpur / Butibori,Maharashtra,,india_city,Missing but low value,/materials/aluminium-6082-supplier-india.html,Do not create in final batch
Aluminium,Aluminium 6082,tubes,Ahmedabad,Gujarat,,india_city,Duplicate / cannibalizing risk,/materials/aluminium-6082-supplier-india.html,Hold unless Search Console shows demand
Aluminium,Aluminium 6082,tubes,Sanand,Gujarat,,india_city,Not recommended,/materials/aluminium-6082-supplier-india.html,Do not create
Aluminium,Aluminium 6082,tubes,Vadodara,Gujarat,,india_city,Duplicate / cannibalizing risk,/materials/aluminium-6082-supplier-india.html,Hold unless Search Console shows demand
Aluminium,Aluminium 6082,tubes,Surat,Gujarat,,india_city,Not recommended,/materials/aluminium-6082-supplier-india.html,Do not create
Aluminium,Aluminium 6082,tubes,Hazira,Gujarat,,india_city,Missing but low value,/materials/aluminium-6082-supplier-india.html,Do not create in final batch
Aluminium,Aluminium 6082,tubes,Ankleshwar,Gujarat,,india_city,Not recommended,/materials/aluminium-6082-supplier-india.html,Do not create
Aluminium,Aluminium 6082,tubes,Bharuch,Gujarat,,india_city,Not recommended,/materials/aluminium-6082-supplier-india.html,Do not create
Aluminium,Aluminium 6082,tubes,Vapi,Gujarat,,india_city,Not recommended,/materials/aluminium-6082-supplier-india.html,Do not create
Aluminium,Aluminium 6082,tubes,Rajkot,Gujarat,,india_city,Missing but low value,/materials/aluminium-6082-supplier-india.html,Do not create in final batch
Aluminium,Aluminium 6082,tubes,Jamnagar,Gujarat,,india_city,Missing but low value,/materials/aluminium-6082-supplier-india.html,Do not create in final batch
Aluminium,Aluminium 6082,tubes,Chennai,Tamil Nadu,,india_city,Duplicate / cannibalizing risk,/materials/aluminium-6082-supplier-india.html,Hold unless Search Console shows demand
Aluminium,Aluminium 6082,tubes,Sriperumbudur,Tamil Nadu,,india_city,Missing but low value,/materials/aluminium-6082-supplier-india.html,Do not create in final batch
Aluminium,Aluminium 6082,tubes,Oragadam,Tamil Nadu,,india_city,Missing but low value,/materials/aluminium-6082-supplier-india.html,Do not create in final batch
Aluminium,Aluminium 6082,tubes,Coimbatore,Tamil Nadu,,india_city,Duplicate / cannibalizing risk,/materials/aluminium-6082-supplier-india.html,Hold unless Search Console shows demand
Aluminium,Aluminium 6082,tubes,Hosur,Tamil Nadu,,india_city,Missing but low value,/materials/aluminium-6082-supplier-india.html,Do not create in final batch
Aluminium,Aluminium 6082,tubes,Salem,Tamil Nadu,,india_city,Missing but low value,/materials/aluminium-6082-supplier-india.html,Do not create in final batch
Aluminium,Aluminium 6082,tubes,Trichy,Tamil Nadu,,india_city,Missing but low value,/materials/aluminium-6082-supplier-india.html,Do not create in final batch
Aluminium,Aluminium 6082,tubes,Bengaluru,Karnataka,,india_city,Duplicate / cannibalizing risk,/materials/aluminium-6082-supplier-india.html,Hold unless Search Console shows demand
Aluminium,Aluminium 6082,tubes,Peenya,Karnataka,,india_city,Duplicate / cannibalizing risk,/materials/aluminium-6082-supplier-india.html,Hold unless Search Console shows demand
Aluminium,Aluminium 6082,tubes,Bommasandra,Karnataka,,india_city,Duplicate / cannibalizing risk,/materials/aluminium-6082-supplier-india.html,Hold unless Search Console shows demand
Aluminium,Aluminium 6082,tubes,Mysuru,Karnataka,,india_city,Missing but low value,/materials/aluminium-6082-supplier-india.html,Do not create in final batch
Aluminium,Aluminium 6082,tubes,Mangaluru,Karnataka,,india_city,Missing but low value,/materials/aluminium-6082-supplier-india.html,Do not create in final batch
Aluminium,Aluminium 6082,tubes,Hyderabad,Telangana,,india_city,Duplicate / cannibalizing risk,/materials/aluminium-6082-supplier-india.html,Hold unless Search Console shows demand
Aluminium,Aluminium 6082,tubes,Secunderabad,Telangana,,india_city,Duplicate / cannibalizing risk,/materials/aluminium-6082-supplier-india.html,Hold unless Search Console shows demand
Aluminium,Aluminium 6082,tubes,Visakhapatnam,Andhra Pradesh,,india_city,Not recommended,/materials/aluminium-6082-supplier-india.html,Do not create
Aluminium,Aluminium 6082,tubes,Kakinada,Andhra Pradesh,,india_city,Missing but low value,/materials/aluminium-6082-supplier-india.html,Do not create in final batch
Aluminium,Aluminium 6082,tubes,Vijayawada,Andhra Pradesh,,india_city,Missing but low value,/materials/aluminium-6082-supplier-india.html,Do not create in final batch
Aluminium,Aluminium 6082,tubes,Delhi,Delhi NCR,,india_city,Duplicate / cannibalizing risk,/materials/aluminium-6082-supplier-india.html,Hold unless Search Console shows demand
Aluminium,Aluminium 6082,tubes,Gurugram,Haryana,,india_city,Not recommended,/materials/aluminium-6082-supplier-india.html,Do not create
Aluminium,Aluminium 6082,tubes,Faridabad,Haryana,,india_city,Duplicate / cannibalizing risk,/materials/aluminium-6082-supplier-india.html,Hold unless Search Console shows demand
Aluminium,Aluminium 6082,tubes,Noida,Uttar Pradesh,,india_city,Not recommended,/materials/aluminium-6082-supplier-india.html,Do not create
Aluminium,Aluminium 6082,tubes,Greater Noida,Uttar Pradesh,,india_city,Missing but low value,/materials/aluminium-6082-supplier-india.html,Do not create in final batch
Aluminium,Aluminium 6082,tubes,Ghaziabad,Uttar Pradesh,,india_city,Missing but low value,/materials/aluminium-6082-supplier-india.html,Do not create in final batch
Aluminium,Aluminium 6082,tubes,Bhiwadi,Rajasthan,,india_city,Missing but low value,/materials/aluminium-6082-supplier-india.html,Do not create in final batch
Aluminium,Aluminium 6082,tubes,Neemrana,Rajasthan,,india_city,Missing but low value,/materials/aluminium-6082-supplier-india.html,Do not create in final batch
Aluminium,Aluminium 6082,tubes,Jaipur,Rajasthan,,india_city,Missing but low value,/materials/aluminium-6082-supplier-india.html,Do not create in final batch
Aluminium,Aluminium 6082,tubes,Indore,Madhya Pradesh,,india_city,Missing but low value,/materials/aluminium-6082-supplier-india.html,Do not create in final batch
Aluminium,Aluminium 6082,tubes,Pithampur,Madhya Pradesh,,india_city,Missing but low value,/materials/aluminium-6082-supplier-india.html,Do not create in final batch
Aluminium,Aluminium 6082,tubes,Bhopal / Mandideep,Madhya Pradesh,,india_city,Missing but low value,/materials/aluminium-6082-supplier-india.html,Do not create in final batch
Aluminium,Aluminium 6082,tubes,Kolkata,West Bengal,,india_city,Missing but low value,/materials/aluminium-6082-supplier-india.html,Do not create in final batch
Aluminium,Aluminium 6082,tubes,Howrah,West Bengal,,india_city,Missing but low value,/materials/aluminium-6082-supplier-india.html,Do not create in final batch
Aluminium,Aluminium 6082,tubes,Durgapur,West Bengal,,india_city,Missing but low value,/materials/aluminium-6082-supplier-india.html,Do not create in final batch
Aluminium,Aluminium 6082,tubes,Jamshedpur,Jharkhand,,india_city,Missing but low value,/materials/aluminium-6082-supplier-india.html,Do not create in final batch
Aluminium,Aluminium 6082,tubes,Ludhiana,Punjab,,india_city,Missing but low value,/materials/aluminium-6082-supplier-india.html,Do not create in final batch
Aluminium,Aluminium 6082,tubes,Jalandhar,Punjab,,india_city,Missing but low value,/materials/aluminium-6082-supplier-india.html,Do not create in final batch
Aluminium,Aluminium 6082,tubes,Kochi,Kerala,,india_city,Missing but low value,/materials/aluminium-6082-supplier-india.html,Do not create in final batch
Aluminium,Aluminium 6082,tubes,Bhubaneswar,Odisha,,india_city,Missing but low value,/materials/aluminium-6082-supplier-india.html,Do not create in final batch
Aluminium,Aluminium 6082,tubes,Rourkela,Odisha,,india_city,Missing but low value,/materials/aluminium-6082-supplier-india.html,Do not create in final batch
Aluminium,Aluminium 6082,flanges,Mumbai,Maharashtra,,india_city,Duplicate / cannibalizing risk,/materials/aluminium-6082-supplier-india.html,Hold unless Search Console shows demand
Aluminium,Aluminium 6082,flanges,Navi Mumbai,Maharashtra,,india_city,Duplicate / cannibalizing risk,/materials/aluminium-6082-supplier-india.html,Hold unless Search Console shows demand
Aluminium,Aluminium 6082,flanges,Thane,Maharashtra,,india_city,Missing but low value,/materials/aluminium-6082-supplier-india.html,Do not create in final batch
Aluminium,Aluminium 6082,flanges,Pune,Maharashtra,,india_city,Duplicate / cannibalizing risk,/materials/aluminium-6082-supplier-india.html,Hold unless Search Console shows demand
Aluminium,Aluminium 6082,flanges,Chakan,Maharashtra,,india_city,Not recommended,/materials/aluminium-6082-supplier-india.html,Do not create
Aluminium,Aluminium 6082,flanges,PCMC,Maharashtra,,india_city,Not recommended,/materials/aluminium-6082-supplier-india.html,Do not create
Aluminium,Aluminium 6082,flanges,Nashik,Maharashtra,,india_city,Missing but low value,/materials/aluminium-6082-supplier-india.html,Do not create in final batch
Aluminium,Aluminium 6082,flanges,Chhatrapati Sambhajinagar / Aurangabad,Maharashtra,,india_city,Missing but low value,/materials/aluminium-6082-supplier-india.html,Do not create in final batch
Aluminium,Aluminium 6082,flanges,Nagpur / Butibori,Maharashtra,,india_city,Missing but low value,/materials/aluminium-6082-supplier-india.html,Do not create in final batch
Aluminium,Aluminium 6082,flanges,Ahmedabad,Gujarat,,india_city,Duplicate / cannibalizing risk,/materials/aluminium-6082-supplier-india.html,Hold unless Search Console shows demand
Aluminium,Aluminium 6082,flanges,Sanand,Gujarat,,india_city,Not recommended,/materials/aluminium-6082-supplier-india.html,Do not create
Aluminium,Aluminium 6082,flanges,Vadodara,Gujarat,,india_city,Duplicate / cannibalizing risk,/materials/aluminium-6082-supplier-india.html,Hold unless Search Console shows demand
Aluminium,Aluminium 6082,flanges,Surat,Gujarat,,india_city,Not recommended,/materials/aluminium-6082-supplier-india.html,Do not create
Aluminium,Aluminium 6082,flanges,Hazira,Gujarat,,india_city,Missing but low value,/materials/aluminium-6082-supplier-india.html,Do not create in final batch
Aluminium,Aluminium 6082,flanges,Ankleshwar,Gujarat,,india_city,Not recommended,/materials/aluminium-6082-supplier-india.html,Do not create
Aluminium,Aluminium 6082,flanges,Bharuch,Gujarat,,india_city,Not recommended,/materials/aluminium-6082-supplier-india.html,Do not create
Aluminium,Aluminium 6082,flanges,Vapi,Gujarat,,india_city,Not recommended,/materials/aluminium-6082-supplier-india.html,Do not create
Aluminium,Aluminium 6082,flanges,Rajkot,Gujarat,,india_city,Missing but low value,/materials/aluminium-6082-supplier-india.html,Do not create in final batch
Aluminium,Aluminium 6082,flanges,Jamnagar,Gujarat,,india_city,Missing but low value,/materials/aluminium-6082-supplier-india.html,Do not create in final batch
Aluminium,Aluminium 6082,flanges,Chennai,Tamil Nadu,,india_city,Duplicate / cannibalizing risk,/materials/aluminium-6082-supplier-india.html,Hold unless Search Console shows demand
Aluminium,Aluminium 6082,flanges,Sriperumbudur,Tamil Nadu,,india_city,Missing but low value,/materials/aluminium-6082-supplier-india.html,Do not create in final batch
Aluminium,Aluminium 6082,flanges,Oragadam,Tamil Nadu,,india_city,Missing but low value,/materials/aluminium-6082-supplier-india.html,Do not create in final batch
Aluminium,Aluminium 6082,flanges,Coimbatore,Tamil Nadu,,india_city,Duplicate / cannibalizing risk,/materials/aluminium-6082-supplier-india.html,Hold unless Search Console shows demand
Aluminium,Aluminium 6082,flanges,Hosur,Tamil Nadu,,india_city,Missing but low value,/materials/aluminium-6082-supplier-india.html,Do not create in final batch
Aluminium,Aluminium 6082,flanges,Salem,Tamil Nadu,,india_city,Missing but low value,/materials/aluminium-6082-supplier-india.html,Do not create in final batch
Aluminium,Aluminium 6082,flanges,Trichy,Tamil Nadu,,india_city,Missing but low value,/materials/aluminium-6082-supplier-india.html,Do not create in final batch
Aluminium,Aluminium 6082,flanges,Bengaluru,Karnataka,,india_city,Duplicate / cannibalizing risk,/materials/aluminium-6082-supplier-india.html,Hold unless Search Console shows demand
Aluminium,Aluminium 6082,flanges,Peenya,Karnataka,,india_city,Duplicate / cannibalizing risk,/materials/aluminium-6082-supplier-india.html,Hold unless Search Console shows demand
Aluminium,Aluminium 6082,flanges,Bommasandra,Karnataka,,india_city,Duplicate / cannibalizing risk,/materials/aluminium-6082-supplier-india.html,Hold unless Search Console shows demand
Aluminium,Aluminium 6082,flanges,Mysuru,Karnataka,,india_city,Missing but low value,/materials/aluminium-6082-supplier-india.html,Do not create in final batch
Aluminium,Aluminium 6082,flanges,Mangaluru,Karnataka,,india_city,Missing but low value,/materials/aluminium-6082-supplier-india.html,Do not create in final batch
Aluminium,Aluminium 6082,flanges,Hyderabad,Telangana,,india_city,Duplicate / cannibalizing risk,/materials/aluminium-6082-supplier-india.html,Hold unless Search Console shows demand
Aluminium,Aluminium 6082,flanges,Secunderabad,Telangana,,india_city,Duplicate / cannibalizing risk,/materials/aluminium-6082-supplier-india.html,Hold unless Search Console shows demand
Aluminium,Aluminium 6082,flanges,Visakhapatnam,Andhra Pradesh,,india_city,Not recommended,/materials/aluminium-6082-supplier-india.html,Do not create
Aluminium,Aluminium 6082,flanges,Kakinada,Andhra Pradesh,,india_city,Missing but low value,/materials/aluminium-6082-supplier-india.html,Do not create in final batch
Aluminium,Aluminium 6082,flanges,Vijayawada,Andhra Pradesh,,india_city,Missing but low value,/materials/aluminium-6082-supplier-india.html,Do not create in final batch
Aluminium,Aluminium 6082,flanges,Delhi,Delhi NCR,,india_city,Duplicate / cannibalizing risk,/materials/aluminium-6082-supplier-india.html,Hold unless Search Console shows demand
Aluminium,Aluminium 6082,flanges,Gurugram,Haryana,,india_city,Not recommended,/materials/aluminium-6082-supplier-india.html,Do not create
Aluminium,Aluminium 6082,flanges,Faridabad,Haryana,,india_city,Duplicate / cannibalizing risk,/materials/aluminium-6082-supplier-india.html,Hold unless Search Console shows demand
Aluminium,Aluminium 6082,flanges,Noida,Uttar Pradesh,,india_city,Not recommended,/materials/aluminium-6082-supplier-india.html,Do not create
Aluminium,Aluminium 6082,flanges,Greater Noida,Uttar Pradesh,,india_city,Missing but low value,/materials/aluminium-6082-supplier-india.html,Do not create in final batch
Aluminium,Aluminium 6082,flanges,Ghaziabad,Uttar Pradesh,,india_city,Missing but low value,/materials/aluminium-6082-supplier-india.html,Do not create in final batch
Aluminium,Aluminium 6082,flanges,Bhiwadi,Rajasthan,,india_city,Missing but low value,/materials/aluminium-6082-supplier-india.html,Do not create in final batch
Aluminium,Aluminium 6082,flanges,Neemrana,Rajasthan,,india_city,Missing but low value,/materials/aluminium-6082-supplier-india.html,Do not create in final batch
Aluminium,Aluminium 6082,flanges,Jaipur,Rajasthan,,india_city,Missing but low value,/materials/aluminium-6082-supplier-india.html,Do not create in final batch
Aluminium,Aluminium 6082,flanges,Indore,Madhya Pradesh,,india_city,Missing but low value,/materials/aluminium-6082-supplier-india.html,Do not create in final batch
Aluminium,Aluminium 6082,flanges,Pithampur,Madhya Pradesh,,india_city,Missing but low value,/materials/aluminium-6082-supplier-india.html,Do not create in final batch
Aluminium,Aluminium 6082,flanges,Bhopal / Mandideep,Madhya Pradesh,,india_city,Missing but low value,/materials/aluminium-6082-supplier-india.html,Do not create in final batch
Aluminium,Aluminium 6082,flanges,Kolkata,West Bengal,,india_city,Missing but low value,/materials/aluminium-6082-supplier-india.html,Do not create in final batch
Aluminium,Aluminium 6082,flanges,Howrah,West Bengal,,india_city,Missing but low value,/materials/aluminium-6082-supplier-india.html,Do not create in final batch
Aluminium,Aluminium 6082,flanges,Durgapur,West Bengal,,india_city,Missing but low value,/materials/aluminium-6082-supplier-india.html,Do not create in final batch
Aluminium,Aluminium 6082,flanges,Jamshedpur,Jharkhand,,india_city,Missing but low value,/materials/aluminium-6082-supplier-india.html,Do not create in final batch
Aluminium,Aluminium 6082,flanges,Ludhiana,Punjab,,india_city,Missing but low value,/materials/aluminium-6082-supplier-india.html,Do not create in final batch
Aluminium,Aluminium 6082,flanges,Jalandhar,Punjab,,india_city,Missing but low value,/materials/aluminium-6082-supplier-india.html,Do not create in final batch
Aluminium,Aluminium 6082,flanges,Kochi,Kerala,,india_city,Missing but low value,/materials/aluminium-6082-supplier-india.html,Do not create in final batch
Aluminium,Aluminium 6082,flanges,Bhubaneswar,Odisha,,india_city,Missing but low value,/materials/aluminium-6082-supplier-india.html,Do not create in final batch
Aluminium,Aluminium 6082,flanges,Rourkela,Odisha,,india_city,Missing but low value,/materials/aluminium-6082-supplier-india.html,Do not create in final batch
Aluminium,Aluminium 6082,fittings,Mumbai,Maharashtra,,india_city,Duplicate / cannibalizing risk,/materials/aluminium-6082-supplier-india.html,Hold unless Search Console shows demand
Aluminium,Aluminium 6082,fittings,Navi Mumbai,Maharashtra,,india_city,Duplicate / cannibalizing risk,/materials/aluminium-6082-supplier-india.html,Hold unless Search Console shows demand
Aluminium,Aluminium 6082,fittings,Thane,Maharashtra,,india_city,Missing but low value,/materials/aluminium-6082-supplier-india.html,Do not create in final batch
Aluminium,Aluminium 6082,fittings,Pune,Maharashtra,,india_city,Duplicate / cannibalizing risk,/materials/aluminium-6082-supplier-india.html,Hold unless Search Console shows demand
Aluminium,Aluminium 6082,fittings,Chakan,Maharashtra,,india_city,Not recommended,/materials/aluminium-6082-supplier-india.html,Do not create
Aluminium,Aluminium 6082,fittings,PCMC,Maharashtra,,india_city,Not recommended,/materials/aluminium-6082-supplier-india.html,Do not create
Aluminium,Aluminium 6082,fittings,Nashik,Maharashtra,,india_city,Missing but low value,/materials/aluminium-6082-supplier-india.html,Do not create in final batch
Aluminium,Aluminium 6082,fittings,Chhatrapati Sambhajinagar / Aurangabad,Maharashtra,,india_city,Missing but low value,/materials/aluminium-6082-supplier-india.html,Do not create in final batch
Aluminium,Aluminium 6082,fittings,Nagpur / Butibori,Maharashtra,,india_city,Missing but low value,/materials/aluminium-6082-supplier-india.html,Do not create in final batch
Aluminium,Aluminium 6082,fittings,Ahmedabad,Gujarat,,india_city,Duplicate / cannibalizing risk,/materials/aluminium-6082-supplier-india.html,Hold unless Search Console shows demand
Aluminium,Aluminium 6082,fittings,Sanand,Gujarat,,india_city,Not recommended,/materials/aluminium-6082-supplier-india.html,Do not create
Aluminium,Aluminium 6082,fittings,Vadodara,Gujarat,,india_city,Duplicate / cannibalizing risk,/materials/aluminium-6082-supplier-india.html,Hold unless Search Console shows demand
Aluminium,Aluminium 6082,fittings,Surat,Gujarat,,india_city,Not recommended,/materials/aluminium-6082-supplier-india.html,Do not create
Aluminium,Aluminium 6082,fittings,Hazira,Gujarat,,india_city,Missing but low value,/materials/aluminium-6082-supplier-india.html,Do not create in final batch
Aluminium,Aluminium 6082,fittings,Ankleshwar,Gujarat,,india_city,Not recommended,/materials/aluminium-6082-supplier-india.html,Do not create
Aluminium,Aluminium 6082,fittings,Bharuch,Gujarat,,india_city,Not recommended,/materials/aluminium-6082-supplier-india.html,Do not create
Aluminium,Aluminium 6082,fittings,Vapi,Gujarat,,india_city,Not recommended,/materials/aluminium-6082-supplier-india.html,Do not create
Aluminium,Aluminium 6082,fittings,Rajkot,Gujarat,,india_city,Missing but low value,/materials/aluminium-6082-supplier-india.html,Do not create in final batch
Aluminium,Aluminium 6082,fittings,Jamnagar,Gujarat,,india_city,Missing but low value,/materials/aluminium-6082-supplier-india.html,Do not create in final batch
Aluminium,Aluminium 6082,fittings,Chennai,Tamil Nadu,,india_city,Duplicate / cannibalizing risk,/materials/aluminium-6082-supplier-india.html,Hold unless Search Console shows demand
Aluminium,Aluminium 6082,fittings,Sriperumbudur,Tamil Nadu,,india_city,Missing but low value,/materials/aluminium-6082-supplier-india.html,Do not create in final batch
Aluminium,Aluminium 6082,fittings,Oragadam,Tamil Nadu,,india_city,Missing but low value,/materials/aluminium-6082-supplier-india.html,Do not create in final batch
Aluminium,Aluminium 6082,fittings,Coimbatore,Tamil Nadu,,india_city,Duplicate / cannibalizing risk,/materials/aluminium-6082-supplier-india.html,Hold unless Search Console shows demand
Aluminium,Aluminium 6082,fittings,Hosur,Tamil Nadu,,india_city,Missing but low value,/materials/aluminium-6082-supplier-india.html,Do not create in final batch
Aluminium,Aluminium 6082,fittings,Salem,Tamil Nadu,,india_city,Missing but low value,/materials/aluminium-6082-supplier-india.html,Do not create in final batch
Aluminium,Aluminium 6082,fittings,Trichy,Tamil Nadu,,india_city,Missing but low value,/materials/aluminium-6082-supplier-india.html,Do not create in final batch
Aluminium,Aluminium 6082,fittings,Bengaluru,Karnataka,,india_city,Duplicate / cannibalizing risk,/materials/aluminium-6082-supplier-india.html,Hold unless Search Console shows demand
Aluminium,Aluminium 6082,fittings,Peenya,Karnataka,,india_city,Duplicate / cannibalizing risk,/materials/aluminium-6082-supplier-india.html,Hold unless Search Console shows demand
Aluminium,Aluminium 6082,fittings,Bommasandra,Karnataka,,india_city,Duplicate / cannibalizing risk,/materials/aluminium-6082-supplier-india.html,Hold unless Search Console shows demand
Aluminium,Aluminium 6082,fittings,Mysuru,Karnataka,,india_city,Missing but low value,/materials/aluminium-6082-supplier-india.html,Do not create in final batch
Aluminium,Aluminium 6082,fittings,Mangaluru,Karnataka,,india_city,Missing but low value,/materials/aluminium-6082-supplier-india.html,Do not create in final batch
Aluminium,Aluminium 6082,fittings,Hyderabad,Telangana,,india_city,Duplicate / cannibalizing risk,/materials/aluminium-6082-supplier-india.html,Hold unless Search Console shows demand
Aluminium,Aluminium 6082,fittings,Secunderabad,Telangana,,india_city,Duplicate / cannibalizing risk,/materials/aluminium-6082-supplier-india.html,Hold unless Search Console shows demand
Aluminium,Aluminium 6082,fittings,Visakhapatnam,Andhra Pradesh,,india_city,Not recommended,/materials/aluminium-6082-supplier-india.html,Do not create
Aluminium,Aluminium 6082,fittings,Kakinada,Andhra Pradesh,,india_city,Missing but low value,/materials/aluminium-6082-supplier-india.html,Do not create in final batch
Aluminium,Aluminium 6082,fittings,Vijayawada,Andhra Pradesh,,india_city,Missing but low value,/materials/aluminium-6082-supplier-india.html,Do not create in final batch
Aluminium,Aluminium 6082,fittings,Delhi,Delhi NCR,,india_city,Duplicate / cannibalizing risk,/materials/aluminium-6082-supplier-india.html,Hold unless Search Console shows demand
Aluminium,Aluminium 6082,fittings,Gurugram,Haryana,,india_city,Not recommended,/materials/aluminium-6082-supplier-india.html,Do not create
Aluminium,Aluminium 6082,fittings,Faridabad,Haryana,,india_city,Duplicate / cannibalizing risk,/materials/aluminium-6082-supplier-india.html,Hold unless Search Console shows demand
Aluminium,Aluminium 6082,fittings,Noida,Uttar Pradesh,,india_city,Not recommended,/materials/aluminium-6082-supplier-india.html,Do not create
Aluminium,Aluminium 6082,fittings,Greater Noida,Uttar Pradesh,,india_city,Missing but low value,/materials/aluminium-6082-supplier-india.html,Do not create in final batch
Aluminium,Aluminium 6082,fittings,Ghaziabad,Uttar Pradesh,,india_city,Missing but low value,/materials/aluminium-6082-supplier-india.html,Do not create in final batch
Aluminium,Aluminium 6082,fittings,Bhiwadi,Rajasthan,,india_city,Missing but low value,/materials/aluminium-6082-supplier-india.html,Do not create in final batch
Aluminium,Aluminium 6082,fittings,Neemrana,Rajasthan,,india_city,Missing but low value,/materials/aluminium-6082-supplier-india.html,Do not create in final batch
Aluminium,Aluminium 6082,fittings,Jaipur,Rajasthan,,india_city,Missing but low value,/materials/aluminium-6082-supplier-india.html,Do not create in final batch
Aluminium,Aluminium 6082,fittings,Indore,Madhya Pradesh,,india_city,Missing but low value,/materials/aluminium-6082-supplier-india.html,Do not create in final batch
Aluminium,Aluminium 6082,fittings,Pithampur,Madhya Pradesh,,india_city,Missing but low value,/materials/aluminium-6082-supplier-india.html,Do not create in final batch
Aluminium,Aluminium 6082,fittings,Bhopal / Mandideep,Madhya Pradesh,,india_city,Missing but low value,/materials/aluminium-6082-supplier-india.html,Do not create in final batch
Aluminium,Aluminium 6082,fittings,Kolkata,West Bengal,,india_city,Missing but low value,/materials/aluminium-6082-supplier-india.html,Do not create in final batch
Aluminium,Aluminium 6082,fittings,Howrah,West Bengal,,india_city,Missing but low value,/materials/aluminium-6082-supplier-india.html,Do not create in final batch
Aluminium,Aluminium 6082,fittings,Durgapur,West Bengal,,india_city,Missing but low value,/materials/aluminium-6082-supplier-india.html,Do not create in final batch
Aluminium,Aluminium 6082,fittings,Jamshedpur,Jharkhand,,india_city,Missing but low value,/materials/aluminium-6082-supplier-india.html,Do not create in final batch
Aluminium,Aluminium 6082,fittings,Ludhiana,Punjab,,india_city,Missing but low value,/materials/aluminium-6082-supplier-india.html,Do not create in final batch
Aluminium,Aluminium 6082,fittings,Jalandhar,Punjab,,india_city,Missing but low value,/materials/aluminium-6082-supplier-india.html,Do not create in final batch
Aluminium,Aluminium 6082,fittings,Kochi,Kerala,,india_city,Missing but low value,/materials/aluminium-6082-supplier-india.html,Do not create in final batch
Aluminium,Aluminium 6082,fittings,Bhubaneswar,Odisha,,india_city,Missing but low value,/materials/aluminium-6082-supplier-india.html,Do not create in final batch
Aluminium,Aluminium 6082,fittings,Rourkela,Odisha,,india_city,Missing but low value,/materials/aluminium-6082-supplier-india.html,Do not create in final batch
Aluminium,Aluminium 5083,sheets,Mumbai,Maharashtra,,india_city,Duplicate / cannibalizing risk,/materials/aluminium-5083-supplier-india.html,Hold unless Search Console shows demand
Aluminium,Aluminium 5083,sheets,Navi Mumbai,Maharashtra,,india_city,Duplicate / cannibalizing risk,/materials/aluminium-5083-supplier-india.html,Hold unless Search Console shows demand
Aluminium,Aluminium 5083,sheets,Thane,Maharashtra,,india_city,Not recommended,/materials/aluminium-5083-supplier-india.html,Do not create
Aluminium,Aluminium 5083,sheets,Pune,Maharashtra,,india_city,Duplicate / cannibalizing risk,/materials/aluminium-5083-supplier-india.html,Hold unless Search Console shows demand
Aluminium,Aluminium 5083,sheets,Nashik,Maharashtra,,india_city,Not recommended,/materials/aluminium-5083-supplier-india.html,Do not create
Aluminium,Aluminium 5083,sheets,Chhatrapati Sambhajinagar / Aurangabad,Maharashtra,,india_city,Not recommended,/materials/aluminium-5083-supplier-india.html,Do not create
Aluminium,Aluminium 5083,sheets,Nagpur / Butibori,Maharashtra,,india_city,Not recommended,/materials/aluminium-5083-supplier-india.html,Do not create
Aluminium,Aluminium 5083,sheets,Ahmedabad,Gujarat,,india_city,Duplicate / cannibalizing risk,/materials/aluminium-5083-supplier-india.html,Hold unless Search Console shows demand
Aluminium,Aluminium 5083,sheets,Vadodara,Gujarat,,india_city,Duplicate / cannibalizing risk,/materials/aluminium-5083-supplier-india.html,Hold unless Search Console shows demand
Aluminium,Aluminium 5083,sheets,Hazira,Gujarat,,india_city,Not recommended,/materials/aluminium-5083-supplier-india.html,Do not create
Aluminium,Aluminium 5083,sheets,Rajkot,Gujarat,,india_city,Not recommended,/materials/aluminium-5083-supplier-india.html,Do not create
Aluminium,Aluminium 5083,sheets,Jamnagar,Gujarat,,india_city,Not recommended,/materials/aluminium-5083-supplier-india.html,Do not create
Aluminium,Aluminium 5083,sheets,Chennai,Tamil Nadu,,india_city,Duplicate / cannibalizing risk,/materials/aluminium-5083-supplier-india.html,Hold unless Search Console shows demand
Aluminium,Aluminium 5083,sheets,Sriperumbudur,Tamil Nadu,,india_city,Not recommended,/materials/aluminium-5083-supplier-india.html,Do not create
Aluminium,Aluminium 5083,sheets,Oragadam,Tamil Nadu,,india_city,Not recommended,/materials/aluminium-5083-supplier-india.html,Do not create
Aluminium,Aluminium 5083,sheets,Coimbatore,Tamil Nadu,,india_city,Duplicate / cannibalizing risk,/materials/aluminium-5083-supplier-india.html,Hold unless Search Console shows demand
Aluminium,Aluminium 5083,sheets,Hosur,Tamil Nadu,,india_city,Not recommended,/materials/aluminium-5083-supplier-india.html,Do not create
Aluminium,Aluminium 5083,sheets,Salem,Tamil Nadu,,india_city,Not recommended,/materials/aluminium-5083-supplier-india.html,Do not create
Aluminium,Aluminium 5083,sheets,Trichy,Tamil Nadu,,india_city,Not recommended,/materials/aluminium-5083-supplier-india.html,Do not create
Aluminium,Aluminium 5083,sheets,Bengaluru,Karnataka,,india_city,Duplicate / cannibalizing risk,/materials/aluminium-5083-supplier-india.html,Hold unless Search Console shows demand
Aluminium,Aluminium 5083,sheets,Peenya,Karnataka,,india_city,Duplicate / cannibalizing risk,/materials/aluminium-5083-supplier-india.html,Hold unless Search Console shows demand
Aluminium,Aluminium 5083,sheets,Bommasandra,Karnataka,,india_city,Duplicate / cannibalizing risk,/materials/aluminium-5083-supplier-india.html,Hold unless Search Console shows demand
Aluminium,Aluminium 5083,sheets,Mysuru,Karnataka,,india_city,Not recommended,/materials/aluminium-5083-supplier-india.html,Do not create
Aluminium,Aluminium 5083,sheets,Mangaluru,Karnataka,,india_city,Not recommended,/materials/aluminium-5083-supplier-india.html,Do not create
Aluminium,Aluminium 5083,sheets,Hyderabad,Telangana,,india_city,Duplicate / cannibalizing risk,/materials/aluminium-5083-supplier-india.html,Hold unless Search Console shows demand
Aluminium,Aluminium 5083,sheets,Secunderabad,Telangana,,india_city,Duplicate / cannibalizing risk,/materials/aluminium-5083-supplier-india.html,Hold unless Search Console shows demand
Aluminium,Aluminium 5083,sheets,Kakinada,Andhra Pradesh,,india_city,Not recommended,/materials/aluminium-5083-supplier-india.html,Do not create
Aluminium,Aluminium 5083,sheets,Vijayawada,Andhra Pradesh,,india_city,Not recommended,/materials/aluminium-5083-supplier-india.html,Do not create
Aluminium,Aluminium 5083,sheets,Delhi,Delhi NCR,,india_city,Duplicate / cannibalizing risk,/materials/aluminium-5083-supplier-india.html,Hold unless Search Console shows demand
Aluminium,Aluminium 5083,sheets,Faridabad,Haryana,,india_city,Duplicate / cannibalizing risk,/materials/aluminium-5083-supplier-india.html,Hold unless Search Console shows demand
Aluminium,Aluminium 5083,sheets,Greater Noida,Uttar Pradesh,,india_city,Not recommended,/materials/aluminium-5083-supplier-india.html,Do not create
Aluminium,Aluminium 5083,sheets,Ghaziabad,Uttar Pradesh,,india_city,Not recommended,/materials/aluminium-5083-supplier-india.html,Do not create
Aluminium,Aluminium 5083,sheets,Bhiwadi,Rajasthan,,india_city,Not recommended,/materials/aluminium-5083-supplier-india.html,Do not create
Aluminium,Aluminium 5083,sheets,Neemrana,Rajasthan,,india_city,Not recommended,/materials/aluminium-5083-supplier-india.html,Do not create
Aluminium,Aluminium 5083,sheets,Jaipur,Rajasthan,,india_city,Not recommended,/materials/aluminium-5083-supplier-india.html,Do not create
Aluminium,Aluminium 5083,sheets,Indore,Madhya Pradesh,,india_city,Not recommended,/materials/aluminium-5083-supplier-india.html,Do not create
Aluminium,Aluminium 5083,sheets,Pithampur,Madhya Pradesh,,india_city,Not recommended,/materials/aluminium-5083-supplier-india.html,Do not create
Aluminium,Aluminium 5083,sheets,Bhopal / Mandideep,Madhya Pradesh,,india_city,Not recommended,/materials/aluminium-5083-supplier-india.html,Do not create
Aluminium,Aluminium 5083,sheets,Kolkata,West Bengal,,india_city,Not recommended,/materials/aluminium-5083-supplier-india.html,Do not create
Aluminium,Aluminium 5083,sheets,Howrah,West Bengal,,india_city,Not recommended,/materials/aluminium-5083-supplier-india.html,Do not create
Aluminium,Aluminium 5083,sheets,Durgapur,West Bengal,,india_city,Not recommended,/materials/aluminium-5083-supplier-india.html,Do not create
Aluminium,Aluminium 5083,sheets,Jamshedpur,Jharkhand,,india_city,Not recommended,/materials/aluminium-5083-supplier-india.html,Do not create
Aluminium,Aluminium 5083,sheets,Ludhiana,Punjab,,india_city,Not recommended,/materials/aluminium-5083-supplier-india.html,Do not create
Aluminium,Aluminium 5083,sheets,Jalandhar,Punjab,,india_city,Missing but low value,/materials/aluminium-5083-supplier-india.html,Do not create in final batch
Aluminium,Aluminium 5083,sheets,Kochi,Kerala,,india_city,Missing but low value,/materials/aluminium-5083-supplier-india.html,Do not create in final batch
Aluminium,Aluminium 5083,sheets,Bhubaneswar,Odisha,,india_city,Not recommended,/materials/aluminium-5083-supplier-india.html,Do not create
Aluminium,Aluminium 5083,sheets,Rourkela,Odisha,,india_city,Not recommended,/materials/aluminium-5083-supplier-india.html,Do not create
Aluminium,Aluminium 5083,plates,Mumbai,Maharashtra,,india_city,Duplicate / cannibalizing risk,/materials/aluminium-5083-supplier-india.html,Hold unless Search Console shows demand
Aluminium,Aluminium 5083,plates,Navi Mumbai,Maharashtra,,india_city,Duplicate / cannibalizing risk,/materials/aluminium-5083-supplier-india.html,Hold unless Search Console shows demand
Aluminium,Aluminium 5083,plates,Thane,Maharashtra,,india_city,Not recommended,/materials/aluminium-5083-supplier-india.html,Do not create
Aluminium,Aluminium 5083,plates,Pune,Maharashtra,,india_city,Duplicate / cannibalizing risk,/materials/aluminium-5083-supplier-india.html,Hold unless Search Console shows demand
Aluminium,Aluminium 5083,plates,Nashik,Maharashtra,,india_city,Not recommended,/materials/aluminium-5083-supplier-india.html,Do not create
Aluminium,Aluminium 5083,plates,Chhatrapati Sambhajinagar / Aurangabad,Maharashtra,,india_city,Not recommended,/materials/aluminium-5083-supplier-india.html,Do not create
Aluminium,Aluminium 5083,plates,Nagpur / Butibori,Maharashtra,,india_city,Not recommended,/materials/aluminium-5083-supplier-india.html,Do not create
Aluminium,Aluminium 5083,plates,Ahmedabad,Gujarat,,india_city,Duplicate / cannibalizing risk,/materials/aluminium-5083-supplier-india.html,Hold unless Search Console shows demand
Aluminium,Aluminium 5083,plates,Vadodara,Gujarat,,india_city,Duplicate / cannibalizing risk,/materials/aluminium-5083-supplier-india.html,Hold unless Search Console shows demand
Aluminium,Aluminium 5083,plates,Hazira,Gujarat,,india_city,Not recommended,/materials/aluminium-5083-supplier-india.html,Do not create
Aluminium,Aluminium 5083,plates,Rajkot,Gujarat,,india_city,Not recommended,/materials/aluminium-5083-supplier-india.html,Do not create
Aluminium,Aluminium 5083,plates,Jamnagar,Gujarat,,india_city,Not recommended,/materials/aluminium-5083-supplier-india.html,Do not create
Aluminium,Aluminium 5083,plates,Chennai,Tamil Nadu,,india_city,Duplicate / cannibalizing risk,/materials/aluminium-5083-supplier-india.html,Hold unless Search Console shows demand
Aluminium,Aluminium 5083,plates,Sriperumbudur,Tamil Nadu,,india_city,Not recommended,/materials/aluminium-5083-supplier-india.html,Do not create
Aluminium,Aluminium 5083,plates,Oragadam,Tamil Nadu,,india_city,Not recommended,/materials/aluminium-5083-supplier-india.html,Do not create
Aluminium,Aluminium 5083,plates,Coimbatore,Tamil Nadu,,india_city,Duplicate / cannibalizing risk,/materials/aluminium-5083-supplier-india.html,Hold unless Search Console shows demand
Aluminium,Aluminium 5083,plates,Hosur,Tamil Nadu,,india_city,Not recommended,/materials/aluminium-5083-supplier-india.html,Do not create
Aluminium,Aluminium 5083,plates,Salem,Tamil Nadu,,india_city,Not recommended,/materials/aluminium-5083-supplier-india.html,Do not create
Aluminium,Aluminium 5083,plates,Trichy,Tamil Nadu,,india_city,Not recommended,/materials/aluminium-5083-supplier-india.html,Do not create
Aluminium,Aluminium 5083,plates,Bengaluru,Karnataka,,india_city,Duplicate / cannibalizing risk,/materials/aluminium-5083-supplier-india.html,Hold unless Search Console shows demand
Aluminium,Aluminium 5083,plates,Peenya,Karnataka,,india_city,Duplicate / cannibalizing risk,/materials/aluminium-5083-supplier-india.html,Hold unless Search Console shows demand
Aluminium,Aluminium 5083,plates,Bommasandra,Karnataka,,india_city,Duplicate / cannibalizing risk,/materials/aluminium-5083-supplier-india.html,Hold unless Search Console shows demand
Aluminium,Aluminium 5083,plates,Mysuru,Karnataka,,india_city,Not recommended,/materials/aluminium-5083-supplier-india.html,Do not create
Aluminium,Aluminium 5083,plates,Mangaluru,Karnataka,,india_city,Not recommended,/materials/aluminium-5083-supplier-india.html,Do not create
Aluminium,Aluminium 5083,plates,Hyderabad,Telangana,,india_city,Duplicate / cannibalizing risk,/materials/aluminium-5083-supplier-india.html,Hold unless Search Console shows demand
Aluminium,Aluminium 5083,plates,Secunderabad,Telangana,,india_city,Duplicate / cannibalizing risk,/materials/aluminium-5083-supplier-india.html,Hold unless Search Console shows demand
Aluminium,Aluminium 5083,plates,Kakinada,Andhra Pradesh,,india_city,Not recommended,/materials/aluminium-5083-supplier-india.html,Do not create
Aluminium,Aluminium 5083,plates,Vijayawada,Andhra Pradesh,,india_city,Not recommended,/materials/aluminium-5083-supplier-india.html,Do not create
Aluminium,Aluminium 5083,plates,Delhi,Delhi NCR,,india_city,Duplicate / cannibalizing risk,/materials/aluminium-5083-supplier-india.html,Hold unless Search Console shows demand
Aluminium,Aluminium 5083,plates,Faridabad,Haryana,,india_city,Duplicate / cannibalizing risk,/materials/aluminium-5083-supplier-india.html,Hold unless Search Console shows demand
Aluminium,Aluminium 5083,plates,Greater Noida,Uttar Pradesh,,india_city,Not recommended,/materials/aluminium-5083-supplier-india.html,Do not create
Aluminium,Aluminium 5083,plates,Ghaziabad,Uttar Pradesh,,india_city,Not recommended,/materials/aluminium-5083-supplier-india.html,Do not create
Aluminium,Aluminium 5083,plates,Bhiwadi,Rajasthan,,india_city,Not recommended,/materials/aluminium-5083-supplier-india.html,Do not create
Aluminium,Aluminium 5083,plates,Neemrana,Rajasthan,,india_city,Not recommended,/materials/aluminium-5083-supplier-india.html,Do not create
Aluminium,Aluminium 5083,plates,Jaipur,Rajasthan,,india_city,Not recommended,/materials/aluminium-5083-supplier-india.html,Do not create
Aluminium,Aluminium 5083,plates,Indore,Madhya Pradesh,,india_city,Not recommended,/materials/aluminium-5083-supplier-india.html,Do not create
Aluminium,Aluminium 5083,plates,Pithampur,Madhya Pradesh,,india_city,Not recommended,/materials/aluminium-5083-supplier-india.html,Do not create
Aluminium,Aluminium 5083,plates,Bhopal / Mandideep,Madhya Pradesh,,india_city,Not recommended,/materials/aluminium-5083-supplier-india.html,Do not create
Aluminium,Aluminium 5083,plates,Kolkata,West Bengal,,india_city,Not recommended,/materials/aluminium-5083-supplier-india.html,Do not create
Aluminium,Aluminium 5083,plates,Howrah,West Bengal,,india_city,Not recommended,/materials/aluminium-5083-supplier-india.html,Do not create
Aluminium,Aluminium 5083,plates,Durgapur,West Bengal,,india_city,Not recommended,/materials/aluminium-5083-supplier-india.html,Do not create
Aluminium,Aluminium 5083,plates,Jamshedpur,Jharkhand,,india_city,Not recommended,/materials/aluminium-5083-supplier-india.html,Do not create
Aluminium,Aluminium 5083,plates,Ludhiana,Punjab,,india_city,Not recommended,/materials/aluminium-5083-supplier-india.html,Do not create
Aluminium,Aluminium 5083,plates,Jalandhar,Punjab,,india_city,Missing but low value,/materials/aluminium-5083-supplier-india.html,Do not create in final batch
Aluminium,Aluminium 5083,plates,Kochi,Kerala,,india_city,Missing but low value,/materials/aluminium-5083-supplier-india.html,Do not create in final batch
Aluminium,Aluminium 5083,plates,Bhubaneswar,Odisha,,india_city,Not recommended,/materials/aluminium-5083-supplier-india.html,Do not create
Aluminium,Aluminium 5083,plates,Rourkela,Odisha,,india_city,Not recommended,/materials/aluminium-5083-supplier-india.html,Do not create
Aluminium,Aluminium 5083,rods,Mumbai,Maharashtra,,india_city,Duplicate / cannibalizing risk,/materials/aluminium-5083-supplier-india.html,Hold unless Search Console shows demand
Aluminium,Aluminium 5083,rods,Navi Mumbai,Maharashtra,,india_city,Duplicate / cannibalizing risk,/materials/aluminium-5083-supplier-india.html,Hold unless Search Console shows demand
Aluminium,Aluminium 5083,rods,Thane,Maharashtra,,india_city,Not recommended,/materials/aluminium-5083-supplier-india.html,Do not create
Aluminium,Aluminium 5083,rods,Pune,Maharashtra,,india_city,Duplicate / cannibalizing risk,/materials/aluminium-5083-supplier-india.html,Hold unless Search Console shows demand
Aluminium,Aluminium 5083,rods,Nashik,Maharashtra,,india_city,Not recommended,/materials/aluminium-5083-supplier-india.html,Do not create
Aluminium,Aluminium 5083,rods,Chhatrapati Sambhajinagar / Aurangabad,Maharashtra,,india_city,Not recommended,/materials/aluminium-5083-supplier-india.html,Do not create
Aluminium,Aluminium 5083,rods,Nagpur / Butibori,Maharashtra,,india_city,Not recommended,/materials/aluminium-5083-supplier-india.html,Do not create
Aluminium,Aluminium 5083,rods,Ahmedabad,Gujarat,,india_city,Duplicate / cannibalizing risk,/materials/aluminium-5083-supplier-india.html,Hold unless Search Console shows demand
Aluminium,Aluminium 5083,rods,Vadodara,Gujarat,,india_city,Duplicate / cannibalizing risk,/materials/aluminium-5083-supplier-india.html,Hold unless Search Console shows demand
Aluminium,Aluminium 5083,rods,Hazira,Gujarat,,india_city,Not recommended,/materials/aluminium-5083-supplier-india.html,Do not create
Aluminium,Aluminium 5083,rods,Rajkot,Gujarat,,india_city,Not recommended,/materials/aluminium-5083-supplier-india.html,Do not create
Aluminium,Aluminium 5083,rods,Jamnagar,Gujarat,,india_city,Not recommended,/materials/aluminium-5083-supplier-india.html,Do not create
Aluminium,Aluminium 5083,rods,Chennai,Tamil Nadu,,india_city,Duplicate / cannibalizing risk,/materials/aluminium-5083-supplier-india.html,Hold unless Search Console shows demand
Aluminium,Aluminium 5083,rods,Sriperumbudur,Tamil Nadu,,india_city,Not recommended,/materials/aluminium-5083-supplier-india.html,Do not create
Aluminium,Aluminium 5083,rods,Oragadam,Tamil Nadu,,india_city,Not recommended,/materials/aluminium-5083-supplier-india.html,Do not create
Aluminium,Aluminium 5083,rods,Coimbatore,Tamil Nadu,,india_city,Duplicate / cannibalizing risk,/materials/aluminium-5083-supplier-india.html,Hold unless Search Console shows demand
Aluminium,Aluminium 5083,rods,Hosur,Tamil Nadu,,india_city,Not recommended,/materials/aluminium-5083-supplier-india.html,Do not create
Aluminium,Aluminium 5083,rods,Salem,Tamil Nadu,,india_city,Not recommended,/materials/aluminium-5083-supplier-india.html,Do not create
Aluminium,Aluminium 5083,rods,Trichy,Tamil Nadu,,india_city,Not recommended,/materials/aluminium-5083-supplier-india.html,Do not create
Aluminium,Aluminium 5083,rods,Bengaluru,Karnataka,,india_city,Duplicate / cannibalizing risk,/materials/aluminium-5083-supplier-india.html,Hold unless Search Console shows demand
Aluminium,Aluminium 5083,rods,Peenya,Karnataka,,india_city,Duplicate / cannibalizing risk,/materials/aluminium-5083-supplier-india.html,Hold unless Search Console shows demand
Aluminium,Aluminium 5083,rods,Bommasandra,Karnataka,,india_city,Duplicate / cannibalizing risk,/materials/aluminium-5083-supplier-india.html,Hold unless Search Console shows demand
Aluminium,Aluminium 5083,rods,Mysuru,Karnataka,,india_city,Not recommended,/materials/aluminium-5083-supplier-india.html,Do not create
Aluminium,Aluminium 5083,rods,Mangaluru,Karnataka,,india_city,Not recommended,/materials/aluminium-5083-supplier-india.html,Do not create
Aluminium,Aluminium 5083,rods,Hyderabad,Telangana,,india_city,Duplicate / cannibalizing risk,/materials/aluminium-5083-supplier-india.html,Hold unless Search Console shows demand
Aluminium,Aluminium 5083,rods,Secunderabad,Telangana,,india_city,Duplicate / cannibalizing risk,/materials/aluminium-5083-supplier-india.html,Hold unless Search Console shows demand
Aluminium,Aluminium 5083,rods,Kakinada,Andhra Pradesh,,india_city,Not recommended,/materials/aluminium-5083-supplier-india.html,Do not create
Aluminium,Aluminium 5083,rods,Vijayawada,Andhra Pradesh,,india_city,Not recommended,/materials/aluminium-5083-supplier-india.html,Do not create
Aluminium,Aluminium 5083,rods,Delhi,Delhi NCR,,india_city,Duplicate / cannibalizing risk,/materials/aluminium-5083-supplier-india.html,Hold unless Search Console shows demand
Aluminium,Aluminium 5083,rods,Faridabad,Haryana,,india_city,Duplicate / cannibalizing risk,/materials/aluminium-5083-supplier-india.html,Hold unless Search Console shows demand
Aluminium,Aluminium 5083,rods,Greater Noida,Uttar Pradesh,,india_city,Not recommended,/materials/aluminium-5083-supplier-india.html,Do not create
Aluminium,Aluminium 5083,rods,Ghaziabad,Uttar Pradesh,,india_city,Not recommended,/materials/aluminium-5083-supplier-india.html,Do not create
Aluminium,Aluminium 5083,rods,Bhiwadi,Rajasthan,,india_city,Not recommended,/materials/aluminium-5083-supplier-india.html,Do not create
Aluminium,Aluminium 5083,rods,Neemrana,Rajasthan,,india_city,Not recommended,/materials/aluminium-5083-supplier-india.html,Do not create
Aluminium,Aluminium 5083,rods,Jaipur,Rajasthan,,india_city,Not recommended,/materials/aluminium-5083-supplier-india.html,Do not create
Aluminium,Aluminium 5083,rods,Indore,Madhya Pradesh,,india_city,Not recommended,/materials/aluminium-5083-supplier-india.html,Do not create
Aluminium,Aluminium 5083,rods,Pithampur,Madhya Pradesh,,india_city,Not recommended,/materials/aluminium-5083-supplier-india.html,Do not create
Aluminium,Aluminium 5083,rods,Bhopal / Mandideep,Madhya Pradesh,,india_city,Not recommended,/materials/aluminium-5083-supplier-india.html,Do not create
Aluminium,Aluminium 5083,rods,Kolkata,West Bengal,,india_city,Not recommended,/materials/aluminium-5083-supplier-india.html,Do not create
Aluminium,Aluminium 5083,rods,Howrah,West Bengal,,india_city,Not recommended,/materials/aluminium-5083-supplier-india.html,Do not create
Aluminium,Aluminium 5083,rods,Durgapur,West Bengal,,india_city,Not recommended,/materials/aluminium-5083-supplier-india.html,Do not create
Aluminium,Aluminium 5083,rods,Jamshedpur,Jharkhand,,india_city,Not recommended,/materials/aluminium-5083-supplier-india.html,Do not create
Aluminium,Aluminium 5083,rods,Ludhiana,Punjab,,india_city,Not recommended,/materials/aluminium-5083-supplier-india.html,Do not create
Aluminium,Aluminium 5083,rods,Jalandhar,Punjab,,india_city,Missing but low value,/materials/aluminium-5083-supplier-india.html,Do not create in final batch
Aluminium,Aluminium 5083,rods,Kochi,Kerala,,india_city,Missing but low value,/materials/aluminium-5083-supplier-india.html,Do not create in final batch
Aluminium,Aluminium 5083,rods,Bhubaneswar,Odisha,,india_city,Not recommended,/materials/aluminium-5083-supplier-india.html,Do not create
Aluminium,Aluminium 5083,rods,Rourkela,Odisha,,india_city,Not recommended,/materials/aluminium-5083-supplier-india.html,Do not create
Aluminium,Aluminium 5083,flats,Mumbai,Maharashtra,,india_city,Duplicate / cannibalizing risk,/materials/aluminium-5083-supplier-india.html,Hold unless Search Console shows demand
Aluminium,Aluminium 5083,flats,Navi Mumbai,Maharashtra,,india_city,Duplicate / cannibalizing risk,/materials/aluminium-5083-supplier-india.html,Hold unless Search Console shows demand
Aluminium,Aluminium 5083,flats,Thane,Maharashtra,,india_city,Not recommended,/materials/aluminium-5083-supplier-india.html,Do not create
Aluminium,Aluminium 5083,flats,Pune,Maharashtra,,india_city,Duplicate / cannibalizing risk,/materials/aluminium-5083-supplier-india.html,Hold unless Search Console shows demand
Aluminium,Aluminium 5083,flats,Nashik,Maharashtra,,india_city,Not recommended,/materials/aluminium-5083-supplier-india.html,Do not create
Aluminium,Aluminium 5083,flats,Chhatrapati Sambhajinagar / Aurangabad,Maharashtra,,india_city,Not recommended,/materials/aluminium-5083-supplier-india.html,Do not create
Aluminium,Aluminium 5083,flats,Nagpur / Butibori,Maharashtra,,india_city,Not recommended,/materials/aluminium-5083-supplier-india.html,Do not create
Aluminium,Aluminium 5083,flats,Ahmedabad,Gujarat,,india_city,Duplicate / cannibalizing risk,/materials/aluminium-5083-supplier-india.html,Hold unless Search Console shows demand
Aluminium,Aluminium 5083,flats,Vadodara,Gujarat,,india_city,Duplicate / cannibalizing risk,/materials/aluminium-5083-supplier-india.html,Hold unless Search Console shows demand
Aluminium,Aluminium 5083,flats,Hazira,Gujarat,,india_city,Not recommended,/materials/aluminium-5083-supplier-india.html,Do not create
Aluminium,Aluminium 5083,flats,Rajkot,Gujarat,,india_city,Not recommended,/materials/aluminium-5083-supplier-india.html,Do not create
Aluminium,Aluminium 5083,flats,Jamnagar,Gujarat,,india_city,Not recommended,/materials/aluminium-5083-supplier-india.html,Do not create
Aluminium,Aluminium 5083,flats,Chennai,Tamil Nadu,,india_city,Duplicate / cannibalizing risk,/materials/aluminium-5083-supplier-india.html,Hold unless Search Console shows demand
Aluminium,Aluminium 5083,flats,Sriperumbudur,Tamil Nadu,,india_city,Not recommended,/materials/aluminium-5083-supplier-india.html,Do not create
Aluminium,Aluminium 5083,flats,Oragadam,Tamil Nadu,,india_city,Not recommended,/materials/aluminium-5083-supplier-india.html,Do not create
Aluminium,Aluminium 5083,flats,Coimbatore,Tamil Nadu,,india_city,Duplicate / cannibalizing risk,/materials/aluminium-5083-supplier-india.html,Hold unless Search Console shows demand
Aluminium,Aluminium 5083,flats,Hosur,Tamil Nadu,,india_city,Not recommended,/materials/aluminium-5083-supplier-india.html,Do not create
Aluminium,Aluminium 5083,flats,Salem,Tamil Nadu,,india_city,Not recommended,/materials/aluminium-5083-supplier-india.html,Do not create
Aluminium,Aluminium 5083,flats,Trichy,Tamil Nadu,,india_city,Not recommended,/materials/aluminium-5083-supplier-india.html,Do not create
Aluminium,Aluminium 5083,flats,Bengaluru,Karnataka,,india_city,Duplicate / cannibalizing risk,/materials/aluminium-5083-supplier-india.html,Hold unless Search Console shows demand
Aluminium,Aluminium 5083,flats,Peenya,Karnataka,,india_city,Duplicate / cannibalizing risk,/materials/aluminium-5083-supplier-india.html,Hold unless Search Console shows demand
Aluminium,Aluminium 5083,flats,Bommasandra,Karnataka,,india_city,Duplicate / cannibalizing risk,/materials/aluminium-5083-supplier-india.html,Hold unless Search Console shows demand
Aluminium,Aluminium 5083,flats,Mysuru,Karnataka,,india_city,Not recommended,/materials/aluminium-5083-supplier-india.html,Do not create
Aluminium,Aluminium 5083,flats,Mangaluru,Karnataka,,india_city,Not recommended,/materials/aluminium-5083-supplier-india.html,Do not create
Aluminium,Aluminium 5083,flats,Hyderabad,Telangana,,india_city,Duplicate / cannibalizing risk,/materials/aluminium-5083-supplier-india.html,Hold unless Search Console shows demand
Aluminium,Aluminium 5083,flats,Secunderabad,Telangana,,india_city,Duplicate / cannibalizing risk,/materials/aluminium-5083-supplier-india.html,Hold unless Search Console shows demand
Aluminium,Aluminium 5083,flats,Kakinada,Andhra Pradesh,,india_city,Not recommended,/materials/aluminium-5083-supplier-india.html,Do not create
Aluminium,Aluminium 5083,flats,Vijayawada,Andhra Pradesh,,india_city,Not recommended,/materials/aluminium-5083-supplier-india.html,Do not create
Aluminium,Aluminium 5083,flats,Delhi,Delhi NCR,,india_city,Duplicate / cannibalizing risk,/materials/aluminium-5083-supplier-india.html,Hold unless Search Console shows demand
Aluminium,Aluminium 5083,flats,Faridabad,Haryana,,india_city,Duplicate / cannibalizing risk,/materials/aluminium-5083-supplier-india.html,Hold unless Search Console shows demand
Aluminium,Aluminium 5083,flats,Greater Noida,Uttar Pradesh,,india_city,Not recommended,/materials/aluminium-5083-supplier-india.html,Do not create
Aluminium,Aluminium 5083,flats,Ghaziabad,Uttar Pradesh,,india_city,Not recommended,/materials/aluminium-5083-supplier-india.html,Do not create
Aluminium,Aluminium 5083,flats,Bhiwadi,Rajasthan,,india_city,Not recommended,/materials/aluminium-5083-supplier-india.html,Do not create
Aluminium,Aluminium 5083,flats,Neemrana,Rajasthan,,india_city,Not recommended,/materials/aluminium-5083-supplier-india.html,Do not create
Aluminium,Aluminium 5083,flats,Jaipur,Rajasthan,,india_city,Not recommended,/materials/aluminium-5083-supplier-india.html,Do not create
Aluminium,Aluminium 5083,flats,Indore,Madhya Pradesh,,india_city,Not recommended,/materials/aluminium-5083-supplier-india.html,Do not create
Aluminium,Aluminium 5083,flats,Pithampur,Madhya Pradesh,,india_city,Not recommended,/materials/aluminium-5083-supplier-india.html,Do not create
Aluminium,Aluminium 5083,flats,Bhopal / Mandideep,Madhya Pradesh,,india_city,Not recommended,/materials/aluminium-5083-supplier-india.html,Do not create
Aluminium,Aluminium 5083,flats,Kolkata,West Bengal,,india_city,Not recommended,/materials/aluminium-5083-supplier-india.html,Do not create
Aluminium,Aluminium 5083,flats,Howrah,West Bengal,,india_city,Not recommended,/materials/aluminium-5083-supplier-india.html,Do not create
Aluminium,Aluminium 5083,flats,Durgapur,West Bengal,,india_city,Not recommended,/materials/aluminium-5083-supplier-india.html,Do not create
Aluminium,Aluminium 5083,flats,Jamshedpur,Jharkhand,,india_city,Not recommended,/materials/aluminium-5083-supplier-india.html,Do not create
Aluminium,Aluminium 5083,flats,Ludhiana,Punjab,,india_city,Not recommended,/materials/aluminium-5083-supplier-india.html,Do not create
Aluminium,Aluminium 5083,flats,Jalandhar,Punjab,,india_city,Missing but low value,/materials/aluminium-5083-supplier-india.html,Do not create in final batch
Aluminium,Aluminium 5083,flats,Kochi,Kerala,,india_city,Missing but low value,/materials/aluminium-5083-supplier-india.html,Do not create in final batch
Aluminium,Aluminium 5083,flats,Bhubaneswar,Odisha,,india_city,Not recommended,/materials/aluminium-5083-supplier-india.html,Do not create
Aluminium,Aluminium 5083,flats,Rourkela,Odisha,,india_city,Not recommended,/materials/aluminium-5083-supplier-india.html,Do not create
Aluminium,Aluminium 5083,tubes,Mumbai,Maharashtra,,india_city,Duplicate / cannibalizing risk,/materials/aluminium-5083-supplier-india.html,Hold unless Search Console shows demand
Aluminium,Aluminium 5083,tubes,Navi Mumbai,Maharashtra,,india_city,Duplicate / cannibalizing risk,/materials/aluminium-5083-supplier-india.html,Hold unless Search Console shows demand
Aluminium,Aluminium 5083,tubes,Thane,Maharashtra,,india_city,Missing but low value,/materials/aluminium-5083-supplier-india.html,Do not create in final batch
Aluminium,Aluminium 5083,tubes,Pune,Maharashtra,,india_city,Duplicate / cannibalizing risk,/materials/aluminium-5083-supplier-india.html,Hold unless Search Console shows demand
Aluminium,Aluminium 5083,tubes,Chakan,Maharashtra,,india_city,Not recommended,/materials/aluminium-5083-supplier-india.html,Do not create
Aluminium,Aluminium 5083,tubes,PCMC,Maharashtra,,india_city,Not recommended,/materials/aluminium-5083-supplier-india.html,Do not create
Aluminium,Aluminium 5083,tubes,Nashik,Maharashtra,,india_city,Missing but low value,/materials/aluminium-5083-supplier-india.html,Do not create in final batch
Aluminium,Aluminium 5083,tubes,Chhatrapati Sambhajinagar / Aurangabad,Maharashtra,,india_city,Missing but low value,/materials/aluminium-5083-supplier-india.html,Do not create in final batch
Aluminium,Aluminium 5083,tubes,Nagpur / Butibori,Maharashtra,,india_city,Missing but low value,/materials/aluminium-5083-supplier-india.html,Do not create in final batch
Aluminium,Aluminium 5083,tubes,Ahmedabad,Gujarat,,india_city,Duplicate / cannibalizing risk,/materials/aluminium-5083-supplier-india.html,Hold unless Search Console shows demand
Aluminium,Aluminium 5083,tubes,Sanand,Gujarat,,india_city,Not recommended,/materials/aluminium-5083-supplier-india.html,Do not create
Aluminium,Aluminium 5083,tubes,Vadodara,Gujarat,,india_city,Duplicate / cannibalizing risk,/materials/aluminium-5083-supplier-india.html,Hold unless Search Console shows demand
Aluminium,Aluminium 5083,tubes,Surat,Gujarat,,india_city,Not recommended,/materials/aluminium-5083-supplier-india.html,Do not create
Aluminium,Aluminium 5083,tubes,Hazira,Gujarat,,india_city,Missing but low value,/materials/aluminium-5083-supplier-india.html,Do not create in final batch
Aluminium,Aluminium 5083,tubes,Ankleshwar,Gujarat,,india_city,Not recommended,/materials/aluminium-5083-supplier-india.html,Do not create
Aluminium,Aluminium 5083,tubes,Bharuch,Gujarat,,india_city,Not recommended,/materials/aluminium-5083-supplier-india.html,Do not create
Aluminium,Aluminium 5083,tubes,Vapi,Gujarat,,india_city,Not recommended,/materials/aluminium-5083-supplier-india.html,Do not create
Aluminium,Aluminium 5083,tubes,Rajkot,Gujarat,,india_city,Missing but low value,/materials/aluminium-5083-supplier-india.html,Do not create in final batch
Aluminium,Aluminium 5083,tubes,Jamnagar,Gujarat,,india_city,Missing but low value,/materials/aluminium-5083-supplier-india.html,Do not create in final batch
Aluminium,Aluminium 5083,tubes,Chennai,Tamil Nadu,,india_city,Duplicate / cannibalizing risk,/materials/aluminium-5083-supplier-india.html,Hold unless Search Console shows demand
Aluminium,Aluminium 5083,tubes,Sriperumbudur,Tamil Nadu,,india_city,Missing but low value,/materials/aluminium-5083-supplier-india.html,Do not create in final batch
Aluminium,Aluminium 5083,tubes,Oragadam,Tamil Nadu,,india_city,Missing but low value,/materials/aluminium-5083-supplier-india.html,Do not create in final batch
Aluminium,Aluminium 5083,tubes,Coimbatore,Tamil Nadu,,india_city,Duplicate / cannibalizing risk,/materials/aluminium-5083-supplier-india.html,Hold unless Search Console shows demand
Aluminium,Aluminium 5083,tubes,Hosur,Tamil Nadu,,india_city,Missing but low value,/materials/aluminium-5083-supplier-india.html,Do not create in final batch
Aluminium,Aluminium 5083,tubes,Salem,Tamil Nadu,,india_city,Missing but low value,/materials/aluminium-5083-supplier-india.html,Do not create in final batch
Aluminium,Aluminium 5083,tubes,Trichy,Tamil Nadu,,india_city,Missing but low value,/materials/aluminium-5083-supplier-india.html,Do not create in final batch
Aluminium,Aluminium 5083,tubes,Bengaluru,Karnataka,,india_city,Duplicate / cannibalizing risk,/materials/aluminium-5083-supplier-india.html,Hold unless Search Console shows demand
Aluminium,Aluminium 5083,tubes,Peenya,Karnataka,,india_city,Duplicate / cannibalizing risk,/materials/aluminium-5083-supplier-india.html,Hold unless Search Console shows demand
Aluminium,Aluminium 5083,tubes,Bommasandra,Karnataka,,india_city,Duplicate / cannibalizing risk,/materials/aluminium-5083-supplier-india.html,Hold unless Search Console shows demand
Aluminium,Aluminium 5083,tubes,Mysuru,Karnataka,,india_city,Missing but low value,/materials/aluminium-5083-supplier-india.html,Do not create in final batch
Aluminium,Aluminium 5083,tubes,Mangaluru,Karnataka,,india_city,Missing but low value,/materials/aluminium-5083-supplier-india.html,Do not create in final batch
Aluminium,Aluminium 5083,tubes,Hyderabad,Telangana,,india_city,Duplicate / cannibalizing risk,/materials/aluminium-5083-supplier-india.html,Hold unless Search Console shows demand
Aluminium,Aluminium 5083,tubes,Secunderabad,Telangana,,india_city,Duplicate / cannibalizing risk,/materials/aluminium-5083-supplier-india.html,Hold unless Search Console shows demand
Aluminium,Aluminium 5083,tubes,Visakhapatnam,Andhra Pradesh,,india_city,Not recommended,/materials/aluminium-5083-supplier-india.html,Do not create
Aluminium,Aluminium 5083,tubes,Kakinada,Andhra Pradesh,,india_city,Missing but low value,/materials/aluminium-5083-supplier-india.html,Do not create in final batch
Aluminium,Aluminium 5083,tubes,Vijayawada,Andhra Pradesh,,india_city,Missing but low value,/materials/aluminium-5083-supplier-india.html,Do not create in final batch
Aluminium,Aluminium 5083,tubes,Delhi,Delhi NCR,,india_city,Duplicate / cannibalizing risk,/materials/aluminium-5083-supplier-india.html,Hold unless Search Console shows demand
Aluminium,Aluminium 5083,tubes,Gurugram,Haryana,,india_city,Not recommended,/materials/aluminium-5083-supplier-india.html,Do not create
Aluminium,Aluminium 5083,tubes,Faridabad,Haryana,,india_city,Duplicate / cannibalizing risk,/materials/aluminium-5083-supplier-india.html,Hold unless Search Console shows demand
Aluminium,Aluminium 5083,tubes,Noida,Uttar Pradesh,,india_city,Not recommended,/materials/aluminium-5083-supplier-india.html,Do not create
Aluminium,Aluminium 5083,tubes,Greater Noida,Uttar Pradesh,,india_city,Missing but low value,/materials/aluminium-5083-supplier-india.html,Do not create in final batch
Aluminium,Aluminium 5083,tubes,Ghaziabad,Uttar Pradesh,,india_city,Missing but low value,/materials/aluminium-5083-supplier-india.html,Do not create in final batch
Aluminium,Aluminium 5083,tubes,Bhiwadi,Rajasthan,,india_city,Missing but low value,/materials/aluminium-5083-supplier-india.html,Do not create in final batch
Aluminium,Aluminium 5083,tubes,Neemrana,Rajasthan,,india_city,Missing but low value,/materials/aluminium-5083-supplier-india.html,Do not create in final batch
Aluminium,Aluminium 5083,tubes,Jaipur,Rajasthan,,india_city,Missing but low value,/materials/aluminium-5083-supplier-india.html,Do not create in final batch
Aluminium,Aluminium 5083,tubes,Indore,Madhya Pradesh,,india_city,Missing but low value,/materials/aluminium-5083-supplier-india.html,Do not create in final batch
Aluminium,Aluminium 5083,tubes,Pithampur,Madhya Pradesh,,india_city,Missing but low value,/materials/aluminium-5083-supplier-india.html,Do not create in final batch
Aluminium,Aluminium 5083,tubes,Bhopal / Mandideep,Madhya Pradesh,,india_city,Missing but low value,/materials/aluminium-5083-supplier-india.html,Do not create in final batch
Aluminium,Aluminium 5083,tubes,Kolkata,West Bengal,,india_city,Missing but low value,/materials/aluminium-5083-supplier-india.html,Do not create in final batch
Aluminium,Aluminium 5083,tubes,Howrah,West Bengal,,india_city,Missing but low value,/materials/aluminium-5083-supplier-india.html,Do not create in final batch
Aluminium,Aluminium 5083,tubes,Durgapur,West Bengal,,india_city,Missing but low value,/materials/aluminium-5083-supplier-india.html,Do not create in final batch
Aluminium,Aluminium 5083,tubes,Jamshedpur,Jharkhand,,india_city,Missing but low value,/materials/aluminium-5083-supplier-india.html,Do not create in final batch
Aluminium,Aluminium 5083,tubes,Ludhiana,Punjab,,india_city,Missing but low value,/materials/aluminium-5083-supplier-india.html,Do not create in final batch
Aluminium,Aluminium 5083,tubes,Jalandhar,Punjab,,india_city,Missing but low value,/materials/aluminium-5083-supplier-india.html,Do not create in final batch
Aluminium,Aluminium 5083,tubes,Kochi,Kerala,,india_city,Missing but low value,/materials/aluminium-5083-supplier-india.html,Do not create in final batch
Aluminium,Aluminium 5083,tubes,Bhubaneswar,Odisha,,india_city,Missing but low value,/materials/aluminium-5083-supplier-india.html,Do not create in final batch
Aluminium,Aluminium 5083,tubes,Rourkela,Odisha,,india_city,Missing but low value,/materials/aluminium-5083-supplier-india.html,Do not create in final batch
Aluminium,Aluminium 5083,flanges,Mumbai,Maharashtra,,india_city,Duplicate / cannibalizing risk,/materials/aluminium-5083-supplier-india.html,Hold unless Search Console shows demand
Aluminium,Aluminium 5083,flanges,Navi Mumbai,Maharashtra,,india_city,Duplicate / cannibalizing risk,/materials/aluminium-5083-supplier-india.html,Hold unless Search Console shows demand
Aluminium,Aluminium 5083,flanges,Thane,Maharashtra,,india_city,Missing but low value,/materials/aluminium-5083-supplier-india.html,Do not create in final batch
Aluminium,Aluminium 5083,flanges,Pune,Maharashtra,,india_city,Duplicate / cannibalizing risk,/materials/aluminium-5083-supplier-india.html,Hold unless Search Console shows demand
Aluminium,Aluminium 5083,flanges,Chakan,Maharashtra,,india_city,Not recommended,/materials/aluminium-5083-supplier-india.html,Do not create
Aluminium,Aluminium 5083,flanges,PCMC,Maharashtra,,india_city,Not recommended,/materials/aluminium-5083-supplier-india.html,Do not create
Aluminium,Aluminium 5083,flanges,Nashik,Maharashtra,,india_city,Missing but low value,/materials/aluminium-5083-supplier-india.html,Do not create in final batch
Aluminium,Aluminium 5083,flanges,Chhatrapati Sambhajinagar / Aurangabad,Maharashtra,,india_city,Missing but low value,/materials/aluminium-5083-supplier-india.html,Do not create in final batch
Aluminium,Aluminium 5083,flanges,Nagpur / Butibori,Maharashtra,,india_city,Missing but low value,/materials/aluminium-5083-supplier-india.html,Do not create in final batch
Aluminium,Aluminium 5083,flanges,Ahmedabad,Gujarat,,india_city,Duplicate / cannibalizing risk,/materials/aluminium-5083-supplier-india.html,Hold unless Search Console shows demand
Aluminium,Aluminium 5083,flanges,Sanand,Gujarat,,india_city,Not recommended,/materials/aluminium-5083-supplier-india.html,Do not create
Aluminium,Aluminium 5083,flanges,Vadodara,Gujarat,,india_city,Duplicate / cannibalizing risk,/materials/aluminium-5083-supplier-india.html,Hold unless Search Console shows demand
Aluminium,Aluminium 5083,flanges,Surat,Gujarat,,india_city,Not recommended,/materials/aluminium-5083-supplier-india.html,Do not create
Aluminium,Aluminium 5083,flanges,Hazira,Gujarat,,india_city,Missing but low value,/materials/aluminium-5083-supplier-india.html,Do not create in final batch
Aluminium,Aluminium 5083,flanges,Ankleshwar,Gujarat,,india_city,Not recommended,/materials/aluminium-5083-supplier-india.html,Do not create
Aluminium,Aluminium 5083,flanges,Bharuch,Gujarat,,india_city,Not recommended,/materials/aluminium-5083-supplier-india.html,Do not create
Aluminium,Aluminium 5083,flanges,Vapi,Gujarat,,india_city,Not recommended,/materials/aluminium-5083-supplier-india.html,Do not create
Aluminium,Aluminium 5083,flanges,Rajkot,Gujarat,,india_city,Missing but low value,/materials/aluminium-5083-supplier-india.html,Do not create in final batch
Aluminium,Aluminium 5083,flanges,Jamnagar,Gujarat,,india_city,Missing but low value,/materials/aluminium-5083-supplier-india.html,Do not create in final batch
Aluminium,Aluminium 5083,flanges,Chennai,Tamil Nadu,,india_city,Duplicate / cannibalizing risk,/materials/aluminium-5083-supplier-india.html,Hold unless Search Console shows demand
Aluminium,Aluminium 5083,flanges,Sriperumbudur,Tamil Nadu,,india_city,Missing but low value,/materials/aluminium-5083-supplier-india.html,Do not create in final batch
Aluminium,Aluminium 5083,flanges,Oragadam,Tamil Nadu,,india_city,Missing but low value,/materials/aluminium-5083-supplier-india.html,Do not create in final batch
Aluminium,Aluminium 5083,flanges,Coimbatore,Tamil Nadu,,india_city,Duplicate / cannibalizing risk,/materials/aluminium-5083-supplier-india.html,Hold unless Search Console shows demand
Aluminium,Aluminium 5083,flanges,Hosur,Tamil Nadu,,india_city,Missing but low value,/materials/aluminium-5083-supplier-india.html,Do not create in final batch
Aluminium,Aluminium 5083,flanges,Salem,Tamil Nadu,,india_city,Missing but low value,/materials/aluminium-5083-supplier-india.html,Do not create in final batch
Aluminium,Aluminium 5083,flanges,Trichy,Tamil Nadu,,india_city,Missing but low value,/materials/aluminium-5083-supplier-india.html,Do not create in final batch
Aluminium,Aluminium 5083,flanges,Bengaluru,Karnataka,,india_city,Duplicate / cannibalizing risk,/materials/aluminium-5083-supplier-india.html,Hold unless Search Console shows demand
Aluminium,Aluminium 5083,flanges,Peenya,Karnataka,,india_city,Duplicate / cannibalizing risk,/materials/aluminium-5083-supplier-india.html,Hold unless Search Console shows demand
Aluminium,Aluminium 5083,flanges,Bommasandra,Karnataka,,india_city,Duplicate / cannibalizing risk,/materials/aluminium-5083-supplier-india.html,Hold unless Search Console shows demand
Aluminium,Aluminium 5083,flanges,Mysuru,Karnataka,,india_city,Missing but low value,/materials/aluminium-5083-supplier-india.html,Do not create in final batch
Aluminium,Aluminium 5083,flanges,Mangaluru,Karnataka,,india_city,Missing but low value,/materials/aluminium-5083-supplier-india.html,Do not create in final batch
Aluminium,Aluminium 5083,flanges,Hyderabad,Telangana,,india_city,Duplicate / cannibalizing risk,/materials/aluminium-5083-supplier-india.html,Hold unless Search Console shows demand
Aluminium,Aluminium 5083,flanges,Secunderabad,Telangana,,india_city,Duplicate / cannibalizing risk,/materials/aluminium-5083-supplier-india.html,Hold unless Search Console shows demand
Aluminium,Aluminium 5083,flanges,Visakhapatnam,Andhra Pradesh,,india_city,Not recommended,/materials/aluminium-5083-supplier-india.html,Do not create
Aluminium,Aluminium 5083,flanges,Kakinada,Andhra Pradesh,,india_city,Missing but low value,/materials/aluminium-5083-supplier-india.html,Do not create in final batch
Aluminium,Aluminium 5083,flanges,Vijayawada,Andhra Pradesh,,india_city,Missing but low value,/materials/aluminium-5083-supplier-india.html,Do not create in final batch
Aluminium,Aluminium 5083,flanges,Delhi,Delhi NCR,,india_city,Duplicate / cannibalizing risk,/materials/aluminium-5083-supplier-india.html,Hold unless Search Console shows demand
Aluminium,Aluminium 5083,flanges,Gurugram,Haryana,,india_city,Not recommended,/materials/aluminium-5083-supplier-india.html,Do not create
Aluminium,Aluminium 5083,flanges,Faridabad,Haryana,,india_city,Duplicate / cannibalizing risk,/materials/aluminium-5083-supplier-india.html,Hold unless Search Console shows demand
Aluminium,Aluminium 5083,flanges,Noida,Uttar Pradesh,,india_city,Not recommended,/materials/aluminium-5083-supplier-india.html,Do not create
Aluminium,Aluminium 5083,flanges,Greater Noida,Uttar Pradesh,,india_city,Missing but low value,/materials/aluminium-5083-supplier-india.html,Do not create in final batch
Aluminium,Aluminium 5083,flanges,Ghaziabad,Uttar Pradesh,,india_city,Missing but low value,/materials/aluminium-5083-supplier-india.html,Do not create in final batch
Aluminium,Aluminium 5083,flanges,Bhiwadi,Rajasthan,,india_city,Missing but low value,/materials/aluminium-5083-supplier-india.html,Do not create in final batch
Aluminium,Aluminium 5083,flanges,Neemrana,Rajasthan,,india_city,Missing but low value,/materials/aluminium-5083-supplier-india.html,Do not create in final batch
Aluminium,Aluminium 5083,flanges,Jaipur,Rajasthan,,india_city,Missing but low value,/materials/aluminium-5083-supplier-india.html,Do not create in final batch
Aluminium,Aluminium 5083,flanges,Indore,Madhya Pradesh,,india_city,Missing but low value,/materials/aluminium-5083-supplier-india.html,Do not create in final batch
Aluminium,Aluminium 5083,flanges,Pithampur,Madhya Pradesh,,india_city,Missing but low value,/materials/aluminium-5083-supplier-india.html,Do not create in final batch
Aluminium,Aluminium 5083,flanges,Bhopal / Mandideep,Madhya Pradesh,,india_city,Missing but low value,/materials/aluminium-5083-supplier-india.html,Do not create in final batch
Aluminium,Aluminium 5083,flanges,Kolkata,West Bengal,,india_city,Missing but low value,/materials/aluminium-5083-supplier-india.html,Do not create in final batch
Aluminium,Aluminium 5083,flanges,Howrah,West Bengal,,india_city,Missing but low value,/materials/aluminium-5083-supplier-india.html,Do not create in final batch
Aluminium,Aluminium 5083,flanges,Durgapur,West Bengal,,india_city,Missing but low value,/materials/aluminium-5083-supplier-india.html,Do not create in final batch
Aluminium,Aluminium 5083,flanges,Jamshedpur,Jharkhand,,india_city,Missing but low value,/materials/aluminium-5083-supplier-india.html,Do not create in final batch
Aluminium,Aluminium 5083,flanges,Ludhiana,Punjab,,india_city,Missing but low value,/materials/aluminium-5083-supplier-india.html,Do not create in final batch
Aluminium,Aluminium 5083,flanges,Jalandhar,Punjab,,india_city,Missing but low value,/materials/aluminium-5083-supplier-india.html,Do not create in final batch
Aluminium,Aluminium 5083,flanges,Kochi,Kerala,,india_city,Missing but low value,/materials/aluminium-5083-supplier-india.html,Do not create in final batch
Aluminium,Aluminium 5083,flanges,Bhubaneswar,Odisha,,india_city,Missing but low value,/materials/aluminium-5083-supplier-india.html,Do not create in final batch
Aluminium,Aluminium 5083,flanges,Rourkela,Odisha,,india_city,Missing but low value,/materials/aluminium-5083-supplier-india.html,Do not create in final batch
Aluminium,Aluminium 5083,fittings,Mumbai,Maharashtra,,india_city,Duplicate / cannibalizing risk,/materials/aluminium-5083-supplier-india.html,Hold unless Search Console shows demand
Aluminium,Aluminium 5083,fittings,Navi Mumbai,Maharashtra,,india_city,Duplicate / cannibalizing risk,/materials/aluminium-5083-supplier-india.html,Hold unless Search Console shows demand
Aluminium,Aluminium 5083,fittings,Thane,Maharashtra,,india_city,Missing but low value,/materials/aluminium-5083-supplier-india.html,Do not create in final batch
Aluminium,Aluminium 5083,fittings,Pune,Maharashtra,,india_city,Duplicate / cannibalizing risk,/materials/aluminium-5083-supplier-india.html,Hold unless Search Console shows demand
Aluminium,Aluminium 5083,fittings,Chakan,Maharashtra,,india_city,Not recommended,/materials/aluminium-5083-supplier-india.html,Do not create
Aluminium,Aluminium 5083,fittings,PCMC,Maharashtra,,india_city,Not recommended,/materials/aluminium-5083-supplier-india.html,Do not create
Aluminium,Aluminium 5083,fittings,Nashik,Maharashtra,,india_city,Missing but low value,/materials/aluminium-5083-supplier-india.html,Do not create in final batch
Aluminium,Aluminium 5083,fittings,Chhatrapati Sambhajinagar / Aurangabad,Maharashtra,,india_city,Missing but low value,/materials/aluminium-5083-supplier-india.html,Do not create in final batch
Aluminium,Aluminium 5083,fittings,Nagpur / Butibori,Maharashtra,,india_city,Missing but low value,/materials/aluminium-5083-supplier-india.html,Do not create in final batch
Aluminium,Aluminium 5083,fittings,Ahmedabad,Gujarat,,india_city,Duplicate / cannibalizing risk,/materials/aluminium-5083-supplier-india.html,Hold unless Search Console shows demand
Aluminium,Aluminium 5083,fittings,Sanand,Gujarat,,india_city,Not recommended,/materials/aluminium-5083-supplier-india.html,Do not create
Aluminium,Aluminium 5083,fittings,Vadodara,Gujarat,,india_city,Duplicate / cannibalizing risk,/materials/aluminium-5083-supplier-india.html,Hold unless Search Console shows demand
Aluminium,Aluminium 5083,fittings,Surat,Gujarat,,india_city,Not recommended,/materials/aluminium-5083-supplier-india.html,Do not create
Aluminium,Aluminium 5083,fittings,Hazira,Gujarat,,india_city,Missing but low value,/materials/aluminium-5083-supplier-india.html,Do not create in final batch
Aluminium,Aluminium 5083,fittings,Ankleshwar,Gujarat,,india_city,Not recommended,/materials/aluminium-5083-supplier-india.html,Do not create
Aluminium,Aluminium 5083,fittings,Bharuch,Gujarat,,india_city,Not recommended,/materials/aluminium-5083-supplier-india.html,Do not create
Aluminium,Aluminium 5083,fittings,Vapi,Gujarat,,india_city,Not recommended,/materials/aluminium-5083-supplier-india.html,Do not create
Aluminium,Aluminium 5083,fittings,Rajkot,Gujarat,,india_city,Missing but low value,/materials/aluminium-5083-supplier-india.html,Do not create in final batch
Aluminium,Aluminium 5083,fittings,Jamnagar,Gujarat,,india_city,Missing but low value,/materials/aluminium-5083-supplier-india.html,Do not create in final batch
Aluminium,Aluminium 5083,fittings,Chennai,Tamil Nadu,,india_city,Duplicate / cannibalizing risk,/materials/aluminium-5083-supplier-india.html,Hold unless Search Console shows demand
Aluminium,Aluminium 5083,fittings,Sriperumbudur,Tamil Nadu,,india_city,Missing but low value,/materials/aluminium-5083-supplier-india.html,Do not create in final batch
Aluminium,Aluminium 5083,fittings,Oragadam,Tamil Nadu,,india_city,Missing but low value,/materials/aluminium-5083-supplier-india.html,Do not create in final batch
Aluminium,Aluminium 5083,fittings,Coimbatore,Tamil Nadu,,india_city,Duplicate / cannibalizing risk,/materials/aluminium-5083-supplier-india.html,Hold unless Search Console shows demand
Aluminium,Aluminium 5083,fittings,Hosur,Tamil Nadu,,india_city,Missing but low value,/materials/aluminium-5083-supplier-india.html,Do not create in final batch
Aluminium,Aluminium 5083,fittings,Salem,Tamil Nadu,,india_city,Missing but low value,/materials/aluminium-5083-supplier-india.html,Do not create in final batch
Aluminium,Aluminium 5083,fittings,Trichy,Tamil Nadu,,india_city,Missing but low value,/materials/aluminium-5083-supplier-india.html,Do not create in final batch
Aluminium,Aluminium 5083,fittings,Bengaluru,Karnataka,,india_city,Duplicate / cannibalizing risk,/materials/aluminium-5083-supplier-india.html,Hold unless Search Console shows demand
Aluminium,Aluminium 5083,fittings,Peenya,Karnataka,,india_city,Duplicate / cannibalizing risk,/materials/aluminium-5083-supplier-india.html,Hold unless Search Console shows demand
Aluminium,Aluminium 5083,fittings,Bommasandra,Karnataka,,india_city,Duplicate / cannibalizing risk,/materials/aluminium-5083-supplier-india.html,Hold unless Search Console shows demand
Aluminium,Aluminium 5083,fittings,Mysuru,Karnataka,,india_city,Missing but low value,/materials/aluminium-5083-supplier-india.html,Do not create in final batch
Aluminium,Aluminium 5083,fittings,Mangaluru,Karnataka,,india_city,Missing but low value,/materials/aluminium-5083-supplier-india.html,Do not create in final batch
Aluminium,Aluminium 5083,fittings,Hyderabad,Telangana,,india_city,Duplicate / cannibalizing risk,/materials/aluminium-5083-supplier-india.html,Hold unless Search Console shows demand
Aluminium,Aluminium 5083,fittings,Secunderabad,Telangana,,india_city,Duplicate / cannibalizing risk,/materials/aluminium-5083-supplier-india.html,Hold unless Search Console shows demand
Aluminium,Aluminium 5083,fittings,Visakhapatnam,Andhra Pradesh,,india_city,Not recommended,/materials/aluminium-5083-supplier-india.html,Do not create
Aluminium,Aluminium 5083,fittings,Kakinada,Andhra Pradesh,,india_city,Missing but low value,/materials/aluminium-5083-supplier-india.html,Do not create in final batch
Aluminium,Aluminium 5083,fittings,Vijayawada,Andhra Pradesh,,india_city,Missing but low value,/materials/aluminium-5083-supplier-india.html,Do not create in final batch
Aluminium,Aluminium 5083,fittings,Delhi,Delhi NCR,,india_city,Duplicate / cannibalizing risk,/materials/aluminium-5083-supplier-india.html,Hold unless Search Console shows demand
Aluminium,Aluminium 5083,fittings,Gurugram,Haryana,,india_city,Not recommended,/materials/aluminium-5083-supplier-india.html,Do not create
Aluminium,Aluminium 5083,fittings,Faridabad,Haryana,,india_city,Duplicate / cannibalizing risk,/materials/aluminium-5083-supplier-india.html,Hold unless Search Console shows demand
Aluminium,Aluminium 5083,fittings,Noida,Uttar Pradesh,,india_city,Not recommended,/materials/aluminium-5083-supplier-india.html,Do not create
Aluminium,Aluminium 5083,fittings,Greater Noida,Uttar Pradesh,,india_city,Missing but low value,/materials/aluminium-5083-supplier-india.html,Do not create in final batch
Aluminium,Aluminium 5083,fittings,Ghaziabad,Uttar Pradesh,,india_city,Missing but low value,/materials/aluminium-5083-supplier-india.html,Do not create in final batch
Aluminium,Aluminium 5083,fittings,Bhiwadi,Rajasthan,,india_city,Missing but low value,/materials/aluminium-5083-supplier-india.html,Do not create in final batch
Aluminium,Aluminium 5083,fittings,Neemrana,Rajasthan,,india_city,Missing but low value,/materials/aluminium-5083-supplier-india.html,Do not create in final batch
Aluminium,Aluminium 5083,fittings,Jaipur,Rajasthan,,india_city,Missing but low value,/materials/aluminium-5083-supplier-india.html,Do not create in final batch
Aluminium,Aluminium 5083,fittings,Indore,Madhya Pradesh,,india_city,Missing but low value,/materials/aluminium-5083-supplier-india.html,Do not create in final batch
Aluminium,Aluminium 5083,fittings,Pithampur,Madhya Pradesh,,india_city,Missing but low value,/materials/aluminium-5083-supplier-india.html,Do not create in final batch
Aluminium,Aluminium 5083,fittings,Bhopal / Mandideep,Madhya Pradesh,,india_city,Missing but low value,/materials/aluminium-5083-supplier-india.html,Do not create in final batch
Aluminium,Aluminium 5083,fittings,Kolkata,West Bengal,,india_city,Missing but low value,/materials/aluminium-5083-supplier-india.html,Do not create in final batch
Aluminium,Aluminium 5083,fittings,Howrah,West Bengal,,india_city,Missing but low value,/materials/aluminium-5083-supplier-india.html,Do not create in final batch
Aluminium,Aluminium 5083,fittings,Durgapur,West Bengal,,india_city,Missing but low value,/materials/aluminium-5083-supplier-india.html,Do not create in final batch
Aluminium,Aluminium 5083,fittings,Jamshedpur,Jharkhand,,india_city,Missing but low value,/materials/aluminium-5083-supplier-india.html,Do not create in final batch
Aluminium,Aluminium 5083,fittings,Ludhiana,Punjab,,india_city,Missing but low value,/materials/aluminium-5083-supplier-india.html,Do not create in final batch
Aluminium,Aluminium 5083,fittings,Jalandhar,Punjab,,india_city,Missing but low value,/materials/aluminium-5083-supplier-india.html,Do not create in final batch
Aluminium,Aluminium 5083,fittings,Kochi,Kerala,,india_city,Missing but low value,/materials/aluminium-5083-supplier-india.html,Do not create in final batch
Aluminium,Aluminium 5083,fittings,Bhubaneswar,Odisha,,india_city,Missing but low value,/materials/aluminium-5083-supplier-india.html,Do not create in final batch
Aluminium,Aluminium 5083,fittings,Rourkela,Odisha,,india_city,Missing but low value,/materials/aluminium-5083-supplier-india.html,Do not create in final batch
Aluminium,Aluminium 5052,sheets,Mumbai,Maharashtra,,india_city,Duplicate / cannibalizing risk,/materials/aluminium-5052-supplier-india.html,Hold unless Search Console shows demand
Aluminium,Aluminium 5052,sheets,Navi Mumbai,Maharashtra,,india_city,Duplicate / cannibalizing risk,/materials/aluminium-5052-supplier-india.html,Hold unless Search Console shows demand
Aluminium,Aluminium 5052,sheets,Thane,Maharashtra,,india_city,Not recommended,/materials/aluminium-5052-supplier-india.html,Do not create
Aluminium,Aluminium 5052,sheets,Pune,Maharashtra,,india_city,Duplicate / cannibalizing risk,/materials/aluminium-5052-supplier-india.html,Hold unless Search Console shows demand
Aluminium,Aluminium 5052,sheets,Nashik,Maharashtra,,india_city,Not recommended,/materials/aluminium-5052-supplier-india.html,Do not create
Aluminium,Aluminium 5052,sheets,Chhatrapati Sambhajinagar / Aurangabad,Maharashtra,,india_city,Not recommended,/materials/aluminium-5052-supplier-india.html,Do not create
Aluminium,Aluminium 5052,sheets,Nagpur / Butibori,Maharashtra,,india_city,Not recommended,/materials/aluminium-5052-supplier-india.html,Do not create
Aluminium,Aluminium 5052,sheets,Ahmedabad,Gujarat,,india_city,Duplicate / cannibalizing risk,/materials/aluminium-5052-supplier-india.html,Hold unless Search Console shows demand
Aluminium,Aluminium 5052,sheets,Vadodara,Gujarat,,india_city,Duplicate / cannibalizing risk,/materials/aluminium-5052-supplier-india.html,Hold unless Search Console shows demand
Aluminium,Aluminium 5052,sheets,Hazira,Gujarat,,india_city,Not recommended,/materials/aluminium-5052-supplier-india.html,Do not create
Aluminium,Aluminium 5052,sheets,Rajkot,Gujarat,,india_city,Not recommended,/materials/aluminium-5052-supplier-india.html,Do not create
Aluminium,Aluminium 5052,sheets,Jamnagar,Gujarat,,india_city,Not recommended,/materials/aluminium-5052-supplier-india.html,Do not create
Aluminium,Aluminium 5052,sheets,Chennai,Tamil Nadu,,india_city,Duplicate / cannibalizing risk,/materials/aluminium-5052-supplier-india.html,Hold unless Search Console shows demand
Aluminium,Aluminium 5052,sheets,Sriperumbudur,Tamil Nadu,,india_city,Not recommended,/materials/aluminium-5052-supplier-india.html,Do not create
Aluminium,Aluminium 5052,sheets,Oragadam,Tamil Nadu,,india_city,Not recommended,/materials/aluminium-5052-supplier-india.html,Do not create
Aluminium,Aluminium 5052,sheets,Coimbatore,Tamil Nadu,,india_city,Duplicate / cannibalizing risk,/materials/aluminium-5052-supplier-india.html,Hold unless Search Console shows demand
Aluminium,Aluminium 5052,sheets,Hosur,Tamil Nadu,,india_city,Not recommended,/materials/aluminium-5052-supplier-india.html,Do not create
Aluminium,Aluminium 5052,sheets,Salem,Tamil Nadu,,india_city,Not recommended,/materials/aluminium-5052-supplier-india.html,Do not create
Aluminium,Aluminium 5052,sheets,Trichy,Tamil Nadu,,india_city,Not recommended,/materials/aluminium-5052-supplier-india.html,Do not create
Aluminium,Aluminium 5052,sheets,Bengaluru,Karnataka,,india_city,Duplicate / cannibalizing risk,/materials/aluminium-5052-supplier-india.html,Hold unless Search Console shows demand
Aluminium,Aluminium 5052,sheets,Peenya,Karnataka,,india_city,Duplicate / cannibalizing risk,/materials/aluminium-5052-supplier-india.html,Hold unless Search Console shows demand
Aluminium,Aluminium 5052,sheets,Bommasandra,Karnataka,,india_city,Duplicate / cannibalizing risk,/materials/aluminium-5052-supplier-india.html,Hold unless Search Console shows demand
Aluminium,Aluminium 5052,sheets,Mysuru,Karnataka,,india_city,Not recommended,/materials/aluminium-5052-supplier-india.html,Do not create
Aluminium,Aluminium 5052,sheets,Mangaluru,Karnataka,,india_city,Not recommended,/materials/aluminium-5052-supplier-india.html,Do not create
Aluminium,Aluminium 5052,sheets,Hyderabad,Telangana,,india_city,Duplicate / cannibalizing risk,/materials/aluminium-5052-supplier-india.html,Hold unless Search Console shows demand
Aluminium,Aluminium 5052,sheets,Secunderabad,Telangana,,india_city,Duplicate / cannibalizing risk,/materials/aluminium-5052-supplier-india.html,Hold unless Search Console shows demand
Aluminium,Aluminium 5052,sheets,Kakinada,Andhra Pradesh,,india_city,Not recommended,/materials/aluminium-5052-supplier-india.html,Do not create
Aluminium,Aluminium 5052,sheets,Vijayawada,Andhra Pradesh,,india_city,Not recommended,/materials/aluminium-5052-supplier-india.html,Do not create
Aluminium,Aluminium 5052,sheets,Delhi,Delhi NCR,,india_city,Duplicate / cannibalizing risk,/materials/aluminium-5052-supplier-india.html,Hold unless Search Console shows demand
Aluminium,Aluminium 5052,sheets,Faridabad,Haryana,,india_city,Duplicate / cannibalizing risk,/materials/aluminium-5052-supplier-india.html,Hold unless Search Console shows demand
Aluminium,Aluminium 5052,sheets,Greater Noida,Uttar Pradesh,,india_city,Not recommended,/materials/aluminium-5052-supplier-india.html,Do not create
Aluminium,Aluminium 5052,sheets,Ghaziabad,Uttar Pradesh,,india_city,Not recommended,/materials/aluminium-5052-supplier-india.html,Do not create
Aluminium,Aluminium 5052,sheets,Bhiwadi,Rajasthan,,india_city,Not recommended,/materials/aluminium-5052-supplier-india.html,Do not create
Aluminium,Aluminium 5052,sheets,Neemrana,Rajasthan,,india_city,Not recommended,/materials/aluminium-5052-supplier-india.html,Do not create
Aluminium,Aluminium 5052,sheets,Jaipur,Rajasthan,,india_city,Not recommended,/materials/aluminium-5052-supplier-india.html,Do not create
Aluminium,Aluminium 5052,sheets,Indore,Madhya Pradesh,,india_city,Not recommended,/materials/aluminium-5052-supplier-india.html,Do not create
Aluminium,Aluminium 5052,sheets,Pithampur,Madhya Pradesh,,india_city,Not recommended,/materials/aluminium-5052-supplier-india.html,Do not create
Aluminium,Aluminium 5052,sheets,Bhopal / Mandideep,Madhya Pradesh,,india_city,Not recommended,/materials/aluminium-5052-supplier-india.html,Do not create
Aluminium,Aluminium 5052,sheets,Kolkata,West Bengal,,india_city,Not recommended,/materials/aluminium-5052-supplier-india.html,Do not create
Aluminium,Aluminium 5052,sheets,Howrah,West Bengal,,india_city,Not recommended,/materials/aluminium-5052-supplier-india.html,Do not create
Aluminium,Aluminium 5052,sheets,Durgapur,West Bengal,,india_city,Not recommended,/materials/aluminium-5052-supplier-india.html,Do not create
Aluminium,Aluminium 5052,sheets,Jamshedpur,Jharkhand,,india_city,Not recommended,/materials/aluminium-5052-supplier-india.html,Do not create
Aluminium,Aluminium 5052,sheets,Ludhiana,Punjab,,india_city,Not recommended,/materials/aluminium-5052-supplier-india.html,Do not create
Aluminium,Aluminium 5052,sheets,Jalandhar,Punjab,,india_city,Missing but low value,/materials/aluminium-5052-supplier-india.html,Do not create in final batch
Aluminium,Aluminium 5052,sheets,Kochi,Kerala,,india_city,Missing but low value,/materials/aluminium-5052-supplier-india.html,Do not create in final batch
Aluminium,Aluminium 5052,sheets,Bhubaneswar,Odisha,,india_city,Not recommended,/materials/aluminium-5052-supplier-india.html,Do not create
Aluminium,Aluminium 5052,sheets,Rourkela,Odisha,,india_city,Not recommended,/materials/aluminium-5052-supplier-india.html,Do not create
Aluminium,Aluminium 5052,plates,Mumbai,Maharashtra,,india_city,Duplicate / cannibalizing risk,/materials/aluminium-5052-supplier-india.html,Hold unless Search Console shows demand
Aluminium,Aluminium 5052,plates,Navi Mumbai,Maharashtra,,india_city,Duplicate / cannibalizing risk,/materials/aluminium-5052-supplier-india.html,Hold unless Search Console shows demand
Aluminium,Aluminium 5052,plates,Thane,Maharashtra,,india_city,Not recommended,/materials/aluminium-5052-supplier-india.html,Do not create
Aluminium,Aluminium 5052,plates,Pune,Maharashtra,,india_city,Duplicate / cannibalizing risk,/materials/aluminium-5052-supplier-india.html,Hold unless Search Console shows demand
Aluminium,Aluminium 5052,plates,Nashik,Maharashtra,,india_city,Not recommended,/materials/aluminium-5052-supplier-india.html,Do not create
Aluminium,Aluminium 5052,plates,Chhatrapati Sambhajinagar / Aurangabad,Maharashtra,,india_city,Not recommended,/materials/aluminium-5052-supplier-india.html,Do not create
Aluminium,Aluminium 5052,plates,Nagpur / Butibori,Maharashtra,,india_city,Not recommended,/materials/aluminium-5052-supplier-india.html,Do not create
Aluminium,Aluminium 5052,plates,Ahmedabad,Gujarat,,india_city,Duplicate / cannibalizing risk,/materials/aluminium-5052-supplier-india.html,Hold unless Search Console shows demand
Aluminium,Aluminium 5052,plates,Vadodara,Gujarat,,india_city,Duplicate / cannibalizing risk,/materials/aluminium-5052-supplier-india.html,Hold unless Search Console shows demand
Aluminium,Aluminium 5052,plates,Hazira,Gujarat,,india_city,Not recommended,/materials/aluminium-5052-supplier-india.html,Do not create
Aluminium,Aluminium 5052,plates,Rajkot,Gujarat,,india_city,Not recommended,/materials/aluminium-5052-supplier-india.html,Do not create
Aluminium,Aluminium 5052,plates,Jamnagar,Gujarat,,india_city,Not recommended,/materials/aluminium-5052-supplier-india.html,Do not create
Aluminium,Aluminium 5052,plates,Chennai,Tamil Nadu,,india_city,Duplicate / cannibalizing risk,/materials/aluminium-5052-supplier-india.html,Hold unless Search Console shows demand
Aluminium,Aluminium 5052,plates,Sriperumbudur,Tamil Nadu,,india_city,Not recommended,/materials/aluminium-5052-supplier-india.html,Do not create
Aluminium,Aluminium 5052,plates,Oragadam,Tamil Nadu,,india_city,Not recommended,/materials/aluminium-5052-supplier-india.html,Do not create
Aluminium,Aluminium 5052,plates,Coimbatore,Tamil Nadu,,india_city,Duplicate / cannibalizing risk,/materials/aluminium-5052-supplier-india.html,Hold unless Search Console shows demand
Aluminium,Aluminium 5052,plates,Hosur,Tamil Nadu,,india_city,Not recommended,/materials/aluminium-5052-supplier-india.html,Do not create
Aluminium,Aluminium 5052,plates,Salem,Tamil Nadu,,india_city,Not recommended,/materials/aluminium-5052-supplier-india.html,Do not create
Aluminium,Aluminium 5052,plates,Trichy,Tamil Nadu,,india_city,Not recommended,/materials/aluminium-5052-supplier-india.html,Do not create
Aluminium,Aluminium 5052,plates,Bengaluru,Karnataka,,india_city,Duplicate / cannibalizing risk,/materials/aluminium-5052-supplier-india.html,Hold unless Search Console shows demand
Aluminium,Aluminium 5052,plates,Peenya,Karnataka,,india_city,Duplicate / cannibalizing risk,/materials/aluminium-5052-supplier-india.html,Hold unless Search Console shows demand
Aluminium,Aluminium 5052,plates,Bommasandra,Karnataka,,india_city,Duplicate / cannibalizing risk,/materials/aluminium-5052-supplier-india.html,Hold unless Search Console shows demand
Aluminium,Aluminium 5052,plates,Mysuru,Karnataka,,india_city,Not recommended,/materials/aluminium-5052-supplier-india.html,Do not create
Aluminium,Aluminium 5052,plates,Mangaluru,Karnataka,,india_city,Not recommended,/materials/aluminium-5052-supplier-india.html,Do not create
Aluminium,Aluminium 5052,plates,Hyderabad,Telangana,,india_city,Duplicate / cannibalizing risk,/materials/aluminium-5052-supplier-india.html,Hold unless Search Console shows demand
Aluminium,Aluminium 5052,plates,Secunderabad,Telangana,,india_city,Duplicate / cannibalizing risk,/materials/aluminium-5052-supplier-india.html,Hold unless Search Console shows demand
Aluminium,Aluminium 5052,plates,Kakinada,Andhra Pradesh,,india_city,Not recommended,/materials/aluminium-5052-supplier-india.html,Do not create
Aluminium,Aluminium 5052,plates,Vijayawada,Andhra Pradesh,,india_city,Not recommended,/materials/aluminium-5052-supplier-india.html,Do not create
Aluminium,Aluminium 5052,plates,Delhi,Delhi NCR,,india_city,Duplicate / cannibalizing risk,/materials/aluminium-5052-supplier-india.html,Hold unless Search Console shows demand
Aluminium,Aluminium 5052,plates,Faridabad,Haryana,,india_city,Duplicate / cannibalizing risk,/materials/aluminium-5052-supplier-india.html,Hold unless Search Console shows demand
Aluminium,Aluminium 5052,plates,Greater Noida,Uttar Pradesh,,india_city,Not recommended,/materials/aluminium-5052-supplier-india.html,Do not create
Aluminium,Aluminium 5052,plates,Ghaziabad,Uttar Pradesh,,india_city,Not recommended,/materials/aluminium-5052-supplier-india.html,Do not create
Aluminium,Aluminium 5052,plates,Bhiwadi,Rajasthan,,india_city,Not recommended,/materials/aluminium-5052-supplier-india.html,Do not create
Aluminium,Aluminium 5052,plates,Neemrana,Rajasthan,,india_city,Not recommended,/materials/aluminium-5052-supplier-india.html,Do not create
Aluminium,Aluminium 5052,plates,Jaipur,Rajasthan,,india_city,Not recommended,/materials/aluminium-5052-supplier-india.html,Do not create
Aluminium,Aluminium 5052,plates,Indore,Madhya Pradesh,,india_city,Not recommended,/materials/aluminium-5052-supplier-india.html,Do not create
Aluminium,Aluminium 5052,plates,Pithampur,Madhya Pradesh,,india_city,Not recommended,/materials/aluminium-5052-supplier-india.html,Do not create
Aluminium,Aluminium 5052,plates,Bhopal / Mandideep,Madhya Pradesh,,india_city,Not recommended,/materials/aluminium-5052-supplier-india.html,Do not create
Aluminium,Aluminium 5052,plates,Kolkata,West Bengal,,india_city,Not recommended,/materials/aluminium-5052-supplier-india.html,Do not create
Aluminium,Aluminium 5052,plates,Howrah,West Bengal,,india_city,Not recommended,/materials/aluminium-5052-supplier-india.html,Do not create
Aluminium,Aluminium 5052,plates,Durgapur,West Bengal,,india_city,Not recommended,/materials/aluminium-5052-supplier-india.html,Do not create
Aluminium,Aluminium 5052,plates,Jamshedpur,Jharkhand,,india_city,Not recommended,/materials/aluminium-5052-supplier-india.html,Do not create
Aluminium,Aluminium 5052,plates,Ludhiana,Punjab,,india_city,Not recommended,/materials/aluminium-5052-supplier-india.html,Do not create
Aluminium,Aluminium 5052,plates,Jalandhar,Punjab,,india_city,Missing but low value,/materials/aluminium-5052-supplier-india.html,Do not create in final batch
Aluminium,Aluminium 5052,plates,Kochi,Kerala,,india_city,Missing but low value,/materials/aluminium-5052-supplier-india.html,Do not create in final batch
Aluminium,Aluminium 5052,plates,Bhubaneswar,Odisha,,india_city,Not recommended,/materials/aluminium-5052-supplier-india.html,Do not create
Aluminium,Aluminium 5052,plates,Rourkela,Odisha,,india_city,Not recommended,/materials/aluminium-5052-supplier-india.html,Do not create
Aluminium,Aluminium 5052,rods,Mumbai,Maharashtra,,india_city,Duplicate / cannibalizing risk,/materials/aluminium-5052-supplier-india.html,Hold unless Search Console shows demand
Aluminium,Aluminium 5052,rods,Navi Mumbai,Maharashtra,,india_city,Duplicate / cannibalizing risk,/materials/aluminium-5052-supplier-india.html,Hold unless Search Console shows demand
Aluminium,Aluminium 5052,rods,Thane,Maharashtra,,india_city,Not recommended,/materials/aluminium-5052-supplier-india.html,Do not create
Aluminium,Aluminium 5052,rods,Pune,Maharashtra,,india_city,Duplicate / cannibalizing risk,/materials/aluminium-5052-supplier-india.html,Hold unless Search Console shows demand
Aluminium,Aluminium 5052,rods,Nashik,Maharashtra,,india_city,Not recommended,/materials/aluminium-5052-supplier-india.html,Do not create
Aluminium,Aluminium 5052,rods,Chhatrapati Sambhajinagar / Aurangabad,Maharashtra,,india_city,Not recommended,/materials/aluminium-5052-supplier-india.html,Do not create
Aluminium,Aluminium 5052,rods,Nagpur / Butibori,Maharashtra,,india_city,Not recommended,/materials/aluminium-5052-supplier-india.html,Do not create
Aluminium,Aluminium 5052,rods,Ahmedabad,Gujarat,,india_city,Duplicate / cannibalizing risk,/materials/aluminium-5052-supplier-india.html,Hold unless Search Console shows demand
Aluminium,Aluminium 5052,rods,Vadodara,Gujarat,,india_city,Duplicate / cannibalizing risk,/materials/aluminium-5052-supplier-india.html,Hold unless Search Console shows demand
Aluminium,Aluminium 5052,rods,Hazira,Gujarat,,india_city,Not recommended,/materials/aluminium-5052-supplier-india.html,Do not create
Aluminium,Aluminium 5052,rods,Rajkot,Gujarat,,india_city,Not recommended,/materials/aluminium-5052-supplier-india.html,Do not create
Aluminium,Aluminium 5052,rods,Jamnagar,Gujarat,,india_city,Not recommended,/materials/aluminium-5052-supplier-india.html,Do not create
Aluminium,Aluminium 5052,rods,Chennai,Tamil Nadu,,india_city,Duplicate / cannibalizing risk,/materials/aluminium-5052-supplier-india.html,Hold unless Search Console shows demand
Aluminium,Aluminium 5052,rods,Sriperumbudur,Tamil Nadu,,india_city,Not recommended,/materials/aluminium-5052-supplier-india.html,Do not create
Aluminium,Aluminium 5052,rods,Oragadam,Tamil Nadu,,india_city,Not recommended,/materials/aluminium-5052-supplier-india.html,Do not create
Aluminium,Aluminium 5052,rods,Coimbatore,Tamil Nadu,,india_city,Duplicate / cannibalizing risk,/materials/aluminium-5052-supplier-india.html,Hold unless Search Console shows demand
Aluminium,Aluminium 5052,rods,Hosur,Tamil Nadu,,india_city,Not recommended,/materials/aluminium-5052-supplier-india.html,Do not create
Aluminium,Aluminium 5052,rods,Salem,Tamil Nadu,,india_city,Not recommended,/materials/aluminium-5052-supplier-india.html,Do not create
Aluminium,Aluminium 5052,rods,Trichy,Tamil Nadu,,india_city,Not recommended,/materials/aluminium-5052-supplier-india.html,Do not create
Aluminium,Aluminium 5052,rods,Bengaluru,Karnataka,,india_city,Duplicate / cannibalizing risk,/materials/aluminium-5052-supplier-india.html,Hold unless Search Console shows demand
Aluminium,Aluminium 5052,rods,Peenya,Karnataka,,india_city,Duplicate / cannibalizing risk,/materials/aluminium-5052-supplier-india.html,Hold unless Search Console shows demand
Aluminium,Aluminium 5052,rods,Bommasandra,Karnataka,,india_city,Duplicate / cannibalizing risk,/materials/aluminium-5052-supplier-india.html,Hold unless Search Console shows demand
Aluminium,Aluminium 5052,rods,Mysuru,Karnataka,,india_city,Not recommended,/materials/aluminium-5052-supplier-india.html,Do not create
Aluminium,Aluminium 5052,rods,Mangaluru,Karnataka,,india_city,Not recommended,/materials/aluminium-5052-supplier-india.html,Do not create
Aluminium,Aluminium 5052,rods,Hyderabad,Telangana,,india_city,Duplicate / cannibalizing risk,/materials/aluminium-5052-supplier-india.html,Hold unless Search Console shows demand
Aluminium,Aluminium 5052,rods,Secunderabad,Telangana,,india_city,Duplicate / cannibalizing risk,/materials/aluminium-5052-supplier-india.html,Hold unless Search Console shows demand
Aluminium,Aluminium 5052,rods,Kakinada,Andhra Pradesh,,india_city,Not recommended,/materials/aluminium-5052-supplier-india.html,Do not create
Aluminium,Aluminium 5052,rods,Vijayawada,Andhra Pradesh,,india_city,Not recommended,/materials/aluminium-5052-supplier-india.html,Do not create
Aluminium,Aluminium 5052,rods,Delhi,Delhi NCR,,india_city,Duplicate / cannibalizing risk,/materials/aluminium-5052-supplier-india.html,Hold unless Search Console shows demand
Aluminium,Aluminium 5052,rods,Faridabad,Haryana,,india_city,Duplicate / cannibalizing risk,/materials/aluminium-5052-supplier-india.html,Hold unless Search Console shows demand
Aluminium,Aluminium 5052,rods,Greater Noida,Uttar Pradesh,,india_city,Not recommended,/materials/aluminium-5052-supplier-india.html,Do not create
Aluminium,Aluminium 5052,rods,Ghaziabad,Uttar Pradesh,,india_city,Not recommended,/materials/aluminium-5052-supplier-india.html,Do not create
Aluminium,Aluminium 5052,rods,Bhiwadi,Rajasthan,,india_city,Not recommended,/materials/aluminium-5052-supplier-india.html,Do not create
Aluminium,Aluminium 5052,rods,Neemrana,Rajasthan,,india_city,Not recommended,/materials/aluminium-5052-supplier-india.html,Do not create
Aluminium,Aluminium 5052,rods,Jaipur,Rajasthan,,india_city,Not recommended,/materials/aluminium-5052-supplier-india.html,Do not create
Aluminium,Aluminium 5052,rods,Indore,Madhya Pradesh,,india_city,Not recommended,/materials/aluminium-5052-supplier-india.html,Do not create
Aluminium,Aluminium 5052,rods,Pithampur,Madhya Pradesh,,india_city,Not recommended,/materials/aluminium-5052-supplier-india.html,Do not create
Aluminium,Aluminium 5052,rods,Bhopal / Mandideep,Madhya Pradesh,,india_city,Not recommended,/materials/aluminium-5052-supplier-india.html,Do not create
Aluminium,Aluminium 5052,rods,Kolkata,West Bengal,,india_city,Not recommended,/materials/aluminium-5052-supplier-india.html,Do not create
Aluminium,Aluminium 5052,rods,Howrah,West Bengal,,india_city,Not recommended,/materials/aluminium-5052-supplier-india.html,Do not create
Aluminium,Aluminium 5052,rods,Durgapur,West Bengal,,india_city,Not recommended,/materials/aluminium-5052-supplier-india.html,Do not create
Aluminium,Aluminium 5052,rods,Jamshedpur,Jharkhand,,india_city,Not recommended,/materials/aluminium-5052-supplier-india.html,Do not create
Aluminium,Aluminium 5052,rods,Ludhiana,Punjab,,india_city,Not recommended,/materials/aluminium-5052-supplier-india.html,Do not create
Aluminium,Aluminium 5052,rods,Jalandhar,Punjab,,india_city,Missing but low value,/materials/aluminium-5052-supplier-india.html,Do not create in final batch
Aluminium,Aluminium 5052,rods,Kochi,Kerala,,india_city,Missing but low value,/materials/aluminium-5052-supplier-india.html,Do not create in final batch
Aluminium,Aluminium 5052,rods,Bhubaneswar,Odisha,,india_city,Not recommended,/materials/aluminium-5052-supplier-india.html,Do not create
Aluminium,Aluminium 5052,rods,Rourkela,Odisha,,india_city,Not recommended,/materials/aluminium-5052-supplier-india.html,Do not create
Aluminium,Aluminium 5052,flats,Mumbai,Maharashtra,,india_city,Duplicate / cannibalizing risk,/materials/aluminium-5052-supplier-india.html,Hold unless Search Console shows demand
Aluminium,Aluminium 5052,flats,Navi Mumbai,Maharashtra,,india_city,Duplicate / cannibalizing risk,/materials/aluminium-5052-supplier-india.html,Hold unless Search Console shows demand
Aluminium,Aluminium 5052,flats,Thane,Maharashtra,,india_city,Not recommended,/materials/aluminium-5052-supplier-india.html,Do not create
Aluminium,Aluminium 5052,flats,Pune,Maharashtra,,india_city,Duplicate / cannibalizing risk,/materials/aluminium-5052-supplier-india.html,Hold unless Search Console shows demand
Aluminium,Aluminium 5052,flats,Nashik,Maharashtra,,india_city,Not recommended,/materials/aluminium-5052-supplier-india.html,Do not create
Aluminium,Aluminium 5052,flats,Chhatrapati Sambhajinagar / Aurangabad,Maharashtra,,india_city,Not recommended,/materials/aluminium-5052-supplier-india.html,Do not create
Aluminium,Aluminium 5052,flats,Nagpur / Butibori,Maharashtra,,india_city,Not recommended,/materials/aluminium-5052-supplier-india.html,Do not create
Aluminium,Aluminium 5052,flats,Ahmedabad,Gujarat,,india_city,Duplicate / cannibalizing risk,/materials/aluminium-5052-supplier-india.html,Hold unless Search Console shows demand
Aluminium,Aluminium 5052,flats,Vadodara,Gujarat,,india_city,Duplicate / cannibalizing risk,/materials/aluminium-5052-supplier-india.html,Hold unless Search Console shows demand
Aluminium,Aluminium 5052,flats,Hazira,Gujarat,,india_city,Not recommended,/materials/aluminium-5052-supplier-india.html,Do not create
Aluminium,Aluminium 5052,flats,Rajkot,Gujarat,,india_city,Not recommended,/materials/aluminium-5052-supplier-india.html,Do not create
Aluminium,Aluminium 5052,flats,Jamnagar,Gujarat,,india_city,Not recommended,/materials/aluminium-5052-supplier-india.html,Do not create
Aluminium,Aluminium 5052,flats,Chennai,Tamil Nadu,,india_city,Duplicate / cannibalizing risk,/materials/aluminium-5052-supplier-india.html,Hold unless Search Console shows demand
Aluminium,Aluminium 5052,flats,Sriperumbudur,Tamil Nadu,,india_city,Not recommended,/materials/aluminium-5052-supplier-india.html,Do not create
Aluminium,Aluminium 5052,flats,Oragadam,Tamil Nadu,,india_city,Not recommended,/materials/aluminium-5052-supplier-india.html,Do not create
Aluminium,Aluminium 5052,flats,Coimbatore,Tamil Nadu,,india_city,Duplicate / cannibalizing risk,/materials/aluminium-5052-supplier-india.html,Hold unless Search Console shows demand
Aluminium,Aluminium 5052,flats,Hosur,Tamil Nadu,,india_city,Not recommended,/materials/aluminium-5052-supplier-india.html,Do not create
Aluminium,Aluminium 5052,flats,Salem,Tamil Nadu,,india_city,Not recommended,/materials/aluminium-5052-supplier-india.html,Do not create
Aluminium,Aluminium 5052,flats,Trichy,Tamil Nadu,,india_city,Not recommended,/materials/aluminium-5052-supplier-india.html,Do not create
Aluminium,Aluminium 5052,flats,Bengaluru,Karnataka,,india_city,Duplicate / cannibalizing risk,/materials/aluminium-5052-supplier-india.html,Hold unless Search Console shows demand
Aluminium,Aluminium 5052,flats,Peenya,Karnataka,,india_city,Duplicate / cannibalizing risk,/materials/aluminium-5052-supplier-india.html,Hold unless Search Console shows demand
Aluminium,Aluminium 5052,flats,Bommasandra,Karnataka,,india_city,Duplicate / cannibalizing risk,/materials/aluminium-5052-supplier-india.html,Hold unless Search Console shows demand
Aluminium,Aluminium 5052,flats,Mysuru,Karnataka,,india_city,Not recommended,/materials/aluminium-5052-supplier-india.html,Do not create
Aluminium,Aluminium 5052,flats,Mangaluru,Karnataka,,india_city,Not recommended,/materials/aluminium-5052-supplier-india.html,Do not create
Aluminium,Aluminium 5052,flats,Hyderabad,Telangana,,india_city,Duplicate / cannibalizing risk,/materials/aluminium-5052-supplier-india.html,Hold unless Search Console shows demand
Aluminium,Aluminium 5052,flats,Secunderabad,Telangana,,india_city,Duplicate / cannibalizing risk,/materials/aluminium-5052-supplier-india.html,Hold unless Search Console shows demand
Aluminium,Aluminium 5052,flats,Kakinada,Andhra Pradesh,,india_city,Not recommended,/materials/aluminium-5052-supplier-india.html,Do not create
Aluminium,Aluminium 5052,flats,Vijayawada,Andhra Pradesh,,india_city,Not recommended,/materials/aluminium-5052-supplier-india.html,Do not create
Aluminium,Aluminium 5052,flats,Delhi,Delhi NCR,,india_city,Duplicate / cannibalizing risk,/materials/aluminium-5052-supplier-india.html,Hold unless Search Console shows demand
Aluminium,Aluminium 5052,flats,Faridabad,Haryana,,india_city,Duplicate / cannibalizing risk,/materials/aluminium-5052-supplier-india.html,Hold unless Search Console shows demand
Aluminium,Aluminium 5052,flats,Greater Noida,Uttar Pradesh,,india_city,Not recommended,/materials/aluminium-5052-supplier-india.html,Do not create
Aluminium,Aluminium 5052,flats,Ghaziabad,Uttar Pradesh,,india_city,Not recommended,/materials/aluminium-5052-supplier-india.html,Do not create
Aluminium,Aluminium 5052,flats,Bhiwadi,Rajasthan,,india_city,Not recommended,/materials/aluminium-5052-supplier-india.html,Do not create
Aluminium,Aluminium 5052,flats,Neemrana,Rajasthan,,india_city,Not recommended,/materials/aluminium-5052-supplier-india.html,Do not create
Aluminium,Aluminium 5052,flats,Jaipur,Rajasthan,,india_city,Not recommended,/materials/aluminium-5052-supplier-india.html,Do not create
Aluminium,Aluminium 5052,flats,Indore,Madhya Pradesh,,india_city,Not recommended,/materials/aluminium-5052-supplier-india.html,Do not create
Aluminium,Aluminium 5052,flats,Pithampur,Madhya Pradesh,,india_city,Not recommended,/materials/aluminium-5052-supplier-india.html,Do not create
Aluminium,Aluminium 5052,flats,Bhopal / Mandideep,Madhya Pradesh,,india_city,Not recommended,/materials/aluminium-5052-supplier-india.html,Do not create
Aluminium,Aluminium 5052,flats,Kolkata,West Bengal,,india_city,Not recommended,/materials/aluminium-5052-supplier-india.html,Do not create
Aluminium,Aluminium 5052,flats,Howrah,West Bengal,,india_city,Not recommended,/materials/aluminium-5052-supplier-india.html,Do not create
Aluminium,Aluminium 5052,flats,Durgapur,West Bengal,,india_city,Not recommended,/materials/aluminium-5052-supplier-india.html,Do not create
Aluminium,Aluminium 5052,flats,Jamshedpur,Jharkhand,,india_city,Not recommended,/materials/aluminium-5052-supplier-india.html,Do not create
Aluminium,Aluminium 5052,flats,Ludhiana,Punjab,,india_city,Not recommended,/materials/aluminium-5052-supplier-india.html,Do not create
Aluminium,Aluminium 5052,flats,Jalandhar,Punjab,,india_city,Missing but low value,/materials/aluminium-5052-supplier-india.html,Do not create in final batch
Aluminium,Aluminium 5052,flats,Kochi,Kerala,,india_city,Missing but low value,/materials/aluminium-5052-supplier-india.html,Do not create in final batch
Aluminium,Aluminium 5052,flats,Bhubaneswar,Odisha,,india_city,Not recommended,/materials/aluminium-5052-supplier-india.html,Do not create
Aluminium,Aluminium 5052,flats,Rourkela,Odisha,,india_city,Not recommended,/materials/aluminium-5052-supplier-india.html,Do not create
Aluminium,Aluminium 5052,tubes,Mumbai,Maharashtra,,india_city,Duplicate / cannibalizing risk,/materials/aluminium-5052-supplier-india.html,Hold unless Search Console shows demand
Aluminium,Aluminium 5052,tubes,Navi Mumbai,Maharashtra,,india_city,Duplicate / cannibalizing risk,/materials/aluminium-5052-supplier-india.html,Hold unless Search Console shows demand
Aluminium,Aluminium 5052,tubes,Thane,Maharashtra,,india_city,Missing but low value,/materials/aluminium-5052-supplier-india.html,Do not create in final batch
Aluminium,Aluminium 5052,tubes,Pune,Maharashtra,,india_city,Duplicate / cannibalizing risk,/materials/aluminium-5052-supplier-india.html,Hold unless Search Console shows demand
Aluminium,Aluminium 5052,tubes,Chakan,Maharashtra,,india_city,Not recommended,/materials/aluminium-5052-supplier-india.html,Do not create
Aluminium,Aluminium 5052,tubes,PCMC,Maharashtra,,india_city,Not recommended,/materials/aluminium-5052-supplier-india.html,Do not create
Aluminium,Aluminium 5052,tubes,Nashik,Maharashtra,,india_city,Missing but low value,/materials/aluminium-5052-supplier-india.html,Do not create in final batch
Aluminium,Aluminium 5052,tubes,Chhatrapati Sambhajinagar / Aurangabad,Maharashtra,,india_city,Missing but low value,/materials/aluminium-5052-supplier-india.html,Do not create in final batch
Aluminium,Aluminium 5052,tubes,Nagpur / Butibori,Maharashtra,,india_city,Missing but low value,/materials/aluminium-5052-supplier-india.html,Do not create in final batch
Aluminium,Aluminium 5052,tubes,Ahmedabad,Gujarat,,india_city,Duplicate / cannibalizing risk,/materials/aluminium-5052-supplier-india.html,Hold unless Search Console shows demand
Aluminium,Aluminium 5052,tubes,Sanand,Gujarat,,india_city,Not recommended,/materials/aluminium-5052-supplier-india.html,Do not create
Aluminium,Aluminium 5052,tubes,Vadodara,Gujarat,,india_city,Duplicate / cannibalizing risk,/materials/aluminium-5052-supplier-india.html,Hold unless Search Console shows demand
Aluminium,Aluminium 5052,tubes,Surat,Gujarat,,india_city,Not recommended,/materials/aluminium-5052-supplier-india.html,Do not create
Aluminium,Aluminium 5052,tubes,Hazira,Gujarat,,india_city,Missing but low value,/materials/aluminium-5052-supplier-india.html,Do not create in final batch
Aluminium,Aluminium 5052,tubes,Ankleshwar,Gujarat,,india_city,Not recommended,/materials/aluminium-5052-supplier-india.html,Do not create
Aluminium,Aluminium 5052,tubes,Bharuch,Gujarat,,india_city,Not recommended,/materials/aluminium-5052-supplier-india.html,Do not create
Aluminium,Aluminium 5052,tubes,Vapi,Gujarat,,india_city,Not recommended,/materials/aluminium-5052-supplier-india.html,Do not create
Aluminium,Aluminium 5052,tubes,Rajkot,Gujarat,,india_city,Missing but low value,/materials/aluminium-5052-supplier-india.html,Do not create in final batch
Aluminium,Aluminium 5052,tubes,Jamnagar,Gujarat,,india_city,Missing but low value,/materials/aluminium-5052-supplier-india.html,Do not create in final batch
Aluminium,Aluminium 5052,tubes,Chennai,Tamil Nadu,,india_city,Duplicate / cannibalizing risk,/materials/aluminium-5052-supplier-india.html,Hold unless Search Console shows demand
Aluminium,Aluminium 5052,tubes,Sriperumbudur,Tamil Nadu,,india_city,Missing but low value,/materials/aluminium-5052-supplier-india.html,Do not create in final batch
Aluminium,Aluminium 5052,tubes,Oragadam,Tamil Nadu,,india_city,Missing but low value,/materials/aluminium-5052-supplier-india.html,Do not create in final batch
Aluminium,Aluminium 5052,tubes,Coimbatore,Tamil Nadu,,india_city,Duplicate / cannibalizing risk,/materials/aluminium-5052-supplier-india.html,Hold unless Search Console shows demand
Aluminium,Aluminium 5052,tubes,Hosur,Tamil Nadu,,india_city,Missing but low value,/materials/aluminium-5052-supplier-india.html,Do not create in final batch
Aluminium,Aluminium 5052,tubes,Salem,Tamil Nadu,,india_city,Missing but low value,/materials/aluminium-5052-supplier-india.html,Do not create in final batch
Aluminium,Aluminium 5052,tubes,Trichy,Tamil Nadu,,india_city,Missing but low value,/materials/aluminium-5052-supplier-india.html,Do not create in final batch
Aluminium,Aluminium 5052,tubes,Bengaluru,Karnataka,,india_city,Duplicate / cannibalizing risk,/materials/aluminium-5052-supplier-india.html,Hold unless Search Console shows demand
Aluminium,Aluminium 5052,tubes,Peenya,Karnataka,,india_city,Duplicate / cannibalizing risk,/materials/aluminium-5052-supplier-india.html,Hold unless Search Console shows demand
Aluminium,Aluminium 5052,tubes,Bommasandra,Karnataka,,india_city,Duplicate / cannibalizing risk,/materials/aluminium-5052-supplier-india.html,Hold unless Search Console shows demand
Aluminium,Aluminium 5052,tubes,Mysuru,Karnataka,,india_city,Missing but low value,/materials/aluminium-5052-supplier-india.html,Do not create in final batch
Aluminium,Aluminium 5052,tubes,Mangaluru,Karnataka,,india_city,Missing but low value,/materials/aluminium-5052-supplier-india.html,Do not create in final batch
Aluminium,Aluminium 5052,tubes,Hyderabad,Telangana,,india_city,Duplicate / cannibalizing risk,/materials/aluminium-5052-supplier-india.html,Hold unless Search Console shows demand
Aluminium,Aluminium 5052,tubes,Secunderabad,Telangana,,india_city,Duplicate / cannibalizing risk,/materials/aluminium-5052-supplier-india.html,Hold unless Search Console shows demand
Aluminium,Aluminium 5052,tubes,Visakhapatnam,Andhra Pradesh,,india_city,Not recommended,/materials/aluminium-5052-supplier-india.html,Do not create
Aluminium,Aluminium 5052,tubes,Kakinada,Andhra Pradesh,,india_city,Missing but low value,/materials/aluminium-5052-supplier-india.html,Do not create in final batch
Aluminium,Aluminium 5052,tubes,Vijayawada,Andhra Pradesh,,india_city,Missing but low value,/materials/aluminium-5052-supplier-india.html,Do not create in final batch
Aluminium,Aluminium 5052,tubes,Delhi,Delhi NCR,,india_city,Duplicate / cannibalizing risk,/materials/aluminium-5052-supplier-india.html,Hold unless Search Console shows demand
Aluminium,Aluminium 5052,tubes,Gurugram,Haryana,,india_city,Not recommended,/materials/aluminium-5052-supplier-india.html,Do not create
Aluminium,Aluminium 5052,tubes,Faridabad,Haryana,,india_city,Duplicate / cannibalizing risk,/materials/aluminium-5052-supplier-india.html,Hold unless Search Console shows demand
Aluminium,Aluminium 5052,tubes,Noida,Uttar Pradesh,,india_city,Not recommended,/materials/aluminium-5052-supplier-india.html,Do not create
Aluminium,Aluminium 5052,tubes,Greater Noida,Uttar Pradesh,,india_city,Missing but low value,/materials/aluminium-5052-supplier-india.html,Do not create in final batch
Aluminium,Aluminium 5052,tubes,Ghaziabad,Uttar Pradesh,,india_city,Missing but low value,/materials/aluminium-5052-supplier-india.html,Do not create in final batch
Aluminium,Aluminium 5052,tubes,Bhiwadi,Rajasthan,,india_city,Missing but low value,/materials/aluminium-5052-supplier-india.html,Do not create in final batch
Aluminium,Aluminium 5052,tubes,Neemrana,Rajasthan,,india_city,Missing but low value,/materials/aluminium-5052-supplier-india.html,Do not create in final batch
Aluminium,Aluminium 5052,tubes,Jaipur,Rajasthan,,india_city,Missing but low value,/materials/aluminium-5052-supplier-india.html,Do not create in final batch
Aluminium,Aluminium 5052,tubes,Indore,Madhya Pradesh,,india_city,Missing but low value,/materials/aluminium-5052-supplier-india.html,Do not create in final batch
Aluminium,Aluminium 5052,tubes,Pithampur,Madhya Pradesh,,india_city,Missing but low value,/materials/aluminium-5052-supplier-india.html,Do not create in final batch
Aluminium,Aluminium 5052,tubes,Bhopal / Mandideep,Madhya Pradesh,,india_city,Missing but low value,/materials/aluminium-5052-supplier-india.html,Do not create in final batch
Aluminium,Aluminium 5052,tubes,Kolkata,West Bengal,,india_city,Missing but low value,/materials/aluminium-5052-supplier-india.html,Do not create in final batch
Aluminium,Aluminium 5052,tubes,Howrah,West Bengal,,india_city,Missing but low value,/materials/aluminium-5052-supplier-india.html,Do not create in final batch
Aluminium,Aluminium 5052,tubes,Durgapur,West Bengal,,india_city,Missing but low value,/materials/aluminium-5052-supplier-india.html,Do not create in final batch
Aluminium,Aluminium 5052,tubes,Jamshedpur,Jharkhand,,india_city,Missing but low value,/materials/aluminium-5052-supplier-india.html,Do not create in final batch
Aluminium,Aluminium 5052,tubes,Ludhiana,Punjab,,india_city,Missing but low value,/materials/aluminium-5052-supplier-india.html,Do not create in final batch
Aluminium,Aluminium 5052,tubes,Jalandhar,Punjab,,india_city,Missing but low value,/materials/aluminium-5052-supplier-india.html,Do not create in final batch
Aluminium,Aluminium 5052,tubes,Kochi,Kerala,,india_city,Missing but low value,/materials/aluminium-5052-supplier-india.html,Do not create in final batch
Aluminium,Aluminium 5052,tubes,Bhubaneswar,Odisha,,india_city,Missing but low value,/materials/aluminium-5052-supplier-india.html,Do not create in final batch
Aluminium,Aluminium 5052,tubes,Rourkela,Odisha,,india_city,Missing but low value,/materials/aluminium-5052-supplier-india.html,Do not create in final batch
Aluminium,Aluminium 5052,flanges,Mumbai,Maharashtra,,india_city,Duplicate / cannibalizing risk,/materials/aluminium-5052-supplier-india.html,Hold unless Search Console shows demand
Aluminium,Aluminium 5052,flanges,Navi Mumbai,Maharashtra,,india_city,Duplicate / cannibalizing risk,/materials/aluminium-5052-supplier-india.html,Hold unless Search Console shows demand
Aluminium,Aluminium 5052,flanges,Thane,Maharashtra,,india_city,Missing but low value,/materials/aluminium-5052-supplier-india.html,Do not create in final batch
Aluminium,Aluminium 5052,flanges,Pune,Maharashtra,,india_city,Duplicate / cannibalizing risk,/materials/aluminium-5052-supplier-india.html,Hold unless Search Console shows demand
Aluminium,Aluminium 5052,flanges,Chakan,Maharashtra,,india_city,Not recommended,/materials/aluminium-5052-supplier-india.html,Do not create
Aluminium,Aluminium 5052,flanges,PCMC,Maharashtra,,india_city,Not recommended,/materials/aluminium-5052-supplier-india.html,Do not create
Aluminium,Aluminium 5052,flanges,Nashik,Maharashtra,,india_city,Missing but low value,/materials/aluminium-5052-supplier-india.html,Do not create in final batch
Aluminium,Aluminium 5052,flanges,Chhatrapati Sambhajinagar / Aurangabad,Maharashtra,,india_city,Missing but low value,/materials/aluminium-5052-supplier-india.html,Do not create in final batch
Aluminium,Aluminium 5052,flanges,Nagpur / Butibori,Maharashtra,,india_city,Missing but low value,/materials/aluminium-5052-supplier-india.html,Do not create in final batch
Aluminium,Aluminium 5052,flanges,Ahmedabad,Gujarat,,india_city,Duplicate / cannibalizing risk,/materials/aluminium-5052-supplier-india.html,Hold unless Search Console shows demand
Aluminium,Aluminium 5052,flanges,Sanand,Gujarat,,india_city,Not recommended,/materials/aluminium-5052-supplier-india.html,Do not create
Aluminium,Aluminium 5052,flanges,Vadodara,Gujarat,,india_city,Duplicate / cannibalizing risk,/materials/aluminium-5052-supplier-india.html,Hold unless Search Console shows demand
Aluminium,Aluminium 5052,flanges,Surat,Gujarat,,india_city,Not recommended,/materials/aluminium-5052-supplier-india.html,Do not create
Aluminium,Aluminium 5052,flanges,Hazira,Gujarat,,india_city,Missing but low value,/materials/aluminium-5052-supplier-india.html,Do not create in final batch
Aluminium,Aluminium 5052,flanges,Ankleshwar,Gujarat,,india_city,Not recommended,/materials/aluminium-5052-supplier-india.html,Do not create
Aluminium,Aluminium 5052,flanges,Bharuch,Gujarat,,india_city,Not recommended,/materials/aluminium-5052-supplier-india.html,Do not create
Aluminium,Aluminium 5052,flanges,Vapi,Gujarat,,india_city,Not recommended,/materials/aluminium-5052-supplier-india.html,Do not create
Aluminium,Aluminium 5052,flanges,Rajkot,Gujarat,,india_city,Missing but low value,/materials/aluminium-5052-supplier-india.html,Do not create in final batch
Aluminium,Aluminium 5052,flanges,Jamnagar,Gujarat,,india_city,Missing but low value,/materials/aluminium-5052-supplier-india.html,Do not create in final batch
Aluminium,Aluminium 5052,flanges,Chennai,Tamil Nadu,,india_city,Duplicate / cannibalizing risk,/materials/aluminium-5052-supplier-india.html,Hold unless Search Console shows demand
Aluminium,Aluminium 5052,flanges,Sriperumbudur,Tamil Nadu,,india_city,Missing but low value,/materials/aluminium-5052-supplier-india.html,Do not create in final batch
Aluminium,Aluminium 5052,flanges,Oragadam,Tamil Nadu,,india_city,Missing but low value,/materials/aluminium-5052-supplier-india.html,Do not create in final batch
Aluminium,Aluminium 5052,flanges,Coimbatore,Tamil Nadu,,india_city,Duplicate / cannibalizing risk,/materials/aluminium-5052-supplier-india.html,Hold unless Search Console shows demand
Aluminium,Aluminium 5052,flanges,Hosur,Tamil Nadu,,india_city,Missing but low value,/materials/aluminium-5052-supplier-india.html,Do not create in final batch
Aluminium,Aluminium 5052,flanges,Salem,Tamil Nadu,,india_city,Missing but low value,/materials/aluminium-5052-supplier-india.html,Do not create in final batch
Aluminium,Aluminium 5052,flanges,Trichy,Tamil Nadu,,india_city,Missing but low value,/materials/aluminium-5052-supplier-india.html,Do not create in final batch
Aluminium,Aluminium 5052,flanges,Bengaluru,Karnataka,,india_city,Duplicate / cannibalizing risk,/materials/aluminium-5052-supplier-india.html,Hold unless Search Console shows demand
Aluminium,Aluminium 5052,flanges,Peenya,Karnataka,,india_city,Duplicate / cannibalizing risk,/materials/aluminium-5052-supplier-india.html,Hold unless Search Console shows demand
Aluminium,Aluminium 5052,flanges,Bommasandra,Karnataka,,india_city,Duplicate / cannibalizing risk,/materials/aluminium-5052-supplier-india.html,Hold unless Search Console shows demand
Aluminium,Aluminium 5052,flanges,Mysuru,Karnataka,,india_city,Missing but low value,/materials/aluminium-5052-supplier-india.html,Do not create in final batch
Aluminium,Aluminium 5052,flanges,Mangaluru,Karnataka,,india_city,Missing but low value,/materials/aluminium-5052-supplier-india.html,Do not create in final batch
Aluminium,Aluminium 5052,flanges,Hyderabad,Telangana,,india_city,Duplicate / cannibalizing risk,/materials/aluminium-5052-supplier-india.html,Hold unless Search Console shows demand
Aluminium,Aluminium 5052,flanges,Secunderabad,Telangana,,india_city,Duplicate / cannibalizing risk,/materials/aluminium-5052-supplier-india.html,Hold unless Search Console shows demand
Aluminium,Aluminium 5052,flanges,Visakhapatnam,Andhra Pradesh,,india_city,Not recommended,/materials/aluminium-5052-supplier-india.html,Do not create
Aluminium,Aluminium 5052,flanges,Kakinada,Andhra Pradesh,,india_city,Missing but low value,/materials/aluminium-5052-supplier-india.html,Do not create in final batch
Aluminium,Aluminium 5052,flanges,Vijayawada,Andhra Pradesh,,india_city,Missing but low value,/materials/aluminium-5052-supplier-india.html,Do not create in final batch
Aluminium,Aluminium 5052,flanges,Delhi,Delhi NCR,,india_city,Duplicate / cannibalizing risk,/materials/aluminium-5052-supplier-india.html,Hold unless Search Console shows demand
Aluminium,Aluminium 5052,flanges,Gurugram,Haryana,,india_city,Not recommended,/materials/aluminium-5052-supplier-india.html,Do not create
Aluminium,Aluminium 5052,flanges,Faridabad,Haryana,,india_city,Duplicate / cannibalizing risk,/materials/aluminium-5052-supplier-india.html,Hold unless Search Console shows demand
Aluminium,Aluminium 5052,flanges,Noida,Uttar Pradesh,,india_city,Not recommended,/materials/aluminium-5052-supplier-india.html,Do not create
Aluminium,Aluminium 5052,flanges,Greater Noida,Uttar Pradesh,,india_city,Missing but low value,/materials/aluminium-5052-supplier-india.html,Do not create in final batch
Aluminium,Aluminium 5052,flanges,Ghaziabad,Uttar Pradesh,,india_city,Missing but low value,/materials/aluminium-5052-supplier-india.html,Do not create in final batch
Aluminium,Aluminium 5052,flanges,Bhiwadi,Rajasthan,,india_city,Missing but low value,/materials/aluminium-5052-supplier-india.html,Do not create in final batch
Aluminium,Aluminium 5052,flanges,Neemrana,Rajasthan,,india_city,Missing but low value,/materials/aluminium-5052-supplier-india.html,Do not create in final batch
Aluminium,Aluminium 5052,flanges,Jaipur,Rajasthan,,india_city,Missing but low value,/materials/aluminium-5052-supplier-india.html,Do not create in final batch
Aluminium,Aluminium 5052,flanges,Indore,Madhya Pradesh,,india_city,Missing but low value,/materials/aluminium-5052-supplier-india.html,Do not create in final batch
Aluminium,Aluminium 5052,flanges,Pithampur,Madhya Pradesh,,india_city,Missing but low value,/materials/aluminium-5052-supplier-india.html,Do not create in final batch
Aluminium,Aluminium 5052,flanges,Bhopal / Mandideep,Madhya Pradesh,,india_city,Missing but low value,/materials/aluminium-5052-supplier-india.html,Do not create in final batch
Aluminium,Aluminium 5052,flanges,Kolkata,West Bengal,,india_city,Missing but low value,/materials/aluminium-5052-supplier-india.html,Do not create in final batch
Aluminium,Aluminium 5052,flanges,Howrah,West Bengal,,india_city,Missing but low value,/materials/aluminium-5052-supplier-india.html,Do not create in final batch
Aluminium,Aluminium 5052,flanges,Durgapur,West Bengal,,india_city,Missing but low value,/materials/aluminium-5052-supplier-india.html,Do not create in final batch
Aluminium,Aluminium 5052,flanges,Jamshedpur,Jharkhand,,india_city,Missing but low value,/materials/aluminium-5052-supplier-india.html,Do not create in final batch
Aluminium,Aluminium 5052,flanges,Ludhiana,Punjab,,india_city,Missing but low value,/materials/aluminium-5052-supplier-india.html,Do not create in final batch
Aluminium,Aluminium 5052,flanges,Jalandhar,Punjab,,india_city,Missing but low value,/materials/aluminium-5052-supplier-india.html,Do not create in final batch
Aluminium,Aluminium 5052,flanges,Kochi,Kerala,,india_city,Missing but low value,/materials/aluminium-5052-supplier-india.html,Do not create in final batch
Aluminium,Aluminium 5052,flanges,Bhubaneswar,Odisha,,india_city,Missing but low value,/materials/aluminium-5052-supplier-india.html,Do not create in final batch
Aluminium,Aluminium 5052,flanges,Rourkela,Odisha,,india_city,Missing but low value,/materials/aluminium-5052-supplier-india.html,Do not create in final batch
Aluminium,Aluminium 5052,fittings,Mumbai,Maharashtra,,india_city,Duplicate / cannibalizing risk,/materials/aluminium-5052-supplier-india.html,Hold unless Search Console shows demand
Aluminium,Aluminium 5052,fittings,Navi Mumbai,Maharashtra,,india_city,Duplicate / cannibalizing risk,/materials/aluminium-5052-supplier-india.html,Hold unless Search Console shows demand
Aluminium,Aluminium 5052,fittings,Thane,Maharashtra,,india_city,Missing but low value,/materials/aluminium-5052-supplier-india.html,Do not create in final batch
Aluminium,Aluminium 5052,fittings,Pune,Maharashtra,,india_city,Duplicate / cannibalizing risk,/materials/aluminium-5052-supplier-india.html,Hold unless Search Console shows demand
Aluminium,Aluminium 5052,fittings,Chakan,Maharashtra,,india_city,Not recommended,/materials/aluminium-5052-supplier-india.html,Do not create
Aluminium,Aluminium 5052,fittings,PCMC,Maharashtra,,india_city,Not recommended,/materials/aluminium-5052-supplier-india.html,Do not create
Aluminium,Aluminium 5052,fittings,Nashik,Maharashtra,,india_city,Missing but low value,/materials/aluminium-5052-supplier-india.html,Do not create in final batch
Aluminium,Aluminium 5052,fittings,Chhatrapati Sambhajinagar / Aurangabad,Maharashtra,,india_city,Missing but low value,/materials/aluminium-5052-supplier-india.html,Do not create in final batch
Aluminium,Aluminium 5052,fittings,Nagpur / Butibori,Maharashtra,,india_city,Missing but low value,/materials/aluminium-5052-supplier-india.html,Do not create in final batch
Aluminium,Aluminium 5052,fittings,Ahmedabad,Gujarat,,india_city,Duplicate / cannibalizing risk,/materials/aluminium-5052-supplier-india.html,Hold unless Search Console shows demand
Aluminium,Aluminium 5052,fittings,Sanand,Gujarat,,india_city,Not recommended,/materials/aluminium-5052-supplier-india.html,Do not create
Aluminium,Aluminium 5052,fittings,Vadodara,Gujarat,,india_city,Duplicate / cannibalizing risk,/materials/aluminium-5052-supplier-india.html,Hold unless Search Console shows demand
Aluminium,Aluminium 5052,fittings,Surat,Gujarat,,india_city,Not recommended,/materials/aluminium-5052-supplier-india.html,Do not create
Aluminium,Aluminium 5052,fittings,Hazira,Gujarat,,india_city,Missing but low value,/materials/aluminium-5052-supplier-india.html,Do not create in final batch
Aluminium,Aluminium 5052,fittings,Ankleshwar,Gujarat,,india_city,Not recommended,/materials/aluminium-5052-supplier-india.html,Do not create
Aluminium,Aluminium 5052,fittings,Bharuch,Gujarat,,india_city,Not recommended,/materials/aluminium-5052-supplier-india.html,Do not create
Aluminium,Aluminium 5052,fittings,Vapi,Gujarat,,india_city,Not recommended,/materials/aluminium-5052-supplier-india.html,Do not create
Aluminium,Aluminium 5052,fittings,Rajkot,Gujarat,,india_city,Missing but low value,/materials/aluminium-5052-supplier-india.html,Do not create in final batch
Aluminium,Aluminium 5052,fittings,Jamnagar,Gujarat,,india_city,Missing but low value,/materials/aluminium-5052-supplier-india.html,Do not create in final batch
Aluminium,Aluminium 5052,fittings,Chennai,Tamil Nadu,,india_city,Duplicate / cannibalizing risk,/materials/aluminium-5052-supplier-india.html,Hold unless Search Console shows demand
Aluminium,Aluminium 5052,fittings,Sriperumbudur,Tamil Nadu,,india_city,Missing but low value,/materials/aluminium-5052-supplier-india.html,Do not create in final batch
Aluminium,Aluminium 5052,fittings,Oragadam,Tamil Nadu,,india_city,Missing but low value,/materials/aluminium-5052-supplier-india.html,Do not create in final batch
Aluminium,Aluminium 5052,fittings,Coimbatore,Tamil Nadu,,india_city,Duplicate / cannibalizing risk,/materials/aluminium-5052-supplier-india.html,Hold unless Search Console shows demand
Aluminium,Aluminium 5052,fittings,Hosur,Tamil Nadu,,india_city,Missing but low value,/materials/aluminium-5052-supplier-india.html,Do not create in final batch
Aluminium,Aluminium 5052,fittings,Salem,Tamil Nadu,,india_city,Missing but low value,/materials/aluminium-5052-supplier-india.html,Do not create in final batch
Aluminium,Aluminium 5052,fittings,Trichy,Tamil Nadu,,india_city,Missing but low value,/materials/aluminium-5052-supplier-india.html,Do not create in final batch
Aluminium,Aluminium 5052,fittings,Bengaluru,Karnataka,,india_city,Duplicate / cannibalizing risk,/materials/aluminium-5052-supplier-india.html,Hold unless Search Console shows demand
Aluminium,Aluminium 5052,fittings,Peenya,Karnataka,,india_city,Duplicate / cannibalizing risk,/materials/aluminium-5052-supplier-india.html,Hold unless Search Console shows demand
Aluminium,Aluminium 5052,fittings,Bommasandra,Karnataka,,india_city,Duplicate / cannibalizing risk,/materials/aluminium-5052-supplier-india.html,Hold unless Search Console shows demand
Aluminium,Aluminium 5052,fittings,Mysuru,Karnataka,,india_city,Missing but low value,/materials/aluminium-5052-supplier-india.html,Do not create in final batch
Aluminium,Aluminium 5052,fittings,Mangaluru,Karnataka,,india_city,Missing but low value,/materials/aluminium-5052-supplier-india.html,Do not create in final batch
Aluminium,Aluminium 5052,fittings,Hyderabad,Telangana,,india_city,Duplicate / cannibalizing risk,/materials/aluminium-5052-supplier-india.html,Hold unless Search Console shows demand
Aluminium,Aluminium 5052,fittings,Secunderabad,Telangana,,india_city,Duplicate / cannibalizing risk,/materials/aluminium-5052-supplier-india.html,Hold unless Search Console shows demand
Aluminium,Aluminium 5052,fittings,Visakhapatnam,Andhra Pradesh,,india_city,Not recommended,/materials/aluminium-5052-supplier-india.html,Do not create
Aluminium,Aluminium 5052,fittings,Kakinada,Andhra Pradesh,,india_city,Missing but low value,/materials/aluminium-5052-supplier-india.html,Do not create in final batch
Aluminium,Aluminium 5052,fittings,Vijayawada,Andhra Pradesh,,india_city,Missing but low value,/materials/aluminium-5052-supplier-india.html,Do not create in final batch
Aluminium,Aluminium 5052,fittings,Delhi,Delhi NCR,,india_city,Duplicate / cannibalizing risk,/materials/aluminium-5052-supplier-india.html,Hold unless Search Console shows demand
Aluminium,Aluminium 5052,fittings,Gurugram,Haryana,,india_city,Not recommended,/materials/aluminium-5052-supplier-india.html,Do not create
Aluminium,Aluminium 5052,fittings,Faridabad,Haryana,,india_city,Duplicate / cannibalizing risk,/materials/aluminium-5052-supplier-india.html,Hold unless Search Console shows demand
Aluminium,Aluminium 5052,fittings,Noida,Uttar Pradesh,,india_city,Not recommended,/materials/aluminium-5052-supplier-india.html,Do not create
Aluminium,Aluminium 5052,fittings,Greater Noida,Uttar Pradesh,,india_city,Missing but low value,/materials/aluminium-5052-supplier-india.html,Do not create in final batch
Aluminium,Aluminium 5052,fittings,Ghaziabad,Uttar Pradesh,,india_city,Missing but low value,/materials/aluminium-5052-supplier-india.html,Do not create in final batch
Aluminium,Aluminium 5052,fittings,Bhiwadi,Rajasthan,,india_city,Missing but low value,/materials/aluminium-5052-supplier-india.html,Do not create in final batch
Aluminium,Aluminium 5052,fittings,Neemrana,Rajasthan,,india_city,Missing but low value,/materials/aluminium-5052-supplier-india.html,Do not create in final batch
Aluminium,Aluminium 5052,fittings,Jaipur,Rajasthan,,india_city,Missing but low value,/materials/aluminium-5052-supplier-india.html,Do not create in final batch
Aluminium,Aluminium 5052,fittings,Indore,Madhya Pradesh,,india_city,Missing but low value,/materials/aluminium-5052-supplier-india.html,Do not create in final batch
Aluminium,Aluminium 5052,fittings,Pithampur,Madhya Pradesh,,india_city,Missing but low value,/materials/aluminium-5052-supplier-india.html,Do not create in final batch
Aluminium,Aluminium 5052,fittings,Bhopal / Mandideep,Madhya Pradesh,,india_city,Missing but low value,/materials/aluminium-5052-supplier-india.html,Do not create in final batch
Aluminium,Aluminium 5052,fittings,Kolkata,West Bengal,,india_city,Missing but low value,/materials/aluminium-5052-supplier-india.html,Do not create in final batch
Aluminium,Aluminium 5052,fittings,Howrah,West Bengal,,india_city,Missing but low value,/materials/aluminium-5052-supplier-india.html,Do not create in final batch
Aluminium,Aluminium 5052,fittings,Durgapur,West Bengal,,india_city,Missing but low value,/materials/aluminium-5052-supplier-india.html,Do not create in final batch
Aluminium,Aluminium 5052,fittings,Jamshedpur,Jharkhand,,india_city,Missing but low value,/materials/aluminium-5052-supplier-india.html,Do not create in final batch
Aluminium,Aluminium 5052,fittings,Ludhiana,Punjab,,india_city,Missing but low value,/materials/aluminium-5052-supplier-india.html,Do not create in final batch
Aluminium,Aluminium 5052,fittings,Jalandhar,Punjab,,india_city,Missing but low value,/materials/aluminium-5052-supplier-india.html,Do not create in final batch
Aluminium,Aluminium 5052,fittings,Kochi,Kerala,,india_city,Missing but low value,/materials/aluminium-5052-supplier-india.html,Do not create in final batch
Aluminium,Aluminium 5052,fittings,Bhubaneswar,Odisha,,india_city,Missing but low value,/materials/aluminium-5052-supplier-india.html,Do not create in final batch
Aluminium,Aluminium 5052,fittings,Rourkela,Odisha,,india_city,Missing but low value,/materials/aluminium-5052-supplier-india.html,Do not create in final batch
Aluminium,Aluminium 7075,sheets,Mumbai,Maharashtra,,india_city,Duplicate / cannibalizing risk,/materials/aluminium-7075-supplier-india.html,Hold unless Search Console shows demand
Aluminium,Aluminium 7075,sheets,Navi Mumbai,Maharashtra,,india_city,Duplicate / cannibalizing risk,/materials/aluminium-7075-supplier-india.html,Hold unless Search Console shows demand
Aluminium,Aluminium 7075,sheets,Thane,Maharashtra,,india_city,Not recommended,/materials/aluminium-7075-supplier-india.html,Do not create
Aluminium,Aluminium 7075,sheets,Pune,Maharashtra,,india_city,Duplicate / cannibalizing risk,/materials/aluminium-7075-supplier-india.html,Hold unless Search Console shows demand
Aluminium,Aluminium 7075,sheets,Nashik,Maharashtra,,india_city,Not recommended,/materials/aluminium-7075-supplier-india.html,Do not create
Aluminium,Aluminium 7075,sheets,Chhatrapati Sambhajinagar / Aurangabad,Maharashtra,,india_city,Not recommended,/materials/aluminium-7075-supplier-india.html,Do not create
Aluminium,Aluminium 7075,sheets,Nagpur / Butibori,Maharashtra,,india_city,Not recommended,/materials/aluminium-7075-supplier-india.html,Do not create
Aluminium,Aluminium 7075,sheets,Ahmedabad,Gujarat,,india_city,Duplicate / cannibalizing risk,/materials/aluminium-7075-supplier-india.html,Hold unless Search Console shows demand
Aluminium,Aluminium 7075,sheets,Vadodara,Gujarat,,india_city,Duplicate / cannibalizing risk,/materials/aluminium-7075-supplier-india.html,Hold unless Search Console shows demand
Aluminium,Aluminium 7075,sheets,Hazira,Gujarat,,india_city,Not recommended,/materials/aluminium-7075-supplier-india.html,Do not create
Aluminium,Aluminium 7075,sheets,Rajkot,Gujarat,,india_city,Not recommended,/materials/aluminium-7075-supplier-india.html,Do not create
Aluminium,Aluminium 7075,sheets,Jamnagar,Gujarat,,india_city,Not recommended,/materials/aluminium-7075-supplier-india.html,Do not create
Aluminium,Aluminium 7075,sheets,Chennai,Tamil Nadu,,india_city,Duplicate / cannibalizing risk,/materials/aluminium-7075-supplier-india.html,Hold unless Search Console shows demand
Aluminium,Aluminium 7075,sheets,Sriperumbudur,Tamil Nadu,,india_city,Not recommended,/materials/aluminium-7075-supplier-india.html,Do not create
Aluminium,Aluminium 7075,sheets,Oragadam,Tamil Nadu,,india_city,Not recommended,/materials/aluminium-7075-supplier-india.html,Do not create
Aluminium,Aluminium 7075,sheets,Coimbatore,Tamil Nadu,,india_city,Duplicate / cannibalizing risk,/materials/aluminium-7075-supplier-india.html,Hold unless Search Console shows demand
Aluminium,Aluminium 7075,sheets,Hosur,Tamil Nadu,,india_city,Not recommended,/materials/aluminium-7075-supplier-india.html,Do not create
Aluminium,Aluminium 7075,sheets,Salem,Tamil Nadu,,india_city,Not recommended,/materials/aluminium-7075-supplier-india.html,Do not create
Aluminium,Aluminium 7075,sheets,Trichy,Tamil Nadu,,india_city,Not recommended,/materials/aluminium-7075-supplier-india.html,Do not create
Aluminium,Aluminium 7075,sheets,Bengaluru,Karnataka,,india_city,Duplicate / cannibalizing risk,/materials/aluminium-7075-supplier-india.html,Hold unless Search Console shows demand
Aluminium,Aluminium 7075,sheets,Peenya,Karnataka,,india_city,Duplicate / cannibalizing risk,/materials/aluminium-7075-supplier-india.html,Hold unless Search Console shows demand
Aluminium,Aluminium 7075,sheets,Bommasandra,Karnataka,,india_city,Duplicate / cannibalizing risk,/materials/aluminium-7075-supplier-india.html,Hold unless Search Console shows demand
Aluminium,Aluminium 7075,sheets,Mysuru,Karnataka,,india_city,Not recommended,/materials/aluminium-7075-supplier-india.html,Do not create
Aluminium,Aluminium 7075,sheets,Mangaluru,Karnataka,,india_city,Not recommended,/materials/aluminium-7075-supplier-india.html,Do not create
Aluminium,Aluminium 7075,sheets,Hyderabad,Telangana,,india_city,Duplicate / cannibalizing risk,/materials/aluminium-7075-supplier-india.html,Hold unless Search Console shows demand
Aluminium,Aluminium 7075,sheets,Secunderabad,Telangana,,india_city,Duplicate / cannibalizing risk,/materials/aluminium-7075-supplier-india.html,Hold unless Search Console shows demand
Aluminium,Aluminium 7075,sheets,Kakinada,Andhra Pradesh,,india_city,Not recommended,/materials/aluminium-7075-supplier-india.html,Do not create
Aluminium,Aluminium 7075,sheets,Vijayawada,Andhra Pradesh,,india_city,Not recommended,/materials/aluminium-7075-supplier-india.html,Do not create
Aluminium,Aluminium 7075,sheets,Delhi,Delhi NCR,,india_city,Duplicate / cannibalizing risk,/materials/aluminium-7075-supplier-india.html,Hold unless Search Console shows demand
Aluminium,Aluminium 7075,sheets,Faridabad,Haryana,,india_city,Duplicate / cannibalizing risk,/materials/aluminium-7075-supplier-india.html,Hold unless Search Console shows demand
Aluminium,Aluminium 7075,sheets,Greater Noida,Uttar Pradesh,,india_city,Not recommended,/materials/aluminium-7075-supplier-india.html,Do not create
Aluminium,Aluminium 7075,sheets,Ghaziabad,Uttar Pradesh,,india_city,Not recommended,/materials/aluminium-7075-supplier-india.html,Do not create
Aluminium,Aluminium 7075,sheets,Bhiwadi,Rajasthan,,india_city,Not recommended,/materials/aluminium-7075-supplier-india.html,Do not create
Aluminium,Aluminium 7075,sheets,Neemrana,Rajasthan,,india_city,Not recommended,/materials/aluminium-7075-supplier-india.html,Do not create
Aluminium,Aluminium 7075,sheets,Jaipur,Rajasthan,,india_city,Not recommended,/materials/aluminium-7075-supplier-india.html,Do not create
Aluminium,Aluminium 7075,sheets,Indore,Madhya Pradesh,,india_city,Not recommended,/materials/aluminium-7075-supplier-india.html,Do not create
Aluminium,Aluminium 7075,sheets,Pithampur,Madhya Pradesh,,india_city,Not recommended,/materials/aluminium-7075-supplier-india.html,Do not create
Aluminium,Aluminium 7075,sheets,Bhopal / Mandideep,Madhya Pradesh,,india_city,Not recommended,/materials/aluminium-7075-supplier-india.html,Do not create
Aluminium,Aluminium 7075,sheets,Kolkata,West Bengal,,india_city,Not recommended,/materials/aluminium-7075-supplier-india.html,Do not create
Aluminium,Aluminium 7075,sheets,Howrah,West Bengal,,india_city,Not recommended,/materials/aluminium-7075-supplier-india.html,Do not create
Aluminium,Aluminium 7075,sheets,Durgapur,West Bengal,,india_city,Not recommended,/materials/aluminium-7075-supplier-india.html,Do not create
Aluminium,Aluminium 7075,sheets,Jamshedpur,Jharkhand,,india_city,Not recommended,/materials/aluminium-7075-supplier-india.html,Do not create
Aluminium,Aluminium 7075,sheets,Ludhiana,Punjab,,india_city,Not recommended,/materials/aluminium-7075-supplier-india.html,Do not create
Aluminium,Aluminium 7075,sheets,Jalandhar,Punjab,,india_city,Missing but low value,/materials/aluminium-7075-supplier-india.html,Do not create in final batch
Aluminium,Aluminium 7075,sheets,Kochi,Kerala,,india_city,Missing but low value,/materials/aluminium-7075-supplier-india.html,Do not create in final batch
Aluminium,Aluminium 7075,sheets,Bhubaneswar,Odisha,,india_city,Not recommended,/materials/aluminium-7075-supplier-india.html,Do not create
Aluminium,Aluminium 7075,sheets,Rourkela,Odisha,,india_city,Not recommended,/materials/aluminium-7075-supplier-india.html,Do not create
Aluminium,Aluminium 7075,plates,Mumbai,Maharashtra,,india_city,Duplicate / cannibalizing risk,/materials/aluminium-7075-supplier-india.html,Hold unless Search Console shows demand
Aluminium,Aluminium 7075,plates,Navi Mumbai,Maharashtra,,india_city,Duplicate / cannibalizing risk,/materials/aluminium-7075-supplier-india.html,Hold unless Search Console shows demand
Aluminium,Aluminium 7075,plates,Thane,Maharashtra,,india_city,Not recommended,/materials/aluminium-7075-supplier-india.html,Do not create
Aluminium,Aluminium 7075,plates,Pune,Maharashtra,,india_city,Duplicate / cannibalizing risk,/materials/aluminium-7075-supplier-india.html,Hold unless Search Console shows demand
Aluminium,Aluminium 7075,plates,Nashik,Maharashtra,,india_city,Not recommended,/materials/aluminium-7075-supplier-india.html,Do not create
Aluminium,Aluminium 7075,plates,Chhatrapati Sambhajinagar / Aurangabad,Maharashtra,,india_city,Not recommended,/materials/aluminium-7075-supplier-india.html,Do not create
Aluminium,Aluminium 7075,plates,Nagpur / Butibori,Maharashtra,,india_city,Not recommended,/materials/aluminium-7075-supplier-india.html,Do not create
Aluminium,Aluminium 7075,plates,Ahmedabad,Gujarat,,india_city,Duplicate / cannibalizing risk,/materials/aluminium-7075-supplier-india.html,Hold unless Search Console shows demand
Aluminium,Aluminium 7075,plates,Vadodara,Gujarat,,india_city,Duplicate / cannibalizing risk,/materials/aluminium-7075-supplier-india.html,Hold unless Search Console shows demand
Aluminium,Aluminium 7075,plates,Hazira,Gujarat,,india_city,Not recommended,/materials/aluminium-7075-supplier-india.html,Do not create
Aluminium,Aluminium 7075,plates,Rajkot,Gujarat,,india_city,Not recommended,/materials/aluminium-7075-supplier-india.html,Do not create
Aluminium,Aluminium 7075,plates,Jamnagar,Gujarat,,india_city,Not recommended,/materials/aluminium-7075-supplier-india.html,Do not create
Aluminium,Aluminium 7075,plates,Chennai,Tamil Nadu,,india_city,Duplicate / cannibalizing risk,/materials/aluminium-7075-supplier-india.html,Hold unless Search Console shows demand
Aluminium,Aluminium 7075,plates,Sriperumbudur,Tamil Nadu,,india_city,Not recommended,/materials/aluminium-7075-supplier-india.html,Do not create
Aluminium,Aluminium 7075,plates,Oragadam,Tamil Nadu,,india_city,Not recommended,/materials/aluminium-7075-supplier-india.html,Do not create
Aluminium,Aluminium 7075,plates,Coimbatore,Tamil Nadu,,india_city,Duplicate / cannibalizing risk,/materials/aluminium-7075-supplier-india.html,Hold unless Search Console shows demand
Aluminium,Aluminium 7075,plates,Hosur,Tamil Nadu,,india_city,Not recommended,/materials/aluminium-7075-supplier-india.html,Do not create
Aluminium,Aluminium 7075,plates,Salem,Tamil Nadu,,india_city,Not recommended,/materials/aluminium-7075-supplier-india.html,Do not create
Aluminium,Aluminium 7075,plates,Trichy,Tamil Nadu,,india_city,Not recommended,/materials/aluminium-7075-supplier-india.html,Do not create
Aluminium,Aluminium 7075,plates,Bengaluru,Karnataka,,india_city,Duplicate / cannibalizing risk,/materials/aluminium-7075-supplier-india.html,Hold unless Search Console shows demand
Aluminium,Aluminium 7075,plates,Peenya,Karnataka,,india_city,Duplicate / cannibalizing risk,/materials/aluminium-7075-supplier-india.html,Hold unless Search Console shows demand
Aluminium,Aluminium 7075,plates,Bommasandra,Karnataka,,india_city,Duplicate / cannibalizing risk,/materials/aluminium-7075-supplier-india.html,Hold unless Search Console shows demand
Aluminium,Aluminium 7075,plates,Mysuru,Karnataka,,india_city,Not recommended,/materials/aluminium-7075-supplier-india.html,Do not create
Aluminium,Aluminium 7075,plates,Mangaluru,Karnataka,,india_city,Not recommended,/materials/aluminium-7075-supplier-india.html,Do not create
Aluminium,Aluminium 7075,plates,Hyderabad,Telangana,,india_city,Duplicate / cannibalizing risk,/materials/aluminium-7075-supplier-india.html,Hold unless Search Console shows demand
Aluminium,Aluminium 7075,plates,Secunderabad,Telangana,,india_city,Duplicate / cannibalizing risk,/materials/aluminium-7075-supplier-india.html,Hold unless Search Console shows demand
Aluminium,Aluminium 7075,plates,Kakinada,Andhra Pradesh,,india_city,Not recommended,/materials/aluminium-7075-supplier-india.html,Do not create
Aluminium,Aluminium 7075,plates,Vijayawada,Andhra Pradesh,,india_city,Not recommended,/materials/aluminium-7075-supplier-india.html,Do not create
Aluminium,Aluminium 7075,plates,Delhi,Delhi NCR,,india_city,Duplicate / cannibalizing risk,/materials/aluminium-7075-supplier-india.html,Hold unless Search Console shows demand
Aluminium,Aluminium 7075,plates,Faridabad,Haryana,,india_city,Duplicate / cannibalizing risk,/materials/aluminium-7075-supplier-india.html,Hold unless Search Console shows demand
Aluminium,Aluminium 7075,plates,Greater Noida,Uttar Pradesh,,india_city,Not recommended,/materials/aluminium-7075-supplier-india.html,Do not create
Aluminium,Aluminium 7075,plates,Ghaziabad,Uttar Pradesh,,india_city,Not recommended,/materials/aluminium-7075-supplier-india.html,Do not create
Aluminium,Aluminium 7075,plates,Bhiwadi,Rajasthan,,india_city,Not recommended,/materials/aluminium-7075-supplier-india.html,Do not create
Aluminium,Aluminium 7075,plates,Neemrana,Rajasthan,,india_city,Not recommended,/materials/aluminium-7075-supplier-india.html,Do not create
Aluminium,Aluminium 7075,plates,Jaipur,Rajasthan,,india_city,Not recommended,/materials/aluminium-7075-supplier-india.html,Do not create
Aluminium,Aluminium 7075,plates,Indore,Madhya Pradesh,,india_city,Not recommended,/materials/aluminium-7075-supplier-india.html,Do not create
Aluminium,Aluminium 7075,plates,Pithampur,Madhya Pradesh,,india_city,Not recommended,/materials/aluminium-7075-supplier-india.html,Do not create
Aluminium,Aluminium 7075,plates,Bhopal / Mandideep,Madhya Pradesh,,india_city,Not recommended,/materials/aluminium-7075-supplier-india.html,Do not create
Aluminium,Aluminium 7075,plates,Kolkata,West Bengal,,india_city,Not recommended,/materials/aluminium-7075-supplier-india.html,Do not create
Aluminium,Aluminium 7075,plates,Howrah,West Bengal,,india_city,Not recommended,/materials/aluminium-7075-supplier-india.html,Do not create
Aluminium,Aluminium 7075,plates,Durgapur,West Bengal,,india_city,Not recommended,/materials/aluminium-7075-supplier-india.html,Do not create
Aluminium,Aluminium 7075,plates,Jamshedpur,Jharkhand,,india_city,Not recommended,/materials/aluminium-7075-supplier-india.html,Do not create
Aluminium,Aluminium 7075,plates,Ludhiana,Punjab,,india_city,Not recommended,/materials/aluminium-7075-supplier-india.html,Do not create
Aluminium,Aluminium 7075,plates,Jalandhar,Punjab,,india_city,Missing but low value,/materials/aluminium-7075-supplier-india.html,Do not create in final batch
Aluminium,Aluminium 7075,plates,Kochi,Kerala,,india_city,Missing but low value,/materials/aluminium-7075-supplier-india.html,Do not create in final batch
Aluminium,Aluminium 7075,plates,Bhubaneswar,Odisha,,india_city,Not recommended,/materials/aluminium-7075-supplier-india.html,Do not create
Aluminium,Aluminium 7075,plates,Rourkela,Odisha,,india_city,Not recommended,/materials/aluminium-7075-supplier-india.html,Do not create
Aluminium,Aluminium 7075,rods,Mumbai,Maharashtra,,india_city,Duplicate / cannibalizing risk,/materials/aluminium-7075-supplier-india.html,Hold unless Search Console shows demand
Aluminium,Aluminium 7075,rods,Navi Mumbai,Maharashtra,,india_city,Duplicate / cannibalizing risk,/materials/aluminium-7075-supplier-india.html,Hold unless Search Console shows demand
Aluminium,Aluminium 7075,rods,Thane,Maharashtra,,india_city,Not recommended,/materials/aluminium-7075-supplier-india.html,Do not create
Aluminium,Aluminium 7075,rods,Pune,Maharashtra,,india_city,Duplicate / cannibalizing risk,/materials/aluminium-7075-supplier-india.html,Hold unless Search Console shows demand
Aluminium,Aluminium 7075,rods,Nashik,Maharashtra,,india_city,Not recommended,/materials/aluminium-7075-supplier-india.html,Do not create
Aluminium,Aluminium 7075,rods,Chhatrapati Sambhajinagar / Aurangabad,Maharashtra,,india_city,Not recommended,/materials/aluminium-7075-supplier-india.html,Do not create
Aluminium,Aluminium 7075,rods,Nagpur / Butibori,Maharashtra,,india_city,Not recommended,/materials/aluminium-7075-supplier-india.html,Do not create
Aluminium,Aluminium 7075,rods,Ahmedabad,Gujarat,,india_city,Duplicate / cannibalizing risk,/materials/aluminium-7075-supplier-india.html,Hold unless Search Console shows demand
Aluminium,Aluminium 7075,rods,Vadodara,Gujarat,,india_city,Duplicate / cannibalizing risk,/materials/aluminium-7075-supplier-india.html,Hold unless Search Console shows demand
Aluminium,Aluminium 7075,rods,Hazira,Gujarat,,india_city,Not recommended,/materials/aluminium-7075-supplier-india.html,Do not create
Aluminium,Aluminium 7075,rods,Rajkot,Gujarat,,india_city,Not recommended,/materials/aluminium-7075-supplier-india.html,Do not create
Aluminium,Aluminium 7075,rods,Jamnagar,Gujarat,,india_city,Not recommended,/materials/aluminium-7075-supplier-india.html,Do not create
Aluminium,Aluminium 7075,rods,Chennai,Tamil Nadu,,india_city,Duplicate / cannibalizing risk,/materials/aluminium-7075-supplier-india.html,Hold unless Search Console shows demand
Aluminium,Aluminium 7075,rods,Sriperumbudur,Tamil Nadu,,india_city,Not recommended,/materials/aluminium-7075-supplier-india.html,Do not create
Aluminium,Aluminium 7075,rods,Oragadam,Tamil Nadu,,india_city,Not recommended,/materials/aluminium-7075-supplier-india.html,Do not create
Aluminium,Aluminium 7075,rods,Coimbatore,Tamil Nadu,,india_city,Duplicate / cannibalizing risk,/materials/aluminium-7075-supplier-india.html,Hold unless Search Console shows demand
Aluminium,Aluminium 7075,rods,Hosur,Tamil Nadu,,india_city,Not recommended,/materials/aluminium-7075-supplier-india.html,Do not create
Aluminium,Aluminium 7075,rods,Salem,Tamil Nadu,,india_city,Not recommended,/materials/aluminium-7075-supplier-india.html,Do not create
Aluminium,Aluminium 7075,rods,Trichy,Tamil Nadu,,india_city,Not recommended,/materials/aluminium-7075-supplier-india.html,Do not create
Aluminium,Aluminium 7075,rods,Bengaluru,Karnataka,,india_city,Duplicate / cannibalizing risk,/materials/aluminium-7075-supplier-india.html,Hold unless Search Console shows demand
Aluminium,Aluminium 7075,rods,Peenya,Karnataka,,india_city,Duplicate / cannibalizing risk,/materials/aluminium-7075-supplier-india.html,Hold unless Search Console shows demand
Aluminium,Aluminium 7075,rods,Bommasandra,Karnataka,,india_city,Duplicate / cannibalizing risk,/materials/aluminium-7075-supplier-india.html,Hold unless Search Console shows demand
Aluminium,Aluminium 7075,rods,Mysuru,Karnataka,,india_city,Not recommended,/materials/aluminium-7075-supplier-india.html,Do not create
Aluminium,Aluminium 7075,rods,Mangaluru,Karnataka,,india_city,Not recommended,/materials/aluminium-7075-supplier-india.html,Do not create
Aluminium,Aluminium 7075,rods,Hyderabad,Telangana,,india_city,Duplicate / cannibalizing risk,/materials/aluminium-7075-supplier-india.html,Hold unless Search Console shows demand
Aluminium,Aluminium 7075,rods,Secunderabad,Telangana,,india_city,Duplicate / cannibalizing risk,/materials/aluminium-7075-supplier-india.html,Hold unless Search Console shows demand
Aluminium,Aluminium 7075,rods,Kakinada,Andhra Pradesh,,india_city,Not recommended,/materials/aluminium-7075-supplier-india.html,Do not create
Aluminium,Aluminium 7075,rods,Vijayawada,Andhra Pradesh,,india_city,Not recommended,/materials/aluminium-7075-supplier-india.html,Do not create
Aluminium,Aluminium 7075,rods,Delhi,Delhi NCR,,india_city,Duplicate / cannibalizing risk,/materials/aluminium-7075-supplier-india.html,Hold unless Search Console shows demand
Aluminium,Aluminium 7075,rods,Faridabad,Haryana,,india_city,Duplicate / cannibalizing risk,/materials/aluminium-7075-supplier-india.html,Hold unless Search Console shows demand
Aluminium,Aluminium 7075,rods,Greater Noida,Uttar Pradesh,,india_city,Not recommended,/materials/aluminium-7075-supplier-india.html,Do not create
Aluminium,Aluminium 7075,rods,Ghaziabad,Uttar Pradesh,,india_city,Not recommended,/materials/aluminium-7075-supplier-india.html,Do not create
Aluminium,Aluminium 7075,rods,Bhiwadi,Rajasthan,,india_city,Not recommended,/materials/aluminium-7075-supplier-india.html,Do not create
Aluminium,Aluminium 7075,rods,Neemrana,Rajasthan,,india_city,Not recommended,/materials/aluminium-7075-supplier-india.html,Do not create
Aluminium,Aluminium 7075,rods,Jaipur,Rajasthan,,india_city,Not recommended,/materials/aluminium-7075-supplier-india.html,Do not create
Aluminium,Aluminium 7075,rods,Indore,Madhya Pradesh,,india_city,Not recommended,/materials/aluminium-7075-supplier-india.html,Do not create
Aluminium,Aluminium 7075,rods,Pithampur,Madhya Pradesh,,india_city,Not recommended,/materials/aluminium-7075-supplier-india.html,Do not create
Aluminium,Aluminium 7075,rods,Bhopal / Mandideep,Madhya Pradesh,,india_city,Not recommended,/materials/aluminium-7075-supplier-india.html,Do not create
Aluminium,Aluminium 7075,rods,Kolkata,West Bengal,,india_city,Not recommended,/materials/aluminium-7075-supplier-india.html,Do not create
Aluminium,Aluminium 7075,rods,Howrah,West Bengal,,india_city,Not recommended,/materials/aluminium-7075-supplier-india.html,Do not create
Aluminium,Aluminium 7075,rods,Durgapur,West Bengal,,india_city,Not recommended,/materials/aluminium-7075-supplier-india.html,Do not create
Aluminium,Aluminium 7075,rods,Jamshedpur,Jharkhand,,india_city,Not recommended,/materials/aluminium-7075-supplier-india.html,Do not create
Aluminium,Aluminium 7075,rods,Ludhiana,Punjab,,india_city,Not recommended,/materials/aluminium-7075-supplier-india.html,Do not create
Aluminium,Aluminium 7075,rods,Jalandhar,Punjab,,india_city,Missing but low value,/materials/aluminium-7075-supplier-india.html,Do not create in final batch
Aluminium,Aluminium 7075,rods,Kochi,Kerala,,india_city,Missing but low value,/materials/aluminium-7075-supplier-india.html,Do not create in final batch
Aluminium,Aluminium 7075,rods,Bhubaneswar,Odisha,,india_city,Not recommended,/materials/aluminium-7075-supplier-india.html,Do not create
Aluminium,Aluminium 7075,rods,Rourkela,Odisha,,india_city,Not recommended,/materials/aluminium-7075-supplier-india.html,Do not create
Aluminium,Aluminium 7075,flats,Mumbai,Maharashtra,,india_city,Duplicate / cannibalizing risk,/materials/aluminium-7075-supplier-india.html,Hold unless Search Console shows demand
Aluminium,Aluminium 7075,flats,Navi Mumbai,Maharashtra,,india_city,Duplicate / cannibalizing risk,/materials/aluminium-7075-supplier-india.html,Hold unless Search Console shows demand
Aluminium,Aluminium 7075,flats,Thane,Maharashtra,,india_city,Not recommended,/materials/aluminium-7075-supplier-india.html,Do not create
Aluminium,Aluminium 7075,flats,Pune,Maharashtra,,india_city,Duplicate / cannibalizing risk,/materials/aluminium-7075-supplier-india.html,Hold unless Search Console shows demand
Aluminium,Aluminium 7075,flats,Nashik,Maharashtra,,india_city,Not recommended,/materials/aluminium-7075-supplier-india.html,Do not create
Aluminium,Aluminium 7075,flats,Chhatrapati Sambhajinagar / Aurangabad,Maharashtra,,india_city,Not recommended,/materials/aluminium-7075-supplier-india.html,Do not create
Aluminium,Aluminium 7075,flats,Nagpur / Butibori,Maharashtra,,india_city,Not recommended,/materials/aluminium-7075-supplier-india.html,Do not create
Aluminium,Aluminium 7075,flats,Ahmedabad,Gujarat,,india_city,Duplicate / cannibalizing risk,/materials/aluminium-7075-supplier-india.html,Hold unless Search Console shows demand
Aluminium,Aluminium 7075,flats,Vadodara,Gujarat,,india_city,Duplicate / cannibalizing risk,/materials/aluminium-7075-supplier-india.html,Hold unless Search Console shows demand
Aluminium,Aluminium 7075,flats,Hazira,Gujarat,,india_city,Not recommended,/materials/aluminium-7075-supplier-india.html,Do not create
Aluminium,Aluminium 7075,flats,Rajkot,Gujarat,,india_city,Not recommended,/materials/aluminium-7075-supplier-india.html,Do not create
Aluminium,Aluminium 7075,flats,Jamnagar,Gujarat,,india_city,Not recommended,/materials/aluminium-7075-supplier-india.html,Do not create
Aluminium,Aluminium 7075,flats,Chennai,Tamil Nadu,,india_city,Duplicate / cannibalizing risk,/materials/aluminium-7075-supplier-india.html,Hold unless Search Console shows demand
Aluminium,Aluminium 7075,flats,Sriperumbudur,Tamil Nadu,,india_city,Not recommended,/materials/aluminium-7075-supplier-india.html,Do not create
Aluminium,Aluminium 7075,flats,Oragadam,Tamil Nadu,,india_city,Not recommended,/materials/aluminium-7075-supplier-india.html,Do not create
Aluminium,Aluminium 7075,flats,Coimbatore,Tamil Nadu,,india_city,Duplicate / cannibalizing risk,/materials/aluminium-7075-supplier-india.html,Hold unless Search Console shows demand
Aluminium,Aluminium 7075,flats,Hosur,Tamil Nadu,,india_city,Not recommended,/materials/aluminium-7075-supplier-india.html,Do not create
Aluminium,Aluminium 7075,flats,Salem,Tamil Nadu,,india_city,Not recommended,/materials/aluminium-7075-supplier-india.html,Do not create
Aluminium,Aluminium 7075,flats,Trichy,Tamil Nadu,,india_city,Not recommended,/materials/aluminium-7075-supplier-india.html,Do not create
Aluminium,Aluminium 7075,flats,Bengaluru,Karnataka,,india_city,Duplicate / cannibalizing risk,/materials/aluminium-7075-supplier-india.html,Hold unless Search Console shows demand
Aluminium,Aluminium 7075,flats,Peenya,Karnataka,,india_city,Duplicate / cannibalizing risk,/materials/aluminium-7075-supplier-india.html,Hold unless Search Console shows demand
Aluminium,Aluminium 7075,flats,Bommasandra,Karnataka,,india_city,Duplicate / cannibalizing risk,/materials/aluminium-7075-supplier-india.html,Hold unless Search Console shows demand
Aluminium,Aluminium 7075,flats,Mysuru,Karnataka,,india_city,Not recommended,/materials/aluminium-7075-supplier-india.html,Do not create
Aluminium,Aluminium 7075,flats,Mangaluru,Karnataka,,india_city,Not recommended,/materials/aluminium-7075-supplier-india.html,Do not create
Aluminium,Aluminium 7075,flats,Hyderabad,Telangana,,india_city,Duplicate / cannibalizing risk,/materials/aluminium-7075-supplier-india.html,Hold unless Search Console shows demand
Aluminium,Aluminium 7075,flats,Secunderabad,Telangana,,india_city,Duplicate / cannibalizing risk,/materials/aluminium-7075-supplier-india.html,Hold unless Search Console shows demand
Aluminium,Aluminium 7075,flats,Kakinada,Andhra Pradesh,,india_city,Not recommended,/materials/aluminium-7075-supplier-india.html,Do not create
Aluminium,Aluminium 7075,flats,Vijayawada,Andhra Pradesh,,india_city,Not recommended,/materials/aluminium-7075-supplier-india.html,Do not create
Aluminium,Aluminium 7075,flats,Delhi,Delhi NCR,,india_city,Duplicate / cannibalizing risk,/materials/aluminium-7075-supplier-india.html,Hold unless Search Console shows demand
Aluminium,Aluminium 7075,flats,Faridabad,Haryana,,india_city,Duplicate / cannibalizing risk,/materials/aluminium-7075-supplier-india.html,Hold unless Search Console shows demand
Aluminium,Aluminium 7075,flats,Greater Noida,Uttar Pradesh,,india_city,Not recommended,/materials/aluminium-7075-supplier-india.html,Do not create
Aluminium,Aluminium 7075,flats,Ghaziabad,Uttar Pradesh,,india_city,Not recommended,/materials/aluminium-7075-supplier-india.html,Do not create
Aluminium,Aluminium 7075,flats,Bhiwadi,Rajasthan,,india_city,Not recommended,/materials/aluminium-7075-supplier-india.html,Do not create
Aluminium,Aluminium 7075,flats,Neemrana,Rajasthan,,india_city,Not recommended,/materials/aluminium-7075-supplier-india.html,Do not create
Aluminium,Aluminium 7075,flats,Jaipur,Rajasthan,,india_city,Not recommended,/materials/aluminium-7075-supplier-india.html,Do not create
Aluminium,Aluminium 7075,flats,Indore,Madhya Pradesh,,india_city,Not recommended,/materials/aluminium-7075-supplier-india.html,Do not create
Aluminium,Aluminium 7075,flats,Pithampur,Madhya Pradesh,,india_city,Not recommended,/materials/aluminium-7075-supplier-india.html,Do not create
Aluminium,Aluminium 7075,flats,Bhopal / Mandideep,Madhya Pradesh,,india_city,Not recommended,/materials/aluminium-7075-supplier-india.html,Do not create
Aluminium,Aluminium 7075,flats,Kolkata,West Bengal,,india_city,Not recommended,/materials/aluminium-7075-supplier-india.html,Do not create
Aluminium,Aluminium 7075,flats,Howrah,West Bengal,,india_city,Not recommended,/materials/aluminium-7075-supplier-india.html,Do not create
Aluminium,Aluminium 7075,flats,Durgapur,West Bengal,,india_city,Not recommended,/materials/aluminium-7075-supplier-india.html,Do not create
Aluminium,Aluminium 7075,flats,Jamshedpur,Jharkhand,,india_city,Not recommended,/materials/aluminium-7075-supplier-india.html,Do not create
Aluminium,Aluminium 7075,flats,Ludhiana,Punjab,,india_city,Not recommended,/materials/aluminium-7075-supplier-india.html,Do not create
Aluminium,Aluminium 7075,flats,Jalandhar,Punjab,,india_city,Missing but low value,/materials/aluminium-7075-supplier-india.html,Do not create in final batch
Aluminium,Aluminium 7075,flats,Kochi,Kerala,,india_city,Missing but low value,/materials/aluminium-7075-supplier-india.html,Do not create in final batch
Aluminium,Aluminium 7075,flats,Bhubaneswar,Odisha,,india_city,Not recommended,/materials/aluminium-7075-supplier-india.html,Do not create
Aluminium,Aluminium 7075,flats,Rourkela,Odisha,,india_city,Not recommended,/materials/aluminium-7075-supplier-india.html,Do not create
Aluminium,Aluminium 7075,tubes,Mumbai,Maharashtra,,india_city,Duplicate / cannibalizing risk,/materials/aluminium-7075-supplier-india.html,Hold unless Search Console shows demand
Aluminium,Aluminium 7075,tubes,Navi Mumbai,Maharashtra,,india_city,Duplicate / cannibalizing risk,/materials/aluminium-7075-supplier-india.html,Hold unless Search Console shows demand
Aluminium,Aluminium 7075,tubes,Thane,Maharashtra,,india_city,Missing but low value,/materials/aluminium-7075-supplier-india.html,Do not create in final batch
Aluminium,Aluminium 7075,tubes,Pune,Maharashtra,,india_city,Duplicate / cannibalizing risk,/materials/aluminium-7075-supplier-india.html,Hold unless Search Console shows demand
Aluminium,Aluminium 7075,tubes,Chakan,Maharashtra,,india_city,Not recommended,/materials/aluminium-7075-supplier-india.html,Do not create
Aluminium,Aluminium 7075,tubes,PCMC,Maharashtra,,india_city,Not recommended,/materials/aluminium-7075-supplier-india.html,Do not create
Aluminium,Aluminium 7075,tubes,Nashik,Maharashtra,,india_city,Missing but low value,/materials/aluminium-7075-supplier-india.html,Do not create in final batch
Aluminium,Aluminium 7075,tubes,Chhatrapati Sambhajinagar / Aurangabad,Maharashtra,,india_city,Missing but low value,/materials/aluminium-7075-supplier-india.html,Do not create in final batch
Aluminium,Aluminium 7075,tubes,Nagpur / Butibori,Maharashtra,,india_city,Missing but low value,/materials/aluminium-7075-supplier-india.html,Do not create in final batch
Aluminium,Aluminium 7075,tubes,Ahmedabad,Gujarat,,india_city,Duplicate / cannibalizing risk,/materials/aluminium-7075-supplier-india.html,Hold unless Search Console shows demand
Aluminium,Aluminium 7075,tubes,Sanand,Gujarat,,india_city,Not recommended,/materials/aluminium-7075-supplier-india.html,Do not create
Aluminium,Aluminium 7075,tubes,Vadodara,Gujarat,,india_city,Duplicate / cannibalizing risk,/materials/aluminium-7075-supplier-india.html,Hold unless Search Console shows demand
Aluminium,Aluminium 7075,tubes,Surat,Gujarat,,india_city,Not recommended,/materials/aluminium-7075-supplier-india.html,Do not create
Aluminium,Aluminium 7075,tubes,Hazira,Gujarat,,india_city,Missing but low value,/materials/aluminium-7075-supplier-india.html,Do not create in final batch
Aluminium,Aluminium 7075,tubes,Ankleshwar,Gujarat,,india_city,Not recommended,/materials/aluminium-7075-supplier-india.html,Do not create
Aluminium,Aluminium 7075,tubes,Bharuch,Gujarat,,india_city,Not recommended,/materials/aluminium-7075-supplier-india.html,Do not create
Aluminium,Aluminium 7075,tubes,Vapi,Gujarat,,india_city,Not recommended,/materials/aluminium-7075-supplier-india.html,Do not create
Aluminium,Aluminium 7075,tubes,Rajkot,Gujarat,,india_city,Missing but low value,/materials/aluminium-7075-supplier-india.html,Do not create in final batch
Aluminium,Aluminium 7075,tubes,Jamnagar,Gujarat,,india_city,Missing but low value,/materials/aluminium-7075-supplier-india.html,Do not create in final batch
Aluminium,Aluminium 7075,tubes,Chennai,Tamil Nadu,,india_city,Duplicate / cannibalizing risk,/materials/aluminium-7075-supplier-india.html,Hold unless Search Console shows demand
Aluminium,Aluminium 7075,tubes,Sriperumbudur,Tamil Nadu,,india_city,Missing but low value,/materials/aluminium-7075-supplier-india.html,Do not create in final batch
Aluminium,Aluminium 7075,tubes,Oragadam,Tamil Nadu,,india_city,Missing but low value,/materials/aluminium-7075-supplier-india.html,Do not create in final batch
Aluminium,Aluminium 7075,tubes,Coimbatore,Tamil Nadu,,india_city,Duplicate / cannibalizing risk,/materials/aluminium-7075-supplier-india.html,Hold unless Search Console shows demand
Aluminium,Aluminium 7075,tubes,Hosur,Tamil Nadu,,india_city,Missing but low value,/materials/aluminium-7075-supplier-india.html,Do not create in final batch
Aluminium,Aluminium 7075,tubes,Salem,Tamil Nadu,,india_city,Missing but low value,/materials/aluminium-7075-supplier-india.html,Do not create in final batch
Aluminium,Aluminium 7075,tubes,Trichy,Tamil Nadu,,india_city,Missing but low value,/materials/aluminium-7075-supplier-india.html,Do not create in final batch
Aluminium,Aluminium 7075,tubes,Bengaluru,Karnataka,,india_city,Duplicate / cannibalizing risk,/materials/aluminium-7075-supplier-india.html,Hold unless Search Console shows demand
Aluminium,Aluminium 7075,tubes,Peenya,Karnataka,,india_city,Duplicate / cannibalizing risk,/materials/aluminium-7075-supplier-india.html,Hold unless Search Console shows demand
Aluminium,Aluminium 7075,tubes,Bommasandra,Karnataka,,india_city,Duplicate / cannibalizing risk,/materials/aluminium-7075-supplier-india.html,Hold unless Search Console shows demand
Aluminium,Aluminium 7075,tubes,Mysuru,Karnataka,,india_city,Missing but low value,/materials/aluminium-7075-supplier-india.html,Do not create in final batch
Aluminium,Aluminium 7075,tubes,Mangaluru,Karnataka,,india_city,Missing but low value,/materials/aluminium-7075-supplier-india.html,Do not create in final batch
Aluminium,Aluminium 7075,tubes,Hyderabad,Telangana,,india_city,Duplicate / cannibalizing risk,/materials/aluminium-7075-supplier-india.html,Hold unless Search Console shows demand
Aluminium,Aluminium 7075,tubes,Secunderabad,Telangana,,india_city,Duplicate / cannibalizing risk,/materials/aluminium-7075-supplier-india.html,Hold unless Search Console shows demand
Aluminium,Aluminium 7075,tubes,Visakhapatnam,Andhra Pradesh,,india_city,Not recommended,/materials/aluminium-7075-supplier-india.html,Do not create
Aluminium,Aluminium 7075,tubes,Kakinada,Andhra Pradesh,,india_city,Missing but low value,/materials/aluminium-7075-supplier-india.html,Do not create in final batch
Aluminium,Aluminium 7075,tubes,Vijayawada,Andhra Pradesh,,india_city,Missing but low value,/materials/aluminium-7075-supplier-india.html,Do not create in final batch
Aluminium,Aluminium 7075,tubes,Delhi,Delhi NCR,,india_city,Duplicate / cannibalizing risk,/materials/aluminium-7075-supplier-india.html,Hold unless Search Console shows demand
Aluminium,Aluminium 7075,tubes,Gurugram,Haryana,,india_city,Not recommended,/materials/aluminium-7075-supplier-india.html,Do not create
Aluminium,Aluminium 7075,tubes,Faridabad,Haryana,,india_city,Duplicate / cannibalizing risk,/materials/aluminium-7075-supplier-india.html,Hold unless Search Console shows demand
Aluminium,Aluminium 7075,tubes,Noida,Uttar Pradesh,,india_city,Not recommended,/materials/aluminium-7075-supplier-india.html,Do not create
Aluminium,Aluminium 7075,tubes,Greater Noida,Uttar Pradesh,,india_city,Missing but low value,/materials/aluminium-7075-supplier-india.html,Do not create in final batch
Aluminium,Aluminium 7075,tubes,Ghaziabad,Uttar Pradesh,,india_city,Missing but low value,/materials/aluminium-7075-supplier-india.html,Do not create in final batch
Aluminium,Aluminium 7075,tubes,Bhiwadi,Rajasthan,,india_city,Missing but low value,/materials/aluminium-7075-supplier-india.html,Do not create in final batch
Aluminium,Aluminium 7075,tubes,Neemrana,Rajasthan,,india_city,Missing but low value,/materials/aluminium-7075-supplier-india.html,Do not create in final batch
Aluminium,Aluminium 7075,tubes,Jaipur,Rajasthan,,india_city,Missing but low value,/materials/aluminium-7075-supplier-india.html,Do not create in final batch
Aluminium,Aluminium 7075,tubes,Indore,Madhya Pradesh,,india_city,Missing but low value,/materials/aluminium-7075-supplier-india.html,Do not create in final batch
Aluminium,Aluminium 7075,tubes,Pithampur,Madhya Pradesh,,india_city,Missing but low value,/materials/aluminium-7075-supplier-india.html,Do not create in final batch
Aluminium,Aluminium 7075,tubes,Bhopal / Mandideep,Madhya Pradesh,,india_city,Missing but low value,/materials/aluminium-7075-supplier-india.html,Do not create in final batch
Aluminium,Aluminium 7075,tubes,Kolkata,West Bengal,,india_city,Missing but low value,/materials/aluminium-7075-supplier-india.html,Do not create in final batch
Aluminium,Aluminium 7075,tubes,Howrah,West Bengal,,india_city,Missing but low value,/materials/aluminium-7075-supplier-india.html,Do not create in final batch
Aluminium,Aluminium 7075,tubes,Durgapur,West Bengal,,india_city,Missing but low value,/materials/aluminium-7075-supplier-india.html,Do not create in final batch
Aluminium,Aluminium 7075,tubes,Jamshedpur,Jharkhand,,india_city,Missing but low value,/materials/aluminium-7075-supplier-india.html,Do not create in final batch
Aluminium,Aluminium 7075,tubes,Ludhiana,Punjab,,india_city,Missing but low value,/materials/aluminium-7075-supplier-india.html,Do not create in final batch
Aluminium,Aluminium 7075,tubes,Jalandhar,Punjab,,india_city,Missing but low value,/materials/aluminium-7075-supplier-india.html,Do not create in final batch
Aluminium,Aluminium 7075,tubes,Kochi,Kerala,,india_city,Missing but low value,/materials/aluminium-7075-supplier-india.html,Do not create in final batch
Aluminium,Aluminium 7075,tubes,Bhubaneswar,Odisha,,india_city,Missing but low value,/materials/aluminium-7075-supplier-india.html,Do not create in final batch
Aluminium,Aluminium 7075,tubes,Rourkela,Odisha,,india_city,Missing but low value,/materials/aluminium-7075-supplier-india.html,Do not create in final batch
Aluminium,Aluminium 7075,flanges,Mumbai,Maharashtra,,india_city,Duplicate / cannibalizing risk,/materials/aluminium-7075-supplier-india.html,Hold unless Search Console shows demand
Aluminium,Aluminium 7075,flanges,Navi Mumbai,Maharashtra,,india_city,Duplicate / cannibalizing risk,/materials/aluminium-7075-supplier-india.html,Hold unless Search Console shows demand
Aluminium,Aluminium 7075,flanges,Thane,Maharashtra,,india_city,Missing but low value,/materials/aluminium-7075-supplier-india.html,Do not create in final batch
Aluminium,Aluminium 7075,flanges,Pune,Maharashtra,,india_city,Duplicate / cannibalizing risk,/materials/aluminium-7075-supplier-india.html,Hold unless Search Console shows demand
Aluminium,Aluminium 7075,flanges,Chakan,Maharashtra,,india_city,Not recommended,/materials/aluminium-7075-supplier-india.html,Do not create
Aluminium,Aluminium 7075,flanges,PCMC,Maharashtra,,india_city,Not recommended,/materials/aluminium-7075-supplier-india.html,Do not create
Aluminium,Aluminium 7075,flanges,Nashik,Maharashtra,,india_city,Missing but low value,/materials/aluminium-7075-supplier-india.html,Do not create in final batch
Aluminium,Aluminium 7075,flanges,Chhatrapati Sambhajinagar / Aurangabad,Maharashtra,,india_city,Missing but low value,/materials/aluminium-7075-supplier-india.html,Do not create in final batch
Aluminium,Aluminium 7075,flanges,Nagpur / Butibori,Maharashtra,,india_city,Missing but low value,/materials/aluminium-7075-supplier-india.html,Do not create in final batch
Aluminium,Aluminium 7075,flanges,Ahmedabad,Gujarat,,india_city,Duplicate / cannibalizing risk,/materials/aluminium-7075-supplier-india.html,Hold unless Search Console shows demand
Aluminium,Aluminium 7075,flanges,Sanand,Gujarat,,india_city,Not recommended,/materials/aluminium-7075-supplier-india.html,Do not create
Aluminium,Aluminium 7075,flanges,Vadodara,Gujarat,,india_city,Duplicate / cannibalizing risk,/materials/aluminium-7075-supplier-india.html,Hold unless Search Console shows demand
Aluminium,Aluminium 7075,flanges,Surat,Gujarat,,india_city,Not recommended,/materials/aluminium-7075-supplier-india.html,Do not create
Aluminium,Aluminium 7075,flanges,Hazira,Gujarat,,india_city,Missing but low value,/materials/aluminium-7075-supplier-india.html,Do not create in final batch
Aluminium,Aluminium 7075,flanges,Ankleshwar,Gujarat,,india_city,Not recommended,/materials/aluminium-7075-supplier-india.html,Do not create
Aluminium,Aluminium 7075,flanges,Bharuch,Gujarat,,india_city,Not recommended,/materials/aluminium-7075-supplier-india.html,Do not create
Aluminium,Aluminium 7075,flanges,Vapi,Gujarat,,india_city,Not recommended,/materials/aluminium-7075-supplier-india.html,Do not create
Aluminium,Aluminium 7075,flanges,Rajkot,Gujarat,,india_city,Missing but low value,/materials/aluminium-7075-supplier-india.html,Do not create in final batch
Aluminium,Aluminium 7075,flanges,Jamnagar,Gujarat,,india_city,Missing but low value,/materials/aluminium-7075-supplier-india.html,Do not create in final batch
Aluminium,Aluminium 7075,flanges,Chennai,Tamil Nadu,,india_city,Duplicate / cannibalizing risk,/materials/aluminium-7075-supplier-india.html,Hold unless Search Console shows demand
Aluminium,Aluminium 7075,flanges,Sriperumbudur,Tamil Nadu,,india_city,Missing but low value,/materials/aluminium-7075-supplier-india.html,Do not create in final batch
Aluminium,Aluminium 7075,flanges,Oragadam,Tamil Nadu,,india_city,Missing but low value,/materials/aluminium-7075-supplier-india.html,Do not create in final batch
Aluminium,Aluminium 7075,flanges,Coimbatore,Tamil Nadu,,india_city,Duplicate / cannibalizing risk,/materials/aluminium-7075-supplier-india.html,Hold unless Search Console shows demand
Aluminium,Aluminium 7075,flanges,Hosur,Tamil Nadu,,india_city,Missing but low value,/materials/aluminium-7075-supplier-india.html,Do not create in final batch
Aluminium,Aluminium 7075,flanges,Salem,Tamil Nadu,,india_city,Missing but low value,/materials/aluminium-7075-supplier-india.html,Do not create in final batch
Aluminium,Aluminium 7075,flanges,Trichy,Tamil Nadu,,india_city,Missing but low value,/materials/aluminium-7075-supplier-india.html,Do not create in final batch
Aluminium,Aluminium 7075,flanges,Bengaluru,Karnataka,,india_city,Duplicate / cannibalizing risk,/materials/aluminium-7075-supplier-india.html,Hold unless Search Console shows demand
Aluminium,Aluminium 7075,flanges,Peenya,Karnataka,,india_city,Duplicate / cannibalizing risk,/materials/aluminium-7075-supplier-india.html,Hold unless Search Console shows demand
Aluminium,Aluminium 7075,flanges,Bommasandra,Karnataka,,india_city,Duplicate / cannibalizing risk,/materials/aluminium-7075-supplier-india.html,Hold unless Search Console shows demand
Aluminium,Aluminium 7075,flanges,Mysuru,Karnataka,,india_city,Missing but low value,/materials/aluminium-7075-supplier-india.html,Do not create in final batch
Aluminium,Aluminium 7075,flanges,Mangaluru,Karnataka,,india_city,Missing but low value,/materials/aluminium-7075-supplier-india.html,Do not create in final batch
Aluminium,Aluminium 7075,flanges,Hyderabad,Telangana,,india_city,Duplicate / cannibalizing risk,/materials/aluminium-7075-supplier-india.html,Hold unless Search Console shows demand
Aluminium,Aluminium 7075,flanges,Secunderabad,Telangana,,india_city,Duplicate / cannibalizing risk,/materials/aluminium-7075-supplier-india.html,Hold unless Search Console shows demand
Aluminium,Aluminium 7075,flanges,Visakhapatnam,Andhra Pradesh,,india_city,Not recommended,/materials/aluminium-7075-supplier-india.html,Do not create
Aluminium,Aluminium 7075,flanges,Kakinada,Andhra Pradesh,,india_city,Missing but low value,/materials/aluminium-7075-supplier-india.html,Do not create in final batch
Aluminium,Aluminium 7075,flanges,Vijayawada,Andhra Pradesh,,india_city,Missing but low value,/materials/aluminium-7075-supplier-india.html,Do not create in final batch
Aluminium,Aluminium 7075,flanges,Delhi,Delhi NCR,,india_city,Duplicate / cannibalizing risk,/materials/aluminium-7075-supplier-india.html,Hold unless Search Console shows demand
Aluminium,Aluminium 7075,flanges,Gurugram,Haryana,,india_city,Not recommended,/materials/aluminium-7075-supplier-india.html,Do not create
Aluminium,Aluminium 7075,flanges,Faridabad,Haryana,,india_city,Duplicate / cannibalizing risk,/materials/aluminium-7075-supplier-india.html,Hold unless Search Console shows demand
Aluminium,Aluminium 7075,flanges,Noida,Uttar Pradesh,,india_city,Not recommended,/materials/aluminium-7075-supplier-india.html,Do not create
Aluminium,Aluminium 7075,flanges,Greater Noida,Uttar Pradesh,,india_city,Missing but low value,/materials/aluminium-7075-supplier-india.html,Do not create in final batch
Aluminium,Aluminium 7075,flanges,Ghaziabad,Uttar Pradesh,,india_city,Missing but low value,/materials/aluminium-7075-supplier-india.html,Do not create in final batch
Aluminium,Aluminium 7075,flanges,Bhiwadi,Rajasthan,,india_city,Missing but low value,/materials/aluminium-7075-supplier-india.html,Do not create in final batch
Aluminium,Aluminium 7075,flanges,Neemrana,Rajasthan,,india_city,Missing but low value,/materials/aluminium-7075-supplier-india.html,Do not create in final batch
Aluminium,Aluminium 7075,flanges,Jaipur,Rajasthan,,india_city,Missing but low value,/materials/aluminium-7075-supplier-india.html,Do not create in final batch
Aluminium,Aluminium 7075,flanges,Indore,Madhya Pradesh,,india_city,Missing but low value,/materials/aluminium-7075-supplier-india.html,Do not create in final batch
Aluminium,Aluminium 7075,flanges,Pithampur,Madhya Pradesh,,india_city,Missing but low value,/materials/aluminium-7075-supplier-india.html,Do not create in final batch
Aluminium,Aluminium 7075,flanges,Bhopal / Mandideep,Madhya Pradesh,,india_city,Missing but low value,/materials/aluminium-7075-supplier-india.html,Do not create in final batch
Aluminium,Aluminium 7075,flanges,Kolkata,West Bengal,,india_city,Missing but low value,/materials/aluminium-7075-supplier-india.html,Do not create in final batch
Aluminium,Aluminium 7075,flanges,Howrah,West Bengal,,india_city,Missing but low value,/materials/aluminium-7075-supplier-india.html,Do not create in final batch
Aluminium,Aluminium 7075,flanges,Durgapur,West Bengal,,india_city,Missing but low value,/materials/aluminium-7075-supplier-india.html,Do not create in final batch
Aluminium,Aluminium 7075,flanges,Jamshedpur,Jharkhand,,india_city,Missing but low value,/materials/aluminium-7075-supplier-india.html,Do not create in final batch
Aluminium,Aluminium 7075,flanges,Ludhiana,Punjab,,india_city,Missing but low value,/materials/aluminium-7075-supplier-india.html,Do not create in final batch
Aluminium,Aluminium 7075,flanges,Jalandhar,Punjab,,india_city,Missing but low value,/materials/aluminium-7075-supplier-india.html,Do not create in final batch
Aluminium,Aluminium 7075,flanges,Kochi,Kerala,,india_city,Missing but low value,/materials/aluminium-7075-supplier-india.html,Do not create in final batch
Aluminium,Aluminium 7075,flanges,Bhubaneswar,Odisha,,india_city,Missing but low value,/materials/aluminium-7075-supplier-india.html,Do not create in final batch
Aluminium,Aluminium 7075,flanges,Rourkela,Odisha,,india_city,Missing but low value,/materials/aluminium-7075-supplier-india.html,Do not create in final batch
Aluminium,Aluminium 7075,fittings,Mumbai,Maharashtra,,india_city,Duplicate / cannibalizing risk,/materials/aluminium-7075-supplier-india.html,Hold unless Search Console shows demand
Aluminium,Aluminium 7075,fittings,Navi Mumbai,Maharashtra,,india_city,Duplicate / cannibalizing risk,/materials/aluminium-7075-supplier-india.html,Hold unless Search Console shows demand
Aluminium,Aluminium 7075,fittings,Thane,Maharashtra,,india_city,Missing but low value,/materials/aluminium-7075-supplier-india.html,Do not create in final batch
Aluminium,Aluminium 7075,fittings,Pune,Maharashtra,,india_city,Duplicate / cannibalizing risk,/materials/aluminium-7075-supplier-india.html,Hold unless Search Console shows demand
Aluminium,Aluminium 7075,fittings,Chakan,Maharashtra,,india_city,Not recommended,/materials/aluminium-7075-supplier-india.html,Do not create
Aluminium,Aluminium 7075,fittings,PCMC,Maharashtra,,india_city,Not recommended,/materials/aluminium-7075-supplier-india.html,Do not create
Aluminium,Aluminium 7075,fittings,Nashik,Maharashtra,,india_city,Missing but low value,/materials/aluminium-7075-supplier-india.html,Do not create in final batch
Aluminium,Aluminium 7075,fittings,Chhatrapati Sambhajinagar / Aurangabad,Maharashtra,,india_city,Missing but low value,/materials/aluminium-7075-supplier-india.html,Do not create in final batch
Aluminium,Aluminium 7075,fittings,Nagpur / Butibori,Maharashtra,,india_city,Missing but low value,/materials/aluminium-7075-supplier-india.html,Do not create in final batch
Aluminium,Aluminium 7075,fittings,Ahmedabad,Gujarat,,india_city,Duplicate / cannibalizing risk,/materials/aluminium-7075-supplier-india.html,Hold unless Search Console shows demand
Aluminium,Aluminium 7075,fittings,Sanand,Gujarat,,india_city,Not recommended,/materials/aluminium-7075-supplier-india.html,Do not create
Aluminium,Aluminium 7075,fittings,Vadodara,Gujarat,,india_city,Duplicate / cannibalizing risk,/materials/aluminium-7075-supplier-india.html,Hold unless Search Console shows demand
Aluminium,Aluminium 7075,fittings,Surat,Gujarat,,india_city,Not recommended,/materials/aluminium-7075-supplier-india.html,Do not create
Aluminium,Aluminium 7075,fittings,Hazira,Gujarat,,india_city,Missing but low value,/materials/aluminium-7075-supplier-india.html,Do not create in final batch
Aluminium,Aluminium 7075,fittings,Ankleshwar,Gujarat,,india_city,Not recommended,/materials/aluminium-7075-supplier-india.html,Do not create
Aluminium,Aluminium 7075,fittings,Bharuch,Gujarat,,india_city,Not recommended,/materials/aluminium-7075-supplier-india.html,Do not create
Aluminium,Aluminium 7075,fittings,Vapi,Gujarat,,india_city,Not recommended,/materials/aluminium-7075-supplier-india.html,Do not create
Aluminium,Aluminium 7075,fittings,Rajkot,Gujarat,,india_city,Missing but low value,/materials/aluminium-7075-supplier-india.html,Do not create in final batch
Aluminium,Aluminium 7075,fittings,Jamnagar,Gujarat,,india_city,Missing but low value,/materials/aluminium-7075-supplier-india.html,Do not create in final batch
Aluminium,Aluminium 7075,fittings,Chennai,Tamil Nadu,,india_city,Duplicate / cannibalizing risk,/materials/aluminium-7075-supplier-india.html,Hold unless Search Console shows demand
Aluminium,Aluminium 7075,fittings,Sriperumbudur,Tamil Nadu,,india_city,Missing but low value,/materials/aluminium-7075-supplier-india.html,Do not create in final batch
Aluminium,Aluminium 7075,fittings,Oragadam,Tamil Nadu,,india_city,Missing but low value,/materials/aluminium-7075-supplier-india.html,Do not create in final batch
Aluminium,Aluminium 7075,fittings,Coimbatore,Tamil Nadu,,india_city,Duplicate / cannibalizing risk,/materials/aluminium-7075-supplier-india.html,Hold unless Search Console shows demand
Aluminium,Aluminium 7075,fittings,Hosur,Tamil Nadu,,india_city,Missing but low value,/materials/aluminium-7075-supplier-india.html,Do not create in final batch
Aluminium,Aluminium 7075,fittings,Salem,Tamil Nadu,,india_city,Missing but low value,/materials/aluminium-7075-supplier-india.html,Do not create in final batch
Aluminium,Aluminium 7075,fittings,Trichy,Tamil Nadu,,india_city,Missing but low value,/materials/aluminium-7075-supplier-india.html,Do not create in final batch
Aluminium,Aluminium 7075,fittings,Bengaluru,Karnataka,,india_city,Duplicate / cannibalizing risk,/materials/aluminium-7075-supplier-india.html,Hold unless Search Console shows demand
Aluminium,Aluminium 7075,fittings,Peenya,Karnataka,,india_city,Duplicate / cannibalizing risk,/materials/aluminium-7075-supplier-india.html,Hold unless Search Console shows demand
Aluminium,Aluminium 7075,fittings,Bommasandra,Karnataka,,india_city,Duplicate / cannibalizing risk,/materials/aluminium-7075-supplier-india.html,Hold unless Search Console shows demand
Aluminium,Aluminium 7075,fittings,Mysuru,Karnataka,,india_city,Missing but low value,/materials/aluminium-7075-supplier-india.html,Do not create in final batch
Aluminium,Aluminium 7075,fittings,Mangaluru,Karnataka,,india_city,Missing but low value,/materials/aluminium-7075-supplier-india.html,Do not create in final batch
Aluminium,Aluminium 7075,fittings,Hyderabad,Telangana,,india_city,Duplicate / cannibalizing risk,/materials/aluminium-7075-supplier-india.html,Hold unless Search Console shows demand
Aluminium,Aluminium 7075,fittings,Secunderabad,Telangana,,india_city,Duplicate / cannibalizing risk,/materials/aluminium-7075-supplier-india.html,Hold unless Search Console shows demand
Aluminium,Aluminium 7075,fittings,Visakhapatnam,Andhra Pradesh,,india_city,Not recommended,/materials/aluminium-7075-supplier-india.html,Do not create
Aluminium,Aluminium 7075,fittings,Kakinada,Andhra Pradesh,,india_city,Missing but low value,/materials/aluminium-7075-supplier-india.html,Do not create in final batch
Aluminium,Aluminium 7075,fittings,Vijayawada,Andhra Pradesh,,india_city,Missing but low value,/materials/aluminium-7075-supplier-india.html,Do not create in final batch
Aluminium,Aluminium 7075,fittings,Delhi,Delhi NCR,,india_city,Duplicate / cannibalizing risk,/materials/aluminium-7075-supplier-india.html,Hold unless Search Console shows demand
Aluminium,Aluminium 7075,fittings,Gurugram,Haryana,,india_city,Not recommended,/materials/aluminium-7075-supplier-india.html,Do not create
Aluminium,Aluminium 7075,fittings,Faridabad,Haryana,,india_city,Duplicate / cannibalizing risk,/materials/aluminium-7075-supplier-india.html,Hold unless Search Console shows demand
Aluminium,Aluminium 7075,fittings,Noida,Uttar Pradesh,,india_city,Not recommended,/materials/aluminium-7075-supplier-india.html,Do not create
Aluminium,Aluminium 7075,fittings,Greater Noida,Uttar Pradesh,,india_city,Missing but low value,/materials/aluminium-7075-supplier-india.html,Do not create in final batch
Aluminium,Aluminium 7075,fittings,Ghaziabad,Uttar Pradesh,,india_city,Missing but low value,/materials/aluminium-7075-supplier-india.html,Do not create in final batch
Aluminium,Aluminium 7075,fittings,Bhiwadi,Rajasthan,,india_city,Missing but low value,/materials/aluminium-7075-supplier-india.html,Do not create in final batch
Aluminium,Aluminium 7075,fittings,Neemrana,Rajasthan,,india_city,Missing but low value,/materials/aluminium-7075-supplier-india.html,Do not create in final batch
Aluminium,Aluminium 7075,fittings,Jaipur,Rajasthan,,india_city,Missing but low value,/materials/aluminium-7075-supplier-india.html,Do not create in final batch
Aluminium,Aluminium 7075,fittings,Indore,Madhya Pradesh,,india_city,Missing but low value,/materials/aluminium-7075-supplier-india.html,Do not create in final batch
Aluminium,Aluminium 7075,fittings,Pithampur,Madhya Pradesh,,india_city,Missing but low value,/materials/aluminium-7075-supplier-india.html,Do not create in final batch
Aluminium,Aluminium 7075,fittings,Bhopal / Mandideep,Madhya Pradesh,,india_city,Missing but low value,/materials/aluminium-7075-supplier-india.html,Do not create in final batch
Aluminium,Aluminium 7075,fittings,Kolkata,West Bengal,,india_city,Missing but low value,/materials/aluminium-7075-supplier-india.html,Do not create in final batch
Aluminium,Aluminium 7075,fittings,Howrah,West Bengal,,india_city,Missing but low value,/materials/aluminium-7075-supplier-india.html,Do not create in final batch
Aluminium,Aluminium 7075,fittings,Durgapur,West Bengal,,india_city,Missing but low value,/materials/aluminium-7075-supplier-india.html,Do not create in final batch
Aluminium,Aluminium 7075,fittings,Jamshedpur,Jharkhand,,india_city,Missing but low value,/materials/aluminium-7075-supplier-india.html,Do not create in final batch
Aluminium,Aluminium 7075,fittings,Ludhiana,Punjab,,india_city,Missing but low value,/materials/aluminium-7075-supplier-india.html,Do not create in final batch
Aluminium,Aluminium 7075,fittings,Jalandhar,Punjab,,india_city,Missing but low value,/materials/aluminium-7075-supplier-india.html,Do not create in final batch
Aluminium,Aluminium 7075,fittings,Kochi,Kerala,,india_city,Missing but low value,/materials/aluminium-7075-supplier-india.html,Do not create in final batch
Aluminium,Aluminium 7075,fittings,Bhubaneswar,Odisha,,india_city,Missing but low value,/materials/aluminium-7075-supplier-india.html,Do not create in final batch
Aluminium,Aluminium 7075,fittings,Rourkela,Odisha,,india_city,Missing but low value,/materials/aluminium-7075-supplier-india.html,Do not create in final batch
Aluminium,Aluminium 6061,sheets,,,UAE,export_country,Duplicate / cannibalizing risk,/materials/aluminium-6061-supplier-india.html,Hold unless Search Console shows demand
Aluminium,Aluminium 6061,sheets,,,Saudi Arabia,export_country,Duplicate / cannibalizing risk,/materials/aluminium-6061-supplier-india.html,Hold unless Search Console shows demand
Aluminium,Aluminium 6061,sheets,,,Qatar,export_country,Duplicate / cannibalizing risk,/materials/aluminium-6061-supplier-india.html,Hold unless Search Console shows demand
Aluminium,Aluminium 6061,sheets,,,Singapore,export_country,Duplicate / cannibalizing risk,/materials/aluminium-6061-supplier-india.html,Hold unless Search Console shows demand
Aluminium,Aluminium 6061,sheets,,,Kenya,export_country,Missing but low value,/materials/aluminium-6061-supplier-india.html,Do not create in final batch
Aluminium,Aluminium 6061,sheets,,,Tanzania,export_country,Missing but low value,/materials/aluminium-6061-supplier-india.html,Do not create in final batch
Aluminium,Aluminium 6061,sheets,,,Mauritius,export_country,Missing but low value,/materials/aluminium-6061-supplier-india.html,Do not create in final batch
Aluminium,Aluminium 6061,plates,,,UAE,export_country,Duplicate / cannibalizing risk,/materials/aluminium-6061-supplier-india.html,Hold unless Search Console shows demand
Aluminium,Aluminium 6061,plates,,,Saudi Arabia,export_country,Duplicate / cannibalizing risk,/materials/aluminium-6061-supplier-india.html,Hold unless Search Console shows demand
Aluminium,Aluminium 6061,plates,,,Qatar,export_country,Duplicate / cannibalizing risk,/materials/aluminium-6061-supplier-india.html,Hold unless Search Console shows demand
Aluminium,Aluminium 6061,plates,,,Singapore,export_country,Duplicate / cannibalizing risk,/materials/aluminium-6061-supplier-india.html,Hold unless Search Console shows demand
Aluminium,Aluminium 6061,plates,,,Kenya,export_country,Missing but low value,/materials/aluminium-6061-supplier-india.html,Do not create in final batch
Aluminium,Aluminium 6061,plates,,,Tanzania,export_country,Missing but low value,/materials/aluminium-6061-supplier-india.html,Do not create in final batch
Aluminium,Aluminium 6061,plates,,,Mauritius,export_country,Missing but low value,/materials/aluminium-6061-supplier-india.html,Do not create in final batch
Aluminium,Aluminium 6061,rods,,,UAE,export_country,Duplicate / cannibalizing risk,/materials/aluminium-6061-supplier-india.html,Hold unless Search Console shows demand
Aluminium,Aluminium 6061,rods,,,Saudi Arabia,export_country,Duplicate / cannibalizing risk,/materials/aluminium-6061-supplier-india.html,Hold unless Search Console shows demand
Aluminium,Aluminium 6061,rods,,,Qatar,export_country,Duplicate / cannibalizing risk,/materials/aluminium-6061-supplier-india.html,Hold unless Search Console shows demand
Aluminium,Aluminium 6061,rods,,,Singapore,export_country,Duplicate / cannibalizing risk,/materials/aluminium-6061-supplier-india.html,Hold unless Search Console shows demand
Aluminium,Aluminium 6061,rods,,,Kenya,export_country,Missing but low value,/materials/aluminium-6061-supplier-india.html,Do not create in final batch
Aluminium,Aluminium 6061,rods,,,Tanzania,export_country,Missing but low value,/materials/aluminium-6061-supplier-india.html,Do not create in final batch
Aluminium,Aluminium 6061,rods,,,Mauritius,export_country,Missing but low value,/materials/aluminium-6061-supplier-india.html,Do not create in final batch
Aluminium,Aluminium 6061,flats,,,UAE,export_country,Duplicate / cannibalizing risk,/materials/aluminium-6061-supplier-india.html,Hold unless Search Console shows demand
Aluminium,Aluminium 6061,flats,,,Saudi Arabia,export_country,Duplicate / cannibalizing risk,/materials/aluminium-6061-supplier-india.html,Hold unless Search Console shows demand
Aluminium,Aluminium 6061,flats,,,Qatar,export_country,Duplicate / cannibalizing risk,/materials/aluminium-6061-supplier-india.html,Hold unless Search Console shows demand
Aluminium,Aluminium 6061,flats,,,Singapore,export_country,Duplicate / cannibalizing risk,/materials/aluminium-6061-supplier-india.html,Hold unless Search Console shows demand
Aluminium,Aluminium 6061,flats,,,Kenya,export_country,Missing but low value,/materials/aluminium-6061-supplier-india.html,Do not create in final batch
Aluminium,Aluminium 6061,flats,,,Tanzania,export_country,Missing but low value,/materials/aluminium-6061-supplier-india.html,Do not create in final batch
Aluminium,Aluminium 6061,flats,,,Mauritius,export_country,Missing but low value,/materials/aluminium-6061-supplier-india.html,Do not create in final batch
Aluminium,Aluminium 6061,tubes,,,UAE,export_country,Duplicate / cannibalizing risk,/materials/aluminium-6061-supplier-india.html,Hold unless Search Console shows demand
Aluminium,Aluminium 6061,tubes,,,Saudi Arabia,export_country,Duplicate / cannibalizing risk,/materials/aluminium-6061-supplier-india.html,Hold unless Search Console shows demand
Aluminium,Aluminium 6061,tubes,,,Qatar,export_country,Duplicate / cannibalizing risk,/materials/aluminium-6061-supplier-india.html,Hold unless Search Console shows demand
Aluminium,Aluminium 6061,tubes,,,Oman,export_country,Not recommended,/materials/aluminium-6061-supplier-india.html,Do not create
Aluminium,Aluminium 6061,tubes,,,Kuwait,export_country,Missing but low value,/materials/aluminium-6061-supplier-india.html,Do not create in final batch
Aluminium,Aluminium 6061,tubes,,,Bahrain,export_country,Missing but low value,/materials/aluminium-6061-supplier-india.html,Do not create in final batch
Aluminium,Aluminium 6061,tubes,,,Singapore,export_country,Duplicate / cannibalizing risk,/materials/aluminium-6061-supplier-india.html,Hold unless Search Console shows demand
Aluminium,Aluminium 6061,tubes,,,Malaysia,export_country,Missing but low value,/materials/aluminium-6061-supplier-india.html,Do not create in final batch
Aluminium,Aluminium 6061,tubes,,,Indonesia,export_country,Missing but low value,/materials/aluminium-6061-supplier-india.html,Do not create in final batch
Aluminium,Aluminium 6061,tubes,,,Thailand,export_country,Missing but low value,/materials/aluminium-6061-supplier-india.html,Do not create in final batch
Aluminium,Aluminium 6061,tubes,,,Vietnam,export_country,Missing but low value,/materials/aluminium-6061-supplier-india.html,Do not create in final batch
Aluminium,Aluminium 6061,tubes,,,Philippines,export_country,Missing but low value,/materials/aluminium-6061-supplier-india.html,Do not create in final batch
Aluminium,Aluminium 6061,tubes,,,South Korea,export_country,Missing but low value,/materials/aluminium-6061-supplier-india.html,Do not create in final batch
Aluminium,Aluminium 6061,tubes,,,Japan,export_country,Missing but low value,/materials/aluminium-6061-supplier-india.html,Do not create in final batch
Aluminium,Aluminium 6061,tubes,,,Taiwan,export_country,Missing but low value,/materials/aluminium-6061-supplier-india.html,Do not create in final batch
Aluminium,Aluminium 6061,tubes,,,Germany,export_country,Not recommended,/materials/aluminium-6061-supplier-india.html,Do not create
Aluminium,Aluminium 6061,tubes,,,Netherlands,export_country,Not recommended,/materials/aluminium-6061-supplier-india.html,Do not create
Aluminium,Aluminium 6061,tubes,,,United Kingdom,export_country,Not recommended,/materials/aluminium-6061-supplier-india.html,Do not create
Aluminium,Aluminium 6061,tubes,,,Italy,export_country,Missing but low value,/materials/aluminium-6061-supplier-india.html,Do not create in final batch
Aluminium,Aluminium 6061,tubes,,,Spain,export_country,Missing but low value,/materials/aluminium-6061-supplier-india.html,Do not create in final batch
Aluminium,Aluminium 6061,tubes,,,Poland,export_country,Missing but low value,/materials/aluminium-6061-supplier-india.html,Do not create in final batch
Aluminium,Aluminium 6061,tubes,,,United States,export_country,Not recommended,/materials/aluminium-6061-supplier-india.html,Do not create
Aluminium,Aluminium 6061,tubes,,,Canada,export_country,Missing but low value,/materials/aluminium-6061-supplier-india.html,Do not create in final batch
Aluminium,Aluminium 6061,tubes,,,Mexico,export_country,Missing but low value,/materials/aluminium-6061-supplier-india.html,Do not create in final batch
Aluminium,Aluminium 6061,tubes,,,Brazil,export_country,Missing but low value,/materials/aluminium-6061-supplier-india.html,Do not create in final batch
Aluminium,Aluminium 6061,tubes,,,South Africa,export_country,Missing but low value,/materials/aluminium-6061-supplier-india.html,Do not create in final batch
Aluminium,Aluminium 6061,tubes,,,Egypt,export_country,Missing but low value,/materials/aluminium-6061-supplier-india.html,Do not create in final batch
Aluminium,Aluminium 6061,tubes,,,Kenya,export_country,Missing but low value,/materials/aluminium-6061-supplier-india.html,Do not create in final batch
Aluminium,Aluminium 6061,tubes,,,Tanzania,export_country,Missing but low value,/materials/aluminium-6061-supplier-india.html,Do not create in final batch
Aluminium,Aluminium 6061,tubes,,,Nigeria,export_country,Missing but low value,/materials/aluminium-6061-supplier-india.html,Do not create in final batch
Aluminium,Aluminium 6061,tubes,,,Mauritius,export_country,Missing but low value,/materials/aluminium-6061-supplier-india.html,Do not create in final batch
Aluminium,Aluminium 6061,tubes,,,Australia,export_country,Not recommended,/materials/aluminium-6061-supplier-india.html,Do not create
Aluminium,Aluminium 6061,tubes,,,New Zealand,export_country,Missing but low value,/materials/aluminium-6061-supplier-india.html,Do not create in final batch
Aluminium,Aluminium 6061,flanges,,,Oman,export_country,Not recommended,/materials/aluminium-6061-supplier-india.html,Do not create
Aluminium,Aluminium 6061,flanges,,,Kuwait,export_country,Missing but low value,/materials/aluminium-6061-supplier-india.html,Do not create in final batch
Aluminium,Aluminium 6061,flanges,,,Bahrain,export_country,Missing but low value,/materials/aluminium-6061-supplier-india.html,Do not create in final batch
Aluminium,Aluminium 6061,flanges,,,Malaysia,export_country,Missing but low value,/materials/aluminium-6061-supplier-india.html,Do not create in final batch
Aluminium,Aluminium 6061,flanges,,,Indonesia,export_country,Missing but low value,/materials/aluminium-6061-supplier-india.html,Do not create in final batch
Aluminium,Aluminium 6061,flanges,,,Thailand,export_country,Missing but low value,/materials/aluminium-6061-supplier-india.html,Do not create in final batch
Aluminium,Aluminium 6061,flanges,,,Vietnam,export_country,Missing but low value,/materials/aluminium-6061-supplier-india.html,Do not create in final batch
Aluminium,Aluminium 6061,flanges,,,Philippines,export_country,Missing but low value,/materials/aluminium-6061-supplier-india.html,Do not create in final batch
Aluminium,Aluminium 6061,flanges,,,South Korea,export_country,Missing but low value,/materials/aluminium-6061-supplier-india.html,Do not create in final batch
Aluminium,Aluminium 6061,flanges,,,Japan,export_country,Missing but low value,/materials/aluminium-6061-supplier-india.html,Do not create in final batch
Aluminium,Aluminium 6061,flanges,,,Taiwan,export_country,Missing but low value,/materials/aluminium-6061-supplier-india.html,Do not create in final batch
Aluminium,Aluminium 6061,flanges,,,Germany,export_country,Not recommended,/materials/aluminium-6061-supplier-india.html,Do not create
Aluminium,Aluminium 6061,flanges,,,Netherlands,export_country,Not recommended,/materials/aluminium-6061-supplier-india.html,Do not create
Aluminium,Aluminium 6061,flanges,,,United Kingdom,export_country,Not recommended,/materials/aluminium-6061-supplier-india.html,Do not create
Aluminium,Aluminium 6061,flanges,,,Italy,export_country,Missing but low value,/materials/aluminium-6061-supplier-india.html,Do not create in final batch
Aluminium,Aluminium 6061,flanges,,,Spain,export_country,Missing but low value,/materials/aluminium-6061-supplier-india.html,Do not create in final batch
Aluminium,Aluminium 6061,flanges,,,Poland,export_country,Missing but low value,/materials/aluminium-6061-supplier-india.html,Do not create in final batch
Aluminium,Aluminium 6061,flanges,,,United States,export_country,Not recommended,/materials/aluminium-6061-supplier-india.html,Do not create
Aluminium,Aluminium 6061,flanges,,,Canada,export_country,Missing but low value,/materials/aluminium-6061-supplier-india.html,Do not create in final batch
Aluminium,Aluminium 6061,flanges,,,Mexico,export_country,Missing but low value,/materials/aluminium-6061-supplier-india.html,Do not create in final batch
Aluminium,Aluminium 6061,flanges,,,Brazil,export_country,Missing but low value,/materials/aluminium-6061-supplier-india.html,Do not create in final batch
Aluminium,Aluminium 6061,flanges,,,South Africa,export_country,Missing but low value,/materials/aluminium-6061-supplier-india.html,Do not create in final batch
Aluminium,Aluminium 6061,flanges,,,Egypt,export_country,Missing but low value,/materials/aluminium-6061-supplier-india.html,Do not create in final batch
Aluminium,Aluminium 6061,flanges,,,Kenya,export_country,Missing but low value,/materials/aluminium-6061-supplier-india.html,Do not create in final batch
Aluminium,Aluminium 6061,flanges,,,Tanzania,export_country,Missing but low value,/materials/aluminium-6061-supplier-india.html,Do not create in final batch
Aluminium,Aluminium 6061,flanges,,,Nigeria,export_country,Missing but low value,/materials/aluminium-6061-supplier-india.html,Do not create in final batch
Aluminium,Aluminium 6061,flanges,,,Mauritius,export_country,Missing but low value,/materials/aluminium-6061-supplier-india.html,Do not create in final batch
Aluminium,Aluminium 6061,flanges,,,Australia,export_country,Not recommended,/materials/aluminium-6061-supplier-india.html,Do not create
Aluminium,Aluminium 6061,flanges,,,New Zealand,export_country,Missing but low value,/materials/aluminium-6061-supplier-india.html,Do not create in final batch
Aluminium,Aluminium 6061,fittings,,,UAE,export_country,Duplicate / cannibalizing risk,/materials/aluminium-6061-supplier-india.html,Hold unless Search Console shows demand
Aluminium,Aluminium 6061,fittings,,,Saudi Arabia,export_country,Duplicate / cannibalizing risk,/materials/aluminium-6061-supplier-india.html,Hold unless Search Console shows demand
Aluminium,Aluminium 6061,fittings,,,Qatar,export_country,Duplicate / cannibalizing risk,/materials/aluminium-6061-supplier-india.html,Hold unless Search Console shows demand
Aluminium,Aluminium 6061,fittings,,,Oman,export_country,Not recommended,/materials/aluminium-6061-supplier-india.html,Do not create
Aluminium,Aluminium 6061,fittings,,,Kuwait,export_country,Missing but low value,/materials/aluminium-6061-supplier-india.html,Do not create in final batch
Aluminium,Aluminium 6061,fittings,,,Bahrain,export_country,Missing but low value,/materials/aluminium-6061-supplier-india.html,Do not create in final batch
Aluminium,Aluminium 6061,fittings,,,Singapore,export_country,Duplicate / cannibalizing risk,/materials/aluminium-6061-supplier-india.html,Hold unless Search Console shows demand
Aluminium,Aluminium 6061,fittings,,,Malaysia,export_country,Missing but low value,/materials/aluminium-6061-supplier-india.html,Do not create in final batch
Aluminium,Aluminium 6061,fittings,,,Indonesia,export_country,Missing but low value,/materials/aluminium-6061-supplier-india.html,Do not create in final batch
Aluminium,Aluminium 6061,fittings,,,Thailand,export_country,Missing but low value,/materials/aluminium-6061-supplier-india.html,Do not create in final batch
Aluminium,Aluminium 6061,fittings,,,Vietnam,export_country,Missing but low value,/materials/aluminium-6061-supplier-india.html,Do not create in final batch
Aluminium,Aluminium 6061,fittings,,,Philippines,export_country,Missing but low value,/materials/aluminium-6061-supplier-india.html,Do not create in final batch
Aluminium,Aluminium 6061,fittings,,,South Korea,export_country,Missing but low value,/materials/aluminium-6061-supplier-india.html,Do not create in final batch
Aluminium,Aluminium 6061,fittings,,,Japan,export_country,Missing but low value,/materials/aluminium-6061-supplier-india.html,Do not create in final batch
Aluminium,Aluminium 6061,fittings,,,Taiwan,export_country,Missing but low value,/materials/aluminium-6061-supplier-india.html,Do not create in final batch
Aluminium,Aluminium 6061,fittings,,,Germany,export_country,Not recommended,/materials/aluminium-6061-supplier-india.html,Do not create
Aluminium,Aluminium 6061,fittings,,,Netherlands,export_country,Not recommended,/materials/aluminium-6061-supplier-india.html,Do not create
Aluminium,Aluminium 6061,fittings,,,United Kingdom,export_country,Not recommended,/materials/aluminium-6061-supplier-india.html,Do not create
Aluminium,Aluminium 6061,fittings,,,Italy,export_country,Missing but low value,/materials/aluminium-6061-supplier-india.html,Do not create in final batch
Aluminium,Aluminium 6061,fittings,,,Spain,export_country,Missing but low value,/materials/aluminium-6061-supplier-india.html,Do not create in final batch
Aluminium,Aluminium 6061,fittings,,,Poland,export_country,Missing but low value,/materials/aluminium-6061-supplier-india.html,Do not create in final batch
Aluminium,Aluminium 6061,fittings,,,United States,export_country,Not recommended,/materials/aluminium-6061-supplier-india.html,Do not create
Aluminium,Aluminium 6061,fittings,,,Canada,export_country,Missing but low value,/materials/aluminium-6061-supplier-india.html,Do not create in final batch
Aluminium,Aluminium 6061,fittings,,,Mexico,export_country,Missing but low value,/materials/aluminium-6061-supplier-india.html,Do not create in final batch
Aluminium,Aluminium 6061,fittings,,,Brazil,export_country,Missing but low value,/materials/aluminium-6061-supplier-india.html,Do not create in final batch
Aluminium,Aluminium 6061,fittings,,,South Africa,export_country,Missing but low value,/materials/aluminium-6061-supplier-india.html,Do not create in final batch
Aluminium,Aluminium 6061,fittings,,,Egypt,export_country,Missing but low value,/materials/aluminium-6061-supplier-india.html,Do not create in final batch
Aluminium,Aluminium 6061,fittings,,,Kenya,export_country,Missing but low value,/materials/aluminium-6061-supplier-india.html,Do not create in final batch
Aluminium,Aluminium 6061,fittings,,,Tanzania,export_country,Missing but low value,/materials/aluminium-6061-supplier-india.html,Do not create in final batch
Aluminium,Aluminium 6061,fittings,,,Nigeria,export_country,Missing but low value,/materials/aluminium-6061-supplier-india.html,Do not create in final batch
Aluminium,Aluminium 6061,fittings,,,Mauritius,export_country,Missing but low value,/materials/aluminium-6061-supplier-india.html,Do not create in final batch
Aluminium,Aluminium 6061,fittings,,,Australia,export_country,Not recommended,/materials/aluminium-6061-supplier-india.html,Do not create
Aluminium,Aluminium 6061,fittings,,,New Zealand,export_country,Missing but low value,/materials/aluminium-6061-supplier-india.html,Do not create in final batch
Aluminium,Aluminium 6082,sheets,,,UAE,export_country,Duplicate / cannibalizing risk,/materials/aluminium-6082-supplier-india.html,Hold unless Search Console shows demand
Aluminium,Aluminium 6082,sheets,,,Saudi Arabia,export_country,Duplicate / cannibalizing risk,/materials/aluminium-6082-supplier-india.html,Hold unless Search Console shows demand
Aluminium,Aluminium 6082,sheets,,,Qatar,export_country,Duplicate / cannibalizing risk,/materials/aluminium-6082-supplier-india.html,Hold unless Search Console shows demand
Aluminium,Aluminium 6082,sheets,,,Oman,export_country,Not recommended,/materials/aluminium-6082-supplier-india.html,Do not create
Aluminium,Aluminium 6082,sheets,,,Kuwait,export_country,Missing but low value,/materials/aluminium-6082-supplier-india.html,Do not create in final batch
Aluminium,Aluminium 6082,sheets,,,Bahrain,export_country,Missing but low value,/materials/aluminium-6082-supplier-india.html,Do not create in final batch
Aluminium,Aluminium 6082,sheets,,,Singapore,export_country,Duplicate / cannibalizing risk,/materials/aluminium-6082-supplier-india.html,Hold unless Search Console shows demand
Aluminium,Aluminium 6082,sheets,,,Malaysia,export_country,Missing but low value,/materials/aluminium-6082-supplier-india.html,Do not create in final batch
Aluminium,Aluminium 6082,sheets,,,Indonesia,export_country,Missing but low value,/materials/aluminium-6082-supplier-india.html,Do not create in final batch
Aluminium,Aluminium 6082,sheets,,,Thailand,export_country,Missing but low value,/materials/aluminium-6082-supplier-india.html,Do not create in final batch
Aluminium,Aluminium 6082,sheets,,,Vietnam,export_country,Missing but low value,/materials/aluminium-6082-supplier-india.html,Do not create in final batch
Aluminium,Aluminium 6082,sheets,,,Philippines,export_country,Missing but low value,/materials/aluminium-6082-supplier-india.html,Do not create in final batch
Aluminium,Aluminium 6082,sheets,,,South Korea,export_country,Missing but low value,/materials/aluminium-6082-supplier-india.html,Do not create in final batch
Aluminium,Aluminium 6082,sheets,,,Japan,export_country,Missing but low value,/materials/aluminium-6082-supplier-india.html,Do not create in final batch
Aluminium,Aluminium 6082,sheets,,,Taiwan,export_country,Missing but low value,/materials/aluminium-6082-supplier-india.html,Do not create in final batch
Aluminium,Aluminium 6082,sheets,,,Germany,export_country,Not recommended,/materials/aluminium-6082-supplier-india.html,Do not create
Aluminium,Aluminium 6082,sheets,,,Netherlands,export_country,Not recommended,/materials/aluminium-6082-supplier-india.html,Do not create
Aluminium,Aluminium 6082,sheets,,,United Kingdom,export_country,Not recommended,/materials/aluminium-6082-supplier-india.html,Do not create
Aluminium,Aluminium 6082,sheets,,,Italy,export_country,Missing but low value,/materials/aluminium-6082-supplier-india.html,Do not create in final batch
Aluminium,Aluminium 6082,sheets,,,Spain,export_country,Missing but low value,/materials/aluminium-6082-supplier-india.html,Do not create in final batch
Aluminium,Aluminium 6082,sheets,,,Poland,export_country,Missing but low value,/materials/aluminium-6082-supplier-india.html,Do not create in final batch
Aluminium,Aluminium 6082,sheets,,,United States,export_country,Not recommended,/materials/aluminium-6082-supplier-india.html,Do not create
Aluminium,Aluminium 6082,sheets,,,Canada,export_country,Missing but low value,/materials/aluminium-6082-supplier-india.html,Do not create in final batch
Aluminium,Aluminium 6082,sheets,,,Mexico,export_country,Missing but low value,/materials/aluminium-6082-supplier-india.html,Do not create in final batch
Aluminium,Aluminium 6082,sheets,,,Brazil,export_country,Missing but low value,/materials/aluminium-6082-supplier-india.html,Do not create in final batch
Aluminium,Aluminium 6082,sheets,,,South Africa,export_country,Missing but low value,/materials/aluminium-6082-supplier-india.html,Do not create in final batch
Aluminium,Aluminium 6082,sheets,,,Egypt,export_country,Missing but low value,/materials/aluminium-6082-supplier-india.html,Do not create in final batch
Aluminium,Aluminium 6082,sheets,,,Kenya,export_country,Missing but low value,/materials/aluminium-6082-supplier-india.html,Do not create in final batch
Aluminium,Aluminium 6082,sheets,,,Tanzania,export_country,Missing but low value,/materials/aluminium-6082-supplier-india.html,Do not create in final batch
Aluminium,Aluminium 6082,sheets,,,Nigeria,export_country,Missing but low value,/materials/aluminium-6082-supplier-india.html,Do not create in final batch
Aluminium,Aluminium 6082,sheets,,,Mauritius,export_country,Missing but low value,/materials/aluminium-6082-supplier-india.html,Do not create in final batch
Aluminium,Aluminium 6082,sheets,,,Australia,export_country,Not recommended,/materials/aluminium-6082-supplier-india.html,Do not create
Aluminium,Aluminium 6082,sheets,,,New Zealand,export_country,Missing but low value,/materials/aluminium-6082-supplier-india.html,Do not create in final batch
Aluminium,Aluminium 6082,plates,,,UAE,export_country,Duplicate / cannibalizing risk,/materials/aluminium-6082-supplier-india.html,Hold unless Search Console shows demand
Aluminium,Aluminium 6082,plates,,,Saudi Arabia,export_country,Duplicate / cannibalizing risk,/materials/aluminium-6082-supplier-india.html,Hold unless Search Console shows demand
Aluminium,Aluminium 6082,plates,,,Qatar,export_country,Duplicate / cannibalizing risk,/materials/aluminium-6082-supplier-india.html,Hold unless Search Console shows demand
Aluminium,Aluminium 6082,plates,,,Oman,export_country,Not recommended,/materials/aluminium-6082-supplier-india.html,Do not create
Aluminium,Aluminium 6082,plates,,,Kuwait,export_country,Missing but low value,/materials/aluminium-6082-supplier-india.html,Do not create in final batch
Aluminium,Aluminium 6082,plates,,,Bahrain,export_country,Missing but low value,/materials/aluminium-6082-supplier-india.html,Do not create in final batch
Aluminium,Aluminium 6082,plates,,,Singapore,export_country,Duplicate / cannibalizing risk,/materials/aluminium-6082-supplier-india.html,Hold unless Search Console shows demand
Aluminium,Aluminium 6082,plates,,,Malaysia,export_country,Missing but low value,/materials/aluminium-6082-supplier-india.html,Do not create in final batch
Aluminium,Aluminium 6082,plates,,,Indonesia,export_country,Missing but low value,/materials/aluminium-6082-supplier-india.html,Do not create in final batch
Aluminium,Aluminium 6082,plates,,,Thailand,export_country,Missing but low value,/materials/aluminium-6082-supplier-india.html,Do not create in final batch
Aluminium,Aluminium 6082,plates,,,Vietnam,export_country,Missing but low value,/materials/aluminium-6082-supplier-india.html,Do not create in final batch
Aluminium,Aluminium 6082,plates,,,Philippines,export_country,Missing but low value,/materials/aluminium-6082-supplier-india.html,Do not create in final batch
Aluminium,Aluminium 6082,plates,,,South Korea,export_country,Missing but low value,/materials/aluminium-6082-supplier-india.html,Do not create in final batch
Aluminium,Aluminium 6082,plates,,,Japan,export_country,Missing but low value,/materials/aluminium-6082-supplier-india.html,Do not create in final batch
Aluminium,Aluminium 6082,plates,,,Taiwan,export_country,Missing but low value,/materials/aluminium-6082-supplier-india.html,Do not create in final batch
Aluminium,Aluminium 6082,plates,,,Germany,export_country,Not recommended,/materials/aluminium-6082-supplier-india.html,Do not create
Aluminium,Aluminium 6082,plates,,,Netherlands,export_country,Not recommended,/materials/aluminium-6082-supplier-india.html,Do not create
Aluminium,Aluminium 6082,plates,,,United Kingdom,export_country,Not recommended,/materials/aluminium-6082-supplier-india.html,Do not create
Aluminium,Aluminium 6082,plates,,,Italy,export_country,Missing but low value,/materials/aluminium-6082-supplier-india.html,Do not create in final batch
Aluminium,Aluminium 6082,plates,,,Spain,export_country,Missing but low value,/materials/aluminium-6082-supplier-india.html,Do not create in final batch
Aluminium,Aluminium 6082,plates,,,Poland,export_country,Missing but low value,/materials/aluminium-6082-supplier-india.html,Do not create in final batch
Aluminium,Aluminium 6082,plates,,,United States,export_country,Not recommended,/materials/aluminium-6082-supplier-india.html,Do not create
Aluminium,Aluminium 6082,plates,,,Canada,export_country,Missing but low value,/materials/aluminium-6082-supplier-india.html,Do not create in final batch
Aluminium,Aluminium 6082,plates,,,Mexico,export_country,Missing but low value,/materials/aluminium-6082-supplier-india.html,Do not create in final batch
Aluminium,Aluminium 6082,plates,,,Brazil,export_country,Missing but low value,/materials/aluminium-6082-supplier-india.html,Do not create in final batch
Aluminium,Aluminium 6082,plates,,,South Africa,export_country,Missing but low value,/materials/aluminium-6082-supplier-india.html,Do not create in final batch
Aluminium,Aluminium 6082,plates,,,Egypt,export_country,Missing but low value,/materials/aluminium-6082-supplier-india.html,Do not create in final batch
Aluminium,Aluminium 6082,plates,,,Kenya,export_country,Missing but low value,/materials/aluminium-6082-supplier-india.html,Do not create in final batch
Aluminium,Aluminium 6082,plates,,,Tanzania,export_country,Missing but low value,/materials/aluminium-6082-supplier-india.html,Do not create in final batch
Aluminium,Aluminium 6082,plates,,,Nigeria,export_country,Missing but low value,/materials/aluminium-6082-supplier-india.html,Do not create in final batch
Aluminium,Aluminium 6082,plates,,,Mauritius,export_country,Missing but low value,/materials/aluminium-6082-supplier-india.html,Do not create in final batch
Aluminium,Aluminium 6082,plates,,,Australia,export_country,Not recommended,/materials/aluminium-6082-supplier-india.html,Do not create
Aluminium,Aluminium 6082,plates,,,New Zealand,export_country,Missing but low value,/materials/aluminium-6082-supplier-india.html,Do not create in final batch
Aluminium,Aluminium 6082,rods,,,UAE,export_country,Duplicate / cannibalizing risk,/materials/aluminium-6082-supplier-india.html,Hold unless Search Console shows demand
Aluminium,Aluminium 6082,rods,,,Saudi Arabia,export_country,Duplicate / cannibalizing risk,/materials/aluminium-6082-supplier-india.html,Hold unless Search Console shows demand
Aluminium,Aluminium 6082,rods,,,Qatar,export_country,Duplicate / cannibalizing risk,/materials/aluminium-6082-supplier-india.html,Hold unless Search Console shows demand
Aluminium,Aluminium 6082,rods,,,Oman,export_country,Not recommended,/materials/aluminium-6082-supplier-india.html,Do not create
Aluminium,Aluminium 6082,rods,,,Kuwait,export_country,Missing but low value,/materials/aluminium-6082-supplier-india.html,Do not create in final batch
Aluminium,Aluminium 6082,rods,,,Bahrain,export_country,Missing but low value,/materials/aluminium-6082-supplier-india.html,Do not create in final batch
Aluminium,Aluminium 6082,rods,,,Singapore,export_country,Duplicate / cannibalizing risk,/materials/aluminium-6082-supplier-india.html,Hold unless Search Console shows demand
Aluminium,Aluminium 6082,rods,,,Malaysia,export_country,Missing but low value,/materials/aluminium-6082-supplier-india.html,Do not create in final batch
Aluminium,Aluminium 6082,rods,,,Indonesia,export_country,Missing but low value,/materials/aluminium-6082-supplier-india.html,Do not create in final batch
Aluminium,Aluminium 6082,rods,,,Thailand,export_country,Missing but low value,/materials/aluminium-6082-supplier-india.html,Do not create in final batch
Aluminium,Aluminium 6082,rods,,,Vietnam,export_country,Missing but low value,/materials/aluminium-6082-supplier-india.html,Do not create in final batch
Aluminium,Aluminium 6082,rods,,,Philippines,export_country,Missing but low value,/materials/aluminium-6082-supplier-india.html,Do not create in final batch
Aluminium,Aluminium 6082,rods,,,South Korea,export_country,Missing but low value,/materials/aluminium-6082-supplier-india.html,Do not create in final batch
Aluminium,Aluminium 6082,rods,,,Japan,export_country,Missing but low value,/materials/aluminium-6082-supplier-india.html,Do not create in final batch
Aluminium,Aluminium 6082,rods,,,Taiwan,export_country,Missing but low value,/materials/aluminium-6082-supplier-india.html,Do not create in final batch
Aluminium,Aluminium 6082,rods,,,Germany,export_country,Not recommended,/materials/aluminium-6082-supplier-india.html,Do not create
Aluminium,Aluminium 6082,rods,,,Netherlands,export_country,Not recommended,/materials/aluminium-6082-supplier-india.html,Do not create
Aluminium,Aluminium 6082,rods,,,United Kingdom,export_country,Not recommended,/materials/aluminium-6082-supplier-india.html,Do not create
Aluminium,Aluminium 6082,rods,,,Italy,export_country,Missing but low value,/materials/aluminium-6082-supplier-india.html,Do not create in final batch
Aluminium,Aluminium 6082,rods,,,Spain,export_country,Missing but low value,/materials/aluminium-6082-supplier-india.html,Do not create in final batch
Aluminium,Aluminium 6082,rods,,,Poland,export_country,Missing but low value,/materials/aluminium-6082-supplier-india.html,Do not create in final batch
Aluminium,Aluminium 6082,rods,,,United States,export_country,Not recommended,/materials/aluminium-6082-supplier-india.html,Do not create
Aluminium,Aluminium 6082,rods,,,Canada,export_country,Missing but low value,/materials/aluminium-6082-supplier-india.html,Do not create in final batch
Aluminium,Aluminium 6082,rods,,,Mexico,export_country,Missing but low value,/materials/aluminium-6082-supplier-india.html,Do not create in final batch
Aluminium,Aluminium 6082,rods,,,Brazil,export_country,Missing but low value,/materials/aluminium-6082-supplier-india.html,Do not create in final batch
Aluminium,Aluminium 6082,rods,,,South Africa,export_country,Missing but low value,/materials/aluminium-6082-supplier-india.html,Do not create in final batch
Aluminium,Aluminium 6082,rods,,,Egypt,export_country,Missing but low value,/materials/aluminium-6082-supplier-india.html,Do not create in final batch
Aluminium,Aluminium 6082,rods,,,Kenya,export_country,Missing but low value,/materials/aluminium-6082-supplier-india.html,Do not create in final batch
Aluminium,Aluminium 6082,rods,,,Tanzania,export_country,Missing but low value,/materials/aluminium-6082-supplier-india.html,Do not create in final batch
Aluminium,Aluminium 6082,rods,,,Nigeria,export_country,Missing but low value,/materials/aluminium-6082-supplier-india.html,Do not create in final batch
Aluminium,Aluminium 6082,rods,,,Mauritius,export_country,Missing but low value,/materials/aluminium-6082-supplier-india.html,Do not create in final batch
Aluminium,Aluminium 6082,rods,,,Australia,export_country,Not recommended,/materials/aluminium-6082-supplier-india.html,Do not create
Aluminium,Aluminium 6082,rods,,,New Zealand,export_country,Missing but low value,/materials/aluminium-6082-supplier-india.html,Do not create in final batch
Aluminium,Aluminium 6082,flats,,,UAE,export_country,Duplicate / cannibalizing risk,/materials/aluminium-6082-supplier-india.html,Hold unless Search Console shows demand
Aluminium,Aluminium 6082,flats,,,Saudi Arabia,export_country,Duplicate / cannibalizing risk,/materials/aluminium-6082-supplier-india.html,Hold unless Search Console shows demand
Aluminium,Aluminium 6082,flats,,,Qatar,export_country,Duplicate / cannibalizing risk,/materials/aluminium-6082-supplier-india.html,Hold unless Search Console shows demand
Aluminium,Aluminium 6082,flats,,,Oman,export_country,Not recommended,/materials/aluminium-6082-supplier-india.html,Do not create
Aluminium,Aluminium 6082,flats,,,Kuwait,export_country,Missing but low value,/materials/aluminium-6082-supplier-india.html,Do not create in final batch
Aluminium,Aluminium 6082,flats,,,Bahrain,export_country,Missing but low value,/materials/aluminium-6082-supplier-india.html,Do not create in final batch
Aluminium,Aluminium 6082,flats,,,Singapore,export_country,Duplicate / cannibalizing risk,/materials/aluminium-6082-supplier-india.html,Hold unless Search Console shows demand
Aluminium,Aluminium 6082,flats,,,Malaysia,export_country,Missing but low value,/materials/aluminium-6082-supplier-india.html,Do not create in final batch
Aluminium,Aluminium 6082,flats,,,Indonesia,export_country,Missing but low value,/materials/aluminium-6082-supplier-india.html,Do not create in final batch
Aluminium,Aluminium 6082,flats,,,Thailand,export_country,Missing but low value,/materials/aluminium-6082-supplier-india.html,Do not create in final batch
Aluminium,Aluminium 6082,flats,,,Vietnam,export_country,Missing but low value,/materials/aluminium-6082-supplier-india.html,Do not create in final batch
Aluminium,Aluminium 6082,flats,,,Philippines,export_country,Missing but low value,/materials/aluminium-6082-supplier-india.html,Do not create in final batch
Aluminium,Aluminium 6082,flats,,,South Korea,export_country,Missing but low value,/materials/aluminium-6082-supplier-india.html,Do not create in final batch
Aluminium,Aluminium 6082,flats,,,Japan,export_country,Missing but low value,/materials/aluminium-6082-supplier-india.html,Do not create in final batch
Aluminium,Aluminium 6082,flats,,,Taiwan,export_country,Missing but low value,/materials/aluminium-6082-supplier-india.html,Do not create in final batch
Aluminium,Aluminium 6082,flats,,,Germany,export_country,Not recommended,/materials/aluminium-6082-supplier-india.html,Do not create
Aluminium,Aluminium 6082,flats,,,Netherlands,export_country,Not recommended,/materials/aluminium-6082-supplier-india.html,Do not create
Aluminium,Aluminium 6082,flats,,,United Kingdom,export_country,Not recommended,/materials/aluminium-6082-supplier-india.html,Do not create
Aluminium,Aluminium 6082,flats,,,Italy,export_country,Missing but low value,/materials/aluminium-6082-supplier-india.html,Do not create in final batch
Aluminium,Aluminium 6082,flats,,,Spain,export_country,Missing but low value,/materials/aluminium-6082-supplier-india.html,Do not create in final batch
Aluminium,Aluminium 6082,flats,,,Poland,export_country,Missing but low value,/materials/aluminium-6082-supplier-india.html,Do not create in final batch
Aluminium,Aluminium 6082,flats,,,United States,export_country,Not recommended,/materials/aluminium-6082-supplier-india.html,Do not create
Aluminium,Aluminium 6082,flats,,,Canada,export_country,Missing but low value,/materials/aluminium-6082-supplier-india.html,Do not create in final batch
Aluminium,Aluminium 6082,flats,,,Mexico,export_country,Missing but low value,/materials/aluminium-6082-supplier-india.html,Do not create in final batch
Aluminium,Aluminium 6082,flats,,,Brazil,export_country,Missing but low value,/materials/aluminium-6082-supplier-india.html,Do not create in final batch
Aluminium,Aluminium 6082,flats,,,South Africa,export_country,Missing but low value,/materials/aluminium-6082-supplier-india.html,Do not create in final batch
Aluminium,Aluminium 6082,flats,,,Egypt,export_country,Missing but low value,/materials/aluminium-6082-supplier-india.html,Do not create in final batch
Aluminium,Aluminium 6082,flats,,,Kenya,export_country,Missing but low value,/materials/aluminium-6082-supplier-india.html,Do not create in final batch
Aluminium,Aluminium 6082,flats,,,Tanzania,export_country,Missing but low value,/materials/aluminium-6082-supplier-india.html,Do not create in final batch
Aluminium,Aluminium 6082,flats,,,Nigeria,export_country,Missing but low value,/materials/aluminium-6082-supplier-india.html,Do not create in final batch
Aluminium,Aluminium 6082,flats,,,Mauritius,export_country,Missing but low value,/materials/aluminium-6082-supplier-india.html,Do not create in final batch
Aluminium,Aluminium 6082,flats,,,Australia,export_country,Not recommended,/materials/aluminium-6082-supplier-india.html,Do not create
Aluminium,Aluminium 6082,flats,,,New Zealand,export_country,Missing but low value,/materials/aluminium-6082-supplier-india.html,Do not create in final batch
Aluminium,Aluminium 6082,tubes,,,UAE,export_country,Duplicate / cannibalizing risk,/materials/aluminium-6082-supplier-india.html,Hold unless Search Console shows demand
Aluminium,Aluminium 6082,tubes,,,Saudi Arabia,export_country,Duplicate / cannibalizing risk,/materials/aluminium-6082-supplier-india.html,Hold unless Search Console shows demand
Aluminium,Aluminium 6082,tubes,,,Qatar,export_country,Duplicate / cannibalizing risk,/materials/aluminium-6082-supplier-india.html,Hold unless Search Console shows demand
Aluminium,Aluminium 6082,tubes,,,Oman,export_country,Missing but low value,/materials/aluminium-6082-supplier-india.html,Do not create in final batch
Aluminium,Aluminium 6082,tubes,,,Kuwait,export_country,Missing but low value,/materials/aluminium-6082-supplier-india.html,Do not create in final batch
Aluminium,Aluminium 6082,tubes,,,Bahrain,export_country,Missing but low value,/materials/aluminium-6082-supplier-india.html,Do not create in final batch
Aluminium,Aluminium 6082,tubes,,,Singapore,export_country,Duplicate / cannibalizing risk,/materials/aluminium-6082-supplier-india.html,Hold unless Search Console shows demand
Aluminium,Aluminium 6082,tubes,,,Malaysia,export_country,Missing but low value,/materials/aluminium-6082-supplier-india.html,Do not create in final batch
Aluminium,Aluminium 6082,tubes,,,Indonesia,export_country,Missing but low value,/materials/aluminium-6082-supplier-india.html,Do not create in final batch
Aluminium,Aluminium 6082,tubes,,,Thailand,export_country,Missing but low value,/materials/aluminium-6082-supplier-india.html,Do not create in final batch
Aluminium,Aluminium 6082,tubes,,,Vietnam,export_country,Missing but low value,/materials/aluminium-6082-supplier-india.html,Do not create in final batch
Aluminium,Aluminium 6082,tubes,,,Philippines,export_country,Missing but low value,/materials/aluminium-6082-supplier-india.html,Do not create in final batch
Aluminium,Aluminium 6082,tubes,,,South Korea,export_country,Missing but low value,/materials/aluminium-6082-supplier-india.html,Do not create in final batch
Aluminium,Aluminium 6082,tubes,,,Japan,export_country,Missing but low value,/materials/aluminium-6082-supplier-india.html,Do not create in final batch
Aluminium,Aluminium 6082,tubes,,,Taiwan,export_country,Missing but low value,/materials/aluminium-6082-supplier-india.html,Do not create in final batch
Aluminium,Aluminium 6082,tubes,,,Germany,export_country,Missing but low value,/materials/aluminium-6082-supplier-india.html,Do not create in final batch
Aluminium,Aluminium 6082,tubes,,,Netherlands,export_country,Missing but low value,/materials/aluminium-6082-supplier-india.html,Do not create in final batch
Aluminium,Aluminium 6082,tubes,,,United Kingdom,export_country,Missing but low value,/materials/aluminium-6082-supplier-india.html,Do not create in final batch
Aluminium,Aluminium 6082,tubes,,,Italy,export_country,Missing but low value,/materials/aluminium-6082-supplier-india.html,Do not create in final batch
Aluminium,Aluminium 6082,tubes,,,Spain,export_country,Missing but low value,/materials/aluminium-6082-supplier-india.html,Do not create in final batch
Aluminium,Aluminium 6082,tubes,,,Poland,export_country,Missing but low value,/materials/aluminium-6082-supplier-india.html,Do not create in final batch
Aluminium,Aluminium 6082,tubes,,,United States,export_country,Missing but low value,/materials/aluminium-6082-supplier-india.html,Do not create in final batch
Aluminium,Aluminium 6082,tubes,,,Canada,export_country,Missing but low value,/materials/aluminium-6082-supplier-india.html,Do not create in final batch
Aluminium,Aluminium 6082,tubes,,,Mexico,export_country,Missing but low value,/materials/aluminium-6082-supplier-india.html,Do not create in final batch
Aluminium,Aluminium 6082,tubes,,,Brazil,export_country,Missing but low value,/materials/aluminium-6082-supplier-india.html,Do not create in final batch
Aluminium,Aluminium 6082,tubes,,,South Africa,export_country,Missing but low value,/materials/aluminium-6082-supplier-india.html,Do not create in final batch
Aluminium,Aluminium 6082,tubes,,,Egypt,export_country,Missing but low value,/materials/aluminium-6082-supplier-india.html,Do not create in final batch
Aluminium,Aluminium 6082,tubes,,,Kenya,export_country,Missing but low value,/materials/aluminium-6082-supplier-india.html,Do not create in final batch
Aluminium,Aluminium 6082,tubes,,,Tanzania,export_country,Missing but low value,/materials/aluminium-6082-supplier-india.html,Do not create in final batch
Aluminium,Aluminium 6082,tubes,,,Nigeria,export_country,Missing but low value,/materials/aluminium-6082-supplier-india.html,Do not create in final batch
Aluminium,Aluminium 6082,tubes,,,Mauritius,export_country,Missing but low value,/materials/aluminium-6082-supplier-india.html,Do not create in final batch
Aluminium,Aluminium 6082,tubes,,,Australia,export_country,Missing but low value,/materials/aluminium-6082-supplier-india.html,Do not create in final batch
Aluminium,Aluminium 6082,tubes,,,New Zealand,export_country,Missing but low value,/materials/aluminium-6082-supplier-india.html,Do not create in final batch
Aluminium,Aluminium 6082,flanges,,,UAE,export_country,Duplicate / cannibalizing risk,/materials/aluminium-6082-supplier-india.html,Hold unless Search Console shows demand
Aluminium,Aluminium 6082,flanges,,,Saudi Arabia,export_country,Duplicate / cannibalizing risk,/materials/aluminium-6082-supplier-india.html,Hold unless Search Console shows demand
Aluminium,Aluminium 6082,flanges,,,Qatar,export_country,Duplicate / cannibalizing risk,/materials/aluminium-6082-supplier-india.html,Hold unless Search Console shows demand
Aluminium,Aluminium 6082,flanges,,,Oman,export_country,Missing but low value,/materials/aluminium-6082-supplier-india.html,Do not create in final batch
Aluminium,Aluminium 6082,flanges,,,Kuwait,export_country,Missing but low value,/materials/aluminium-6082-supplier-india.html,Do not create in final batch
Aluminium,Aluminium 6082,flanges,,,Bahrain,export_country,Missing but low value,/materials/aluminium-6082-supplier-india.html,Do not create in final batch
Aluminium,Aluminium 6082,flanges,,,Singapore,export_country,Duplicate / cannibalizing risk,/materials/aluminium-6082-supplier-india.html,Hold unless Search Console shows demand
Aluminium,Aluminium 6082,flanges,,,Malaysia,export_country,Missing but low value,/materials/aluminium-6082-supplier-india.html,Do not create in final batch
Aluminium,Aluminium 6082,flanges,,,Indonesia,export_country,Missing but low value,/materials/aluminium-6082-supplier-india.html,Do not create in final batch
Aluminium,Aluminium 6082,flanges,,,Thailand,export_country,Missing but low value,/materials/aluminium-6082-supplier-india.html,Do not create in final batch
Aluminium,Aluminium 6082,flanges,,,Vietnam,export_country,Missing but low value,/materials/aluminium-6082-supplier-india.html,Do not create in final batch
Aluminium,Aluminium 6082,flanges,,,Philippines,export_country,Missing but low value,/materials/aluminium-6082-supplier-india.html,Do not create in final batch
Aluminium,Aluminium 6082,flanges,,,South Korea,export_country,Missing but low value,/materials/aluminium-6082-supplier-india.html,Do not create in final batch
Aluminium,Aluminium 6082,flanges,,,Japan,export_country,Missing but low value,/materials/aluminium-6082-supplier-india.html,Do not create in final batch
Aluminium,Aluminium 6082,flanges,,,Taiwan,export_country,Missing but low value,/materials/aluminium-6082-supplier-india.html,Do not create in final batch
Aluminium,Aluminium 6082,flanges,,,Germany,export_country,Missing but low value,/materials/aluminium-6082-supplier-india.html,Do not create in final batch
Aluminium,Aluminium 6082,flanges,,,Netherlands,export_country,Missing but low value,/materials/aluminium-6082-supplier-india.html,Do not create in final batch
Aluminium,Aluminium 6082,flanges,,,United Kingdom,export_country,Missing but low value,/materials/aluminium-6082-supplier-india.html,Do not create in final batch
Aluminium,Aluminium 6082,flanges,,,Italy,export_country,Missing but low value,/materials/aluminium-6082-supplier-india.html,Do not create in final batch
Aluminium,Aluminium 6082,flanges,,,Spain,export_country,Missing but low value,/materials/aluminium-6082-supplier-india.html,Do not create in final batch
Aluminium,Aluminium 6082,flanges,,,Poland,export_country,Missing but low value,/materials/aluminium-6082-supplier-india.html,Do not create in final batch
Aluminium,Aluminium 6082,flanges,,,United States,export_country,Missing but low value,/materials/aluminium-6082-supplier-india.html,Do not create in final batch
Aluminium,Aluminium 6082,flanges,,,Canada,export_country,Missing but low value,/materials/aluminium-6082-supplier-india.html,Do not create in final batch
Aluminium,Aluminium 6082,flanges,,,Mexico,export_country,Missing but low value,/materials/aluminium-6082-supplier-india.html,Do not create in final batch
Aluminium,Aluminium 6082,flanges,,,Brazil,export_country,Missing but low value,/materials/aluminium-6082-supplier-india.html,Do not create in final batch
Aluminium,Aluminium 6082,flanges,,,South Africa,export_country,Missing but low value,/materials/aluminium-6082-supplier-india.html,Do not create in final batch
Aluminium,Aluminium 6082,flanges,,,Egypt,export_country,Missing but low value,/materials/aluminium-6082-supplier-india.html,Do not create in final batch
Aluminium,Aluminium 6082,flanges,,,Kenya,export_country,Missing but low value,/materials/aluminium-6082-supplier-india.html,Do not create in final batch
Aluminium,Aluminium 6082,flanges,,,Tanzania,export_country,Missing but low value,/materials/aluminium-6082-supplier-india.html,Do not create in final batch
Aluminium,Aluminium 6082,flanges,,,Nigeria,export_country,Missing but low value,/materials/aluminium-6082-supplier-india.html,Do not create in final batch
Aluminium,Aluminium 6082,flanges,,,Mauritius,export_country,Missing but low value,/materials/aluminium-6082-supplier-india.html,Do not create in final batch
Aluminium,Aluminium 6082,flanges,,,Australia,export_country,Missing but low value,/materials/aluminium-6082-supplier-india.html,Do not create in final batch
Aluminium,Aluminium 6082,flanges,,,New Zealand,export_country,Missing but low value,/materials/aluminium-6082-supplier-india.html,Do not create in final batch
Aluminium,Aluminium 6082,fittings,,,UAE,export_country,Duplicate / cannibalizing risk,/materials/aluminium-6082-supplier-india.html,Hold unless Search Console shows demand
Aluminium,Aluminium 6082,fittings,,,Saudi Arabia,export_country,Duplicate / cannibalizing risk,/materials/aluminium-6082-supplier-india.html,Hold unless Search Console shows demand
Aluminium,Aluminium 6082,fittings,,,Qatar,export_country,Duplicate / cannibalizing risk,/materials/aluminium-6082-supplier-india.html,Hold unless Search Console shows demand
Aluminium,Aluminium 6082,fittings,,,Oman,export_country,Missing but low value,/materials/aluminium-6082-supplier-india.html,Do not create in final batch
Aluminium,Aluminium 6082,fittings,,,Kuwait,export_country,Missing but low value,/materials/aluminium-6082-supplier-india.html,Do not create in final batch
Aluminium,Aluminium 6082,fittings,,,Bahrain,export_country,Missing but low value,/materials/aluminium-6082-supplier-india.html,Do not create in final batch
Aluminium,Aluminium 6082,fittings,,,Singapore,export_country,Duplicate / cannibalizing risk,/materials/aluminium-6082-supplier-india.html,Hold unless Search Console shows demand
Aluminium,Aluminium 6082,fittings,,,Malaysia,export_country,Missing but low value,/materials/aluminium-6082-supplier-india.html,Do not create in final batch
Aluminium,Aluminium 6082,fittings,,,Indonesia,export_country,Missing but low value,/materials/aluminium-6082-supplier-india.html,Do not create in final batch
Aluminium,Aluminium 6082,fittings,,,Thailand,export_country,Missing but low value,/materials/aluminium-6082-supplier-india.html,Do not create in final batch
Aluminium,Aluminium 6082,fittings,,,Vietnam,export_country,Missing but low value,/materials/aluminium-6082-supplier-india.html,Do not create in final batch
Aluminium,Aluminium 6082,fittings,,,Philippines,export_country,Missing but low value,/materials/aluminium-6082-supplier-india.html,Do not create in final batch
Aluminium,Aluminium 6082,fittings,,,South Korea,export_country,Missing but low value,/materials/aluminium-6082-supplier-india.html,Do not create in final batch
Aluminium,Aluminium 6082,fittings,,,Japan,export_country,Missing but low value,/materials/aluminium-6082-supplier-india.html,Do not create in final batch
Aluminium,Aluminium 6082,fittings,,,Taiwan,export_country,Missing but low value,/materials/aluminium-6082-supplier-india.html,Do not create in final batch
Aluminium,Aluminium 6082,fittings,,,Germany,export_country,Missing but low value,/materials/aluminium-6082-supplier-india.html,Do not create in final batch
Aluminium,Aluminium 6082,fittings,,,Netherlands,export_country,Missing but low value,/materials/aluminium-6082-supplier-india.html,Do not create in final batch
Aluminium,Aluminium 6082,fittings,,,United Kingdom,export_country,Missing but low value,/materials/aluminium-6082-supplier-india.html,Do not create in final batch
Aluminium,Aluminium 6082,fittings,,,Italy,export_country,Missing but low value,/materials/aluminium-6082-supplier-india.html,Do not create in final batch
Aluminium,Aluminium 6082,fittings,,,Spain,export_country,Missing but low value,/materials/aluminium-6082-supplier-india.html,Do not create in final batch
Aluminium,Aluminium 6082,fittings,,,Poland,export_country,Missing but low value,/materials/aluminium-6082-supplier-india.html,Do not create in final batch
Aluminium,Aluminium 6082,fittings,,,United States,export_country,Missing but low value,/materials/aluminium-6082-supplier-india.html,Do not create in final batch
Aluminium,Aluminium 6082,fittings,,,Canada,export_country,Missing but low value,/materials/aluminium-6082-supplier-india.html,Do not create in final batch
Aluminium,Aluminium 6082,fittings,,,Mexico,export_country,Missing but low value,/materials/aluminium-6082-supplier-india.html,Do not create in final batch
Aluminium,Aluminium 6082,fittings,,,Brazil,export_country,Missing but low value,/materials/aluminium-6082-supplier-india.html,Do not create in final batch
Aluminium,Aluminium 6082,fittings,,,South Africa,export_country,Missing but low value,/materials/aluminium-6082-supplier-india.html,Do not create in final batch
Aluminium,Aluminium 6082,fittings,,,Egypt,export_country,Missing but low value,/materials/aluminium-6082-supplier-india.html,Do not create in final batch
Aluminium,Aluminium 6082,fittings,,,Kenya,export_country,Missing but low value,/materials/aluminium-6082-supplier-india.html,Do not create in final batch
Aluminium,Aluminium 6082,fittings,,,Tanzania,export_country,Missing but low value,/materials/aluminium-6082-supplier-india.html,Do not create in final batch
Aluminium,Aluminium 6082,fittings,,,Nigeria,export_country,Missing but low value,/materials/aluminium-6082-supplier-india.html,Do not create in final batch
Aluminium,Aluminium 6082,fittings,,,Mauritius,export_country,Missing but low value,/materials/aluminium-6082-supplier-india.html,Do not create in final batch
Aluminium,Aluminium 6082,fittings,,,Australia,export_country,Missing but low value,/materials/aluminium-6082-supplier-india.html,Do not create in final batch
Aluminium,Aluminium 6082,fittings,,,New Zealand,export_country,Missing but low value,/materials/aluminium-6082-supplier-india.html,Do not create in final batch
Aluminium,Aluminium 5083,sheets,,,UAE,export_country,Duplicate / cannibalizing risk,/materials/aluminium-5083-supplier-india.html,Hold unless Search Console shows demand
Aluminium,Aluminium 5083,sheets,,,Saudi Arabia,export_country,Duplicate / cannibalizing risk,/materials/aluminium-5083-supplier-india.html,Hold unless Search Console shows demand
Aluminium,Aluminium 5083,sheets,,,Qatar,export_country,Duplicate / cannibalizing risk,/materials/aluminium-5083-supplier-india.html,Hold unless Search Console shows demand
Aluminium,Aluminium 5083,sheets,,,Oman,export_country,Not recommended,/materials/aluminium-5083-supplier-india.html,Do not create
Aluminium,Aluminium 5083,sheets,,,Kuwait,export_country,Missing but low value,/materials/aluminium-5083-supplier-india.html,Do not create in final batch
Aluminium,Aluminium 5083,sheets,,,Bahrain,export_country,Missing but low value,/materials/aluminium-5083-supplier-india.html,Do not create in final batch
Aluminium,Aluminium 5083,sheets,,,Singapore,export_country,Duplicate / cannibalizing risk,/materials/aluminium-5083-supplier-india.html,Hold unless Search Console shows demand
Aluminium,Aluminium 5083,sheets,,,Malaysia,export_country,Missing but low value,/materials/aluminium-5083-supplier-india.html,Do not create in final batch
Aluminium,Aluminium 5083,sheets,,,Indonesia,export_country,Missing but low value,/materials/aluminium-5083-supplier-india.html,Do not create in final batch
Aluminium,Aluminium 5083,sheets,,,Thailand,export_country,Missing but low value,/materials/aluminium-5083-supplier-india.html,Do not create in final batch
Aluminium,Aluminium 5083,sheets,,,Vietnam,export_country,Missing but low value,/materials/aluminium-5083-supplier-india.html,Do not create in final batch
Aluminium,Aluminium 5083,sheets,,,Philippines,export_country,Missing but low value,/materials/aluminium-5083-supplier-india.html,Do not create in final batch
Aluminium,Aluminium 5083,sheets,,,South Korea,export_country,Missing but low value,/materials/aluminium-5083-supplier-india.html,Do not create in final batch
Aluminium,Aluminium 5083,sheets,,,Japan,export_country,Missing but low value,/materials/aluminium-5083-supplier-india.html,Do not create in final batch
Aluminium,Aluminium 5083,sheets,,,Taiwan,export_country,Missing but low value,/materials/aluminium-5083-supplier-india.html,Do not create in final batch
Aluminium,Aluminium 5083,sheets,,,Germany,export_country,Not recommended,/materials/aluminium-5083-supplier-india.html,Do not create
Aluminium,Aluminium 5083,sheets,,,Netherlands,export_country,Not recommended,/materials/aluminium-5083-supplier-india.html,Do not create
Aluminium,Aluminium 5083,sheets,,,United Kingdom,export_country,Not recommended,/materials/aluminium-5083-supplier-india.html,Do not create
Aluminium,Aluminium 5083,sheets,,,Italy,export_country,Missing but low value,/materials/aluminium-5083-supplier-india.html,Do not create in final batch
Aluminium,Aluminium 5083,sheets,,,Spain,export_country,Missing but low value,/materials/aluminium-5083-supplier-india.html,Do not create in final batch
Aluminium,Aluminium 5083,sheets,,,Poland,export_country,Missing but low value,/materials/aluminium-5083-supplier-india.html,Do not create in final batch
Aluminium,Aluminium 5083,sheets,,,United States,export_country,Not recommended,/materials/aluminium-5083-supplier-india.html,Do not create
Aluminium,Aluminium 5083,sheets,,,Canada,export_country,Missing but low value,/materials/aluminium-5083-supplier-india.html,Do not create in final batch
Aluminium,Aluminium 5083,sheets,,,Mexico,export_country,Missing but low value,/materials/aluminium-5083-supplier-india.html,Do not create in final batch
Aluminium,Aluminium 5083,sheets,,,Brazil,export_country,Missing but low value,/materials/aluminium-5083-supplier-india.html,Do not create in final batch
Aluminium,Aluminium 5083,sheets,,,South Africa,export_country,Missing but low value,/materials/aluminium-5083-supplier-india.html,Do not create in final batch
Aluminium,Aluminium 5083,sheets,,,Egypt,export_country,Missing but low value,/materials/aluminium-5083-supplier-india.html,Do not create in final batch
Aluminium,Aluminium 5083,sheets,,,Kenya,export_country,Missing but low value,/materials/aluminium-5083-supplier-india.html,Do not create in final batch
Aluminium,Aluminium 5083,sheets,,,Tanzania,export_country,Missing but low value,/materials/aluminium-5083-supplier-india.html,Do not create in final batch
Aluminium,Aluminium 5083,sheets,,,Nigeria,export_country,Missing but low value,/materials/aluminium-5083-supplier-india.html,Do not create in final batch
Aluminium,Aluminium 5083,sheets,,,Mauritius,export_country,Missing but low value,/materials/aluminium-5083-supplier-india.html,Do not create in final batch
Aluminium,Aluminium 5083,sheets,,,Australia,export_country,Not recommended,/materials/aluminium-5083-supplier-india.html,Do not create
Aluminium,Aluminium 5083,sheets,,,New Zealand,export_country,Missing but low value,/materials/aluminium-5083-supplier-india.html,Do not create in final batch
Aluminium,Aluminium 5083,plates,,,UAE,export_country,Duplicate / cannibalizing risk,/materials/aluminium-5083-supplier-india.html,Hold unless Search Console shows demand
Aluminium,Aluminium 5083,plates,,,Saudi Arabia,export_country,Duplicate / cannibalizing risk,/materials/aluminium-5083-supplier-india.html,Hold unless Search Console shows demand
Aluminium,Aluminium 5083,plates,,,Qatar,export_country,Duplicate / cannibalizing risk,/materials/aluminium-5083-supplier-india.html,Hold unless Search Console shows demand
Aluminium,Aluminium 5083,plates,,,Oman,export_country,Not recommended,/materials/aluminium-5083-supplier-india.html,Do not create
Aluminium,Aluminium 5083,plates,,,Kuwait,export_country,Missing but low value,/materials/aluminium-5083-supplier-india.html,Do not create in final batch
Aluminium,Aluminium 5083,plates,,,Bahrain,export_country,Missing but low value,/materials/aluminium-5083-supplier-india.html,Do not create in final batch
Aluminium,Aluminium 5083,plates,,,Singapore,export_country,Duplicate / cannibalizing risk,/materials/aluminium-5083-supplier-india.html,Hold unless Search Console shows demand
Aluminium,Aluminium 5083,plates,,,Malaysia,export_country,Missing but low value,/materials/aluminium-5083-supplier-india.html,Do not create in final batch
Aluminium,Aluminium 5083,plates,,,Indonesia,export_country,Missing but low value,/materials/aluminium-5083-supplier-india.html,Do not create in final batch
Aluminium,Aluminium 5083,plates,,,Thailand,export_country,Missing but low value,/materials/aluminium-5083-supplier-india.html,Do not create in final batch
Aluminium,Aluminium 5083,plates,,,Vietnam,export_country,Missing but low value,/materials/aluminium-5083-supplier-india.html,Do not create in final batch
Aluminium,Aluminium 5083,plates,,,Philippines,export_country,Missing but low value,/materials/aluminium-5083-supplier-india.html,Do not create in final batch
Aluminium,Aluminium 5083,plates,,,South Korea,export_country,Missing but low value,/materials/aluminium-5083-supplier-india.html,Do not create in final batch
Aluminium,Aluminium 5083,plates,,,Japan,export_country,Missing but low value,/materials/aluminium-5083-supplier-india.html,Do not create in final batch
Aluminium,Aluminium 5083,plates,,,Taiwan,export_country,Missing but low value,/materials/aluminium-5083-supplier-india.html,Do not create in final batch
Aluminium,Aluminium 5083,plates,,,Germany,export_country,Not recommended,/materials/aluminium-5083-supplier-india.html,Do not create
Aluminium,Aluminium 5083,plates,,,Netherlands,export_country,Not recommended,/materials/aluminium-5083-supplier-india.html,Do not create
Aluminium,Aluminium 5083,plates,,,United Kingdom,export_country,Not recommended,/materials/aluminium-5083-supplier-india.html,Do not create
Aluminium,Aluminium 5083,plates,,,Italy,export_country,Missing but low value,/materials/aluminium-5083-supplier-india.html,Do not create in final batch
Aluminium,Aluminium 5083,plates,,,Spain,export_country,Missing but low value,/materials/aluminium-5083-supplier-india.html,Do not create in final batch
Aluminium,Aluminium 5083,plates,,,Poland,export_country,Missing but low value,/materials/aluminium-5083-supplier-india.html,Do not create in final batch
Aluminium,Aluminium 5083,plates,,,United States,export_country,Not recommended,/materials/aluminium-5083-supplier-india.html,Do not create
Aluminium,Aluminium 5083,plates,,,Canada,export_country,Missing but low value,/materials/aluminium-5083-supplier-india.html,Do not create in final batch
Aluminium,Aluminium 5083,plates,,,Mexico,export_country,Missing but low value,/materials/aluminium-5083-supplier-india.html,Do not create in final batch
Aluminium,Aluminium 5083,plates,,,Brazil,export_country,Missing but low value,/materials/aluminium-5083-supplier-india.html,Do not create in final batch
Aluminium,Aluminium 5083,plates,,,South Africa,export_country,Missing but low value,/materials/aluminium-5083-supplier-india.html,Do not create in final batch
Aluminium,Aluminium 5083,plates,,,Egypt,export_country,Missing but low value,/materials/aluminium-5083-supplier-india.html,Do not create in final batch
Aluminium,Aluminium 5083,plates,,,Kenya,export_country,Missing but low value,/materials/aluminium-5083-supplier-india.html,Do not create in final batch
Aluminium,Aluminium 5083,plates,,,Tanzania,export_country,Missing but low value,/materials/aluminium-5083-supplier-india.html,Do not create in final batch
Aluminium,Aluminium 5083,plates,,,Nigeria,export_country,Missing but low value,/materials/aluminium-5083-supplier-india.html,Do not create in final batch
Aluminium,Aluminium 5083,plates,,,Mauritius,export_country,Missing but low value,/materials/aluminium-5083-supplier-india.html,Do not create in final batch
Aluminium,Aluminium 5083,plates,,,Australia,export_country,Not recommended,/materials/aluminium-5083-supplier-india.html,Do not create
Aluminium,Aluminium 5083,plates,,,New Zealand,export_country,Missing but low value,/materials/aluminium-5083-supplier-india.html,Do not create in final batch
Aluminium,Aluminium 5083,rods,,,UAE,export_country,Duplicate / cannibalizing risk,/materials/aluminium-5083-supplier-india.html,Hold unless Search Console shows demand
Aluminium,Aluminium 5083,rods,,,Saudi Arabia,export_country,Duplicate / cannibalizing risk,/materials/aluminium-5083-supplier-india.html,Hold unless Search Console shows demand
Aluminium,Aluminium 5083,rods,,,Qatar,export_country,Duplicate / cannibalizing risk,/materials/aluminium-5083-supplier-india.html,Hold unless Search Console shows demand
Aluminium,Aluminium 5083,rods,,,Oman,export_country,Not recommended,/materials/aluminium-5083-supplier-india.html,Do not create
Aluminium,Aluminium 5083,rods,,,Kuwait,export_country,Missing but low value,/materials/aluminium-5083-supplier-india.html,Do not create in final batch
Aluminium,Aluminium 5083,rods,,,Bahrain,export_country,Missing but low value,/materials/aluminium-5083-supplier-india.html,Do not create in final batch
Aluminium,Aluminium 5083,rods,,,Singapore,export_country,Duplicate / cannibalizing risk,/materials/aluminium-5083-supplier-india.html,Hold unless Search Console shows demand
Aluminium,Aluminium 5083,rods,,,Malaysia,export_country,Missing but low value,/materials/aluminium-5083-supplier-india.html,Do not create in final batch
Aluminium,Aluminium 5083,rods,,,Indonesia,export_country,Missing but low value,/materials/aluminium-5083-supplier-india.html,Do not create in final batch
Aluminium,Aluminium 5083,rods,,,Thailand,export_country,Missing but low value,/materials/aluminium-5083-supplier-india.html,Do not create in final batch
Aluminium,Aluminium 5083,rods,,,Vietnam,export_country,Missing but low value,/materials/aluminium-5083-supplier-india.html,Do not create in final batch
Aluminium,Aluminium 5083,rods,,,Philippines,export_country,Missing but low value,/materials/aluminium-5083-supplier-india.html,Do not create in final batch
Aluminium,Aluminium 5083,rods,,,South Korea,export_country,Missing but low value,/materials/aluminium-5083-supplier-india.html,Do not create in final batch
Aluminium,Aluminium 5083,rods,,,Japan,export_country,Missing but low value,/materials/aluminium-5083-supplier-india.html,Do not create in final batch
Aluminium,Aluminium 5083,rods,,,Taiwan,export_country,Missing but low value,/materials/aluminium-5083-supplier-india.html,Do not create in final batch
Aluminium,Aluminium 5083,rods,,,Germany,export_country,Not recommended,/materials/aluminium-5083-supplier-india.html,Do not create
Aluminium,Aluminium 5083,rods,,,Netherlands,export_country,Not recommended,/materials/aluminium-5083-supplier-india.html,Do not create
Aluminium,Aluminium 5083,rods,,,United Kingdom,export_country,Not recommended,/materials/aluminium-5083-supplier-india.html,Do not create
Aluminium,Aluminium 5083,rods,,,Italy,export_country,Missing but low value,/materials/aluminium-5083-supplier-india.html,Do not create in final batch
Aluminium,Aluminium 5083,rods,,,Spain,export_country,Missing but low value,/materials/aluminium-5083-supplier-india.html,Do not create in final batch
Aluminium,Aluminium 5083,rods,,,Poland,export_country,Missing but low value,/materials/aluminium-5083-supplier-india.html,Do not create in final batch
Aluminium,Aluminium 5083,rods,,,United States,export_country,Not recommended,/materials/aluminium-5083-supplier-india.html,Do not create
Aluminium,Aluminium 5083,rods,,,Canada,export_country,Missing but low value,/materials/aluminium-5083-supplier-india.html,Do not create in final batch
Aluminium,Aluminium 5083,rods,,,Mexico,export_country,Missing but low value,/materials/aluminium-5083-supplier-india.html,Do not create in final batch
Aluminium,Aluminium 5083,rods,,,Brazil,export_country,Missing but low value,/materials/aluminium-5083-supplier-india.html,Do not create in final batch
Aluminium,Aluminium 5083,rods,,,South Africa,export_country,Missing but low value,/materials/aluminium-5083-supplier-india.html,Do not create in final batch
Aluminium,Aluminium 5083,rods,,,Egypt,export_country,Missing but low value,/materials/aluminium-5083-supplier-india.html,Do not create in final batch
Aluminium,Aluminium 5083,rods,,,Kenya,export_country,Missing but low value,/materials/aluminium-5083-supplier-india.html,Do not create in final batch
Aluminium,Aluminium 5083,rods,,,Tanzania,export_country,Missing but low value,/materials/aluminium-5083-supplier-india.html,Do not create in final batch
Aluminium,Aluminium 5083,rods,,,Nigeria,export_country,Missing but low value,/materials/aluminium-5083-supplier-india.html,Do not create in final batch
Aluminium,Aluminium 5083,rods,,,Mauritius,export_country,Missing but low value,/materials/aluminium-5083-supplier-india.html,Do not create in final batch
Aluminium,Aluminium 5083,rods,,,Australia,export_country,Not recommended,/materials/aluminium-5083-supplier-india.html,Do not create
Aluminium,Aluminium 5083,rods,,,New Zealand,export_country,Missing but low value,/materials/aluminium-5083-supplier-india.html,Do not create in final batch
Aluminium,Aluminium 5083,flats,,,UAE,export_country,Duplicate / cannibalizing risk,/materials/aluminium-5083-supplier-india.html,Hold unless Search Console shows demand
Aluminium,Aluminium 5083,flats,,,Saudi Arabia,export_country,Duplicate / cannibalizing risk,/materials/aluminium-5083-supplier-india.html,Hold unless Search Console shows demand
Aluminium,Aluminium 5083,flats,,,Qatar,export_country,Duplicate / cannibalizing risk,/materials/aluminium-5083-supplier-india.html,Hold unless Search Console shows demand
Aluminium,Aluminium 5083,flats,,,Oman,export_country,Not recommended,/materials/aluminium-5083-supplier-india.html,Do not create
Aluminium,Aluminium 5083,flats,,,Kuwait,export_country,Missing but low value,/materials/aluminium-5083-supplier-india.html,Do not create in final batch
Aluminium,Aluminium 5083,flats,,,Bahrain,export_country,Missing but low value,/materials/aluminium-5083-supplier-india.html,Do not create in final batch
Aluminium,Aluminium 5083,flats,,,Singapore,export_country,Duplicate / cannibalizing risk,/materials/aluminium-5083-supplier-india.html,Hold unless Search Console shows demand
Aluminium,Aluminium 5083,flats,,,Malaysia,export_country,Missing but low value,/materials/aluminium-5083-supplier-india.html,Do not create in final batch
Aluminium,Aluminium 5083,flats,,,Indonesia,export_country,Missing but low value,/materials/aluminium-5083-supplier-india.html,Do not create in final batch
Aluminium,Aluminium 5083,flats,,,Thailand,export_country,Missing but low value,/materials/aluminium-5083-supplier-india.html,Do not create in final batch
Aluminium,Aluminium 5083,flats,,,Vietnam,export_country,Missing but low value,/materials/aluminium-5083-supplier-india.html,Do not create in final batch
Aluminium,Aluminium 5083,flats,,,Philippines,export_country,Missing but low value,/materials/aluminium-5083-supplier-india.html,Do not create in final batch
Aluminium,Aluminium 5083,flats,,,South Korea,export_country,Missing but low value,/materials/aluminium-5083-supplier-india.html,Do not create in final batch
Aluminium,Aluminium 5083,flats,,,Japan,export_country,Missing but low value,/materials/aluminium-5083-supplier-india.html,Do not create in final batch
Aluminium,Aluminium 5083,flats,,,Taiwan,export_country,Missing but low value,/materials/aluminium-5083-supplier-india.html,Do not create in final batch
Aluminium,Aluminium 5083,flats,,,Germany,export_country,Not recommended,/materials/aluminium-5083-supplier-india.html,Do not create
Aluminium,Aluminium 5083,flats,,,Netherlands,export_country,Not recommended,/materials/aluminium-5083-supplier-india.html,Do not create
Aluminium,Aluminium 5083,flats,,,United Kingdom,export_country,Not recommended,/materials/aluminium-5083-supplier-india.html,Do not create
Aluminium,Aluminium 5083,flats,,,Italy,export_country,Missing but low value,/materials/aluminium-5083-supplier-india.html,Do not create in final batch
Aluminium,Aluminium 5083,flats,,,Spain,export_country,Missing but low value,/materials/aluminium-5083-supplier-india.html,Do not create in final batch
Aluminium,Aluminium 5083,flats,,,Poland,export_country,Missing but low value,/materials/aluminium-5083-supplier-india.html,Do not create in final batch
Aluminium,Aluminium 5083,flats,,,United States,export_country,Not recommended,/materials/aluminium-5083-supplier-india.html,Do not create
Aluminium,Aluminium 5083,flats,,,Canada,export_country,Missing but low value,/materials/aluminium-5083-supplier-india.html,Do not create in final batch
Aluminium,Aluminium 5083,flats,,,Mexico,export_country,Missing but low value,/materials/aluminium-5083-supplier-india.html,Do not create in final batch
Aluminium,Aluminium 5083,flats,,,Brazil,export_country,Missing but low value,/materials/aluminium-5083-supplier-india.html,Do not create in final batch
Aluminium,Aluminium 5083,flats,,,South Africa,export_country,Missing but low value,/materials/aluminium-5083-supplier-india.html,Do not create in final batch
Aluminium,Aluminium 5083,flats,,,Egypt,export_country,Missing but low value,/materials/aluminium-5083-supplier-india.html,Do not create in final batch
Aluminium,Aluminium 5083,flats,,,Kenya,export_country,Missing but low value,/materials/aluminium-5083-supplier-india.html,Do not create in final batch
Aluminium,Aluminium 5083,flats,,,Tanzania,export_country,Missing but low value,/materials/aluminium-5083-supplier-india.html,Do not create in final batch
Aluminium,Aluminium 5083,flats,,,Nigeria,export_country,Missing but low value,/materials/aluminium-5083-supplier-india.html,Do not create in final batch
Aluminium,Aluminium 5083,flats,,,Mauritius,export_country,Missing but low value,/materials/aluminium-5083-supplier-india.html,Do not create in final batch
Aluminium,Aluminium 5083,flats,,,Australia,export_country,Not recommended,/materials/aluminium-5083-supplier-india.html,Do not create
Aluminium,Aluminium 5083,flats,,,New Zealand,export_country,Missing but low value,/materials/aluminium-5083-supplier-india.html,Do not create in final batch
Aluminium,Aluminium 5083,tubes,,,UAE,export_country,Duplicate / cannibalizing risk,/materials/aluminium-5083-supplier-india.html,Hold unless Search Console shows demand
Aluminium,Aluminium 5083,tubes,,,Saudi Arabia,export_country,Duplicate / cannibalizing risk,/materials/aluminium-5083-supplier-india.html,Hold unless Search Console shows demand
Aluminium,Aluminium 5083,tubes,,,Qatar,export_country,Duplicate / cannibalizing risk,/materials/aluminium-5083-supplier-india.html,Hold unless Search Console shows demand
Aluminium,Aluminium 5083,tubes,,,Oman,export_country,Missing but low value,/materials/aluminium-5083-supplier-india.html,Do not create in final batch
Aluminium,Aluminium 5083,tubes,,,Kuwait,export_country,Missing but low value,/materials/aluminium-5083-supplier-india.html,Do not create in final batch
Aluminium,Aluminium 5083,tubes,,,Bahrain,export_country,Missing but low value,/materials/aluminium-5083-supplier-india.html,Do not create in final batch
Aluminium,Aluminium 5083,tubes,,,Singapore,export_country,Duplicate / cannibalizing risk,/materials/aluminium-5083-supplier-india.html,Hold unless Search Console shows demand
Aluminium,Aluminium 5083,tubes,,,Malaysia,export_country,Missing but low value,/materials/aluminium-5083-supplier-india.html,Do not create in final batch
Aluminium,Aluminium 5083,tubes,,,Indonesia,export_country,Missing but low value,/materials/aluminium-5083-supplier-india.html,Do not create in final batch
Aluminium,Aluminium 5083,tubes,,,Thailand,export_country,Missing but low value,/materials/aluminium-5083-supplier-india.html,Do not create in final batch
Aluminium,Aluminium 5083,tubes,,,Vietnam,export_country,Missing but low value,/materials/aluminium-5083-supplier-india.html,Do not create in final batch
Aluminium,Aluminium 5083,tubes,,,Philippines,export_country,Missing but low value,/materials/aluminium-5083-supplier-india.html,Do not create in final batch
Aluminium,Aluminium 5083,tubes,,,South Korea,export_country,Missing but low value,/materials/aluminium-5083-supplier-india.html,Do not create in final batch
Aluminium,Aluminium 5083,tubes,,,Japan,export_country,Missing but low value,/materials/aluminium-5083-supplier-india.html,Do not create in final batch
Aluminium,Aluminium 5083,tubes,,,Taiwan,export_country,Missing but low value,/materials/aluminium-5083-supplier-india.html,Do not create in final batch
Aluminium,Aluminium 5083,tubes,,,Germany,export_country,Missing but low value,/materials/aluminium-5083-supplier-india.html,Do not create in final batch
Aluminium,Aluminium 5083,tubes,,,Netherlands,export_country,Missing but low value,/materials/aluminium-5083-supplier-india.html,Do not create in final batch
Aluminium,Aluminium 5083,tubes,,,United Kingdom,export_country,Missing but low value,/materials/aluminium-5083-supplier-india.html,Do not create in final batch
Aluminium,Aluminium 5083,tubes,,,Italy,export_country,Missing but low value,/materials/aluminium-5083-supplier-india.html,Do not create in final batch
Aluminium,Aluminium 5083,tubes,,,Spain,export_country,Missing but low value,/materials/aluminium-5083-supplier-india.html,Do not create in final batch
Aluminium,Aluminium 5083,tubes,,,Poland,export_country,Missing but low value,/materials/aluminium-5083-supplier-india.html,Do not create in final batch
Aluminium,Aluminium 5083,tubes,,,United States,export_country,Missing but low value,/materials/aluminium-5083-supplier-india.html,Do not create in final batch
Aluminium,Aluminium 5083,tubes,,,Canada,export_country,Missing but low value,/materials/aluminium-5083-supplier-india.html,Do not create in final batch
Aluminium,Aluminium 5083,tubes,,,Mexico,export_country,Missing but low value,/materials/aluminium-5083-supplier-india.html,Do not create in final batch
Aluminium,Aluminium 5083,tubes,,,Brazil,export_country,Missing but low value,/materials/aluminium-5083-supplier-india.html,Do not create in final batch
Aluminium,Aluminium 5083,tubes,,,South Africa,export_country,Missing but low value,/materials/aluminium-5083-supplier-india.html,Do not create in final batch
Aluminium,Aluminium 5083,tubes,,,Egypt,export_country,Missing but low value,/materials/aluminium-5083-supplier-india.html,Do not create in final batch
Aluminium,Aluminium 5083,tubes,,,Kenya,export_country,Missing but low value,/materials/aluminium-5083-supplier-india.html,Do not create in final batch
Aluminium,Aluminium 5083,tubes,,,Tanzania,export_country,Missing but low value,/materials/aluminium-5083-supplier-india.html,Do not create in final batch
Aluminium,Aluminium 5083,tubes,,,Nigeria,export_country,Missing but low value,/materials/aluminium-5083-supplier-india.html,Do not create in final batch
Aluminium,Aluminium 5083,tubes,,,Mauritius,export_country,Missing but low value,/materials/aluminium-5083-supplier-india.html,Do not create in final batch
Aluminium,Aluminium 5083,tubes,,,Australia,export_country,Missing but low value,/materials/aluminium-5083-supplier-india.html,Do not create in final batch
Aluminium,Aluminium 5083,tubes,,,New Zealand,export_country,Missing but low value,/materials/aluminium-5083-supplier-india.html,Do not create in final batch
Aluminium,Aluminium 5083,flanges,,,UAE,export_country,Duplicate / cannibalizing risk,/materials/aluminium-5083-supplier-india.html,Hold unless Search Console shows demand
Aluminium,Aluminium 5083,flanges,,,Saudi Arabia,export_country,Duplicate / cannibalizing risk,/materials/aluminium-5083-supplier-india.html,Hold unless Search Console shows demand
Aluminium,Aluminium 5083,flanges,,,Qatar,export_country,Duplicate / cannibalizing risk,/materials/aluminium-5083-supplier-india.html,Hold unless Search Console shows demand
Aluminium,Aluminium 5083,flanges,,,Oman,export_country,Missing but low value,/materials/aluminium-5083-supplier-india.html,Do not create in final batch
Aluminium,Aluminium 5083,flanges,,,Kuwait,export_country,Missing but low value,/materials/aluminium-5083-supplier-india.html,Do not create in final batch
Aluminium,Aluminium 5083,flanges,,,Bahrain,export_country,Missing but low value,/materials/aluminium-5083-supplier-india.html,Do not create in final batch
Aluminium,Aluminium 5083,flanges,,,Singapore,export_country,Duplicate / cannibalizing risk,/materials/aluminium-5083-supplier-india.html,Hold unless Search Console shows demand
Aluminium,Aluminium 5083,flanges,,,Malaysia,export_country,Missing but low value,/materials/aluminium-5083-supplier-india.html,Do not create in final batch
Aluminium,Aluminium 5083,flanges,,,Indonesia,export_country,Missing but low value,/materials/aluminium-5083-supplier-india.html,Do not create in final batch
Aluminium,Aluminium 5083,flanges,,,Thailand,export_country,Missing but low value,/materials/aluminium-5083-supplier-india.html,Do not create in final batch
Aluminium,Aluminium 5083,flanges,,,Vietnam,export_country,Missing but low value,/materials/aluminium-5083-supplier-india.html,Do not create in final batch
Aluminium,Aluminium 5083,flanges,,,Philippines,export_country,Missing but low value,/materials/aluminium-5083-supplier-india.html,Do not create in final batch
Aluminium,Aluminium 5083,flanges,,,South Korea,export_country,Missing but low value,/materials/aluminium-5083-supplier-india.html,Do not create in final batch
Aluminium,Aluminium 5083,flanges,,,Japan,export_country,Missing but low value,/materials/aluminium-5083-supplier-india.html,Do not create in final batch
Aluminium,Aluminium 5083,flanges,,,Taiwan,export_country,Missing but low value,/materials/aluminium-5083-supplier-india.html,Do not create in final batch
Aluminium,Aluminium 5083,flanges,,,Germany,export_country,Missing but low value,/materials/aluminium-5083-supplier-india.html,Do not create in final batch
Aluminium,Aluminium 5083,flanges,,,Netherlands,export_country,Missing but low value,/materials/aluminium-5083-supplier-india.html,Do not create in final batch
Aluminium,Aluminium 5083,flanges,,,United Kingdom,export_country,Missing but low value,/materials/aluminium-5083-supplier-india.html,Do not create in final batch
Aluminium,Aluminium 5083,flanges,,,Italy,export_country,Missing but low value,/materials/aluminium-5083-supplier-india.html,Do not create in final batch
Aluminium,Aluminium 5083,flanges,,,Spain,export_country,Missing but low value,/materials/aluminium-5083-supplier-india.html,Do not create in final batch
Aluminium,Aluminium 5083,flanges,,,Poland,export_country,Missing but low value,/materials/aluminium-5083-supplier-india.html,Do not create in final batch
Aluminium,Aluminium 5083,flanges,,,United States,export_country,Missing but low value,/materials/aluminium-5083-supplier-india.html,Do not create in final batch
Aluminium,Aluminium 5083,flanges,,,Canada,export_country,Missing but low value,/materials/aluminium-5083-supplier-india.html,Do not create in final batch
Aluminium,Aluminium 5083,flanges,,,Mexico,export_country,Missing but low value,/materials/aluminium-5083-supplier-india.html,Do not create in final batch
Aluminium,Aluminium 5083,flanges,,,Brazil,export_country,Missing but low value,/materials/aluminium-5083-supplier-india.html,Do not create in final batch
Aluminium,Aluminium 5083,flanges,,,South Africa,export_country,Missing but low value,/materials/aluminium-5083-supplier-india.html,Do not create in final batch
Aluminium,Aluminium 5083,flanges,,,Egypt,export_country,Missing but low value,/materials/aluminium-5083-supplier-india.html,Do not create in final batch
Aluminium,Aluminium 5083,flanges,,,Kenya,export_country,Missing but low value,/materials/aluminium-5083-supplier-india.html,Do not create in final batch
Aluminium,Aluminium 5083,flanges,,,Tanzania,export_country,Missing but low value,/materials/aluminium-5083-supplier-india.html,Do not create in final batch
Aluminium,Aluminium 5083,flanges,,,Nigeria,export_country,Missing but low value,/materials/aluminium-5083-supplier-india.html,Do not create in final batch
Aluminium,Aluminium 5083,flanges,,,Mauritius,export_country,Missing but low value,/materials/aluminium-5083-supplier-india.html,Do not create in final batch
Aluminium,Aluminium 5083,flanges,,,Australia,export_country,Missing but low value,/materials/aluminium-5083-supplier-india.html,Do not create in final batch
Aluminium,Aluminium 5083,flanges,,,New Zealand,export_country,Missing but low value,/materials/aluminium-5083-supplier-india.html,Do not create in final batch
Aluminium,Aluminium 5083,fittings,,,UAE,export_country,Duplicate / cannibalizing risk,/materials/aluminium-5083-supplier-india.html,Hold unless Search Console shows demand
Aluminium,Aluminium 5083,fittings,,,Saudi Arabia,export_country,Duplicate / cannibalizing risk,/materials/aluminium-5083-supplier-india.html,Hold unless Search Console shows demand
Aluminium,Aluminium 5083,fittings,,,Qatar,export_country,Duplicate / cannibalizing risk,/materials/aluminium-5083-supplier-india.html,Hold unless Search Console shows demand
Aluminium,Aluminium 5083,fittings,,,Oman,export_country,Missing but low value,/materials/aluminium-5083-supplier-india.html,Do not create in final batch
Aluminium,Aluminium 5083,fittings,,,Kuwait,export_country,Missing but low value,/materials/aluminium-5083-supplier-india.html,Do not create in final batch
Aluminium,Aluminium 5083,fittings,,,Bahrain,export_country,Missing but low value,/materials/aluminium-5083-supplier-india.html,Do not create in final batch
Aluminium,Aluminium 5083,fittings,,,Singapore,export_country,Duplicate / cannibalizing risk,/materials/aluminium-5083-supplier-india.html,Hold unless Search Console shows demand
Aluminium,Aluminium 5083,fittings,,,Malaysia,export_country,Missing but low value,/materials/aluminium-5083-supplier-india.html,Do not create in final batch
Aluminium,Aluminium 5083,fittings,,,Indonesia,export_country,Missing but low value,/materials/aluminium-5083-supplier-india.html,Do not create in final batch
Aluminium,Aluminium 5083,fittings,,,Thailand,export_country,Missing but low value,/materials/aluminium-5083-supplier-india.html,Do not create in final batch
Aluminium,Aluminium 5083,fittings,,,Vietnam,export_country,Missing but low value,/materials/aluminium-5083-supplier-india.html,Do not create in final batch
Aluminium,Aluminium 5083,fittings,,,Philippines,export_country,Missing but low value,/materials/aluminium-5083-supplier-india.html,Do not create in final batch
Aluminium,Aluminium 5083,fittings,,,South Korea,export_country,Missing but low value,/materials/aluminium-5083-supplier-india.html,Do not create in final batch
Aluminium,Aluminium 5083,fittings,,,Japan,export_country,Missing but low value,/materials/aluminium-5083-supplier-india.html,Do not create in final batch
Aluminium,Aluminium 5083,fittings,,,Taiwan,export_country,Missing but low value,/materials/aluminium-5083-supplier-india.html,Do not create in final batch
Aluminium,Aluminium 5083,fittings,,,Germany,export_country,Missing but low value,/materials/aluminium-5083-supplier-india.html,Do not create in final batch
Aluminium,Aluminium 5083,fittings,,,Netherlands,export_country,Missing but low value,/materials/aluminium-5083-supplier-india.html,Do not create in final batch
Aluminium,Aluminium 5083,fittings,,,United Kingdom,export_country,Missing but low value,/materials/aluminium-5083-supplier-india.html,Do not create in final batch
Aluminium,Aluminium 5083,fittings,,,Italy,export_country,Missing but low value,/materials/aluminium-5083-supplier-india.html,Do not create in final batch
Aluminium,Aluminium 5083,fittings,,,Spain,export_country,Missing but low value,/materials/aluminium-5083-supplier-india.html,Do not create in final batch
Aluminium,Aluminium 5083,fittings,,,Poland,export_country,Missing but low value,/materials/aluminium-5083-supplier-india.html,Do not create in final batch
Aluminium,Aluminium 5083,fittings,,,United States,export_country,Missing but low value,/materials/aluminium-5083-supplier-india.html,Do not create in final batch
Aluminium,Aluminium 5083,fittings,,,Canada,export_country,Missing but low value,/materials/aluminium-5083-supplier-india.html,Do not create in final batch
Aluminium,Aluminium 5083,fittings,,,Mexico,export_country,Missing but low value,/materials/aluminium-5083-supplier-india.html,Do not create in final batch
Aluminium,Aluminium 5083,fittings,,,Brazil,export_country,Missing but low value,/materials/aluminium-5083-supplier-india.html,Do not create in final batch
Aluminium,Aluminium 5083,fittings,,,South Africa,export_country,Missing but low value,/materials/aluminium-5083-supplier-india.html,Do not create in final batch
Aluminium,Aluminium 5083,fittings,,,Egypt,export_country,Missing but low value,/materials/aluminium-5083-supplier-india.html,Do not create in final batch
Aluminium,Aluminium 5083,fittings,,,Kenya,export_country,Missing but low value,/materials/aluminium-5083-supplier-india.html,Do not create in final batch
Aluminium,Aluminium 5083,fittings,,,Tanzania,export_country,Missing but low value,/materials/aluminium-5083-supplier-india.html,Do not create in final batch
Aluminium,Aluminium 5083,fittings,,,Nigeria,export_country,Missing but low value,/materials/aluminium-5083-supplier-india.html,Do not create in final batch
Aluminium,Aluminium 5083,fittings,,,Mauritius,export_country,Missing but low value,/materials/aluminium-5083-supplier-india.html,Do not create in final batch
Aluminium,Aluminium 5083,fittings,,,Australia,export_country,Missing but low value,/materials/aluminium-5083-supplier-india.html,Do not create in final batch
Aluminium,Aluminium 5083,fittings,,,New Zealand,export_country,Missing but low value,/materials/aluminium-5083-supplier-india.html,Do not create in final batch
Aluminium,Aluminium 5052,sheets,,,UAE,export_country,Duplicate / cannibalizing risk,/materials/aluminium-5052-supplier-india.html,Hold unless Search Console shows demand
Aluminium,Aluminium 5052,sheets,,,Saudi Arabia,export_country,Duplicate / cannibalizing risk,/materials/aluminium-5052-supplier-india.html,Hold unless Search Console shows demand
Aluminium,Aluminium 5052,sheets,,,Qatar,export_country,Duplicate / cannibalizing risk,/materials/aluminium-5052-supplier-india.html,Hold unless Search Console shows demand
Aluminium,Aluminium 5052,sheets,,,Oman,export_country,Not recommended,/materials/aluminium-5052-supplier-india.html,Do not create
Aluminium,Aluminium 5052,sheets,,,Kuwait,export_country,Missing but low value,/materials/aluminium-5052-supplier-india.html,Do not create in final batch
Aluminium,Aluminium 5052,sheets,,,Bahrain,export_country,Missing but low value,/materials/aluminium-5052-supplier-india.html,Do not create in final batch
Aluminium,Aluminium 5052,sheets,,,Singapore,export_country,Duplicate / cannibalizing risk,/materials/aluminium-5052-supplier-india.html,Hold unless Search Console shows demand
Aluminium,Aluminium 5052,sheets,,,Malaysia,export_country,Missing but low value,/materials/aluminium-5052-supplier-india.html,Do not create in final batch
Aluminium,Aluminium 5052,sheets,,,Indonesia,export_country,Missing but low value,/materials/aluminium-5052-supplier-india.html,Do not create in final batch
Aluminium,Aluminium 5052,sheets,,,Thailand,export_country,Missing but low value,/materials/aluminium-5052-supplier-india.html,Do not create in final batch
Aluminium,Aluminium 5052,sheets,,,Vietnam,export_country,Missing but low value,/materials/aluminium-5052-supplier-india.html,Do not create in final batch
Aluminium,Aluminium 5052,sheets,,,Philippines,export_country,Missing but low value,/materials/aluminium-5052-supplier-india.html,Do not create in final batch
Aluminium,Aluminium 5052,sheets,,,South Korea,export_country,Missing but low value,/materials/aluminium-5052-supplier-india.html,Do not create in final batch
Aluminium,Aluminium 5052,sheets,,,Japan,export_country,Missing but low value,/materials/aluminium-5052-supplier-india.html,Do not create in final batch
Aluminium,Aluminium 5052,sheets,,,Taiwan,export_country,Missing but low value,/materials/aluminium-5052-supplier-india.html,Do not create in final batch
Aluminium,Aluminium 5052,sheets,,,Germany,export_country,Not recommended,/materials/aluminium-5052-supplier-india.html,Do not create
Aluminium,Aluminium 5052,sheets,,,Netherlands,export_country,Not recommended,/materials/aluminium-5052-supplier-india.html,Do not create
Aluminium,Aluminium 5052,sheets,,,United Kingdom,export_country,Not recommended,/materials/aluminium-5052-supplier-india.html,Do not create
Aluminium,Aluminium 5052,sheets,,,Italy,export_country,Missing but low value,/materials/aluminium-5052-supplier-india.html,Do not create in final batch
Aluminium,Aluminium 5052,sheets,,,Spain,export_country,Missing but low value,/materials/aluminium-5052-supplier-india.html,Do not create in final batch
Aluminium,Aluminium 5052,sheets,,,Poland,export_country,Missing but low value,/materials/aluminium-5052-supplier-india.html,Do not create in final batch
Aluminium,Aluminium 5052,sheets,,,United States,export_country,Not recommended,/materials/aluminium-5052-supplier-india.html,Do not create
Aluminium,Aluminium 5052,sheets,,,Canada,export_country,Missing but low value,/materials/aluminium-5052-supplier-india.html,Do not create in final batch
Aluminium,Aluminium 5052,sheets,,,Mexico,export_country,Missing but low value,/materials/aluminium-5052-supplier-india.html,Do not create in final batch
Aluminium,Aluminium 5052,sheets,,,Brazil,export_country,Missing but low value,/materials/aluminium-5052-supplier-india.html,Do not create in final batch
Aluminium,Aluminium 5052,sheets,,,South Africa,export_country,Missing but low value,/materials/aluminium-5052-supplier-india.html,Do not create in final batch
Aluminium,Aluminium 5052,sheets,,,Egypt,export_country,Missing but low value,/materials/aluminium-5052-supplier-india.html,Do not create in final batch
Aluminium,Aluminium 5052,sheets,,,Kenya,export_country,Missing but low value,/materials/aluminium-5052-supplier-india.html,Do not create in final batch
Aluminium,Aluminium 5052,sheets,,,Tanzania,export_country,Missing but low value,/materials/aluminium-5052-supplier-india.html,Do not create in final batch
Aluminium,Aluminium 5052,sheets,,,Nigeria,export_country,Missing but low value,/materials/aluminium-5052-supplier-india.html,Do not create in final batch
Aluminium,Aluminium 5052,sheets,,,Mauritius,export_country,Missing but low value,/materials/aluminium-5052-supplier-india.html,Do not create in final batch
Aluminium,Aluminium 5052,sheets,,,Australia,export_country,Not recommended,/materials/aluminium-5052-supplier-india.html,Do not create
Aluminium,Aluminium 5052,sheets,,,New Zealand,export_country,Missing but low value,/materials/aluminium-5052-supplier-india.html,Do not create in final batch
Aluminium,Aluminium 5052,plates,,,UAE,export_country,Duplicate / cannibalizing risk,/materials/aluminium-5052-supplier-india.html,Hold unless Search Console shows demand
Aluminium,Aluminium 5052,plates,,,Saudi Arabia,export_country,Duplicate / cannibalizing risk,/materials/aluminium-5052-supplier-india.html,Hold unless Search Console shows demand
Aluminium,Aluminium 5052,plates,,,Qatar,export_country,Duplicate / cannibalizing risk,/materials/aluminium-5052-supplier-india.html,Hold unless Search Console shows demand
Aluminium,Aluminium 5052,plates,,,Oman,export_country,Not recommended,/materials/aluminium-5052-supplier-india.html,Do not create
Aluminium,Aluminium 5052,plates,,,Kuwait,export_country,Missing but low value,/materials/aluminium-5052-supplier-india.html,Do not create in final batch
Aluminium,Aluminium 5052,plates,,,Bahrain,export_country,Missing but low value,/materials/aluminium-5052-supplier-india.html,Do not create in final batch
Aluminium,Aluminium 5052,plates,,,Singapore,export_country,Duplicate / cannibalizing risk,/materials/aluminium-5052-supplier-india.html,Hold unless Search Console shows demand
Aluminium,Aluminium 5052,plates,,,Malaysia,export_country,Missing but low value,/materials/aluminium-5052-supplier-india.html,Do not create in final batch
Aluminium,Aluminium 5052,plates,,,Indonesia,export_country,Missing but low value,/materials/aluminium-5052-supplier-india.html,Do not create in final batch
Aluminium,Aluminium 5052,plates,,,Thailand,export_country,Missing but low value,/materials/aluminium-5052-supplier-india.html,Do not create in final batch
Aluminium,Aluminium 5052,plates,,,Vietnam,export_country,Missing but low value,/materials/aluminium-5052-supplier-india.html,Do not create in final batch
Aluminium,Aluminium 5052,plates,,,Philippines,export_country,Missing but low value,/materials/aluminium-5052-supplier-india.html,Do not create in final batch
Aluminium,Aluminium 5052,plates,,,South Korea,export_country,Missing but low value,/materials/aluminium-5052-supplier-india.html,Do not create in final batch
Aluminium,Aluminium 5052,plates,,,Japan,export_country,Missing but low value,/materials/aluminium-5052-supplier-india.html,Do not create in final batch
Aluminium,Aluminium 5052,plates,,,Taiwan,export_country,Missing but low value,/materials/aluminium-5052-supplier-india.html,Do not create in final batch
Aluminium,Aluminium 5052,plates,,,Germany,export_country,Not recommended,/materials/aluminium-5052-supplier-india.html,Do not create
Aluminium,Aluminium 5052,plates,,,Netherlands,export_country,Not recommended,/materials/aluminium-5052-supplier-india.html,Do not create
Aluminium,Aluminium 5052,plates,,,United Kingdom,export_country,Not recommended,/materials/aluminium-5052-supplier-india.html,Do not create
Aluminium,Aluminium 5052,plates,,,Italy,export_country,Missing but low value,/materials/aluminium-5052-supplier-india.html,Do not create in final batch
Aluminium,Aluminium 5052,plates,,,Spain,export_country,Missing but low value,/materials/aluminium-5052-supplier-india.html,Do not create in final batch
Aluminium,Aluminium 5052,plates,,,Poland,export_country,Missing but low value,/materials/aluminium-5052-supplier-india.html,Do not create in final batch
Aluminium,Aluminium 5052,plates,,,United States,export_country,Not recommended,/materials/aluminium-5052-supplier-india.html,Do not create
Aluminium,Aluminium 5052,plates,,,Canada,export_country,Missing but low value,/materials/aluminium-5052-supplier-india.html,Do not create in final batch
Aluminium,Aluminium 5052,plates,,,Mexico,export_country,Missing but low value,/materials/aluminium-5052-supplier-india.html,Do not create in final batch
Aluminium,Aluminium 5052,plates,,,Brazil,export_country,Missing but low value,/materials/aluminium-5052-supplier-india.html,Do not create in final batch
Aluminium,Aluminium 5052,plates,,,South Africa,export_country,Missing but low value,/materials/aluminium-5052-supplier-india.html,Do not create in final batch
Aluminium,Aluminium 5052,plates,,,Egypt,export_country,Missing but low value,/materials/aluminium-5052-supplier-india.html,Do not create in final batch
Aluminium,Aluminium 5052,plates,,,Kenya,export_country,Missing but low value,/materials/aluminium-5052-supplier-india.html,Do not create in final batch
Aluminium,Aluminium 5052,plates,,,Tanzania,export_country,Missing but low value,/materials/aluminium-5052-supplier-india.html,Do not create in final batch
Aluminium,Aluminium 5052,plates,,,Nigeria,export_country,Missing but low value,/materials/aluminium-5052-supplier-india.html,Do not create in final batch
Aluminium,Aluminium 5052,plates,,,Mauritius,export_country,Missing but low value,/materials/aluminium-5052-supplier-india.html,Do not create in final batch
Aluminium,Aluminium 5052,plates,,,Australia,export_country,Not recommended,/materials/aluminium-5052-supplier-india.html,Do not create
Aluminium,Aluminium 5052,plates,,,New Zealand,export_country,Missing but low value,/materials/aluminium-5052-supplier-india.html,Do not create in final batch
Aluminium,Aluminium 5052,rods,,,UAE,export_country,Duplicate / cannibalizing risk,/materials/aluminium-5052-supplier-india.html,Hold unless Search Console shows demand
Aluminium,Aluminium 5052,rods,,,Saudi Arabia,export_country,Duplicate / cannibalizing risk,/materials/aluminium-5052-supplier-india.html,Hold unless Search Console shows demand
Aluminium,Aluminium 5052,rods,,,Qatar,export_country,Duplicate / cannibalizing risk,/materials/aluminium-5052-supplier-india.html,Hold unless Search Console shows demand
Aluminium,Aluminium 5052,rods,,,Oman,export_country,Not recommended,/materials/aluminium-5052-supplier-india.html,Do not create
Aluminium,Aluminium 5052,rods,,,Kuwait,export_country,Missing but low value,/materials/aluminium-5052-supplier-india.html,Do not create in final batch
Aluminium,Aluminium 5052,rods,,,Bahrain,export_country,Missing but low value,/materials/aluminium-5052-supplier-india.html,Do not create in final batch
Aluminium,Aluminium 5052,rods,,,Singapore,export_country,Duplicate / cannibalizing risk,/materials/aluminium-5052-supplier-india.html,Hold unless Search Console shows demand
Aluminium,Aluminium 5052,rods,,,Malaysia,export_country,Missing but low value,/materials/aluminium-5052-supplier-india.html,Do not create in final batch
Aluminium,Aluminium 5052,rods,,,Indonesia,export_country,Missing but low value,/materials/aluminium-5052-supplier-india.html,Do not create in final batch
Aluminium,Aluminium 5052,rods,,,Thailand,export_country,Missing but low value,/materials/aluminium-5052-supplier-india.html,Do not create in final batch
Aluminium,Aluminium 5052,rods,,,Vietnam,export_country,Missing but low value,/materials/aluminium-5052-supplier-india.html,Do not create in final batch
Aluminium,Aluminium 5052,rods,,,Philippines,export_country,Missing but low value,/materials/aluminium-5052-supplier-india.html,Do not create in final batch
Aluminium,Aluminium 5052,rods,,,South Korea,export_country,Missing but low value,/materials/aluminium-5052-supplier-india.html,Do not create in final batch
Aluminium,Aluminium 5052,rods,,,Japan,export_country,Missing but low value,/materials/aluminium-5052-supplier-india.html,Do not create in final batch
Aluminium,Aluminium 5052,rods,,,Taiwan,export_country,Missing but low value,/materials/aluminium-5052-supplier-india.html,Do not create in final batch
Aluminium,Aluminium 5052,rods,,,Germany,export_country,Not recommended,/materials/aluminium-5052-supplier-india.html,Do not create
Aluminium,Aluminium 5052,rods,,,Netherlands,export_country,Not recommended,/materials/aluminium-5052-supplier-india.html,Do not create
Aluminium,Aluminium 5052,rods,,,United Kingdom,export_country,Not recommended,/materials/aluminium-5052-supplier-india.html,Do not create
Aluminium,Aluminium 5052,rods,,,Italy,export_country,Missing but low value,/materials/aluminium-5052-supplier-india.html,Do not create in final batch
Aluminium,Aluminium 5052,rods,,,Spain,export_country,Missing but low value,/materials/aluminium-5052-supplier-india.html,Do not create in final batch
Aluminium,Aluminium 5052,rods,,,Poland,export_country,Missing but low value,/materials/aluminium-5052-supplier-india.html,Do not create in final batch
Aluminium,Aluminium 5052,rods,,,United States,export_country,Not recommended,/materials/aluminium-5052-supplier-india.html,Do not create
Aluminium,Aluminium 5052,rods,,,Canada,export_country,Missing but low value,/materials/aluminium-5052-supplier-india.html,Do not create in final batch
Aluminium,Aluminium 5052,rods,,,Mexico,export_country,Missing but low value,/materials/aluminium-5052-supplier-india.html,Do not create in final batch
Aluminium,Aluminium 5052,rods,,,Brazil,export_country,Missing but low value,/materials/aluminium-5052-supplier-india.html,Do not create in final batch
Aluminium,Aluminium 5052,rods,,,South Africa,export_country,Missing but low value,/materials/aluminium-5052-supplier-india.html,Do not create in final batch
Aluminium,Aluminium 5052,rods,,,Egypt,export_country,Missing but low value,/materials/aluminium-5052-supplier-india.html,Do not create in final batch
Aluminium,Aluminium 5052,rods,,,Kenya,export_country,Missing but low value,/materials/aluminium-5052-supplier-india.html,Do not create in final batch
Aluminium,Aluminium 5052,rods,,,Tanzania,export_country,Missing but low value,/materials/aluminium-5052-supplier-india.html,Do not create in final batch
Aluminium,Aluminium 5052,rods,,,Nigeria,export_country,Missing but low value,/materials/aluminium-5052-supplier-india.html,Do not create in final batch
Aluminium,Aluminium 5052,rods,,,Mauritius,export_country,Missing but low value,/materials/aluminium-5052-supplier-india.html,Do not create in final batch
Aluminium,Aluminium 5052,rods,,,Australia,export_country,Not recommended,/materials/aluminium-5052-supplier-india.html,Do not create
Aluminium,Aluminium 5052,rods,,,New Zealand,export_country,Missing but low value,/materials/aluminium-5052-supplier-india.html,Do not create in final batch
Aluminium,Aluminium 5052,flats,,,UAE,export_country,Duplicate / cannibalizing risk,/materials/aluminium-5052-supplier-india.html,Hold unless Search Console shows demand
Aluminium,Aluminium 5052,flats,,,Saudi Arabia,export_country,Duplicate / cannibalizing risk,/materials/aluminium-5052-supplier-india.html,Hold unless Search Console shows demand
Aluminium,Aluminium 5052,flats,,,Qatar,export_country,Duplicate / cannibalizing risk,/materials/aluminium-5052-supplier-india.html,Hold unless Search Console shows demand
Aluminium,Aluminium 5052,flats,,,Oman,export_country,Not recommended,/materials/aluminium-5052-supplier-india.html,Do not create
Aluminium,Aluminium 5052,flats,,,Kuwait,export_country,Missing but low value,/materials/aluminium-5052-supplier-india.html,Do not create in final batch
Aluminium,Aluminium 5052,flats,,,Bahrain,export_country,Missing but low value,/materials/aluminium-5052-supplier-india.html,Do not create in final batch
Aluminium,Aluminium 5052,flats,,,Singapore,export_country,Duplicate / cannibalizing risk,/materials/aluminium-5052-supplier-india.html,Hold unless Search Console shows demand
Aluminium,Aluminium 5052,flats,,,Malaysia,export_country,Missing but low value,/materials/aluminium-5052-supplier-india.html,Do not create in final batch
Aluminium,Aluminium 5052,flats,,,Indonesia,export_country,Missing but low value,/materials/aluminium-5052-supplier-india.html,Do not create in final batch
Aluminium,Aluminium 5052,flats,,,Thailand,export_country,Missing but low value,/materials/aluminium-5052-supplier-india.html,Do not create in final batch
Aluminium,Aluminium 5052,flats,,,Vietnam,export_country,Missing but low value,/materials/aluminium-5052-supplier-india.html,Do not create in final batch
Aluminium,Aluminium 5052,flats,,,Philippines,export_country,Missing but low value,/materials/aluminium-5052-supplier-india.html,Do not create in final batch
Aluminium,Aluminium 5052,flats,,,South Korea,export_country,Missing but low value,/materials/aluminium-5052-supplier-india.html,Do not create in final batch
Aluminium,Aluminium 5052,flats,,,Japan,export_country,Missing but low value,/materials/aluminium-5052-supplier-india.html,Do not create in final batch
Aluminium,Aluminium 5052,flats,,,Taiwan,export_country,Missing but low value,/materials/aluminium-5052-supplier-india.html,Do not create in final batch
Aluminium,Aluminium 5052,flats,,,Germany,export_country,Not recommended,/materials/aluminium-5052-supplier-india.html,Do not create
Aluminium,Aluminium 5052,flats,,,Netherlands,export_country,Not recommended,/materials/aluminium-5052-supplier-india.html,Do not create
Aluminium,Aluminium 5052,flats,,,United Kingdom,export_country,Not recommended,/materials/aluminium-5052-supplier-india.html,Do not create
Aluminium,Aluminium 5052,flats,,,Italy,export_country,Missing but low value,/materials/aluminium-5052-supplier-india.html,Do not create in final batch
Aluminium,Aluminium 5052,flats,,,Spain,export_country,Missing but low value,/materials/aluminium-5052-supplier-india.html,Do not create in final batch
Aluminium,Aluminium 5052,flats,,,Poland,export_country,Missing but low value,/materials/aluminium-5052-supplier-india.html,Do not create in final batch
Aluminium,Aluminium 5052,flats,,,United States,export_country,Not recommended,/materials/aluminium-5052-supplier-india.html,Do not create
Aluminium,Aluminium 5052,flats,,,Canada,export_country,Missing but low value,/materials/aluminium-5052-supplier-india.html,Do not create in final batch
Aluminium,Aluminium 5052,flats,,,Mexico,export_country,Missing but low value,/materials/aluminium-5052-supplier-india.html,Do not create in final batch
Aluminium,Aluminium 5052,flats,,,Brazil,export_country,Missing but low value,/materials/aluminium-5052-supplier-india.html,Do not create in final batch
Aluminium,Aluminium 5052,flats,,,South Africa,export_country,Missing but low value,/materials/aluminium-5052-supplier-india.html,Do not create in final batch
Aluminium,Aluminium 5052,flats,,,Egypt,export_country,Missing but low value,/materials/aluminium-5052-supplier-india.html,Do not create in final batch
Aluminium,Aluminium 5052,flats,,,Kenya,export_country,Missing but low value,/materials/aluminium-5052-supplier-india.html,Do not create in final batch
Aluminium,Aluminium 5052,flats,,,Tanzania,export_country,Missing but low value,/materials/aluminium-5052-supplier-india.html,Do not create in final batch
Aluminium,Aluminium 5052,flats,,,Nigeria,export_country,Missing but low value,/materials/aluminium-5052-supplier-india.html,Do not create in final batch
Aluminium,Aluminium 5052,flats,,,Mauritius,export_country,Missing but low value,/materials/aluminium-5052-supplier-india.html,Do not create in final batch
Aluminium,Aluminium 5052,flats,,,Australia,export_country,Not recommended,/materials/aluminium-5052-supplier-india.html,Do not create
Aluminium,Aluminium 5052,flats,,,New Zealand,export_country,Missing but low value,/materials/aluminium-5052-supplier-india.html,Do not create in final batch
Aluminium,Aluminium 5052,tubes,,,UAE,export_country,Duplicate / cannibalizing risk,/materials/aluminium-5052-supplier-india.html,Hold unless Search Console shows demand
Aluminium,Aluminium 5052,tubes,,,Saudi Arabia,export_country,Duplicate / cannibalizing risk,/materials/aluminium-5052-supplier-india.html,Hold unless Search Console shows demand
Aluminium,Aluminium 5052,tubes,,,Qatar,export_country,Duplicate / cannibalizing risk,/materials/aluminium-5052-supplier-india.html,Hold unless Search Console shows demand
Aluminium,Aluminium 5052,tubes,,,Oman,export_country,Missing but low value,/materials/aluminium-5052-supplier-india.html,Do not create in final batch
Aluminium,Aluminium 5052,tubes,,,Kuwait,export_country,Missing but low value,/materials/aluminium-5052-supplier-india.html,Do not create in final batch
Aluminium,Aluminium 5052,tubes,,,Bahrain,export_country,Missing but low value,/materials/aluminium-5052-supplier-india.html,Do not create in final batch
Aluminium,Aluminium 5052,tubes,,,Singapore,export_country,Duplicate / cannibalizing risk,/materials/aluminium-5052-supplier-india.html,Hold unless Search Console shows demand
Aluminium,Aluminium 5052,tubes,,,Malaysia,export_country,Missing but low value,/materials/aluminium-5052-supplier-india.html,Do not create in final batch
Aluminium,Aluminium 5052,tubes,,,Indonesia,export_country,Missing but low value,/materials/aluminium-5052-supplier-india.html,Do not create in final batch
Aluminium,Aluminium 5052,tubes,,,Thailand,export_country,Missing but low value,/materials/aluminium-5052-supplier-india.html,Do not create in final batch
Aluminium,Aluminium 5052,tubes,,,Vietnam,export_country,Missing but low value,/materials/aluminium-5052-supplier-india.html,Do not create in final batch
Aluminium,Aluminium 5052,tubes,,,Philippines,export_country,Missing but low value,/materials/aluminium-5052-supplier-india.html,Do not create in final batch
Aluminium,Aluminium 5052,tubes,,,South Korea,export_country,Missing but low value,/materials/aluminium-5052-supplier-india.html,Do not create in final batch
Aluminium,Aluminium 5052,tubes,,,Japan,export_country,Missing but low value,/materials/aluminium-5052-supplier-india.html,Do not create in final batch
Aluminium,Aluminium 5052,tubes,,,Taiwan,export_country,Missing but low value,/materials/aluminium-5052-supplier-india.html,Do not create in final batch
Aluminium,Aluminium 5052,tubes,,,Germany,export_country,Missing but low value,/materials/aluminium-5052-supplier-india.html,Do not create in final batch
Aluminium,Aluminium 5052,tubes,,,Netherlands,export_country,Missing but low value,/materials/aluminium-5052-supplier-india.html,Do not create in final batch
Aluminium,Aluminium 5052,tubes,,,United Kingdom,export_country,Missing but low value,/materials/aluminium-5052-supplier-india.html,Do not create in final batch
Aluminium,Aluminium 5052,tubes,,,Italy,export_country,Missing but low value,/materials/aluminium-5052-supplier-india.html,Do not create in final batch
Aluminium,Aluminium 5052,tubes,,,Spain,export_country,Missing but low value,/materials/aluminium-5052-supplier-india.html,Do not create in final batch
Aluminium,Aluminium 5052,tubes,,,Poland,export_country,Missing but low value,/materials/aluminium-5052-supplier-india.html,Do not create in final batch
Aluminium,Aluminium 5052,tubes,,,United States,export_country,Missing but low value,/materials/aluminium-5052-supplier-india.html,Do not create in final batch
Aluminium,Aluminium 5052,tubes,,,Canada,export_country,Missing but low value,/materials/aluminium-5052-supplier-india.html,Do not create in final batch
Aluminium,Aluminium 5052,tubes,,,Mexico,export_country,Missing but low value,/materials/aluminium-5052-supplier-india.html,Do not create in final batch
Aluminium,Aluminium 5052,tubes,,,Brazil,export_country,Missing but low value,/materials/aluminium-5052-supplier-india.html,Do not create in final batch
Aluminium,Aluminium 5052,tubes,,,South Africa,export_country,Missing but low value,/materials/aluminium-5052-supplier-india.html,Do not create in final batch
Aluminium,Aluminium 5052,tubes,,,Egypt,export_country,Missing but low value,/materials/aluminium-5052-supplier-india.html,Do not create in final batch
Aluminium,Aluminium 5052,tubes,,,Kenya,export_country,Missing but low value,/materials/aluminium-5052-supplier-india.html,Do not create in final batch
Aluminium,Aluminium 5052,tubes,,,Tanzania,export_country,Missing but low value,/materials/aluminium-5052-supplier-india.html,Do not create in final batch
Aluminium,Aluminium 5052,tubes,,,Nigeria,export_country,Missing but low value,/materials/aluminium-5052-supplier-india.html,Do not create in final batch
Aluminium,Aluminium 5052,tubes,,,Mauritius,export_country,Missing but low value,/materials/aluminium-5052-supplier-india.html,Do not create in final batch
Aluminium,Aluminium 5052,tubes,,,Australia,export_country,Missing but low value,/materials/aluminium-5052-supplier-india.html,Do not create in final batch
Aluminium,Aluminium 5052,tubes,,,New Zealand,export_country,Missing but low value,/materials/aluminium-5052-supplier-india.html,Do not create in final batch
Aluminium,Aluminium 5052,flanges,,,UAE,export_country,Duplicate / cannibalizing risk,/materials/aluminium-5052-supplier-india.html,Hold unless Search Console shows demand
Aluminium,Aluminium 5052,flanges,,,Saudi Arabia,export_country,Duplicate / cannibalizing risk,/materials/aluminium-5052-supplier-india.html,Hold unless Search Console shows demand
Aluminium,Aluminium 5052,flanges,,,Qatar,export_country,Duplicate / cannibalizing risk,/materials/aluminium-5052-supplier-india.html,Hold unless Search Console shows demand
Aluminium,Aluminium 5052,flanges,,,Oman,export_country,Missing but low value,/materials/aluminium-5052-supplier-india.html,Do not create in final batch
Aluminium,Aluminium 5052,flanges,,,Kuwait,export_country,Missing but low value,/materials/aluminium-5052-supplier-india.html,Do not create in final batch
Aluminium,Aluminium 5052,flanges,,,Bahrain,export_country,Missing but low value,/materials/aluminium-5052-supplier-india.html,Do not create in final batch
Aluminium,Aluminium 5052,flanges,,,Singapore,export_country,Duplicate / cannibalizing risk,/materials/aluminium-5052-supplier-india.html,Hold unless Search Console shows demand
Aluminium,Aluminium 5052,flanges,,,Malaysia,export_country,Missing but low value,/materials/aluminium-5052-supplier-india.html,Do not create in final batch
Aluminium,Aluminium 5052,flanges,,,Indonesia,export_country,Missing but low value,/materials/aluminium-5052-supplier-india.html,Do not create in final batch
Aluminium,Aluminium 5052,flanges,,,Thailand,export_country,Missing but low value,/materials/aluminium-5052-supplier-india.html,Do not create in final batch
Aluminium,Aluminium 5052,flanges,,,Vietnam,export_country,Missing but low value,/materials/aluminium-5052-supplier-india.html,Do not create in final batch
Aluminium,Aluminium 5052,flanges,,,Philippines,export_country,Missing but low value,/materials/aluminium-5052-supplier-india.html,Do not create in final batch
Aluminium,Aluminium 5052,flanges,,,South Korea,export_country,Missing but low value,/materials/aluminium-5052-supplier-india.html,Do not create in final batch
Aluminium,Aluminium 5052,flanges,,,Japan,export_country,Missing but low value,/materials/aluminium-5052-supplier-india.html,Do not create in final batch
Aluminium,Aluminium 5052,flanges,,,Taiwan,export_country,Missing but low value,/materials/aluminium-5052-supplier-india.html,Do not create in final batch
Aluminium,Aluminium 5052,flanges,,,Germany,export_country,Missing but low value,/materials/aluminium-5052-supplier-india.html,Do not create in final batch
Aluminium,Aluminium 5052,flanges,,,Netherlands,export_country,Missing but low value,/materials/aluminium-5052-supplier-india.html,Do not create in final batch
Aluminium,Aluminium 5052,flanges,,,United Kingdom,export_country,Missing but low value,/materials/aluminium-5052-supplier-india.html,Do not create in final batch
Aluminium,Aluminium 5052,flanges,,,Italy,export_country,Missing but low value,/materials/aluminium-5052-supplier-india.html,Do not create in final batch
Aluminium,Aluminium 5052,flanges,,,Spain,export_country,Missing but low value,/materials/aluminium-5052-supplier-india.html,Do not create in final batch
Aluminium,Aluminium 5052,flanges,,,Poland,export_country,Missing but low value,/materials/aluminium-5052-supplier-india.html,Do not create in final batch
Aluminium,Aluminium 5052,flanges,,,United States,export_country,Missing but low value,/materials/aluminium-5052-supplier-india.html,Do not create in final batch
Aluminium,Aluminium 5052,flanges,,,Canada,export_country,Missing but low value,/materials/aluminium-5052-supplier-india.html,Do not create in final batch
Aluminium,Aluminium 5052,flanges,,,Mexico,export_country,Missing but low value,/materials/aluminium-5052-supplier-india.html,Do not create in final batch
Aluminium,Aluminium 5052,flanges,,,Brazil,export_country,Missing but low value,/materials/aluminium-5052-supplier-india.html,Do not create in final batch
Aluminium,Aluminium 5052,flanges,,,South Africa,export_country,Missing but low value,/materials/aluminium-5052-supplier-india.html,Do not create in final batch
Aluminium,Aluminium 5052,flanges,,,Egypt,export_country,Missing but low value,/materials/aluminium-5052-supplier-india.html,Do not create in final batch
Aluminium,Aluminium 5052,flanges,,,Kenya,export_country,Missing but low value,/materials/aluminium-5052-supplier-india.html,Do not create in final batch
Aluminium,Aluminium 5052,flanges,,,Tanzania,export_country,Missing but low value,/materials/aluminium-5052-supplier-india.html,Do not create in final batch
Aluminium,Aluminium 5052,flanges,,,Nigeria,export_country,Missing but low value,/materials/aluminium-5052-supplier-india.html,Do not create in final batch
Aluminium,Aluminium 5052,flanges,,,Mauritius,export_country,Missing but low value,/materials/aluminium-5052-supplier-india.html,Do not create in final batch
Aluminium,Aluminium 5052,flanges,,,Australia,export_country,Missing but low value,/materials/aluminium-5052-supplier-india.html,Do not create in final batch
Aluminium,Aluminium 5052,flanges,,,New Zealand,export_country,Missing but low value,/materials/aluminium-5052-supplier-india.html,Do not create in final batch
Aluminium,Aluminium 5052,fittings,,,UAE,export_country,Duplicate / cannibalizing risk,/materials/aluminium-5052-supplier-india.html,Hold unless Search Console shows demand
Aluminium,Aluminium 5052,fittings,,,Saudi Arabia,export_country,Duplicate / cannibalizing risk,/materials/aluminium-5052-supplier-india.html,Hold unless Search Console shows demand
Aluminium,Aluminium 5052,fittings,,,Qatar,export_country,Duplicate / cannibalizing risk,/materials/aluminium-5052-supplier-india.html,Hold unless Search Console shows demand
Aluminium,Aluminium 5052,fittings,,,Oman,export_country,Missing but low value,/materials/aluminium-5052-supplier-india.html,Do not create in final batch
Aluminium,Aluminium 5052,fittings,,,Kuwait,export_country,Missing but low value,/materials/aluminium-5052-supplier-india.html,Do not create in final batch
Aluminium,Aluminium 5052,fittings,,,Bahrain,export_country,Missing but low value,/materials/aluminium-5052-supplier-india.html,Do not create in final batch
Aluminium,Aluminium 5052,fittings,,,Singapore,export_country,Duplicate / cannibalizing risk,/materials/aluminium-5052-supplier-india.html,Hold unless Search Console shows demand
Aluminium,Aluminium 5052,fittings,,,Malaysia,export_country,Missing but low value,/materials/aluminium-5052-supplier-india.html,Do not create in final batch
Aluminium,Aluminium 5052,fittings,,,Indonesia,export_country,Missing but low value,/materials/aluminium-5052-supplier-india.html,Do not create in final batch
Aluminium,Aluminium 5052,fittings,,,Thailand,export_country,Missing but low value,/materials/aluminium-5052-supplier-india.html,Do not create in final batch
Aluminium,Aluminium 5052,fittings,,,Vietnam,export_country,Missing but low value,/materials/aluminium-5052-supplier-india.html,Do not create in final batch
Aluminium,Aluminium 5052,fittings,,,Philippines,export_country,Missing but low value,/materials/aluminium-5052-supplier-india.html,Do not create in final batch
Aluminium,Aluminium 5052,fittings,,,South Korea,export_country,Missing but low value,/materials/aluminium-5052-supplier-india.html,Do not create in final batch
Aluminium,Aluminium 5052,fittings,,,Japan,export_country,Missing but low value,/materials/aluminium-5052-supplier-india.html,Do not create in final batch
Aluminium,Aluminium 5052,fittings,,,Taiwan,export_country,Missing but low value,/materials/aluminium-5052-supplier-india.html,Do not create in final batch
Aluminium,Aluminium 5052,fittings,,,Germany,export_country,Missing but low value,/materials/aluminium-5052-supplier-india.html,Do not create in final batch
Aluminium,Aluminium 5052,fittings,,,Netherlands,export_country,Missing but low value,/materials/aluminium-5052-supplier-india.html,Do not create in final batch
Aluminium,Aluminium 5052,fittings,,,United Kingdom,export_country,Missing but low value,/materials/aluminium-5052-supplier-india.html,Do not create in final batch
Aluminium,Aluminium 5052,fittings,,,Italy,export_country,Missing but low value,/materials/aluminium-5052-supplier-india.html,Do not create in final batch
Aluminium,Aluminium 5052,fittings,,,Spain,export_country,Missing but low value,/materials/aluminium-5052-supplier-india.html,Do not create in final batch
Aluminium,Aluminium 5052,fittings,,,Poland,export_country,Missing but low value,/materials/aluminium-5052-supplier-india.html,Do not create in final batch
Aluminium,Aluminium 5052,fittings,,,United States,export_country,Missing but low value,/materials/aluminium-5052-supplier-india.html,Do not create in final batch
Aluminium,Aluminium 5052,fittings,,,Canada,export_country,Missing but low value,/materials/aluminium-5052-supplier-india.html,Do not create in final batch
Aluminium,Aluminium 5052,fittings,,,Mexico,export_country,Missing but low value,/materials/aluminium-5052-supplier-india.html,Do not create in final batch
Aluminium,Aluminium 5052,fittings,,,Brazil,export_country,Missing but low value,/materials/aluminium-5052-supplier-india.html,Do not create in final batch
Aluminium,Aluminium 5052,fittings,,,South Africa,export_country,Missing but low value,/materials/aluminium-5052-supplier-india.html,Do not create in final batch
Aluminium,Aluminium 5052,fittings,,,Egypt,export_country,Missing but low value,/materials/aluminium-5052-supplier-india.html,Do not create in final batch
Aluminium,Aluminium 5052,fittings,,,Kenya,export_country,Missing but low value,/materials/aluminium-5052-supplier-india.html,Do not create in final batch
Aluminium,Aluminium 5052,fittings,,,Tanzania,export_country,Missing but low value,/materials/aluminium-5052-supplier-india.html,Do not create in final batch
Aluminium,Aluminium 5052,fittings,,,Nigeria,export_country,Missing but low value,/materials/aluminium-5052-supplier-india.html,Do not create in final batch
Aluminium,Aluminium 5052,fittings,,,Mauritius,export_country,Missing but low value,/materials/aluminium-5052-supplier-india.html,Do not create in final batch
Aluminium,Aluminium 5052,fittings,,,Australia,export_country,Missing but low value,/materials/aluminium-5052-supplier-india.html,Do not create in final batch
Aluminium,Aluminium 5052,fittings,,,New Zealand,export_country,Missing but low value,/materials/aluminium-5052-supplier-india.html,Do not create in final batch
Aluminium,Aluminium 7075,sheets,,,UAE,export_country,Duplicate / cannibalizing risk,/materials/aluminium-7075-supplier-india.html,Hold unless Search Console shows demand
Aluminium,Aluminium 7075,sheets,,,Saudi Arabia,export_country,Duplicate / cannibalizing risk,/materials/aluminium-7075-supplier-india.html,Hold unless Search Console shows demand
Aluminium,Aluminium 7075,sheets,,,Qatar,export_country,Duplicate / cannibalizing risk,/materials/aluminium-7075-supplier-india.html,Hold unless Search Console shows demand
Aluminium,Aluminium 7075,sheets,,,Oman,export_country,Not recommended,/materials/aluminium-7075-supplier-india.html,Do not create
Aluminium,Aluminium 7075,sheets,,,Kuwait,export_country,Missing but low value,/materials/aluminium-7075-supplier-india.html,Do not create in final batch
Aluminium,Aluminium 7075,sheets,,,Bahrain,export_country,Missing but low value,/materials/aluminium-7075-supplier-india.html,Do not create in final batch
Aluminium,Aluminium 7075,sheets,,,Singapore,export_country,Duplicate / cannibalizing risk,/materials/aluminium-7075-supplier-india.html,Hold unless Search Console shows demand
Aluminium,Aluminium 7075,sheets,,,Malaysia,export_country,Missing but low value,/materials/aluminium-7075-supplier-india.html,Do not create in final batch
Aluminium,Aluminium 7075,sheets,,,Indonesia,export_country,Missing but low value,/materials/aluminium-7075-supplier-india.html,Do not create in final batch
Aluminium,Aluminium 7075,sheets,,,Thailand,export_country,Missing but low value,/materials/aluminium-7075-supplier-india.html,Do not create in final batch
Aluminium,Aluminium 7075,sheets,,,Vietnam,export_country,Missing but low value,/materials/aluminium-7075-supplier-india.html,Do not create in final batch
Aluminium,Aluminium 7075,sheets,,,Philippines,export_country,Missing but low value,/materials/aluminium-7075-supplier-india.html,Do not create in final batch
Aluminium,Aluminium 7075,sheets,,,South Korea,export_country,Missing but low value,/materials/aluminium-7075-supplier-india.html,Do not create in final batch
Aluminium,Aluminium 7075,sheets,,,Japan,export_country,Missing but low value,/materials/aluminium-7075-supplier-india.html,Do not create in final batch
Aluminium,Aluminium 7075,sheets,,,Taiwan,export_country,Missing but low value,/materials/aluminium-7075-supplier-india.html,Do not create in final batch
Aluminium,Aluminium 7075,sheets,,,Germany,export_country,Not recommended,/materials/aluminium-7075-supplier-india.html,Do not create
Aluminium,Aluminium 7075,sheets,,,Netherlands,export_country,Not recommended,/materials/aluminium-7075-supplier-india.html,Do not create
Aluminium,Aluminium 7075,sheets,,,United Kingdom,export_country,Not recommended,/materials/aluminium-7075-supplier-india.html,Do not create
Aluminium,Aluminium 7075,sheets,,,Italy,export_country,Missing but low value,/materials/aluminium-7075-supplier-india.html,Do not create in final batch
Aluminium,Aluminium 7075,sheets,,,Spain,export_country,Missing but low value,/materials/aluminium-7075-supplier-india.html,Do not create in final batch
Aluminium,Aluminium 7075,sheets,,,Poland,export_country,Missing but low value,/materials/aluminium-7075-supplier-india.html,Do not create in final batch
Aluminium,Aluminium 7075,sheets,,,United States,export_country,Not recommended,/materials/aluminium-7075-supplier-india.html,Do not create
Aluminium,Aluminium 7075,sheets,,,Canada,export_country,Missing but low value,/materials/aluminium-7075-supplier-india.html,Do not create in final batch
Aluminium,Aluminium 7075,sheets,,,Mexico,export_country,Missing but low value,/materials/aluminium-7075-supplier-india.html,Do not create in final batch
Aluminium,Aluminium 7075,sheets,,,Brazil,export_country,Missing but low value,/materials/aluminium-7075-supplier-india.html,Do not create in final batch
Aluminium,Aluminium 7075,sheets,,,South Africa,export_country,Missing but low value,/materials/aluminium-7075-supplier-india.html,Do not create in final batch
Aluminium,Aluminium 7075,sheets,,,Egypt,export_country,Missing but low value,/materials/aluminium-7075-supplier-india.html,Do not create in final batch
Aluminium,Aluminium 7075,sheets,,,Kenya,export_country,Missing but low value,/materials/aluminium-7075-supplier-india.html,Do not create in final batch
Aluminium,Aluminium 7075,sheets,,,Tanzania,export_country,Missing but low value,/materials/aluminium-7075-supplier-india.html,Do not create in final batch
Aluminium,Aluminium 7075,sheets,,,Nigeria,export_country,Missing but low value,/materials/aluminium-7075-supplier-india.html,Do not create in final batch
Aluminium,Aluminium 7075,sheets,,,Mauritius,export_country,Missing but low value,/materials/aluminium-7075-supplier-india.html,Do not create in final batch
Aluminium,Aluminium 7075,sheets,,,Australia,export_country,Not recommended,/materials/aluminium-7075-supplier-india.html,Do not create
Aluminium,Aluminium 7075,sheets,,,New Zealand,export_country,Missing but low value,/materials/aluminium-7075-supplier-india.html,Do not create in final batch
Aluminium,Aluminium 7075,plates,,,UAE,export_country,Duplicate / cannibalizing risk,/materials/aluminium-7075-supplier-india.html,Hold unless Search Console shows demand
Aluminium,Aluminium 7075,plates,,,Saudi Arabia,export_country,Duplicate / cannibalizing risk,/materials/aluminium-7075-supplier-india.html,Hold unless Search Console shows demand
Aluminium,Aluminium 7075,plates,,,Qatar,export_country,Duplicate / cannibalizing risk,/materials/aluminium-7075-supplier-india.html,Hold unless Search Console shows demand
Aluminium,Aluminium 7075,plates,,,Oman,export_country,Not recommended,/materials/aluminium-7075-supplier-india.html,Do not create
Aluminium,Aluminium 7075,plates,,,Kuwait,export_country,Missing but low value,/materials/aluminium-7075-supplier-india.html,Do not create in final batch
Aluminium,Aluminium 7075,plates,,,Bahrain,export_country,Missing but low value,/materials/aluminium-7075-supplier-india.html,Do not create in final batch
Aluminium,Aluminium 7075,plates,,,Singapore,export_country,Duplicate / cannibalizing risk,/materials/aluminium-7075-supplier-india.html,Hold unless Search Console shows demand
Aluminium,Aluminium 7075,plates,,,Malaysia,export_country,Missing but low value,/materials/aluminium-7075-supplier-india.html,Do not create in final batch
Aluminium,Aluminium 7075,plates,,,Indonesia,export_country,Missing but low value,/materials/aluminium-7075-supplier-india.html,Do not create in final batch
Aluminium,Aluminium 7075,plates,,,Thailand,export_country,Missing but low value,/materials/aluminium-7075-supplier-india.html,Do not create in final batch
Aluminium,Aluminium 7075,plates,,,Vietnam,export_country,Missing but low value,/materials/aluminium-7075-supplier-india.html,Do not create in final batch
Aluminium,Aluminium 7075,plates,,,Philippines,export_country,Missing but low value,/materials/aluminium-7075-supplier-india.html,Do not create in final batch
Aluminium,Aluminium 7075,plates,,,South Korea,export_country,Missing but low value,/materials/aluminium-7075-supplier-india.html,Do not create in final batch
Aluminium,Aluminium 7075,plates,,,Japan,export_country,Missing but low value,/materials/aluminium-7075-supplier-india.html,Do not create in final batch
Aluminium,Aluminium 7075,plates,,,Taiwan,export_country,Missing but low value,/materials/aluminium-7075-supplier-india.html,Do not create in final batch
Aluminium,Aluminium 7075,plates,,,Germany,export_country,Not recommended,/materials/aluminium-7075-supplier-india.html,Do not create
Aluminium,Aluminium 7075,plates,,,Netherlands,export_country,Not recommended,/materials/aluminium-7075-supplier-india.html,Do not create
Aluminium,Aluminium 7075,plates,,,United Kingdom,export_country,Not recommended,/materials/aluminium-7075-supplier-india.html,Do not create
Aluminium,Aluminium 7075,plates,,,Italy,export_country,Missing but low value,/materials/aluminium-7075-supplier-india.html,Do not create in final batch
Aluminium,Aluminium 7075,plates,,,Spain,export_country,Missing but low value,/materials/aluminium-7075-supplier-india.html,Do not create in final batch
Aluminium,Aluminium 7075,plates,,,Poland,export_country,Missing but low value,/materials/aluminium-7075-supplier-india.html,Do not create in final batch
Aluminium,Aluminium 7075,plates,,,United States,export_country,Not recommended,/materials/aluminium-7075-supplier-india.html,Do not create
Aluminium,Aluminium 7075,plates,,,Canada,export_country,Missing but low value,/materials/aluminium-7075-supplier-india.html,Do not create in final batch
Aluminium,Aluminium 7075,plates,,,Mexico,export_country,Missing but low value,/materials/aluminium-7075-supplier-india.html,Do not create in final batch
Aluminium,Aluminium 7075,plates,,,Brazil,export_country,Missing but low value,/materials/aluminium-7075-supplier-india.html,Do not create in final batch
Aluminium,Aluminium 7075,plates,,,South Africa,export_country,Missing but low value,/materials/aluminium-7075-supplier-india.html,Do not create in final batch
Aluminium,Aluminium 7075,plates,,,Egypt,export_country,Missing but low value,/materials/aluminium-7075-supplier-india.html,Do not create in final batch
Aluminium,Aluminium 7075,plates,,,Kenya,export_country,Missing but low value,/materials/aluminium-7075-supplier-india.html,Do not create in final batch
Aluminium,Aluminium 7075,plates,,,Tanzania,export_country,Missing but low value,/materials/aluminium-7075-supplier-india.html,Do not create in final batch
Aluminium,Aluminium 7075,plates,,,Nigeria,export_country,Missing but low value,/materials/aluminium-7075-supplier-india.html,Do not create in final batch
Aluminium,Aluminium 7075,plates,,,Mauritius,export_country,Missing but low value,/materials/aluminium-7075-supplier-india.html,Do not create in final batch
Aluminium,Aluminium 7075,plates,,,Australia,export_country,Not recommended,/materials/aluminium-7075-supplier-india.html,Do not create
Aluminium,Aluminium 7075,plates,,,New Zealand,export_country,Missing but low value,/materials/aluminium-7075-supplier-india.html,Do not create in final batch
Aluminium,Aluminium 7075,rods,,,UAE,export_country,Duplicate / cannibalizing risk,/materials/aluminium-7075-supplier-india.html,Hold unless Search Console shows demand
Aluminium,Aluminium 7075,rods,,,Saudi Arabia,export_country,Duplicate / cannibalizing risk,/materials/aluminium-7075-supplier-india.html,Hold unless Search Console shows demand
Aluminium,Aluminium 7075,rods,,,Qatar,export_country,Duplicate / cannibalizing risk,/materials/aluminium-7075-supplier-india.html,Hold unless Search Console shows demand
Aluminium,Aluminium 7075,rods,,,Oman,export_country,Not recommended,/materials/aluminium-7075-supplier-india.html,Do not create
Aluminium,Aluminium 7075,rods,,,Kuwait,export_country,Missing but low value,/materials/aluminium-7075-supplier-india.html,Do not create in final batch
Aluminium,Aluminium 7075,rods,,,Bahrain,export_country,Missing but low value,/materials/aluminium-7075-supplier-india.html,Do not create in final batch
Aluminium,Aluminium 7075,rods,,,Singapore,export_country,Duplicate / cannibalizing risk,/materials/aluminium-7075-supplier-india.html,Hold unless Search Console shows demand
Aluminium,Aluminium 7075,rods,,,Malaysia,export_country,Missing but low value,/materials/aluminium-7075-supplier-india.html,Do not create in final batch
Aluminium,Aluminium 7075,rods,,,Indonesia,export_country,Missing but low value,/materials/aluminium-7075-supplier-india.html,Do not create in final batch
Aluminium,Aluminium 7075,rods,,,Thailand,export_country,Missing but low value,/materials/aluminium-7075-supplier-india.html,Do not create in final batch
Aluminium,Aluminium 7075,rods,,,Vietnam,export_country,Missing but low value,/materials/aluminium-7075-supplier-india.html,Do not create in final batch
Aluminium,Aluminium 7075,rods,,,Philippines,export_country,Missing but low value,/materials/aluminium-7075-supplier-india.html,Do not create in final batch
Aluminium,Aluminium 7075,rods,,,South Korea,export_country,Missing but low value,/materials/aluminium-7075-supplier-india.html,Do not create in final batch
Aluminium,Aluminium 7075,rods,,,Japan,export_country,Missing but low value,/materials/aluminium-7075-supplier-india.html,Do not create in final batch
Aluminium,Aluminium 7075,rods,,,Taiwan,export_country,Missing but low value,/materials/aluminium-7075-supplier-india.html,Do not create in final batch
Aluminium,Aluminium 7075,rods,,,Germany,export_country,Not recommended,/materials/aluminium-7075-supplier-india.html,Do not create
Aluminium,Aluminium 7075,rods,,,Netherlands,export_country,Not recommended,/materials/aluminium-7075-supplier-india.html,Do not create
Aluminium,Aluminium 7075,rods,,,United Kingdom,export_country,Not recommended,/materials/aluminium-7075-supplier-india.html,Do not create
Aluminium,Aluminium 7075,rods,,,Italy,export_country,Missing but low value,/materials/aluminium-7075-supplier-india.html,Do not create in final batch
Aluminium,Aluminium 7075,rods,,,Spain,export_country,Missing but low value,/materials/aluminium-7075-supplier-india.html,Do not create in final batch
Aluminium,Aluminium 7075,rods,,,Poland,export_country,Missing but low value,/materials/aluminium-7075-supplier-india.html,Do not create in final batch
Aluminium,Aluminium 7075,rods,,,United States,export_country,Not recommended,/materials/aluminium-7075-supplier-india.html,Do not create
Aluminium,Aluminium 7075,rods,,,Canada,export_country,Missing but low value,/materials/aluminium-7075-supplier-india.html,Do not create in final batch
Aluminium,Aluminium 7075,rods,,,Mexico,export_country,Missing but low value,/materials/aluminium-7075-supplier-india.html,Do not create in final batch
Aluminium,Aluminium 7075,rods,,,Brazil,export_country,Missing but low value,/materials/aluminium-7075-supplier-india.html,Do not create in final batch
Aluminium,Aluminium 7075,rods,,,South Africa,export_country,Missing but low value,/materials/aluminium-7075-supplier-india.html,Do not create in final batch
Aluminium,Aluminium 7075,rods,,,Egypt,export_country,Missing but low value,/materials/aluminium-7075-supplier-india.html,Do not create in final batch
Aluminium,Aluminium 7075,rods,,,Kenya,export_country,Missing but low value,/materials/aluminium-7075-supplier-india.html,Do not create in final batch
Aluminium,Aluminium 7075,rods,,,Tanzania,export_country,Missing but low value,/materials/aluminium-7075-supplier-india.html,Do not create in final batch
Aluminium,Aluminium 7075,rods,,,Nigeria,export_country,Missing but low value,/materials/aluminium-7075-supplier-india.html,Do not create in final batch
Aluminium,Aluminium 7075,rods,,,Mauritius,export_country,Missing but low value,/materials/aluminium-7075-supplier-india.html,Do not create in final batch
Aluminium,Aluminium 7075,rods,,,Australia,export_country,Not recommended,/materials/aluminium-7075-supplier-india.html,Do not create
Aluminium,Aluminium 7075,rods,,,New Zealand,export_country,Missing but low value,/materials/aluminium-7075-supplier-india.html,Do not create in final batch
Aluminium,Aluminium 7075,flats,,,UAE,export_country,Duplicate / cannibalizing risk,/materials/aluminium-7075-supplier-india.html,Hold unless Search Console shows demand
Aluminium,Aluminium 7075,flats,,,Saudi Arabia,export_country,Duplicate / cannibalizing risk,/materials/aluminium-7075-supplier-india.html,Hold unless Search Console shows demand
Aluminium,Aluminium 7075,flats,,,Qatar,export_country,Duplicate / cannibalizing risk,/materials/aluminium-7075-supplier-india.html,Hold unless Search Console shows demand
Aluminium,Aluminium 7075,flats,,,Oman,export_country,Not recommended,/materials/aluminium-7075-supplier-india.html,Do not create
Aluminium,Aluminium 7075,flats,,,Kuwait,export_country,Missing but low value,/materials/aluminium-7075-supplier-india.html,Do not create in final batch
Aluminium,Aluminium 7075,flats,,,Bahrain,export_country,Missing but low value,/materials/aluminium-7075-supplier-india.html,Do not create in final batch
Aluminium,Aluminium 7075,flats,,,Singapore,export_country,Duplicate / cannibalizing risk,/materials/aluminium-7075-supplier-india.html,Hold unless Search Console shows demand
Aluminium,Aluminium 7075,flats,,,Malaysia,export_country,Missing but low value,/materials/aluminium-7075-supplier-india.html,Do not create in final batch
Aluminium,Aluminium 7075,flats,,,Indonesia,export_country,Missing but low value,/materials/aluminium-7075-supplier-india.html,Do not create in final batch
Aluminium,Aluminium 7075,flats,,,Thailand,export_country,Missing but low value,/materials/aluminium-7075-supplier-india.html,Do not create in final batch
Aluminium,Aluminium 7075,flats,,,Vietnam,export_country,Missing but low value,/materials/aluminium-7075-supplier-india.html,Do not create in final batch
Aluminium,Aluminium 7075,flats,,,Philippines,export_country,Missing but low value,/materials/aluminium-7075-supplier-india.html,Do not create in final batch
Aluminium,Aluminium 7075,flats,,,South Korea,export_country,Missing but low value,/materials/aluminium-7075-supplier-india.html,Do not create in final batch
Aluminium,Aluminium 7075,flats,,,Japan,export_country,Missing but low value,/materials/aluminium-7075-supplier-india.html,Do not create in final batch
Aluminium,Aluminium 7075,flats,,,Taiwan,export_country,Missing but low value,/materials/aluminium-7075-supplier-india.html,Do not create in final batch
Aluminium,Aluminium 7075,flats,,,Germany,export_country,Not recommended,/materials/aluminium-7075-supplier-india.html,Do not create
Aluminium,Aluminium 7075,flats,,,Netherlands,export_country,Not recommended,/materials/aluminium-7075-supplier-india.html,Do not create
Aluminium,Aluminium 7075,flats,,,United Kingdom,export_country,Not recommended,/materials/aluminium-7075-supplier-india.html,Do not create
Aluminium,Aluminium 7075,flats,,,Italy,export_country,Missing but low value,/materials/aluminium-7075-supplier-india.html,Do not create in final batch
Aluminium,Aluminium 7075,flats,,,Spain,export_country,Missing but low value,/materials/aluminium-7075-supplier-india.html,Do not create in final batch
Aluminium,Aluminium 7075,flats,,,Poland,export_country,Missing but low value,/materials/aluminium-7075-supplier-india.html,Do not create in final batch
Aluminium,Aluminium 7075,flats,,,United States,export_country,Not recommended,/materials/aluminium-7075-supplier-india.html,Do not create
Aluminium,Aluminium 7075,flats,,,Canada,export_country,Missing but low value,/materials/aluminium-7075-supplier-india.html,Do not create in final batch
Aluminium,Aluminium 7075,flats,,,Mexico,export_country,Missing but low value,/materials/aluminium-7075-supplier-india.html,Do not create in final batch
Aluminium,Aluminium 7075,flats,,,Brazil,export_country,Missing but low value,/materials/aluminium-7075-supplier-india.html,Do not create in final batch
Aluminium,Aluminium 7075,flats,,,South Africa,export_country,Missing but low value,/materials/aluminium-7075-supplier-india.html,Do not create in final batch
Aluminium,Aluminium 7075,flats,,,Egypt,export_country,Missing but low value,/materials/aluminium-7075-supplier-india.html,Do not create in final batch
Aluminium,Aluminium 7075,flats,,,Kenya,export_country,Missing but low value,/materials/aluminium-7075-supplier-india.html,Do not create in final batch
Aluminium,Aluminium 7075,flats,,,Tanzania,export_country,Missing but low value,/materials/aluminium-7075-supplier-india.html,Do not create in final batch
Aluminium,Aluminium 7075,flats,,,Nigeria,export_country,Missing but low value,/materials/aluminium-7075-supplier-india.html,Do not create in final batch
Aluminium,Aluminium 7075,flats,,,Mauritius,export_country,Missing but low value,/materials/aluminium-7075-supplier-india.html,Do not create in final batch
Aluminium,Aluminium 7075,flats,,,Australia,export_country,Not recommended,/materials/aluminium-7075-supplier-india.html,Do not create
Aluminium,Aluminium 7075,flats,,,New Zealand,export_country,Missing but low value,/materials/aluminium-7075-supplier-india.html,Do not create in final batch
Aluminium,Aluminium 7075,tubes,,,UAE,export_country,Duplicate / cannibalizing risk,/materials/aluminium-7075-supplier-india.html,Hold unless Search Console shows demand
Aluminium,Aluminium 7075,tubes,,,Saudi Arabia,export_country,Duplicate / cannibalizing risk,/materials/aluminium-7075-supplier-india.html,Hold unless Search Console shows demand
Aluminium,Aluminium 7075,tubes,,,Qatar,export_country,Duplicate / cannibalizing risk,/materials/aluminium-7075-supplier-india.html,Hold unless Search Console shows demand
Aluminium,Aluminium 7075,tubes,,,Oman,export_country,Missing but low value,/materials/aluminium-7075-supplier-india.html,Do not create in final batch
Aluminium,Aluminium 7075,tubes,,,Kuwait,export_country,Missing but low value,/materials/aluminium-7075-supplier-india.html,Do not create in final batch
Aluminium,Aluminium 7075,tubes,,,Bahrain,export_country,Missing but low value,/materials/aluminium-7075-supplier-india.html,Do not create in final batch
Aluminium,Aluminium 7075,tubes,,,Singapore,export_country,Duplicate / cannibalizing risk,/materials/aluminium-7075-supplier-india.html,Hold unless Search Console shows demand
Aluminium,Aluminium 7075,tubes,,,Malaysia,export_country,Missing but low value,/materials/aluminium-7075-supplier-india.html,Do not create in final batch
Aluminium,Aluminium 7075,tubes,,,Indonesia,export_country,Missing but low value,/materials/aluminium-7075-supplier-india.html,Do not create in final batch
Aluminium,Aluminium 7075,tubes,,,Thailand,export_country,Missing but low value,/materials/aluminium-7075-supplier-india.html,Do not create in final batch
Aluminium,Aluminium 7075,tubes,,,Vietnam,export_country,Missing but low value,/materials/aluminium-7075-supplier-india.html,Do not create in final batch
Aluminium,Aluminium 7075,tubes,,,Philippines,export_country,Missing but low value,/materials/aluminium-7075-supplier-india.html,Do not create in final batch
Aluminium,Aluminium 7075,tubes,,,South Korea,export_country,Missing but low value,/materials/aluminium-7075-supplier-india.html,Do not create in final batch
Aluminium,Aluminium 7075,tubes,,,Japan,export_country,Missing but low value,/materials/aluminium-7075-supplier-india.html,Do not create in final batch
Aluminium,Aluminium 7075,tubes,,,Taiwan,export_country,Missing but low value,/materials/aluminium-7075-supplier-india.html,Do not create in final batch
Aluminium,Aluminium 7075,tubes,,,Germany,export_country,Missing but low value,/materials/aluminium-7075-supplier-india.html,Do not create in final batch
Aluminium,Aluminium 7075,tubes,,,Netherlands,export_country,Missing but low value,/materials/aluminium-7075-supplier-india.html,Do not create in final batch
Aluminium,Aluminium 7075,tubes,,,United Kingdom,export_country,Missing but low value,/materials/aluminium-7075-supplier-india.html,Do not create in final batch
Aluminium,Aluminium 7075,tubes,,,Italy,export_country,Missing but low value,/materials/aluminium-7075-supplier-india.html,Do not create in final batch
Aluminium,Aluminium 7075,tubes,,,Spain,export_country,Missing but low value,/materials/aluminium-7075-supplier-india.html,Do not create in final batch
Aluminium,Aluminium 7075,tubes,,,Poland,export_country,Missing but low value,/materials/aluminium-7075-supplier-india.html,Do not create in final batch
Aluminium,Aluminium 7075,tubes,,,United States,export_country,Missing but low value,/materials/aluminium-7075-supplier-india.html,Do not create in final batch
Aluminium,Aluminium 7075,tubes,,,Canada,export_country,Missing but low value,/materials/aluminium-7075-supplier-india.html,Do not create in final batch
Aluminium,Aluminium 7075,tubes,,,Mexico,export_country,Missing but low value,/materials/aluminium-7075-supplier-india.html,Do not create in final batch
Aluminium,Aluminium 7075,tubes,,,Brazil,export_country,Missing but low value,/materials/aluminium-7075-supplier-india.html,Do not create in final batch
Aluminium,Aluminium 7075,tubes,,,South Africa,export_country,Missing but low value,/materials/aluminium-7075-supplier-india.html,Do not create in final batch
Aluminium,Aluminium 7075,tubes,,,Egypt,export_country,Missing but low value,/materials/aluminium-7075-supplier-india.html,Do not create in final batch
Aluminium,Aluminium 7075,tubes,,,Kenya,export_country,Missing but low value,/materials/aluminium-7075-supplier-india.html,Do not create in final batch
Aluminium,Aluminium 7075,tubes,,,Tanzania,export_country,Missing but low value,/materials/aluminium-7075-supplier-india.html,Do not create in final batch
Aluminium,Aluminium 7075,tubes,,,Nigeria,export_country,Missing but low value,/materials/aluminium-7075-supplier-india.html,Do not create in final batch
Aluminium,Aluminium 7075,tubes,,,Mauritius,export_country,Missing but low value,/materials/aluminium-7075-supplier-india.html,Do not create in final batch
Aluminium,Aluminium 7075,tubes,,,Australia,export_country,Missing but low value,/materials/aluminium-7075-supplier-india.html,Do not create in final batch
Aluminium,Aluminium 7075,tubes,,,New Zealand,export_country,Missing but low value,/materials/aluminium-7075-supplier-india.html,Do not create in final batch
Aluminium,Aluminium 7075,flanges,,,UAE,export_country,Duplicate / cannibalizing risk,/materials/aluminium-7075-supplier-india.html,Hold unless Search Console shows demand
Aluminium,Aluminium 7075,flanges,,,Saudi Arabia,export_country,Duplicate / cannibalizing risk,/materials/aluminium-7075-supplier-india.html,Hold unless Search Console shows demand
Aluminium,Aluminium 7075,flanges,,,Qatar,export_country,Duplicate / cannibalizing risk,/materials/aluminium-7075-supplier-india.html,Hold unless Search Console shows demand
Aluminium,Aluminium 7075,flanges,,,Oman,export_country,Missing but low value,/materials/aluminium-7075-supplier-india.html,Do not create in final batch
Aluminium,Aluminium 7075,flanges,,,Kuwait,export_country,Missing but low value,/materials/aluminium-7075-supplier-india.html,Do not create in final batch
Aluminium,Aluminium 7075,flanges,,,Bahrain,export_country,Missing but low value,/materials/aluminium-7075-supplier-india.html,Do not create in final batch
Aluminium,Aluminium 7075,flanges,,,Singapore,export_country,Duplicate / cannibalizing risk,/materials/aluminium-7075-supplier-india.html,Hold unless Search Console shows demand
Aluminium,Aluminium 7075,flanges,,,Malaysia,export_country,Missing but low value,/materials/aluminium-7075-supplier-india.html,Do not create in final batch
Aluminium,Aluminium 7075,flanges,,,Indonesia,export_country,Missing but low value,/materials/aluminium-7075-supplier-india.html,Do not create in final batch
Aluminium,Aluminium 7075,flanges,,,Thailand,export_country,Missing but low value,/materials/aluminium-7075-supplier-india.html,Do not create in final batch
Aluminium,Aluminium 7075,flanges,,,Vietnam,export_country,Missing but low value,/materials/aluminium-7075-supplier-india.html,Do not create in final batch
Aluminium,Aluminium 7075,flanges,,,Philippines,export_country,Missing but low value,/materials/aluminium-7075-supplier-india.html,Do not create in final batch
Aluminium,Aluminium 7075,flanges,,,South Korea,export_country,Missing but low value,/materials/aluminium-7075-supplier-india.html,Do not create in final batch
Aluminium,Aluminium 7075,flanges,,,Japan,export_country,Missing but low value,/materials/aluminium-7075-supplier-india.html,Do not create in final batch
Aluminium,Aluminium 7075,flanges,,,Taiwan,export_country,Missing but low value,/materials/aluminium-7075-supplier-india.html,Do not create in final batch
Aluminium,Aluminium 7075,flanges,,,Germany,export_country,Missing but low value,/materials/aluminium-7075-supplier-india.html,Do not create in final batch
Aluminium,Aluminium 7075,flanges,,,Netherlands,export_country,Missing but low value,/materials/aluminium-7075-supplier-india.html,Do not create in final batch
Aluminium,Aluminium 7075,flanges,,,United Kingdom,export_country,Missing but low value,/materials/aluminium-7075-supplier-india.html,Do not create in final batch
Aluminium,Aluminium 7075,flanges,,,Italy,export_country,Missing but low value,/materials/aluminium-7075-supplier-india.html,Do not create in final batch
Aluminium,Aluminium 7075,flanges,,,Spain,export_country,Missing but low value,/materials/aluminium-7075-supplier-india.html,Do not create in final batch
Aluminium,Aluminium 7075,flanges,,,Poland,export_country,Missing but low value,/materials/aluminium-7075-supplier-india.html,Do not create in final batch
Aluminium,Aluminium 7075,flanges,,,United States,export_country,Missing but low value,/materials/aluminium-7075-supplier-india.html,Do not create in final batch
Aluminium,Aluminium 7075,flanges,,,Canada,export_country,Missing but low value,/materials/aluminium-7075-supplier-india.html,Do not create in final batch
Aluminium,Aluminium 7075,flanges,,,Mexico,export_country,Missing but low value,/materials/aluminium-7075-supplier-india.html,Do not create in final batch
Aluminium,Aluminium 7075,flanges,,,Brazil,export_country,Missing but low value,/materials/aluminium-7075-supplier-india.html,Do not create in final batch
Aluminium,Aluminium 7075,flanges,,,South Africa,export_country,Missing but low value,/materials/aluminium-7075-supplier-india.html,Do not create in final batch
Aluminium,Aluminium 7075,flanges,,,Egypt,export_country,Missing but low value,/materials/aluminium-7075-supplier-india.html,Do not create in final batch
Aluminium,Aluminium 7075,flanges,,,Kenya,export_country,Missing but low value,/materials/aluminium-7075-supplier-india.html,Do not create in final batch
Aluminium,Aluminium 7075,flanges,,,Tanzania,export_country,Missing but low value,/materials/aluminium-7075-supplier-india.html,Do not create in final batch
Aluminium,Aluminium 7075,flanges,,,Nigeria,export_country,Missing but low value,/materials/aluminium-7075-supplier-india.html,Do not create in final batch
Aluminium,Aluminium 7075,flanges,,,Mauritius,export_country,Missing but low value,/materials/aluminium-7075-supplier-india.html,Do not create in final batch
Aluminium,Aluminium 7075,flanges,,,Australia,export_country,Missing but low value,/materials/aluminium-7075-supplier-india.html,Do not create in final batch
Aluminium,Aluminium 7075,flanges,,,New Zealand,export_country,Missing but low value,/materials/aluminium-7075-supplier-india.html,Do not create in final batch
Aluminium,Aluminium 7075,fittings,,,UAE,export_country,Duplicate / cannibalizing risk,/materials/aluminium-7075-supplier-india.html,Hold unless Search Console shows demand
Aluminium,Aluminium 7075,fittings,,,Saudi Arabia,export_country,Duplicate / cannibalizing risk,/materials/aluminium-7075-supplier-india.html,Hold unless Search Console shows demand
Aluminium,Aluminium 7075,fittings,,,Qatar,export_country,Duplicate / cannibalizing risk,/materials/aluminium-7075-supplier-india.html,Hold unless Search Console shows demand
Aluminium,Aluminium 7075,fittings,,,Oman,export_country,Missing but low value,/materials/aluminium-7075-supplier-india.html,Do not create in final batch
Aluminium,Aluminium 7075,fittings,,,Kuwait,export_country,Missing but low value,/materials/aluminium-7075-supplier-india.html,Do not create in final batch
Aluminium,Aluminium 7075,fittings,,,Bahrain,export_country,Missing but low value,/materials/aluminium-7075-supplier-india.html,Do not create in final batch
Aluminium,Aluminium 7075,fittings,,,Singapore,export_country,Duplicate / cannibalizing risk,/materials/aluminium-7075-supplier-india.html,Hold unless Search Console shows demand
Aluminium,Aluminium 7075,fittings,,,Malaysia,export_country,Missing but low value,/materials/aluminium-7075-supplier-india.html,Do not create in final batch
Aluminium,Aluminium 7075,fittings,,,Indonesia,export_country,Missing but low value,/materials/aluminium-7075-supplier-india.html,Do not create in final batch
Aluminium,Aluminium 7075,fittings,,,Thailand,export_country,Missing but low value,/materials/aluminium-7075-supplier-india.html,Do not create in final batch
Aluminium,Aluminium 7075,fittings,,,Vietnam,export_country,Missing but low value,/materials/aluminium-7075-supplier-india.html,Do not create in final batch
Aluminium,Aluminium 7075,fittings,,,Philippines,export_country,Missing but low value,/materials/aluminium-7075-supplier-india.html,Do not create in final batch
Aluminium,Aluminium 7075,fittings,,,South Korea,export_country,Missing but low value,/materials/aluminium-7075-supplier-india.html,Do not create in final batch
Aluminium,Aluminium 7075,fittings,,,Japan,export_country,Missing but low value,/materials/aluminium-7075-supplier-india.html,Do not create in final batch
Aluminium,Aluminium 7075,fittings,,,Taiwan,export_country,Missing but low value,/materials/aluminium-7075-supplier-india.html,Do not create in final batch
Aluminium,Aluminium 7075,fittings,,,Germany,export_country,Missing but low value,/materials/aluminium-7075-supplier-india.html,Do not create in final batch
Aluminium,Aluminium 7075,fittings,,,Netherlands,export_country,Missing but low value,/materials/aluminium-7075-supplier-india.html,Do not create in final batch
Aluminium,Aluminium 7075,fittings,,,United Kingdom,export_country,Missing but low value,/materials/aluminium-7075-supplier-india.html,Do not create in final batch
Aluminium,Aluminium 7075,fittings,,,Italy,export_country,Missing but low value,/materials/aluminium-7075-supplier-india.html,Do not create in final batch
Aluminium,Aluminium 7075,fittings,,,Spain,export_country,Missing but low value,/materials/aluminium-7075-supplier-india.html,Do not create in final batch
Aluminium,Aluminium 7075,fittings,,,Poland,export_country,Missing but low value,/materials/aluminium-7075-supplier-india.html,Do not create in final batch
Aluminium,Aluminium 7075,fittings,,,United States,export_country,Missing but low value,/materials/aluminium-7075-supplier-india.html,Do not create in final batch
Aluminium,Aluminium 7075,fittings,,,Canada,export_country,Missing but low value,/materials/aluminium-7075-supplier-india.html,Do not create in final batch
Aluminium,Aluminium 7075,fittings,,,Mexico,export_country,Missing but low value,/materials/aluminium-7075-supplier-india.html,Do not create in final batch
Aluminium,Aluminium 7075,fittings,,,Brazil,export_country,Missing but low value,/materials/aluminium-7075-supplier-india.html,Do not create in final batch
Aluminium,Aluminium 7075,fittings,,,South Africa,export_country,Missing but low value,/materials/aluminium-7075-supplier-india.html,Do not create in final batch
Aluminium,Aluminium 7075,fittings,,,Egypt,export_country,Missing but low value,/materials/aluminium-7075-supplier-india.html,Do not create in final batch
Aluminium,Aluminium 7075,fittings,,,Kenya,export_country,Missing but low value,/materials/aluminium-7075-supplier-india.html,Do not create in final batch
Aluminium,Aluminium 7075,fittings,,,Tanzania,export_country,Missing but low value,/materials/aluminium-7075-supplier-india.html,Do not create in final batch
Aluminium,Aluminium 7075,fittings,,,Nigeria,export_country,Missing but low value,/materials/aluminium-7075-supplier-india.html,Do not create in final batch
Aluminium,Aluminium 7075,fittings,,,Mauritius,export_country,Missing but low value,/materials/aluminium-7075-supplier-india.html,Do not create in final batch
Aluminium,Aluminium 7075,fittings,,,Australia,export_country,Missing but low value,/materials/aluminium-7075-supplier-india.html,Do not create in final batch
Aluminium,Aluminium 7075,fittings,,,New Zealand,export_country,Missing but low value,/materials/aluminium-7075-supplier-india.html,Do not create in final batch
Copper,Copper C101,sheets,Navi Mumbai,Maharashtra,,india_city,Not recommended,/materials/copper-c101-supplier-india.html,Do not create
Copper,Copper C101,sheets,Thane,Maharashtra,,india_city,Not recommended,/materials/copper-c101-supplier-india.html,Do not create
Copper,Copper C101,sheets,Nashik,Maharashtra,,india_city,Not recommended,/materials/copper-c101-supplier-india.html,Do not create
Copper,Copper C101,sheets,Chhatrapati Sambhajinagar / Aurangabad,Maharashtra,,india_city,Not recommended,/materials/copper-c101-supplier-india.html,Do not create
Copper,Copper C101,sheets,Nagpur / Butibori,Maharashtra,,india_city,Not recommended,/materials/copper-c101-supplier-india.html,Do not create
Copper,Copper C101,sheets,Hazira,Gujarat,,india_city,Not recommended,/materials/copper-c101-supplier-india.html,Do not create
Copper,Copper C101,sheets,Rajkot,Gujarat,,india_city,Not recommended,/materials/copper-c101-supplier-india.html,Do not create
Copper,Copper C101,sheets,Jamnagar,Gujarat,,india_city,Not recommended,/materials/copper-c101-supplier-india.html,Do not create
Copper,Copper C101,sheets,Sriperumbudur,Tamil Nadu,,india_city,Not recommended,/materials/copper-c101-supplier-india.html,Do not create
Copper,Copper C101,sheets,Oragadam,Tamil Nadu,,india_city,Not recommended,/materials/copper-c101-supplier-india.html,Do not create
Copper,Copper C101,sheets,Hosur,Tamil Nadu,,india_city,Not recommended,/materials/copper-c101-supplier-india.html,Do not create
Copper,Copper C101,sheets,Salem,Tamil Nadu,,india_city,Not recommended,/materials/copper-c101-supplier-india.html,Do not create
Copper,Copper C101,sheets,Trichy,Tamil Nadu,,india_city,Not recommended,/materials/copper-c101-supplier-india.html,Do not create
Copper,Copper C101,sheets,Bommasandra,Karnataka,,india_city,Not recommended,/materials/copper-c101-supplier-india.html,Do not create
Copper,Copper C101,sheets,Mysuru,Karnataka,,india_city,Not recommended,/materials/copper-c101-supplier-india.html,Do not create
Copper,Copper C101,sheets,Mangaluru,Karnataka,,india_city,Not recommended,/materials/copper-c101-supplier-india.html,Do not create
Copper,Copper C101,sheets,Secunderabad,Telangana,,india_city,Not recommended,/materials/copper-c101-supplier-india.html,Do not create
Copper,Copper C101,sheets,Kakinada,Andhra Pradesh,,india_city,Not recommended,/materials/copper-c101-supplier-india.html,Do not create
Copper,Copper C101,sheets,Vijayawada,Andhra Pradesh,,india_city,Not recommended,/materials/copper-c101-supplier-india.html,Do not create
Copper,Copper C101,sheets,Greater Noida,Uttar Pradesh,,india_city,Not recommended,/materials/copper-c101-supplier-india.html,Do not create
Copper,Copper C101,sheets,Ghaziabad,Uttar Pradesh,,india_city,Not recommended,/materials/copper-c101-supplier-india.html,Do not create
Copper,Copper C101,sheets,Bhiwadi,Rajasthan,,india_city,Not recommended,/materials/copper-c101-supplier-india.html,Do not create
Copper,Copper C101,sheets,Neemrana,Rajasthan,,india_city,Not recommended,/materials/copper-c101-supplier-india.html,Do not create
Copper,Copper C101,sheets,Jaipur,Rajasthan,,india_city,Not recommended,/materials/copper-c101-supplier-india.html,Do not create
Copper,Copper C101,sheets,Indore,Madhya Pradesh,,india_city,Not recommended,/materials/copper-c101-supplier-india.html,Do not create
Copper,Copper C101,sheets,Pithampur,Madhya Pradesh,,india_city,Not recommended,/materials/copper-c101-supplier-india.html,Do not create
Copper,Copper C101,sheets,Bhopal / Mandideep,Madhya Pradesh,,india_city,Not recommended,/materials/copper-c101-supplier-india.html,Do not create
Copper,Copper C101,sheets,Kolkata,West Bengal,,india_city,Not recommended,/materials/copper-c101-supplier-india.html,Do not create
Copper,Copper C101,sheets,Howrah,West Bengal,,india_city,Not recommended,/materials/copper-c101-supplier-india.html,Do not create
Copper,Copper C101,sheets,Durgapur,West Bengal,,india_city,Not recommended,/materials/copper-c101-supplier-india.html,Do not create
Copper,Copper C101,sheets,Jamshedpur,Jharkhand,,india_city,Not recommended,/materials/copper-c101-supplier-india.html,Do not create
Copper,Copper C101,sheets,Ludhiana,Punjab,,india_city,Not recommended,/materials/copper-c101-supplier-india.html,Do not create
Copper,Copper C101,sheets,Jalandhar,Punjab,,india_city,Missing but low value,/materials/copper-c101-supplier-india.html,Do not create in final batch
Copper,Copper C101,sheets,Kochi,Kerala,,india_city,Missing but low value,/materials/copper-c101-supplier-india.html,Do not create in final batch
Copper,Copper C101,sheets,Bhubaneswar,Odisha,,india_city,Not recommended,/materials/copper-c101-supplier-india.html,Do not create
Copper,Copper C101,sheets,Rourkela,Odisha,,india_city,Not recommended,/materials/copper-c101-supplier-india.html,Do not create
Copper,Copper C101,rods,Navi Mumbai,Maharashtra,,india_city,Not recommended,/materials/copper-c101-supplier-india.html,Do not create
Copper,Copper C101,rods,Thane,Maharashtra,,india_city,Not recommended,/materials/copper-c101-supplier-india.html,Do not create
Copper,Copper C101,rods,Nashik,Maharashtra,,india_city,Not recommended,/materials/copper-c101-supplier-india.html,Do not create
Copper,Copper C101,rods,Chhatrapati Sambhajinagar / Aurangabad,Maharashtra,,india_city,Not recommended,/materials/copper-c101-supplier-india.html,Do not create
Copper,Copper C101,rods,Nagpur / Butibori,Maharashtra,,india_city,Not recommended,/materials/copper-c101-supplier-india.html,Do not create
Copper,Copper C101,rods,Hazira,Gujarat,,india_city,Not recommended,/materials/copper-c101-supplier-india.html,Do not create
Copper,Copper C101,rods,Rajkot,Gujarat,,india_city,Not recommended,/materials/copper-c101-supplier-india.html,Do not create
Copper,Copper C101,rods,Jamnagar,Gujarat,,india_city,Not recommended,/materials/copper-c101-supplier-india.html,Do not create
Copper,Copper C101,rods,Sriperumbudur,Tamil Nadu,,india_city,Not recommended,/materials/copper-c101-supplier-india.html,Do not create
Copper,Copper C101,rods,Oragadam,Tamil Nadu,,india_city,Not recommended,/materials/copper-c101-supplier-india.html,Do not create
Copper,Copper C101,rods,Hosur,Tamil Nadu,,india_city,Not recommended,/materials/copper-c101-supplier-india.html,Do not create
Copper,Copper C101,rods,Salem,Tamil Nadu,,india_city,Not recommended,/materials/copper-c101-supplier-india.html,Do not create
Copper,Copper C101,rods,Trichy,Tamil Nadu,,india_city,Not recommended,/materials/copper-c101-supplier-india.html,Do not create
Copper,Copper C101,rods,Bommasandra,Karnataka,,india_city,Not recommended,/materials/copper-c101-supplier-india.html,Do not create
Copper,Copper C101,rods,Mysuru,Karnataka,,india_city,Not recommended,/materials/copper-c101-supplier-india.html,Do not create
Copper,Copper C101,rods,Mangaluru,Karnataka,,india_city,Not recommended,/materials/copper-c101-supplier-india.html,Do not create
Copper,Copper C101,rods,Secunderabad,Telangana,,india_city,Not recommended,/materials/copper-c101-supplier-india.html,Do not create
Copper,Copper C101,rods,Kakinada,Andhra Pradesh,,india_city,Not recommended,/materials/copper-c101-supplier-india.html,Do not create
Copper,Copper C101,rods,Vijayawada,Andhra Pradesh,,india_city,Not recommended,/materials/copper-c101-supplier-india.html,Do not create
Copper,Copper C101,rods,Greater Noida,Uttar Pradesh,,india_city,Not recommended,/materials/copper-c101-supplier-india.html,Do not create
Copper,Copper C101,rods,Ghaziabad,Uttar Pradesh,,india_city,Not recommended,/materials/copper-c101-supplier-india.html,Do not create
Copper,Copper C101,rods,Bhiwadi,Rajasthan,,india_city,Not recommended,/materials/copper-c101-supplier-india.html,Do not create
Copper,Copper C101,rods,Neemrana,Rajasthan,,india_city,Not recommended,/materials/copper-c101-supplier-india.html,Do not create
Copper,Copper C101,rods,Jaipur,Rajasthan,,india_city,Not recommended,/materials/copper-c101-supplier-india.html,Do not create
Copper,Copper C101,rods,Indore,Madhya Pradesh,,india_city,Not recommended,/materials/copper-c101-supplier-india.html,Do not create
Copper,Copper C101,rods,Pithampur,Madhya Pradesh,,india_city,Not recommended,/materials/copper-c101-supplier-india.html,Do not create
Copper,Copper C101,rods,Bhopal / Mandideep,Madhya Pradesh,,india_city,Not recommended,/materials/copper-c101-supplier-india.html,Do not create
Copper,Copper C101,rods,Kolkata,West Bengal,,india_city,Not recommended,/materials/copper-c101-supplier-india.html,Do not create
Copper,Copper C101,rods,Howrah,West Bengal,,india_city,Not recommended,/materials/copper-c101-supplier-india.html,Do not create
Copper,Copper C101,rods,Durgapur,West Bengal,,india_city,Not recommended,/materials/copper-c101-supplier-india.html,Do not create
Copper,Copper C101,rods,Jamshedpur,Jharkhand,,india_city,Not recommended,/materials/copper-c101-supplier-india.html,Do not create
Copper,Copper C101,rods,Ludhiana,Punjab,,india_city,Not recommended,/materials/copper-c101-supplier-india.html,Do not create
Copper,Copper C101,rods,Jalandhar,Punjab,,india_city,Missing but low value,/materials/copper-c101-supplier-india.html,Do not create in final batch
Copper,Copper C101,rods,Kochi,Kerala,,india_city,Missing but low value,/materials/copper-c101-supplier-india.html,Do not create in final batch
Copper,Copper C101,rods,Bhubaneswar,Odisha,,india_city,Not recommended,/materials/copper-c101-supplier-india.html,Do not create
Copper,Copper C101,rods,Rourkela,Odisha,,india_city,Not recommended,/materials/copper-c101-supplier-india.html,Do not create
Copper,Copper C101,flats,Navi Mumbai,Maharashtra,,india_city,Not recommended,/materials/copper-c101-supplier-india.html,Do not create
Copper,Copper C101,flats,Thane,Maharashtra,,india_city,Not recommended,/materials/copper-c101-supplier-india.html,Do not create
Copper,Copper C101,flats,Nashik,Maharashtra,,india_city,Not recommended,/materials/copper-c101-supplier-india.html,Do not create
Copper,Copper C101,flats,Chhatrapati Sambhajinagar / Aurangabad,Maharashtra,,india_city,Not recommended,/materials/copper-c101-supplier-india.html,Do not create
Copper,Copper C101,flats,Nagpur / Butibori,Maharashtra,,india_city,Not recommended,/materials/copper-c101-supplier-india.html,Do not create
Copper,Copper C101,flats,Hazira,Gujarat,,india_city,Not recommended,/materials/copper-c101-supplier-india.html,Do not create
Copper,Copper C101,flats,Rajkot,Gujarat,,india_city,Not recommended,/materials/copper-c101-supplier-india.html,Do not create
Copper,Copper C101,flats,Jamnagar,Gujarat,,india_city,Not recommended,/materials/copper-c101-supplier-india.html,Do not create
Copper,Copper C101,flats,Sriperumbudur,Tamil Nadu,,india_city,Not recommended,/materials/copper-c101-supplier-india.html,Do not create
Copper,Copper C101,flats,Oragadam,Tamil Nadu,,india_city,Not recommended,/materials/copper-c101-supplier-india.html,Do not create
Copper,Copper C101,flats,Hosur,Tamil Nadu,,india_city,Not recommended,/materials/copper-c101-supplier-india.html,Do not create
Copper,Copper C101,flats,Salem,Tamil Nadu,,india_city,Not recommended,/materials/copper-c101-supplier-india.html,Do not create
Copper,Copper C101,flats,Trichy,Tamil Nadu,,india_city,Not recommended,/materials/copper-c101-supplier-india.html,Do not create
Copper,Copper C101,flats,Bommasandra,Karnataka,,india_city,Not recommended,/materials/copper-c101-supplier-india.html,Do not create
Copper,Copper C101,flats,Mysuru,Karnataka,,india_city,Not recommended,/materials/copper-c101-supplier-india.html,Do not create
Copper,Copper C101,flats,Mangaluru,Karnataka,,india_city,Not recommended,/materials/copper-c101-supplier-india.html,Do not create
Copper,Copper C101,flats,Secunderabad,Telangana,,india_city,Not recommended,/materials/copper-c101-supplier-india.html,Do not create
Copper,Copper C101,flats,Kakinada,Andhra Pradesh,,india_city,Not recommended,/materials/copper-c101-supplier-india.html,Do not create
Copper,Copper C101,flats,Vijayawada,Andhra Pradesh,,india_city,Not recommended,/materials/copper-c101-supplier-india.html,Do not create
Copper,Copper C101,flats,Greater Noida,Uttar Pradesh,,india_city,Not recommended,/materials/copper-c101-supplier-india.html,Do not create
Copper,Copper C101,flats,Ghaziabad,Uttar Pradesh,,india_city,Not recommended,/materials/copper-c101-supplier-india.html,Do not create
Copper,Copper C101,flats,Bhiwadi,Rajasthan,,india_city,Not recommended,/materials/copper-c101-supplier-india.html,Do not create
Copper,Copper C101,flats,Neemrana,Rajasthan,,india_city,Not recommended,/materials/copper-c101-supplier-india.html,Do not create
Copper,Copper C101,flats,Jaipur,Rajasthan,,india_city,Not recommended,/materials/copper-c101-supplier-india.html,Do not create
Copper,Copper C101,flats,Indore,Madhya Pradesh,,india_city,Not recommended,/materials/copper-c101-supplier-india.html,Do not create
Copper,Copper C101,flats,Pithampur,Madhya Pradesh,,india_city,Not recommended,/materials/copper-c101-supplier-india.html,Do not create
Copper,Copper C101,flats,Bhopal / Mandideep,Madhya Pradesh,,india_city,Not recommended,/materials/copper-c101-supplier-india.html,Do not create
Copper,Copper C101,flats,Kolkata,West Bengal,,india_city,Not recommended,/materials/copper-c101-supplier-india.html,Do not create
Copper,Copper C101,flats,Howrah,West Bengal,,india_city,Not recommended,/materials/copper-c101-supplier-india.html,Do not create
Copper,Copper C101,flats,Durgapur,West Bengal,,india_city,Not recommended,/materials/copper-c101-supplier-india.html,Do not create
Copper,Copper C101,flats,Jamshedpur,Jharkhand,,india_city,Not recommended,/materials/copper-c101-supplier-india.html,Do not create
Copper,Copper C101,flats,Ludhiana,Punjab,,india_city,Not recommended,/materials/copper-c101-supplier-india.html,Do not create
Copper,Copper C101,flats,Jalandhar,Punjab,,india_city,Missing but low value,/materials/copper-c101-supplier-india.html,Do not create in final batch
Copper,Copper C101,flats,Kochi,Kerala,,india_city,Missing but low value,/materials/copper-c101-supplier-india.html,Do not create in final batch
Copper,Copper C101,flats,Bhubaneswar,Odisha,,india_city,Not recommended,/materials/copper-c101-supplier-india.html,Do not create
Copper,Copper C101,flats,Rourkela,Odisha,,india_city,Not recommended,/materials/copper-c101-supplier-india.html,Do not create
Copper,Copper C101,tubes,Mumbai,Maharashtra,,india_city,Missing but low value,/materials/copper-c101-supplier-india.html,Do not create in final batch
Copper,Copper C101,tubes,Navi Mumbai,Maharashtra,,india_city,Missing but low value,/materials/copper-c101-supplier-india.html,Do not create in final batch
Copper,Copper C101,tubes,Thane,Maharashtra,,india_city,Missing but low value,/materials/copper-c101-supplier-india.html,Do not create in final batch
Copper,Copper C101,tubes,Pune,Maharashtra,,india_city,Missing but low value,/materials/copper-c101-supplier-india.html,Do not create in final batch
Copper,Copper C101,tubes,Chakan,Maharashtra,,india_city,Missing but low value,/materials/copper-c101-supplier-india.html,Do not create in final batch
Copper,Copper C101,tubes,PCMC,Maharashtra,,india_city,Missing but low value,/materials/copper-c101-supplier-india.html,Do not create in final batch
Copper,Copper C101,tubes,Nashik,Maharashtra,,india_city,Missing but low value,/materials/copper-c101-supplier-india.html,Do not create in final batch
Copper,Copper C101,tubes,Chhatrapati Sambhajinagar / Aurangabad,Maharashtra,,india_city,Missing but low value,/materials/copper-c101-supplier-india.html,Do not create in final batch
Copper,Copper C101,tubes,Nagpur / Butibori,Maharashtra,,india_city,Missing but low value,/materials/copper-c101-supplier-india.html,Do not create in final batch
Copper,Copper C101,tubes,Ahmedabad,Gujarat,,india_city,Missing but low value,/materials/copper-c101-supplier-india.html,Do not create in final batch
Copper,Copper C101,tubes,Sanand,Gujarat,,india_city,Missing but low value,/materials/copper-c101-supplier-india.html,Do not create in final batch
Copper,Copper C101,tubes,Vadodara,Gujarat,,india_city,Missing but low value,/materials/copper-c101-supplier-india.html,Do not create in final batch
Copper,Copper C101,tubes,Surat,Gujarat,,india_city,Missing but low value,/materials/copper-c101-supplier-india.html,Do not create in final batch
Copper,Copper C101,tubes,Hazira,Gujarat,,india_city,Missing but low value,/materials/copper-c101-supplier-india.html,Do not create in final batch
Copper,Copper C101,tubes,Ankleshwar,Gujarat,,india_city,Missing but low value,/materials/copper-c101-supplier-india.html,Do not create in final batch
Copper,Copper C101,tubes,Bharuch,Gujarat,,india_city,Missing but low value,/materials/copper-c101-supplier-india.html,Do not create in final batch
Copper,Copper C101,tubes,Vapi,Gujarat,,india_city,Missing but low value,/materials/copper-c101-supplier-india.html,Do not create in final batch
Copper,Copper C101,tubes,Rajkot,Gujarat,,india_city,Missing but low value,/materials/copper-c101-supplier-india.html,Do not create in final batch
Copper,Copper C101,tubes,Jamnagar,Gujarat,,india_city,Missing but low value,/materials/copper-c101-supplier-india.html,Do not create in final batch
Copper,Copper C101,tubes,Chennai,Tamil Nadu,,india_city,Missing but low value,/materials/copper-c101-supplier-india.html,Do not create in final batch
Copper,Copper C101,tubes,Sriperumbudur,Tamil Nadu,,india_city,Missing but low value,/materials/copper-c101-supplier-india.html,Do not create in final batch
Copper,Copper C101,tubes,Oragadam,Tamil Nadu,,india_city,Missing but low value,/materials/copper-c101-supplier-india.html,Do not create in final batch
Copper,Copper C101,tubes,Coimbatore,Tamil Nadu,,india_city,Missing but low value,/materials/copper-c101-supplier-india.html,Do not create in final batch
Copper,Copper C101,tubes,Hosur,Tamil Nadu,,india_city,Missing but low value,/materials/copper-c101-supplier-india.html,Do not create in final batch
Copper,Copper C101,tubes,Salem,Tamil Nadu,,india_city,Missing but low value,/materials/copper-c101-supplier-india.html,Do not create in final batch
Copper,Copper C101,tubes,Trichy,Tamil Nadu,,india_city,Missing but low value,/materials/copper-c101-supplier-india.html,Do not create in final batch
Copper,Copper C101,tubes,Bengaluru,Karnataka,,india_city,Missing but low value,/materials/copper-c101-supplier-india.html,Do not create in final batch
Copper,Copper C101,tubes,Peenya,Karnataka,,india_city,Missing but low value,/materials/copper-c101-supplier-india.html,Do not create in final batch
Copper,Copper C101,tubes,Bommasandra,Karnataka,,india_city,Missing but low value,/materials/copper-c101-supplier-india.html,Do not create in final batch
Copper,Copper C101,tubes,Mysuru,Karnataka,,india_city,Missing but low value,/materials/copper-c101-supplier-india.html,Do not create in final batch
Copper,Copper C101,tubes,Mangaluru,Karnataka,,india_city,Missing but low value,/materials/copper-c101-supplier-india.html,Do not create in final batch
Copper,Copper C101,tubes,Hyderabad,Telangana,,india_city,Missing but low value,/materials/copper-c101-supplier-india.html,Do not create in final batch
Copper,Copper C101,tubes,Secunderabad,Telangana,,india_city,Missing but low value,/materials/copper-c101-supplier-india.html,Do not create in final batch
Copper,Copper C101,tubes,Visakhapatnam,Andhra Pradesh,,india_city,Missing but low value,/materials/copper-c101-supplier-india.html,Do not create in final batch
Copper,Copper C101,tubes,Kakinada,Andhra Pradesh,,india_city,Missing but low value,/materials/copper-c101-supplier-india.html,Do not create in final batch
Copper,Copper C101,tubes,Vijayawada,Andhra Pradesh,,india_city,Missing but low value,/materials/copper-c101-supplier-india.html,Do not create in final batch
Copper,Copper C101,tubes,Delhi,Delhi NCR,,india_city,Missing but low value,/materials/copper-c101-supplier-india.html,Do not create in final batch
Copper,Copper C101,tubes,Gurugram,Haryana,,india_city,Missing but low value,/materials/copper-c101-supplier-india.html,Do not create in final batch
Copper,Copper C101,tubes,Faridabad,Haryana,,india_city,Missing but low value,/materials/copper-c101-supplier-india.html,Do not create in final batch
Copper,Copper C101,tubes,Noida,Uttar Pradesh,,india_city,Missing but low value,/materials/copper-c101-supplier-india.html,Do not create in final batch
Copper,Copper C101,tubes,Greater Noida,Uttar Pradesh,,india_city,Missing but low value,/materials/copper-c101-supplier-india.html,Do not create in final batch
Copper,Copper C101,tubes,Ghaziabad,Uttar Pradesh,,india_city,Missing but low value,/materials/copper-c101-supplier-india.html,Do not create in final batch
Copper,Copper C101,tubes,Bhiwadi,Rajasthan,,india_city,Missing but low value,/materials/copper-c101-supplier-india.html,Do not create in final batch
Copper,Copper C101,tubes,Neemrana,Rajasthan,,india_city,Missing but low value,/materials/copper-c101-supplier-india.html,Do not create in final batch
Copper,Copper C101,tubes,Jaipur,Rajasthan,,india_city,Missing but low value,/materials/copper-c101-supplier-india.html,Do not create in final batch
Copper,Copper C101,tubes,Indore,Madhya Pradesh,,india_city,Missing but low value,/materials/copper-c101-supplier-india.html,Do not create in final batch
Copper,Copper C101,tubes,Pithampur,Madhya Pradesh,,india_city,Missing but low value,/materials/copper-c101-supplier-india.html,Do not create in final batch
Copper,Copper C101,tubes,Bhopal / Mandideep,Madhya Pradesh,,india_city,Missing but low value,/materials/copper-c101-supplier-india.html,Do not create in final batch
Copper,Copper C101,tubes,Kolkata,West Bengal,,india_city,Missing but low value,/materials/copper-c101-supplier-india.html,Do not create in final batch
Copper,Copper C101,tubes,Howrah,West Bengal,,india_city,Missing but low value,/materials/copper-c101-supplier-india.html,Do not create in final batch
Copper,Copper C101,tubes,Durgapur,West Bengal,,india_city,Missing but low value,/materials/copper-c101-supplier-india.html,Do not create in final batch
Copper,Copper C101,tubes,Jamshedpur,Jharkhand,,india_city,Missing but low value,/materials/copper-c101-supplier-india.html,Do not create in final batch
Copper,Copper C101,tubes,Ludhiana,Punjab,,india_city,Missing but low value,/materials/copper-c101-supplier-india.html,Do not create in final batch
Copper,Copper C101,tubes,Jalandhar,Punjab,,india_city,Missing but low value,/materials/copper-c101-supplier-india.html,Do not create in final batch
Copper,Copper C101,tubes,Kochi,Kerala,,india_city,Missing but low value,/materials/copper-c101-supplier-india.html,Do not create in final batch
Copper,Copper C101,tubes,Bhubaneswar,Odisha,,india_city,Missing but low value,/materials/copper-c101-supplier-india.html,Do not create in final batch
Copper,Copper C101,tubes,Rourkela,Odisha,,india_city,Missing but low value,/materials/copper-c101-supplier-india.html,Do not create in final batch
Copper,Copper C110,sheets,Jalandhar,Punjab,,india_city,Not recommended,/materials/copper-c110-supplier-india.html,Do not create
Copper,Copper C110,sheets,Kochi,Kerala,,india_city,Not recommended,/materials/copper-c110-supplier-india.html,Do not create
Copper,Copper C110,rods,Jalandhar,Punjab,,india_city,Not recommended,/materials/copper-c110-supplier-india.html,Do not create
Copper,Copper C110,rods,Kochi,Kerala,,india_city,Not recommended,/materials/copper-c110-supplier-india.html,Do not create
Copper,Copper C110,flats,Jalandhar,Punjab,,india_city,Not recommended,/materials/copper-c110-supplier-india.html,Do not create
Copper,Copper C110,flats,Kochi,Kerala,,india_city,Not recommended,/materials/copper-c110-supplier-india.html,Do not create
Copper,Copper C110,tubes,Navi Mumbai,Maharashtra,,india_city,Not recommended,/materials/copper-c110-supplier-india.html,Do not create
Copper,Copper C110,tubes,Thane,Maharashtra,,india_city,Not recommended,/materials/copper-c110-supplier-india.html,Do not create
Copper,Copper C110,tubes,Nashik,Maharashtra,,india_city,Not recommended,/materials/copper-c110-supplier-india.html,Do not create
Copper,Copper C110,tubes,Chhatrapati Sambhajinagar / Aurangabad,Maharashtra,,india_city,Not recommended,/materials/copper-c110-supplier-india.html,Do not create
Copper,Copper C110,tubes,Nagpur / Butibori,Maharashtra,,india_city,Not recommended,/materials/copper-c110-supplier-india.html,Do not create
Copper,Copper C110,tubes,Hazira,Gujarat,,india_city,Not recommended,/materials/copper-c110-supplier-india.html,Do not create
Copper,Copper C110,tubes,Rajkot,Gujarat,,india_city,Not recommended,/materials/copper-c110-supplier-india.html,Do not create
Copper,Copper C110,tubes,Jamnagar,Gujarat,,india_city,Not recommended,/materials/copper-c110-supplier-india.html,Do not create
Copper,Copper C110,tubes,Sriperumbudur,Tamil Nadu,,india_city,Not recommended,/materials/copper-c110-supplier-india.html,Do not create
Copper,Copper C110,tubes,Oragadam,Tamil Nadu,,india_city,Not recommended,/materials/copper-c110-supplier-india.html,Do not create
Copper,Copper C110,tubes,Hosur,Tamil Nadu,,india_city,Not recommended,/materials/copper-c110-supplier-india.html,Do not create
Copper,Copper C110,tubes,Salem,Tamil Nadu,,india_city,Not recommended,/materials/copper-c110-supplier-india.html,Do not create
Copper,Copper C110,tubes,Trichy,Tamil Nadu,,india_city,Not recommended,/materials/copper-c110-supplier-india.html,Do not create
Copper,Copper C110,tubes,Bommasandra,Karnataka,,india_city,Not recommended,/materials/copper-c110-supplier-india.html,Do not create
Copper,Copper C110,tubes,Mysuru,Karnataka,,india_city,Not recommended,/materials/copper-c110-supplier-india.html,Do not create
Copper,Copper C110,tubes,Mangaluru,Karnataka,,india_city,Not recommended,/materials/copper-c110-supplier-india.html,Do not create
Copper,Copper C110,tubes,Secunderabad,Telangana,,india_city,Not recommended,/materials/copper-c110-supplier-india.html,Do not create
Copper,Copper C110,tubes,Kakinada,Andhra Pradesh,,india_city,Not recommended,/materials/copper-c110-supplier-india.html,Do not create
Copper,Copper C110,tubes,Vijayawada,Andhra Pradesh,,india_city,Not recommended,/materials/copper-c110-supplier-india.html,Do not create
Copper,Copper C110,tubes,Greater Noida,Uttar Pradesh,,india_city,Not recommended,/materials/copper-c110-supplier-india.html,Do not create
Copper,Copper C110,tubes,Ghaziabad,Uttar Pradesh,,india_city,Not recommended,/materials/copper-c110-supplier-india.html,Do not create
Copper,Copper C110,tubes,Bhiwadi,Rajasthan,,india_city,Not recommended,/materials/copper-c110-supplier-india.html,Do not create
Copper,Copper C110,tubes,Neemrana,Rajasthan,,india_city,Not recommended,/materials/copper-c110-supplier-india.html,Do not create
Copper,Copper C110,tubes,Jaipur,Rajasthan,,india_city,Not recommended,/materials/copper-c110-supplier-india.html,Do not create
Copper,Copper C110,tubes,Indore,Madhya Pradesh,,india_city,Not recommended,/materials/copper-c110-supplier-india.html,Do not create
Copper,Copper C110,tubes,Pithampur,Madhya Pradesh,,india_city,Not recommended,/materials/copper-c110-supplier-india.html,Do not create
Copper,Copper C110,tubes,Bhopal / Mandideep,Madhya Pradesh,,india_city,Not recommended,/materials/copper-c110-supplier-india.html,Do not create
Copper,Copper C110,tubes,Kolkata,West Bengal,,india_city,Not recommended,/materials/copper-c110-supplier-india.html,Do not create
Copper,Copper C110,tubes,Howrah,West Bengal,,india_city,Not recommended,/materials/copper-c110-supplier-india.html,Do not create
Copper,Copper C110,tubes,Durgapur,West Bengal,,india_city,Not recommended,/materials/copper-c110-supplier-india.html,Do not create
Copper,Copper C110,tubes,Jamshedpur,Jharkhand,,india_city,Not recommended,/materials/copper-c110-supplier-india.html,Do not create
Copper,Copper C110,tubes,Ludhiana,Punjab,,india_city,Not recommended,/materials/copper-c110-supplier-india.html,Do not create
Copper,Copper C110,tubes,Jalandhar,Punjab,,india_city,Missing but low value,/materials/copper-c110-supplier-india.html,Do not create in final batch
Copper,Copper C110,tubes,Kochi,Kerala,,india_city,Missing but low value,/materials/copper-c110-supplier-india.html,Do not create in final batch
Copper,Copper C110,tubes,Bhubaneswar,Odisha,,india_city,Not recommended,/materials/copper-c110-supplier-india.html,Do not create
Copper,Copper C110,tubes,Rourkela,Odisha,,india_city,Not recommended,/materials/copper-c110-supplier-india.html,Do not create
Copper,Copper C122,sheets,Navi Mumbai,Maharashtra,,india_city,Not recommended,/materials/copper-c122-supplier-india.html,Do not create
Copper,Copper C122,sheets,Thane,Maharashtra,,india_city,Not recommended,/materials/copper-c122-supplier-india.html,Do not create
Copper,Copper C122,sheets,Nashik,Maharashtra,,india_city,Not recommended,/materials/copper-c122-supplier-india.html,Do not create
Copper,Copper C122,sheets,Chhatrapati Sambhajinagar / Aurangabad,Maharashtra,,india_city,Not recommended,/materials/copper-c122-supplier-india.html,Do not create
Copper,Copper C122,sheets,Nagpur / Butibori,Maharashtra,,india_city,Not recommended,/materials/copper-c122-supplier-india.html,Do not create
Copper,Copper C122,sheets,Hazira,Gujarat,,india_city,Not recommended,/materials/copper-c122-supplier-india.html,Do not create
Copper,Copper C122,sheets,Rajkot,Gujarat,,india_city,Not recommended,/materials/copper-c122-supplier-india.html,Do not create
Copper,Copper C122,sheets,Jamnagar,Gujarat,,india_city,Not recommended,/materials/copper-c122-supplier-india.html,Do not create
Copper,Copper C122,sheets,Sriperumbudur,Tamil Nadu,,india_city,Not recommended,/materials/copper-c122-supplier-india.html,Do not create
Copper,Copper C122,sheets,Oragadam,Tamil Nadu,,india_city,Not recommended,/materials/copper-c122-supplier-india.html,Do not create
Copper,Copper C122,sheets,Hosur,Tamil Nadu,,india_city,Not recommended,/materials/copper-c122-supplier-india.html,Do not create
Copper,Copper C122,sheets,Salem,Tamil Nadu,,india_city,Not recommended,/materials/copper-c122-supplier-india.html,Do not create
Copper,Copper C122,sheets,Trichy,Tamil Nadu,,india_city,Not recommended,/materials/copper-c122-supplier-india.html,Do not create
Copper,Copper C122,sheets,Bommasandra,Karnataka,,india_city,Not recommended,/materials/copper-c122-supplier-india.html,Do not create
Copper,Copper C122,sheets,Mysuru,Karnataka,,india_city,Not recommended,/materials/copper-c122-supplier-india.html,Do not create
Copper,Copper C122,sheets,Mangaluru,Karnataka,,india_city,Not recommended,/materials/copper-c122-supplier-india.html,Do not create
Copper,Copper C122,sheets,Secunderabad,Telangana,,india_city,Not recommended,/materials/copper-c122-supplier-india.html,Do not create
Copper,Copper C122,sheets,Kakinada,Andhra Pradesh,,india_city,Not recommended,/materials/copper-c122-supplier-india.html,Do not create
Copper,Copper C122,sheets,Vijayawada,Andhra Pradesh,,india_city,Not recommended,/materials/copper-c122-supplier-india.html,Do not create
Copper,Copper C122,sheets,Greater Noida,Uttar Pradesh,,india_city,Not recommended,/materials/copper-c122-supplier-india.html,Do not create
Copper,Copper C122,sheets,Ghaziabad,Uttar Pradesh,,india_city,Not recommended,/materials/copper-c122-supplier-india.html,Do not create
Copper,Copper C122,sheets,Bhiwadi,Rajasthan,,india_city,Not recommended,/materials/copper-c122-supplier-india.html,Do not create
Copper,Copper C122,sheets,Neemrana,Rajasthan,,india_city,Not recommended,/materials/copper-c122-supplier-india.html,Do not create
Copper,Copper C122,sheets,Jaipur,Rajasthan,,india_city,Not recommended,/materials/copper-c122-supplier-india.html,Do not create
Copper,Copper C122,sheets,Indore,Madhya Pradesh,,india_city,Not recommended,/materials/copper-c122-supplier-india.html,Do not create
Copper,Copper C122,sheets,Pithampur,Madhya Pradesh,,india_city,Not recommended,/materials/copper-c122-supplier-india.html,Do not create
Copper,Copper C122,sheets,Bhopal / Mandideep,Madhya Pradesh,,india_city,Not recommended,/materials/copper-c122-supplier-india.html,Do not create
Copper,Copper C122,sheets,Kolkata,West Bengal,,india_city,Not recommended,/materials/copper-c122-supplier-india.html,Do not create
Copper,Copper C122,sheets,Howrah,West Bengal,,india_city,Not recommended,/materials/copper-c122-supplier-india.html,Do not create
Copper,Copper C122,sheets,Durgapur,West Bengal,,india_city,Not recommended,/materials/copper-c122-supplier-india.html,Do not create
Copper,Copper C122,sheets,Jamshedpur,Jharkhand,,india_city,Not recommended,/materials/copper-c122-supplier-india.html,Do not create
Copper,Copper C122,sheets,Ludhiana,Punjab,,india_city,Not recommended,/materials/copper-c122-supplier-india.html,Do not create
Copper,Copper C122,sheets,Jalandhar,Punjab,,india_city,Missing but low value,/materials/copper-c122-supplier-india.html,Do not create in final batch
Copper,Copper C122,sheets,Kochi,Kerala,,india_city,Missing but low value,/materials/copper-c122-supplier-india.html,Do not create in final batch
Copper,Copper C122,sheets,Bhubaneswar,Odisha,,india_city,Not recommended,/materials/copper-c122-supplier-india.html,Do not create
Copper,Copper C122,sheets,Rourkela,Odisha,,india_city,Not recommended,/materials/copper-c122-supplier-india.html,Do not create
Copper,Copper C122,rods,Navi Mumbai,Maharashtra,,india_city,Not recommended,/materials/copper-c122-supplier-india.html,Do not create
Copper,Copper C122,rods,Thane,Maharashtra,,india_city,Not recommended,/materials/copper-c122-supplier-india.html,Do not create
Copper,Copper C122,rods,Nashik,Maharashtra,,india_city,Not recommended,/materials/copper-c122-supplier-india.html,Do not create
Copper,Copper C122,rods,Chhatrapati Sambhajinagar / Aurangabad,Maharashtra,,india_city,Not recommended,/materials/copper-c122-supplier-india.html,Do not create
Copper,Copper C122,rods,Nagpur / Butibori,Maharashtra,,india_city,Not recommended,/materials/copper-c122-supplier-india.html,Do not create
Copper,Copper C122,rods,Hazira,Gujarat,,india_city,Not recommended,/materials/copper-c122-supplier-india.html,Do not create
Copper,Copper C122,rods,Rajkot,Gujarat,,india_city,Not recommended,/materials/copper-c122-supplier-india.html,Do not create
Copper,Copper C122,rods,Jamnagar,Gujarat,,india_city,Not recommended,/materials/copper-c122-supplier-india.html,Do not create
Copper,Copper C122,rods,Sriperumbudur,Tamil Nadu,,india_city,Not recommended,/materials/copper-c122-supplier-india.html,Do not create
Copper,Copper C122,rods,Oragadam,Tamil Nadu,,india_city,Not recommended,/materials/copper-c122-supplier-india.html,Do not create
Copper,Copper C122,rods,Hosur,Tamil Nadu,,india_city,Not recommended,/materials/copper-c122-supplier-india.html,Do not create
Copper,Copper C122,rods,Salem,Tamil Nadu,,india_city,Not recommended,/materials/copper-c122-supplier-india.html,Do not create
Copper,Copper C122,rods,Trichy,Tamil Nadu,,india_city,Not recommended,/materials/copper-c122-supplier-india.html,Do not create
Copper,Copper C122,rods,Bommasandra,Karnataka,,india_city,Not recommended,/materials/copper-c122-supplier-india.html,Do not create
Copper,Copper C122,rods,Mysuru,Karnataka,,india_city,Not recommended,/materials/copper-c122-supplier-india.html,Do not create
Copper,Copper C122,rods,Mangaluru,Karnataka,,india_city,Not recommended,/materials/copper-c122-supplier-india.html,Do not create
Copper,Copper C122,rods,Secunderabad,Telangana,,india_city,Not recommended,/materials/copper-c122-supplier-india.html,Do not create
Copper,Copper C122,rods,Kakinada,Andhra Pradesh,,india_city,Not recommended,/materials/copper-c122-supplier-india.html,Do not create
Copper,Copper C122,rods,Vijayawada,Andhra Pradesh,,india_city,Not recommended,/materials/copper-c122-supplier-india.html,Do not create
Copper,Copper C122,rods,Greater Noida,Uttar Pradesh,,india_city,Not recommended,/materials/copper-c122-supplier-india.html,Do not create
Copper,Copper C122,rods,Ghaziabad,Uttar Pradesh,,india_city,Not recommended,/materials/copper-c122-supplier-india.html,Do not create
Copper,Copper C122,rods,Bhiwadi,Rajasthan,,india_city,Not recommended,/materials/copper-c122-supplier-india.html,Do not create
Copper,Copper C122,rods,Neemrana,Rajasthan,,india_city,Not recommended,/materials/copper-c122-supplier-india.html,Do not create
Copper,Copper C122,rods,Jaipur,Rajasthan,,india_city,Not recommended,/materials/copper-c122-supplier-india.html,Do not create
Copper,Copper C122,rods,Indore,Madhya Pradesh,,india_city,Not recommended,/materials/copper-c122-supplier-india.html,Do not create
Copper,Copper C122,rods,Pithampur,Madhya Pradesh,,india_city,Not recommended,/materials/copper-c122-supplier-india.html,Do not create
Copper,Copper C122,rods,Bhopal / Mandideep,Madhya Pradesh,,india_city,Not recommended,/materials/copper-c122-supplier-india.html,Do not create
Copper,Copper C122,rods,Kolkata,West Bengal,,india_city,Not recommended,/materials/copper-c122-supplier-india.html,Do not create
Copper,Copper C122,rods,Howrah,West Bengal,,india_city,Not recommended,/materials/copper-c122-supplier-india.html,Do not create
Copper,Copper C122,rods,Durgapur,West Bengal,,india_city,Not recommended,/materials/copper-c122-supplier-india.html,Do not create
Copper,Copper C122,rods,Jamshedpur,Jharkhand,,india_city,Not recommended,/materials/copper-c122-supplier-india.html,Do not create
Copper,Copper C122,rods,Ludhiana,Punjab,,india_city,Not recommended,/materials/copper-c122-supplier-india.html,Do not create
Copper,Copper C122,rods,Jalandhar,Punjab,,india_city,Missing but low value,/materials/copper-c122-supplier-india.html,Do not create in final batch
Copper,Copper C122,rods,Kochi,Kerala,,india_city,Missing but low value,/materials/copper-c122-supplier-india.html,Do not create in final batch
Copper,Copper C122,rods,Bhubaneswar,Odisha,,india_city,Not recommended,/materials/copper-c122-supplier-india.html,Do not create
Copper,Copper C122,rods,Rourkela,Odisha,,india_city,Not recommended,/materials/copper-c122-supplier-india.html,Do not create
Copper,Copper C122,flats,Navi Mumbai,Maharashtra,,india_city,Not recommended,/materials/copper-c122-supplier-india.html,Do not create
Copper,Copper C122,flats,Thane,Maharashtra,,india_city,Not recommended,/materials/copper-c122-supplier-india.html,Do not create
Copper,Copper C122,flats,Nashik,Maharashtra,,india_city,Not recommended,/materials/copper-c122-supplier-india.html,Do not create
Copper,Copper C122,flats,Chhatrapati Sambhajinagar / Aurangabad,Maharashtra,,india_city,Not recommended,/materials/copper-c122-supplier-india.html,Do not create
Copper,Copper C122,flats,Nagpur / Butibori,Maharashtra,,india_city,Not recommended,/materials/copper-c122-supplier-india.html,Do not create
Copper,Copper C122,flats,Hazira,Gujarat,,india_city,Not recommended,/materials/copper-c122-supplier-india.html,Do not create
Copper,Copper C122,flats,Rajkot,Gujarat,,india_city,Not recommended,/materials/copper-c122-supplier-india.html,Do not create
Copper,Copper C122,flats,Jamnagar,Gujarat,,india_city,Not recommended,/materials/copper-c122-supplier-india.html,Do not create
Copper,Copper C122,flats,Sriperumbudur,Tamil Nadu,,india_city,Not recommended,/materials/copper-c122-supplier-india.html,Do not create
Copper,Copper C122,flats,Oragadam,Tamil Nadu,,india_city,Not recommended,/materials/copper-c122-supplier-india.html,Do not create
Copper,Copper C122,flats,Hosur,Tamil Nadu,,india_city,Not recommended,/materials/copper-c122-supplier-india.html,Do not create
Copper,Copper C122,flats,Salem,Tamil Nadu,,india_city,Not recommended,/materials/copper-c122-supplier-india.html,Do not create
Copper,Copper C122,flats,Trichy,Tamil Nadu,,india_city,Not recommended,/materials/copper-c122-supplier-india.html,Do not create
Copper,Copper C122,flats,Bommasandra,Karnataka,,india_city,Not recommended,/materials/copper-c122-supplier-india.html,Do not create
Copper,Copper C122,flats,Mysuru,Karnataka,,india_city,Not recommended,/materials/copper-c122-supplier-india.html,Do not create
Copper,Copper C122,flats,Mangaluru,Karnataka,,india_city,Not recommended,/materials/copper-c122-supplier-india.html,Do not create
Copper,Copper C122,flats,Secunderabad,Telangana,,india_city,Not recommended,/materials/copper-c122-supplier-india.html,Do not create
Copper,Copper C122,flats,Kakinada,Andhra Pradesh,,india_city,Not recommended,/materials/copper-c122-supplier-india.html,Do not create
Copper,Copper C122,flats,Vijayawada,Andhra Pradesh,,india_city,Not recommended,/materials/copper-c122-supplier-india.html,Do not create
Copper,Copper C122,flats,Greater Noida,Uttar Pradesh,,india_city,Not recommended,/materials/copper-c122-supplier-india.html,Do not create
Copper,Copper C122,flats,Ghaziabad,Uttar Pradesh,,india_city,Not recommended,/materials/copper-c122-supplier-india.html,Do not create
Copper,Copper C122,flats,Bhiwadi,Rajasthan,,india_city,Not recommended,/materials/copper-c122-supplier-india.html,Do not create
Copper,Copper C122,flats,Neemrana,Rajasthan,,india_city,Not recommended,/materials/copper-c122-supplier-india.html,Do not create
Copper,Copper C122,flats,Jaipur,Rajasthan,,india_city,Not recommended,/materials/copper-c122-supplier-india.html,Do not create
Copper,Copper C122,flats,Indore,Madhya Pradesh,,india_city,Not recommended,/materials/copper-c122-supplier-india.html,Do not create
Copper,Copper C122,flats,Pithampur,Madhya Pradesh,,india_city,Not recommended,/materials/copper-c122-supplier-india.html,Do not create
Copper,Copper C122,flats,Bhopal / Mandideep,Madhya Pradesh,,india_city,Not recommended,/materials/copper-c122-supplier-india.html,Do not create
Copper,Copper C122,flats,Kolkata,West Bengal,,india_city,Not recommended,/materials/copper-c122-supplier-india.html,Do not create
Copper,Copper C122,flats,Howrah,West Bengal,,india_city,Not recommended,/materials/copper-c122-supplier-india.html,Do not create
Copper,Copper C122,flats,Durgapur,West Bengal,,india_city,Not recommended,/materials/copper-c122-supplier-india.html,Do not create
Copper,Copper C122,flats,Jamshedpur,Jharkhand,,india_city,Not recommended,/materials/copper-c122-supplier-india.html,Do not create
Copper,Copper C122,flats,Ludhiana,Punjab,,india_city,Not recommended,/materials/copper-c122-supplier-india.html,Do not create
Copper,Copper C122,flats,Jalandhar,Punjab,,india_city,Missing but low value,/materials/copper-c122-supplier-india.html,Do not create in final batch
Copper,Copper C122,flats,Kochi,Kerala,,india_city,Missing but low value,/materials/copper-c122-supplier-india.html,Do not create in final batch
Copper,Copper C122,flats,Bhubaneswar,Odisha,,india_city,Not recommended,/materials/copper-c122-supplier-india.html,Do not create
Copper,Copper C122,flats,Rourkela,Odisha,,india_city,Not recommended,/materials/copper-c122-supplier-india.html,Do not create
Copper,Copper C122,tubes,Mumbai,Maharashtra,,india_city,Missing but low value,/materials/copper-c122-supplier-india.html,Do not create in final batch
Copper,Copper C122,tubes,Navi Mumbai,Maharashtra,,india_city,Missing but low value,/materials/copper-c122-supplier-india.html,Do not create in final batch
Copper,Copper C122,tubes,Thane,Maharashtra,,india_city,Missing but low value,/materials/copper-c122-supplier-india.html,Do not create in final batch
Copper,Copper C122,tubes,Pune,Maharashtra,,india_city,Missing but low value,/materials/copper-c122-supplier-india.html,Do not create in final batch
Copper,Copper C122,tubes,Chakan,Maharashtra,,india_city,Missing but low value,/materials/copper-c122-supplier-india.html,Do not create in final batch
Copper,Copper C122,tubes,PCMC,Maharashtra,,india_city,Missing but low value,/materials/copper-c122-supplier-india.html,Do not create in final batch
Copper,Copper C122,tubes,Nashik,Maharashtra,,india_city,Missing but low value,/materials/copper-c122-supplier-india.html,Do not create in final batch
Copper,Copper C122,tubes,Chhatrapati Sambhajinagar / Aurangabad,Maharashtra,,india_city,Missing but low value,/materials/copper-c122-supplier-india.html,Do not create in final batch
Copper,Copper C122,tubes,Nagpur / Butibori,Maharashtra,,india_city,Missing but low value,/materials/copper-c122-supplier-india.html,Do not create in final batch
Copper,Copper C122,tubes,Ahmedabad,Gujarat,,india_city,Missing but low value,/materials/copper-c122-supplier-india.html,Do not create in final batch
Copper,Copper C122,tubes,Sanand,Gujarat,,india_city,Missing but low value,/materials/copper-c122-supplier-india.html,Do not create in final batch
Copper,Copper C122,tubes,Vadodara,Gujarat,,india_city,Missing but low value,/materials/copper-c122-supplier-india.html,Do not create in final batch
Copper,Copper C122,tubes,Surat,Gujarat,,india_city,Missing but low value,/materials/copper-c122-supplier-india.html,Do not create in final batch
Copper,Copper C122,tubes,Hazira,Gujarat,,india_city,Missing but low value,/materials/copper-c122-supplier-india.html,Do not create in final batch
Copper,Copper C122,tubes,Ankleshwar,Gujarat,,india_city,Missing but low value,/materials/copper-c122-supplier-india.html,Do not create in final batch
Copper,Copper C122,tubes,Bharuch,Gujarat,,india_city,Missing but low value,/materials/copper-c122-supplier-india.html,Do not create in final batch
Copper,Copper C122,tubes,Vapi,Gujarat,,india_city,Missing but low value,/materials/copper-c122-supplier-india.html,Do not create in final batch
Copper,Copper C122,tubes,Rajkot,Gujarat,,india_city,Missing but low value,/materials/copper-c122-supplier-india.html,Do not create in final batch
Copper,Copper C122,tubes,Jamnagar,Gujarat,,india_city,Missing but low value,/materials/copper-c122-supplier-india.html,Do not create in final batch
Copper,Copper C122,tubes,Chennai,Tamil Nadu,,india_city,Missing but low value,/materials/copper-c122-supplier-india.html,Do not create in final batch
Copper,Copper C122,tubes,Sriperumbudur,Tamil Nadu,,india_city,Missing but low value,/materials/copper-c122-supplier-india.html,Do not create in final batch
Copper,Copper C122,tubes,Oragadam,Tamil Nadu,,india_city,Missing but low value,/materials/copper-c122-supplier-india.html,Do not create in final batch
Copper,Copper C122,tubes,Coimbatore,Tamil Nadu,,india_city,Missing but low value,/materials/copper-c122-supplier-india.html,Do not create in final batch
Copper,Copper C122,tubes,Hosur,Tamil Nadu,,india_city,Missing but low value,/materials/copper-c122-supplier-india.html,Do not create in final batch
Copper,Copper C122,tubes,Salem,Tamil Nadu,,india_city,Missing but low value,/materials/copper-c122-supplier-india.html,Do not create in final batch
Copper,Copper C122,tubes,Trichy,Tamil Nadu,,india_city,Missing but low value,/materials/copper-c122-supplier-india.html,Do not create in final batch
Copper,Copper C122,tubes,Bengaluru,Karnataka,,india_city,Missing but low value,/materials/copper-c122-supplier-india.html,Do not create in final batch
Copper,Copper C122,tubes,Peenya,Karnataka,,india_city,Missing but low value,/materials/copper-c122-supplier-india.html,Do not create in final batch
Copper,Copper C122,tubes,Bommasandra,Karnataka,,india_city,Missing but low value,/materials/copper-c122-supplier-india.html,Do not create in final batch
Copper,Copper C122,tubes,Mysuru,Karnataka,,india_city,Missing but low value,/materials/copper-c122-supplier-india.html,Do not create in final batch
Copper,Copper C122,tubes,Mangaluru,Karnataka,,india_city,Missing but low value,/materials/copper-c122-supplier-india.html,Do not create in final batch
Copper,Copper C122,tubes,Hyderabad,Telangana,,india_city,Missing but low value,/materials/copper-c122-supplier-india.html,Do not create in final batch
Copper,Copper C122,tubes,Secunderabad,Telangana,,india_city,Missing but low value,/materials/copper-c122-supplier-india.html,Do not create in final batch
Copper,Copper C122,tubes,Visakhapatnam,Andhra Pradesh,,india_city,Missing but low value,/materials/copper-c122-supplier-india.html,Do not create in final batch
Copper,Copper C122,tubes,Kakinada,Andhra Pradesh,,india_city,Missing but low value,/materials/copper-c122-supplier-india.html,Do not create in final batch
Copper,Copper C122,tubes,Vijayawada,Andhra Pradesh,,india_city,Missing but low value,/materials/copper-c122-supplier-india.html,Do not create in final batch
Copper,Copper C122,tubes,Delhi,Delhi NCR,,india_city,Missing but low value,/materials/copper-c122-supplier-india.html,Do not create in final batch
Copper,Copper C122,tubes,Gurugram,Haryana,,india_city,Missing but low value,/materials/copper-c122-supplier-india.html,Do not create in final batch
Copper,Copper C122,tubes,Faridabad,Haryana,,india_city,Missing but low value,/materials/copper-c122-supplier-india.html,Do not create in final batch
Copper,Copper C122,tubes,Noida,Uttar Pradesh,,india_city,Missing but low value,/materials/copper-c122-supplier-india.html,Do not create in final batch
Copper,Copper C122,tubes,Greater Noida,Uttar Pradesh,,india_city,Missing but low value,/materials/copper-c122-supplier-india.html,Do not create in final batch
Copper,Copper C122,tubes,Ghaziabad,Uttar Pradesh,,india_city,Missing but low value,/materials/copper-c122-supplier-india.html,Do not create in final batch
Copper,Copper C122,tubes,Bhiwadi,Rajasthan,,india_city,Missing but low value,/materials/copper-c122-supplier-india.html,Do not create in final batch
Copper,Copper C122,tubes,Neemrana,Rajasthan,,india_city,Missing but low value,/materials/copper-c122-supplier-india.html,Do not create in final batch
Copper,Copper C122,tubes,Jaipur,Rajasthan,,india_city,Missing but low value,/materials/copper-c122-supplier-india.html,Do not create in final batch
Copper,Copper C122,tubes,Indore,Madhya Pradesh,,india_city,Missing but low value,/materials/copper-c122-supplier-india.html,Do not create in final batch
Copper,Copper C122,tubes,Pithampur,Madhya Pradesh,,india_city,Missing but low value,/materials/copper-c122-supplier-india.html,Do not create in final batch
Copper,Copper C122,tubes,Bhopal / Mandideep,Madhya Pradesh,,india_city,Missing but low value,/materials/copper-c122-supplier-india.html,Do not create in final batch
Copper,Copper C122,tubes,Kolkata,West Bengal,,india_city,Missing but low value,/materials/copper-c122-supplier-india.html,Do not create in final batch
Copper,Copper C122,tubes,Howrah,West Bengal,,india_city,Missing but low value,/materials/copper-c122-supplier-india.html,Do not create in final batch
Copper,Copper C122,tubes,Durgapur,West Bengal,,india_city,Missing but low value,/materials/copper-c122-supplier-india.html,Do not create in final batch
Copper,Copper C122,tubes,Jamshedpur,Jharkhand,,india_city,Missing but low value,/materials/copper-c122-supplier-india.html,Do not create in final batch
Copper,Copper C122,tubes,Ludhiana,Punjab,,india_city,Missing but low value,/materials/copper-c122-supplier-india.html,Do not create in final batch
Copper,Copper C122,tubes,Jalandhar,Punjab,,india_city,Missing but low value,/materials/copper-c122-supplier-india.html,Do not create in final batch
Copper,Copper C122,tubes,Kochi,Kerala,,india_city,Missing but low value,/materials/copper-c122-supplier-india.html,Do not create in final batch
Copper,Copper C122,tubes,Bhubaneswar,Odisha,,india_city,Missing but low value,/materials/copper-c122-supplier-india.html,Do not create in final batch
Copper,Copper C122,tubes,Rourkela,Odisha,,india_city,Missing but low value,/materials/copper-c122-supplier-india.html,Do not create in final batch
Copper,Copper C101,sheets,,,UAE,export_country,Not recommended,/materials/copper-c101-supplier-india.html,Do not create
Copper,Copper C101,sheets,,,Saudi Arabia,export_country,Not recommended,/materials/copper-c101-supplier-india.html,Do not create
Copper,Copper C101,sheets,,,Qatar,export_country,Not recommended,/materials/copper-c101-supplier-india.html,Do not create
Copper,Copper C101,sheets,,,Oman,export_country,Not recommended,/materials/copper-c101-supplier-india.html,Do not create
Copper,Copper C101,sheets,,,Kuwait,export_country,Missing but low value,/materials/copper-c101-supplier-india.html,Do not create in final batch
Copper,Copper C101,sheets,,,Bahrain,export_country,Missing but low value,/materials/copper-c101-supplier-india.html,Do not create in final batch
Copper,Copper C101,sheets,,,Singapore,export_country,Not recommended,/materials/copper-c101-supplier-india.html,Do not create
Copper,Copper C101,sheets,,,Malaysia,export_country,Missing but low value,/materials/copper-c101-supplier-india.html,Do not create in final batch
Copper,Copper C101,sheets,,,Indonesia,export_country,Missing but low value,/materials/copper-c101-supplier-india.html,Do not create in final batch
Copper,Copper C101,sheets,,,Thailand,export_country,Missing but low value,/materials/copper-c101-supplier-india.html,Do not create in final batch
Copper,Copper C101,sheets,,,Vietnam,export_country,Missing but low value,/materials/copper-c101-supplier-india.html,Do not create in final batch
Copper,Copper C101,sheets,,,Philippines,export_country,Missing but low value,/materials/copper-c101-supplier-india.html,Do not create in final batch
Copper,Copper C101,sheets,,,South Korea,export_country,Missing but low value,/materials/copper-c101-supplier-india.html,Do not create in final batch
Copper,Copper C101,sheets,,,Japan,export_country,Missing but low value,/materials/copper-c101-supplier-india.html,Do not create in final batch
Copper,Copper C101,sheets,,,Taiwan,export_country,Missing but low value,/materials/copper-c101-supplier-india.html,Do not create in final batch
Copper,Copper C101,sheets,,,Germany,export_country,Not recommended,/materials/copper-c101-supplier-india.html,Do not create
Copper,Copper C101,sheets,,,Netherlands,export_country,Not recommended,/materials/copper-c101-supplier-india.html,Do not create
Copper,Copper C101,sheets,,,United Kingdom,export_country,Not recommended,/materials/copper-c101-supplier-india.html,Do not create
Copper,Copper C101,sheets,,,Italy,export_country,Missing but low value,/materials/copper-c101-supplier-india.html,Do not create in final batch
Copper,Copper C101,sheets,,,Spain,export_country,Missing but low value,/materials/copper-c101-supplier-india.html,Do not create in final batch
Copper,Copper C101,sheets,,,Poland,export_country,Missing but low value,/materials/copper-c101-supplier-india.html,Do not create in final batch
Copper,Copper C101,sheets,,,United States,export_country,Not recommended,/materials/copper-c101-supplier-india.html,Do not create
Copper,Copper C101,sheets,,,Canada,export_country,Missing but low value,/materials/copper-c101-supplier-india.html,Do not create in final batch
Copper,Copper C101,sheets,,,Mexico,export_country,Missing but low value,/materials/copper-c101-supplier-india.html,Do not create in final batch
Copper,Copper C101,sheets,,,Brazil,export_country,Missing but low value,/materials/copper-c101-supplier-india.html,Do not create in final batch
Copper,Copper C101,sheets,,,South Africa,export_country,Missing but low value,/materials/copper-c101-supplier-india.html,Do not create in final batch
Copper,Copper C101,sheets,,,Egypt,export_country,Missing but low value,/materials/copper-c101-supplier-india.html,Do not create in final batch
Copper,Copper C101,sheets,,,Kenya,export_country,Missing but low value,/materials/copper-c101-supplier-india.html,Do not create in final batch
Copper,Copper C101,sheets,,,Tanzania,export_country,Missing but low value,/materials/copper-c101-supplier-india.html,Do not create in final batch
Copper,Copper C101,sheets,,,Nigeria,export_country,Missing but low value,/materials/copper-c101-supplier-india.html,Do not create in final batch
Copper,Copper C101,sheets,,,Mauritius,export_country,Missing but low value,/materials/copper-c101-supplier-india.html,Do not create in final batch
Copper,Copper C101,sheets,,,Australia,export_country,Not recommended,/materials/copper-c101-supplier-india.html,Do not create
Copper,Copper C101,sheets,,,New Zealand,export_country,Missing but low value,/materials/copper-c101-supplier-india.html,Do not create in final batch
Copper,Copper C101,rods,,,UAE,export_country,Not recommended,/materials/copper-c101-supplier-india.html,Do not create
Copper,Copper C101,rods,,,Saudi Arabia,export_country,Not recommended,/materials/copper-c101-supplier-india.html,Do not create
Copper,Copper C101,rods,,,Qatar,export_country,Not recommended,/materials/copper-c101-supplier-india.html,Do not create
Copper,Copper C101,rods,,,Oman,export_country,Not recommended,/materials/copper-c101-supplier-india.html,Do not create
Copper,Copper C101,rods,,,Kuwait,export_country,Missing but low value,/materials/copper-c101-supplier-india.html,Do not create in final batch
Copper,Copper C101,rods,,,Bahrain,export_country,Missing but low value,/materials/copper-c101-supplier-india.html,Do not create in final batch
Copper,Copper C101,rods,,,Singapore,export_country,Not recommended,/materials/copper-c101-supplier-india.html,Do not create
Copper,Copper C101,rods,,,Malaysia,export_country,Missing but low value,/materials/copper-c101-supplier-india.html,Do not create in final batch
Copper,Copper C101,rods,,,Indonesia,export_country,Missing but low value,/materials/copper-c101-supplier-india.html,Do not create in final batch
Copper,Copper C101,rods,,,Thailand,export_country,Missing but low value,/materials/copper-c101-supplier-india.html,Do not create in final batch
Copper,Copper C101,rods,,,Vietnam,export_country,Missing but low value,/materials/copper-c101-supplier-india.html,Do not create in final batch
Copper,Copper C101,rods,,,Philippines,export_country,Missing but low value,/materials/copper-c101-supplier-india.html,Do not create in final batch
Copper,Copper C101,rods,,,South Korea,export_country,Missing but low value,/materials/copper-c101-supplier-india.html,Do not create in final batch
Copper,Copper C101,rods,,,Japan,export_country,Missing but low value,/materials/copper-c101-supplier-india.html,Do not create in final batch
Copper,Copper C101,rods,,,Taiwan,export_country,Missing but low value,/materials/copper-c101-supplier-india.html,Do not create in final batch
Copper,Copper C101,rods,,,Germany,export_country,Not recommended,/materials/copper-c101-supplier-india.html,Do not create
Copper,Copper C101,rods,,,Netherlands,export_country,Not recommended,/materials/copper-c101-supplier-india.html,Do not create
Copper,Copper C101,rods,,,United Kingdom,export_country,Not recommended,/materials/copper-c101-supplier-india.html,Do not create
Copper,Copper C101,rods,,,Italy,export_country,Missing but low value,/materials/copper-c101-supplier-india.html,Do not create in final batch
Copper,Copper C101,rods,,,Spain,export_country,Missing but low value,/materials/copper-c101-supplier-india.html,Do not create in final batch
Copper,Copper C101,rods,,,Poland,export_country,Missing but low value,/materials/copper-c101-supplier-india.html,Do not create in final batch
Copper,Copper C101,rods,,,United States,export_country,Not recommended,/materials/copper-c101-supplier-india.html,Do not create
Copper,Copper C101,rods,,,Canada,export_country,Missing but low value,/materials/copper-c101-supplier-india.html,Do not create in final batch
Copper,Copper C101,rods,,,Mexico,export_country,Missing but low value,/materials/copper-c101-supplier-india.html,Do not create in final batch
Copper,Copper C101,rods,,,Brazil,export_country,Missing but low value,/materials/copper-c101-supplier-india.html,Do not create in final batch
Copper,Copper C101,rods,,,South Africa,export_country,Missing but low value,/materials/copper-c101-supplier-india.html,Do not create in final batch
Copper,Copper C101,rods,,,Egypt,export_country,Missing but low value,/materials/copper-c101-supplier-india.html,Do not create in final batch
Copper,Copper C101,rods,,,Kenya,export_country,Missing but low value,/materials/copper-c101-supplier-india.html,Do not create in final batch
Copper,Copper C101,rods,,,Tanzania,export_country,Missing but low value,/materials/copper-c101-supplier-india.html,Do not create in final batch
Copper,Copper C101,rods,,,Nigeria,export_country,Missing but low value,/materials/copper-c101-supplier-india.html,Do not create in final batch
Copper,Copper C101,rods,,,Mauritius,export_country,Missing but low value,/materials/copper-c101-supplier-india.html,Do not create in final batch
Copper,Copper C101,rods,,,Australia,export_country,Not recommended,/materials/copper-c101-supplier-india.html,Do not create
Copper,Copper C101,rods,,,New Zealand,export_country,Missing but low value,/materials/copper-c101-supplier-india.html,Do not create in final batch
Copper,Copper C101,flats,,,UAE,export_country,Not recommended,/materials/copper-c101-supplier-india.html,Do not create
Copper,Copper C101,flats,,,Saudi Arabia,export_country,Not recommended,/materials/copper-c101-supplier-india.html,Do not create
Copper,Copper C101,flats,,,Qatar,export_country,Not recommended,/materials/copper-c101-supplier-india.html,Do not create
Copper,Copper C101,flats,,,Oman,export_country,Not recommended,/materials/copper-c101-supplier-india.html,Do not create
Copper,Copper C101,flats,,,Kuwait,export_country,Missing but low value,/materials/copper-c101-supplier-india.html,Do not create in final batch
Copper,Copper C101,flats,,,Bahrain,export_country,Missing but low value,/materials/copper-c101-supplier-india.html,Do not create in final batch
Copper,Copper C101,flats,,,Singapore,export_country,Not recommended,/materials/copper-c101-supplier-india.html,Do not create
Copper,Copper C101,flats,,,Malaysia,export_country,Missing but low value,/materials/copper-c101-supplier-india.html,Do not create in final batch
Copper,Copper C101,flats,,,Indonesia,export_country,Missing but low value,/materials/copper-c101-supplier-india.html,Do not create in final batch
Copper,Copper C101,flats,,,Thailand,export_country,Missing but low value,/materials/copper-c101-supplier-india.html,Do not create in final batch
Copper,Copper C101,flats,,,Vietnam,export_country,Missing but low value,/materials/copper-c101-supplier-india.html,Do not create in final batch
Copper,Copper C101,flats,,,Philippines,export_country,Missing but low value,/materials/copper-c101-supplier-india.html,Do not create in final batch
Copper,Copper C101,flats,,,South Korea,export_country,Missing but low value,/materials/copper-c101-supplier-india.html,Do not create in final batch
Copper,Copper C101,flats,,,Japan,export_country,Missing but low value,/materials/copper-c101-supplier-india.html,Do not create in final batch
Copper,Copper C101,flats,,,Taiwan,export_country,Missing but low value,/materials/copper-c101-supplier-india.html,Do not create in final batch
Copper,Copper C101,flats,,,Germany,export_country,Not recommended,/materials/copper-c101-supplier-india.html,Do not create
Copper,Copper C101,flats,,,Netherlands,export_country,Not recommended,/materials/copper-c101-supplier-india.html,Do not create
Copper,Copper C101,flats,,,United Kingdom,export_country,Not recommended,/materials/copper-c101-supplier-india.html,Do not create
Copper,Copper C101,flats,,,Italy,export_country,Missing but low value,/materials/copper-c101-supplier-india.html,Do not create in final batch
Copper,Copper C101,flats,,,Spain,export_country,Missing but low value,/materials/copper-c101-supplier-india.html,Do not create in final batch
Copper,Copper C101,flats,,,Poland,export_country,Missing but low value,/materials/copper-c101-supplier-india.html,Do not create in final batch
Copper,Copper C101,flats,,,United States,export_country,Not recommended,/materials/copper-c101-supplier-india.html,Do not create
Copper,Copper C101,flats,,,Canada,export_country,Missing but low value,/materials/copper-c101-supplier-india.html,Do not create in final batch
Copper,Copper C101,flats,,,Mexico,export_country,Missing but low value,/materials/copper-c101-supplier-india.html,Do not create in final batch
Copper,Copper C101,flats,,,Brazil,export_country,Missing but low value,/materials/copper-c101-supplier-india.html,Do not create in final batch
Copper,Copper C101,flats,,,South Africa,export_country,Missing but low value,/materials/copper-c101-supplier-india.html,Do not create in final batch
Copper,Copper C101,flats,,,Egypt,export_country,Missing but low value,/materials/copper-c101-supplier-india.html,Do not create in final batch
Copper,Copper C101,flats,,,Kenya,export_country,Missing but low value,/materials/copper-c101-supplier-india.html,Do not create in final batch
Copper,Copper C101,flats,,,Tanzania,export_country,Missing but low value,/materials/copper-c101-supplier-india.html,Do not create in final batch
Copper,Copper C101,flats,,,Nigeria,export_country,Missing but low value,/materials/copper-c101-supplier-india.html,Do not create in final batch
Copper,Copper C101,flats,,,Mauritius,export_country,Missing but low value,/materials/copper-c101-supplier-india.html,Do not create in final batch
Copper,Copper C101,flats,,,Australia,export_country,Not recommended,/materials/copper-c101-supplier-india.html,Do not create
Copper,Copper C101,flats,,,New Zealand,export_country,Missing but low value,/materials/copper-c101-supplier-india.html,Do not create in final batch
Copper,Copper C101,tubes,,,UAE,export_country,Missing but low value,/materials/copper-c101-supplier-india.html,Do not create in final batch
Copper,Copper C101,tubes,,,Saudi Arabia,export_country,Missing but low value,/materials/copper-c101-supplier-india.html,Do not create in final batch
Copper,Copper C101,tubes,,,Qatar,export_country,Missing but low value,/materials/copper-c101-supplier-india.html,Do not create in final batch
Copper,Copper C101,tubes,,,Oman,export_country,Missing but low value,/materials/copper-c101-supplier-india.html,Do not create in final batch
Copper,Copper C101,tubes,,,Kuwait,export_country,Missing but low value,/materials/copper-c101-supplier-india.html,Do not create in final batch
Copper,Copper C101,tubes,,,Bahrain,export_country,Missing but low value,/materials/copper-c101-supplier-india.html,Do not create in final batch
Copper,Copper C101,tubes,,,Singapore,export_country,Missing but low value,/materials/copper-c101-supplier-india.html,Do not create in final batch
Copper,Copper C101,tubes,,,Malaysia,export_country,Missing but low value,/materials/copper-c101-supplier-india.html,Do not create in final batch
Copper,Copper C101,tubes,,,Indonesia,export_country,Missing but low value,/materials/copper-c101-supplier-india.html,Do not create in final batch
Copper,Copper C101,tubes,,,Thailand,export_country,Missing but low value,/materials/copper-c101-supplier-india.html,Do not create in final batch
Copper,Copper C101,tubes,,,Vietnam,export_country,Missing but low value,/materials/copper-c101-supplier-india.html,Do not create in final batch
Copper,Copper C101,tubes,,,Philippines,export_country,Missing but low value,/materials/copper-c101-supplier-india.html,Do not create in final batch
Copper,Copper C101,tubes,,,South Korea,export_country,Missing but low value,/materials/copper-c101-supplier-india.html,Do not create in final batch
Copper,Copper C101,tubes,,,Japan,export_country,Missing but low value,/materials/copper-c101-supplier-india.html,Do not create in final batch
Copper,Copper C101,tubes,,,Taiwan,export_country,Missing but low value,/materials/copper-c101-supplier-india.html,Do not create in final batch
Copper,Copper C101,tubes,,,Germany,export_country,Missing but low value,/materials/copper-c101-supplier-india.html,Do not create in final batch
Copper,Copper C101,tubes,,,Netherlands,export_country,Missing but low value,/materials/copper-c101-supplier-india.html,Do not create in final batch
Copper,Copper C101,tubes,,,United Kingdom,export_country,Missing but low value,/materials/copper-c101-supplier-india.html,Do not create in final batch
Copper,Copper C101,tubes,,,Italy,export_country,Missing but low value,/materials/copper-c101-supplier-india.html,Do not create in final batch
Copper,Copper C101,tubes,,,Spain,export_country,Missing but low value,/materials/copper-c101-supplier-india.html,Do not create in final batch
Copper,Copper C101,tubes,,,Poland,export_country,Missing but low value,/materials/copper-c101-supplier-india.html,Do not create in final batch
Copper,Copper C101,tubes,,,United States,export_country,Missing but low value,/materials/copper-c101-supplier-india.html,Do not create in final batch
Copper,Copper C101,tubes,,,Canada,export_country,Missing but low value,/materials/copper-c101-supplier-india.html,Do not create in final batch
Copper,Copper C101,tubes,,,Mexico,export_country,Missing but low value,/materials/copper-c101-supplier-india.html,Do not create in final batch
Copper,Copper C101,tubes,,,Brazil,export_country,Missing but low value,/materials/copper-c101-supplier-india.html,Do not create in final batch
Copper,Copper C101,tubes,,,South Africa,export_country,Missing but low value,/materials/copper-c101-supplier-india.html,Do not create in final batch
Copper,Copper C101,tubes,,,Egypt,export_country,Missing but low value,/materials/copper-c101-supplier-india.html,Do not create in final batch
Copper,Copper C101,tubes,,,Kenya,export_country,Missing but low value,/materials/copper-c101-supplier-india.html,Do not create in final batch
Copper,Copper C101,tubes,,,Tanzania,export_country,Missing but low value,/materials/copper-c101-supplier-india.html,Do not create in final batch
Copper,Copper C101,tubes,,,Nigeria,export_country,Missing but low value,/materials/copper-c101-supplier-india.html,Do not create in final batch
Copper,Copper C101,tubes,,,Mauritius,export_country,Missing but low value,/materials/copper-c101-supplier-india.html,Do not create in final batch
Copper,Copper C101,tubes,,,Australia,export_country,Missing but low value,/materials/copper-c101-supplier-india.html,Do not create in final batch
Copper,Copper C101,tubes,,,New Zealand,export_country,Missing but low value,/materials/copper-c101-supplier-india.html,Do not create in final batch
Copper,Copper C110,sheets,,,Kuwait,export_country,Not recommended,/materials/copper-c110-supplier-india.html,Do not create
Copper,Copper C110,sheets,,,Bahrain,export_country,Not recommended,/materials/copper-c110-supplier-india.html,Do not create
Copper,Copper C110,sheets,,,Malaysia,export_country,Not recommended,/materials/copper-c110-supplier-india.html,Do not create
Copper,Copper C110,sheets,,,Indonesia,export_country,Not recommended,/materials/copper-c110-supplier-india.html,Do not create
Copper,Copper C110,sheets,,,Thailand,export_country,Not recommended,/materials/copper-c110-supplier-india.html,Do not create
Copper,Copper C110,sheets,,,Vietnam,export_country,Not recommended,/materials/copper-c110-supplier-india.html,Do not create
Copper,Copper C110,sheets,,,Philippines,export_country,Not recommended,/materials/copper-c110-supplier-india.html,Do not create
Copper,Copper C110,sheets,,,South Korea,export_country,Not recommended,/materials/copper-c110-supplier-india.html,Do not create
Copper,Copper C110,sheets,,,Japan,export_country,Not recommended,/materials/copper-c110-supplier-india.html,Do not create
Copper,Copper C110,sheets,,,Taiwan,export_country,Not recommended,/materials/copper-c110-supplier-india.html,Do not create
Copper,Copper C110,sheets,,,Italy,export_country,Not recommended,/materials/copper-c110-supplier-india.html,Do not create
Copper,Copper C110,sheets,,,Spain,export_country,Not recommended,/materials/copper-c110-supplier-india.html,Do not create
Copper,Copper C110,sheets,,,Poland,export_country,Not recommended,/materials/copper-c110-supplier-india.html,Do not create
Copper,Copper C110,sheets,,,Canada,export_country,Not recommended,/materials/copper-c110-supplier-india.html,Do not create
Copper,Copper C110,sheets,,,Mexico,export_country,Not recommended,/materials/copper-c110-supplier-india.html,Do not create
Copper,Copper C110,sheets,,,Brazil,export_country,Not recommended,/materials/copper-c110-supplier-india.html,Do not create
Copper,Copper C110,sheets,,,South Africa,export_country,Not recommended,/materials/copper-c110-supplier-india.html,Do not create
Copper,Copper C110,sheets,,,Egypt,export_country,Not recommended,/materials/copper-c110-supplier-india.html,Do not create
Copper,Copper C110,sheets,,,Kenya,export_country,Missing but low value,/materials/copper-c110-supplier-india.html,Do not create in final batch
Copper,Copper C110,sheets,,,Tanzania,export_country,Missing but low value,/materials/copper-c110-supplier-india.html,Do not create in final batch
Copper,Copper C110,sheets,,,Nigeria,export_country,Not recommended,/materials/copper-c110-supplier-india.html,Do not create
Copper,Copper C110,sheets,,,Mauritius,export_country,Missing but low value,/materials/copper-c110-supplier-india.html,Do not create in final batch
Copper,Copper C110,sheets,,,New Zealand,export_country,Not recommended,/materials/copper-c110-supplier-india.html,Do not create
Copper,Copper C110,rods,,,Kuwait,export_country,Not recommended,/materials/copper-c110-supplier-india.html,Do not create
Copper,Copper C110,rods,,,Bahrain,export_country,Not recommended,/materials/copper-c110-supplier-india.html,Do not create
Copper,Copper C110,rods,,,Malaysia,export_country,Not recommended,/materials/copper-c110-supplier-india.html,Do not create
Copper,Copper C110,rods,,,Indonesia,export_country,Not recommended,/materials/copper-c110-supplier-india.html,Do not create
Copper,Copper C110,rods,,,Thailand,export_country,Not recommended,/materials/copper-c110-supplier-india.html,Do not create
Copper,Copper C110,rods,,,Vietnam,export_country,Not recommended,/materials/copper-c110-supplier-india.html,Do not create
Copper,Copper C110,rods,,,Philippines,export_country,Not recommended,/materials/copper-c110-supplier-india.html,Do not create
Copper,Copper C110,rods,,,South Korea,export_country,Not recommended,/materials/copper-c110-supplier-india.html,Do not create
Copper,Copper C110,rods,,,Japan,export_country,Not recommended,/materials/copper-c110-supplier-india.html,Do not create
Copper,Copper C110,rods,,,Taiwan,export_country,Not recommended,/materials/copper-c110-supplier-india.html,Do not create
Copper,Copper C110,rods,,,Italy,export_country,Not recommended,/materials/copper-c110-supplier-india.html,Do not create
Copper,Copper C110,rods,,,Spain,export_country,Not recommended,/materials/copper-c110-supplier-india.html,Do not create
Copper,Copper C110,rods,,,Poland,export_country,Not recommended,/materials/copper-c110-supplier-india.html,Do not create
Copper,Copper C110,rods,,,Canada,export_country,Not recommended,/materials/copper-c110-supplier-india.html,Do not create
Copper,Copper C110,rods,,,Mexico,export_country,Not recommended,/materials/copper-c110-supplier-india.html,Do not create
Copper,Copper C110,rods,,,Brazil,export_country,Not recommended,/materials/copper-c110-supplier-india.html,Do not create
Copper,Copper C110,rods,,,South Africa,export_country,Not recommended,/materials/copper-c110-supplier-india.html,Do not create
Copper,Copper C110,rods,,,Egypt,export_country,Not recommended,/materials/copper-c110-supplier-india.html,Do not create
Copper,Copper C110,rods,,,Kenya,export_country,Missing but low value,/materials/copper-c110-supplier-india.html,Do not create in final batch
Copper,Copper C110,rods,,,Tanzania,export_country,Missing but low value,/materials/copper-c110-supplier-india.html,Do not create in final batch
Copper,Copper C110,rods,,,Nigeria,export_country,Not recommended,/materials/copper-c110-supplier-india.html,Do not create
Copper,Copper C110,rods,,,Mauritius,export_country,Missing but low value,/materials/copper-c110-supplier-india.html,Do not create in final batch
Copper,Copper C110,rods,,,New Zealand,export_country,Not recommended,/materials/copper-c110-supplier-india.html,Do not create
Copper,Copper C110,flats,,,Kuwait,export_country,Not recommended,/materials/copper-c110-supplier-india.html,Do not create
Copper,Copper C110,flats,,,Bahrain,export_country,Not recommended,/materials/copper-c110-supplier-india.html,Do not create
Copper,Copper C110,flats,,,Malaysia,export_country,Not recommended,/materials/copper-c110-supplier-india.html,Do not create
Copper,Copper C110,flats,,,Indonesia,export_country,Not recommended,/materials/copper-c110-supplier-india.html,Do not create
Copper,Copper C110,flats,,,Thailand,export_country,Not recommended,/materials/copper-c110-supplier-india.html,Do not create
Copper,Copper C110,flats,,,Vietnam,export_country,Not recommended,/materials/copper-c110-supplier-india.html,Do not create
Copper,Copper C110,flats,,,Philippines,export_country,Not recommended,/materials/copper-c110-supplier-india.html,Do not create
Copper,Copper C110,flats,,,South Korea,export_country,Not recommended,/materials/copper-c110-supplier-india.html,Do not create
Copper,Copper C110,flats,,,Japan,export_country,Not recommended,/materials/copper-c110-supplier-india.html,Do not create
Copper,Copper C110,flats,,,Taiwan,export_country,Not recommended,/materials/copper-c110-supplier-india.html,Do not create
Copper,Copper C110,flats,,,Italy,export_country,Not recommended,/materials/copper-c110-supplier-india.html,Do not create
Copper,Copper C110,flats,,,Spain,export_country,Not recommended,/materials/copper-c110-supplier-india.html,Do not create
Copper,Copper C110,flats,,,Poland,export_country,Not recommended,/materials/copper-c110-supplier-india.html,Do not create
Copper,Copper C110,flats,,,Canada,export_country,Not recommended,/materials/copper-c110-supplier-india.html,Do not create
Copper,Copper C110,flats,,,Mexico,export_country,Not recommended,/materials/copper-c110-supplier-india.html,Do not create
Copper,Copper C110,flats,,,Brazil,export_country,Not recommended,/materials/copper-c110-supplier-india.html,Do not create
Copper,Copper C110,flats,,,South Africa,export_country,Not recommended,/materials/copper-c110-supplier-india.html,Do not create
Copper,Copper C110,flats,,,Egypt,export_country,Not recommended,/materials/copper-c110-supplier-india.html,Do not create
Copper,Copper C110,flats,,,Kenya,export_country,Missing but low value,/materials/copper-c110-supplier-india.html,Do not create in final batch
Copper,Copper C110,flats,,,Tanzania,export_country,Missing but low value,/materials/copper-c110-supplier-india.html,Do not create in final batch
Copper,Copper C110,flats,,,Nigeria,export_country,Not recommended,/materials/copper-c110-supplier-india.html,Do not create
Copper,Copper C110,flats,,,Mauritius,export_country,Missing but low value,/materials/copper-c110-supplier-india.html,Do not create in final batch
Copper,Copper C110,flats,,,New Zealand,export_country,Not recommended,/materials/copper-c110-supplier-india.html,Do not create
Copper,Copper C110,tubes,,,UAE,export_country,Not recommended,/materials/copper-c110-supplier-india.html,Do not create
Copper,Copper C110,tubes,,,Saudi Arabia,export_country,Not recommended,/materials/copper-c110-supplier-india.html,Do not create
Copper,Copper C110,tubes,,,Qatar,export_country,Not recommended,/materials/copper-c110-supplier-india.html,Do not create
Copper,Copper C110,tubes,,,Oman,export_country,Not recommended,/materials/copper-c110-supplier-india.html,Do not create
Copper,Copper C110,tubes,,,Kuwait,export_country,Missing but low value,/materials/copper-c110-supplier-india.html,Do not create in final batch
Copper,Copper C110,tubes,,,Bahrain,export_country,Missing but low value,/materials/copper-c110-supplier-india.html,Do not create in final batch
Copper,Copper C110,tubes,,,Singapore,export_country,Not recommended,/materials/copper-c110-supplier-india.html,Do not create
Copper,Copper C110,tubes,,,Malaysia,export_country,Missing but low value,/materials/copper-c110-supplier-india.html,Do not create in final batch
Copper,Copper C110,tubes,,,Indonesia,export_country,Missing but low value,/materials/copper-c110-supplier-india.html,Do not create in final batch
Copper,Copper C110,tubes,,,Thailand,export_country,Missing but low value,/materials/copper-c110-supplier-india.html,Do not create in final batch
Copper,Copper C110,tubes,,,Vietnam,export_country,Missing but low value,/materials/copper-c110-supplier-india.html,Do not create in final batch
Copper,Copper C110,tubes,,,Philippines,export_country,Missing but low value,/materials/copper-c110-supplier-india.html,Do not create in final batch
Copper,Copper C110,tubes,,,South Korea,export_country,Missing but low value,/materials/copper-c110-supplier-india.html,Do not create in final batch
Copper,Copper C110,tubes,,,Japan,export_country,Missing but low value,/materials/copper-c110-supplier-india.html,Do not create in final batch
Copper,Copper C110,tubes,,,Taiwan,export_country,Missing but low value,/materials/copper-c110-supplier-india.html,Do not create in final batch
Copper,Copper C110,tubes,,,Germany,export_country,Not recommended,/materials/copper-c110-supplier-india.html,Do not create
Copper,Copper C110,tubes,,,Netherlands,export_country,Not recommended,/materials/copper-c110-supplier-india.html,Do not create
Copper,Copper C110,tubes,,,United Kingdom,export_country,Not recommended,/materials/copper-c110-supplier-india.html,Do not create
Copper,Copper C110,tubes,,,Italy,export_country,Missing but low value,/materials/copper-c110-supplier-india.html,Do not create in final batch
Copper,Copper C110,tubes,,,Spain,export_country,Missing but low value,/materials/copper-c110-supplier-india.html,Do not create in final batch
Copper,Copper C110,tubes,,,Poland,export_country,Missing but low value,/materials/copper-c110-supplier-india.html,Do not create in final batch
Copper,Copper C110,tubes,,,United States,export_country,Not recommended,/materials/copper-c110-supplier-india.html,Do not create
Copper,Copper C110,tubes,,,Canada,export_country,Missing but low value,/materials/copper-c110-supplier-india.html,Do not create in final batch
Copper,Copper C110,tubes,,,Mexico,export_country,Missing but low value,/materials/copper-c110-supplier-india.html,Do not create in final batch
Copper,Copper C110,tubes,,,Brazil,export_country,Missing but low value,/materials/copper-c110-supplier-india.html,Do not create in final batch
Copper,Copper C110,tubes,,,South Africa,export_country,Missing but low value,/materials/copper-c110-supplier-india.html,Do not create in final batch
Copper,Copper C110,tubes,,,Egypt,export_country,Missing but low value,/materials/copper-c110-supplier-india.html,Do not create in final batch
Copper,Copper C110,tubes,,,Kenya,export_country,Missing but low value,/materials/copper-c110-supplier-india.html,Do not create in final batch
Copper,Copper C110,tubes,,,Tanzania,export_country,Missing but low value,/materials/copper-c110-supplier-india.html,Do not create in final batch
Copper,Copper C110,tubes,,,Nigeria,export_country,Missing but low value,/materials/copper-c110-supplier-india.html,Do not create in final batch
Copper,Copper C110,tubes,,,Mauritius,export_country,Missing but low value,/materials/copper-c110-supplier-india.html,Do not create in final batch
Copper,Copper C110,tubes,,,Australia,export_country,Not recommended,/materials/copper-c110-supplier-india.html,Do not create
Copper,Copper C110,tubes,,,New Zealand,export_country,Missing but low value,/materials/copper-c110-supplier-india.html,Do not create in final batch
Copper,Copper C122,sheets,,,UAE,export_country,Not recommended,/materials/copper-c122-supplier-india.html,Do not create
Copper,Copper C122,sheets,,,Saudi Arabia,export_country,Not recommended,/materials/copper-c122-supplier-india.html,Do not create
Copper,Copper C122,sheets,,,Qatar,export_country,Not recommended,/materials/copper-c122-supplier-india.html,Do not create
Copper,Copper C122,sheets,,,Oman,export_country,Not recommended,/materials/copper-c122-supplier-india.html,Do not create
Copper,Copper C122,sheets,,,Kuwait,export_country,Missing but low value,/materials/copper-c122-supplier-india.html,Do not create in final batch
Copper,Copper C122,sheets,,,Bahrain,export_country,Missing but low value,/materials/copper-c122-supplier-india.html,Do not create in final batch
Copper,Copper C122,sheets,,,Singapore,export_country,Not recommended,/materials/copper-c122-supplier-india.html,Do not create
Copper,Copper C122,sheets,,,Malaysia,export_country,Missing but low value,/materials/copper-c122-supplier-india.html,Do not create in final batch
Copper,Copper C122,sheets,,,Indonesia,export_country,Missing but low value,/materials/copper-c122-supplier-india.html,Do not create in final batch
Copper,Copper C122,sheets,,,Thailand,export_country,Missing but low value,/materials/copper-c122-supplier-india.html,Do not create in final batch
Copper,Copper C122,sheets,,,Vietnam,export_country,Missing but low value,/materials/copper-c122-supplier-india.html,Do not create in final batch
Copper,Copper C122,sheets,,,Philippines,export_country,Missing but low value,/materials/copper-c122-supplier-india.html,Do not create in final batch
Copper,Copper C122,sheets,,,South Korea,export_country,Missing but low value,/materials/copper-c122-supplier-india.html,Do not create in final batch
Copper,Copper C122,sheets,,,Japan,export_country,Missing but low value,/materials/copper-c122-supplier-india.html,Do not create in final batch
Copper,Copper C122,sheets,,,Taiwan,export_country,Missing but low value,/materials/copper-c122-supplier-india.html,Do not create in final batch
Copper,Copper C122,sheets,,,Germany,export_country,Not recommended,/materials/copper-c122-supplier-india.html,Do not create
Copper,Copper C122,sheets,,,Netherlands,export_country,Not recommended,/materials/copper-c122-supplier-india.html,Do not create
Copper,Copper C122,sheets,,,United Kingdom,export_country,Not recommended,/materials/copper-c122-supplier-india.html,Do not create
Copper,Copper C122,sheets,,,Italy,export_country,Missing but low value,/materials/copper-c122-supplier-india.html,Do not create in final batch
Copper,Copper C122,sheets,,,Spain,export_country,Missing but low value,/materials/copper-c122-supplier-india.html,Do not create in final batch
Copper,Copper C122,sheets,,,Poland,export_country,Missing but low value,/materials/copper-c122-supplier-india.html,Do not create in final batch
Copper,Copper C122,sheets,,,United States,export_country,Not recommended,/materials/copper-c122-supplier-india.html,Do not create
Copper,Copper C122,sheets,,,Canada,export_country,Missing but low value,/materials/copper-c122-supplier-india.html,Do not create in final batch
Copper,Copper C122,sheets,,,Mexico,export_country,Missing but low value,/materials/copper-c122-supplier-india.html,Do not create in final batch
Copper,Copper C122,sheets,,,Brazil,export_country,Missing but low value,/materials/copper-c122-supplier-india.html,Do not create in final batch
Copper,Copper C122,sheets,,,South Africa,export_country,Missing but low value,/materials/copper-c122-supplier-india.html,Do not create in final batch
Copper,Copper C122,sheets,,,Egypt,export_country,Missing but low value,/materials/copper-c122-supplier-india.html,Do not create in final batch
Copper,Copper C122,sheets,,,Kenya,export_country,Missing but low value,/materials/copper-c122-supplier-india.html,Do not create in final batch
Copper,Copper C122,sheets,,,Tanzania,export_country,Missing but low value,/materials/copper-c122-supplier-india.html,Do not create in final batch
Copper,Copper C122,sheets,,,Nigeria,export_country,Missing but low value,/materials/copper-c122-supplier-india.html,Do not create in final batch
Copper,Copper C122,sheets,,,Mauritius,export_country,Missing but low value,/materials/copper-c122-supplier-india.html,Do not create in final batch
Copper,Copper C122,sheets,,,Australia,export_country,Not recommended,/materials/copper-c122-supplier-india.html,Do not create
Copper,Copper C122,sheets,,,New Zealand,export_country,Missing but low value,/materials/copper-c122-supplier-india.html,Do not create in final batch
Copper,Copper C122,rods,,,UAE,export_country,Not recommended,/materials/copper-c122-supplier-india.html,Do not create
Copper,Copper C122,rods,,,Saudi Arabia,export_country,Not recommended,/materials/copper-c122-supplier-india.html,Do not create
Copper,Copper C122,rods,,,Qatar,export_country,Not recommended,/materials/copper-c122-supplier-india.html,Do not create
Copper,Copper C122,rods,,,Oman,export_country,Not recommended,/materials/copper-c122-supplier-india.html,Do not create
Copper,Copper C122,rods,,,Kuwait,export_country,Missing but low value,/materials/copper-c122-supplier-india.html,Do not create in final batch
Copper,Copper C122,rods,,,Bahrain,export_country,Missing but low value,/materials/copper-c122-supplier-india.html,Do not create in final batch
Copper,Copper C122,rods,,,Singapore,export_country,Not recommended,/materials/copper-c122-supplier-india.html,Do not create
Copper,Copper C122,rods,,,Malaysia,export_country,Missing but low value,/materials/copper-c122-supplier-india.html,Do not create in final batch
Copper,Copper C122,rods,,,Indonesia,export_country,Missing but low value,/materials/copper-c122-supplier-india.html,Do not create in final batch
Copper,Copper C122,rods,,,Thailand,export_country,Missing but low value,/materials/copper-c122-supplier-india.html,Do not create in final batch
Copper,Copper C122,rods,,,Vietnam,export_country,Missing but low value,/materials/copper-c122-supplier-india.html,Do not create in final batch
Copper,Copper C122,rods,,,Philippines,export_country,Missing but low value,/materials/copper-c122-supplier-india.html,Do not create in final batch
Copper,Copper C122,rods,,,South Korea,export_country,Missing but low value,/materials/copper-c122-supplier-india.html,Do not create in final batch
Copper,Copper C122,rods,,,Japan,export_country,Missing but low value,/materials/copper-c122-supplier-india.html,Do not create in final batch
Copper,Copper C122,rods,,,Taiwan,export_country,Missing but low value,/materials/copper-c122-supplier-india.html,Do not create in final batch
Copper,Copper C122,rods,,,Germany,export_country,Not recommended,/materials/copper-c122-supplier-india.html,Do not create
Copper,Copper C122,rods,,,Netherlands,export_country,Not recommended,/materials/copper-c122-supplier-india.html,Do not create
Copper,Copper C122,rods,,,United Kingdom,export_country,Not recommended,/materials/copper-c122-supplier-india.html,Do not create
Copper,Copper C122,rods,,,Italy,export_country,Missing but low value,/materials/copper-c122-supplier-india.html,Do not create in final batch
Copper,Copper C122,rods,,,Spain,export_country,Missing but low value,/materials/copper-c122-supplier-india.html,Do not create in final batch
Copper,Copper C122,rods,,,Poland,export_country,Missing but low value,/materials/copper-c122-supplier-india.html,Do not create in final batch
Copper,Copper C122,rods,,,United States,export_country,Not recommended,/materials/copper-c122-supplier-india.html,Do not create
Copper,Copper C122,rods,,,Canada,export_country,Missing but low value,/materials/copper-c122-supplier-india.html,Do not create in final batch
Copper,Copper C122,rods,,,Mexico,export_country,Missing but low value,/materials/copper-c122-supplier-india.html,Do not create in final batch
Copper,Copper C122,rods,,,Brazil,export_country,Missing but low value,/materials/copper-c122-supplier-india.html,Do not create in final batch
Copper,Copper C122,rods,,,South Africa,export_country,Missing but low value,/materials/copper-c122-supplier-india.html,Do not create in final batch
Copper,Copper C122,rods,,,Egypt,export_country,Missing but low value,/materials/copper-c122-supplier-india.html,Do not create in final batch
Copper,Copper C122,rods,,,Kenya,export_country,Missing but low value,/materials/copper-c122-supplier-india.html,Do not create in final batch
Copper,Copper C122,rods,,,Tanzania,export_country,Missing but low value,/materials/copper-c122-supplier-india.html,Do not create in final batch
Copper,Copper C122,rods,,,Nigeria,export_country,Missing but low value,/materials/copper-c122-supplier-india.html,Do not create in final batch
Copper,Copper C122,rods,,,Mauritius,export_country,Missing but low value,/materials/copper-c122-supplier-india.html,Do not create in final batch
Copper,Copper C122,rods,,,Australia,export_country,Not recommended,/materials/copper-c122-supplier-india.html,Do not create
Copper,Copper C122,rods,,,New Zealand,export_country,Missing but low value,/materials/copper-c122-supplier-india.html,Do not create in final batch
Copper,Copper C122,flats,,,UAE,export_country,Not recommended,/materials/copper-c122-supplier-india.html,Do not create
Copper,Copper C122,flats,,,Saudi Arabia,export_country,Not recommended,/materials/copper-c122-supplier-india.html,Do not create
Copper,Copper C122,flats,,,Qatar,export_country,Not recommended,/materials/copper-c122-supplier-india.html,Do not create
Copper,Copper C122,flats,,,Oman,export_country,Not recommended,/materials/copper-c122-supplier-india.html,Do not create
Copper,Copper C122,flats,,,Kuwait,export_country,Missing but low value,/materials/copper-c122-supplier-india.html,Do not create in final batch
Copper,Copper C122,flats,,,Bahrain,export_country,Missing but low value,/materials/copper-c122-supplier-india.html,Do not create in final batch
Copper,Copper C122,flats,,,Singapore,export_country,Not recommended,/materials/copper-c122-supplier-india.html,Do not create
Copper,Copper C122,flats,,,Malaysia,export_country,Missing but low value,/materials/copper-c122-supplier-india.html,Do not create in final batch
Copper,Copper C122,flats,,,Indonesia,export_country,Missing but low value,/materials/copper-c122-supplier-india.html,Do not create in final batch
Copper,Copper C122,flats,,,Thailand,export_country,Missing but low value,/materials/copper-c122-supplier-india.html,Do not create in final batch
Copper,Copper C122,flats,,,Vietnam,export_country,Missing but low value,/materials/copper-c122-supplier-india.html,Do not create in final batch
Copper,Copper C122,flats,,,Philippines,export_country,Missing but low value,/materials/copper-c122-supplier-india.html,Do not create in final batch
Copper,Copper C122,flats,,,South Korea,export_country,Missing but low value,/materials/copper-c122-supplier-india.html,Do not create in final batch
Copper,Copper C122,flats,,,Japan,export_country,Missing but low value,/materials/copper-c122-supplier-india.html,Do not create in final batch
Copper,Copper C122,flats,,,Taiwan,export_country,Missing but low value,/materials/copper-c122-supplier-india.html,Do not create in final batch
Copper,Copper C122,flats,,,Germany,export_country,Not recommended,/materials/copper-c122-supplier-india.html,Do not create
Copper,Copper C122,flats,,,Netherlands,export_country,Not recommended,/materials/copper-c122-supplier-india.html,Do not create
Copper,Copper C122,flats,,,United Kingdom,export_country,Not recommended,/materials/copper-c122-supplier-india.html,Do not create
Copper,Copper C122,flats,,,Italy,export_country,Missing but low value,/materials/copper-c122-supplier-india.html,Do not create in final batch
Copper,Copper C122,flats,,,Spain,export_country,Missing but low value,/materials/copper-c122-supplier-india.html,Do not create in final batch
Copper,Copper C122,flats,,,Poland,export_country,Missing but low value,/materials/copper-c122-supplier-india.html,Do not create in final batch
Copper,Copper C122,flats,,,United States,export_country,Not recommended,/materials/copper-c122-supplier-india.html,Do not create
Copper,Copper C122,flats,,,Canada,export_country,Missing but low value,/materials/copper-c122-supplier-india.html,Do not create in final batch
Copper,Copper C122,flats,,,Mexico,export_country,Missing but low value,/materials/copper-c122-supplier-india.html,Do not create in final batch
Copper,Copper C122,flats,,,Brazil,export_country,Missing but low value,/materials/copper-c122-supplier-india.html,Do not create in final batch
Copper,Copper C122,flats,,,South Africa,export_country,Missing but low value,/materials/copper-c122-supplier-india.html,Do not create in final batch
Copper,Copper C122,flats,,,Egypt,export_country,Missing but low value,/materials/copper-c122-supplier-india.html,Do not create in final batch
Copper,Copper C122,flats,,,Kenya,export_country,Missing but low value,/materials/copper-c122-supplier-india.html,Do not create in final batch
Copper,Copper C122,flats,,,Tanzania,export_country,Missing but low value,/materials/copper-c122-supplier-india.html,Do not create in final batch
Copper,Copper C122,flats,,,Nigeria,export_country,Missing but low value,/materials/copper-c122-supplier-india.html,Do not create in final batch
Copper,Copper C122,flats,,,Mauritius,export_country,Missing but low value,/materials/copper-c122-supplier-india.html,Do not create in final batch
Copper,Copper C122,flats,,,Australia,export_country,Not recommended,/materials/copper-c122-supplier-india.html,Do not create
Copper,Copper C122,flats,,,New Zealand,export_country,Missing but low value,/materials/copper-c122-supplier-india.html,Do not create in final batch
Copper,Copper C122,tubes,,,UAE,export_country,Missing but low value,/materials/copper-c122-supplier-india.html,Do not create in final batch
Copper,Copper C122,tubes,,,Saudi Arabia,export_country,Missing but low value,/materials/copper-c122-supplier-india.html,Do not create in final batch
Copper,Copper C122,tubes,,,Qatar,export_country,Missing but low value,/materials/copper-c122-supplier-india.html,Do not create in final batch
Copper,Copper C122,tubes,,,Oman,export_country,Missing but low value,/materials/copper-c122-supplier-india.html,Do not create in final batch
Copper,Copper C122,tubes,,,Kuwait,export_country,Missing but low value,/materials/copper-c122-supplier-india.html,Do not create in final batch
Copper,Copper C122,tubes,,,Bahrain,export_country,Missing but low value,/materials/copper-c122-supplier-india.html,Do not create in final batch
Copper,Copper C122,tubes,,,Singapore,export_country,Missing but low value,/materials/copper-c122-supplier-india.html,Do not create in final batch
Copper,Copper C122,tubes,,,Malaysia,export_country,Missing but low value,/materials/copper-c122-supplier-india.html,Do not create in final batch
Copper,Copper C122,tubes,,,Indonesia,export_country,Missing but low value,/materials/copper-c122-supplier-india.html,Do not create in final batch
Copper,Copper C122,tubes,,,Thailand,export_country,Missing but low value,/materials/copper-c122-supplier-india.html,Do not create in final batch
Copper,Copper C122,tubes,,,Vietnam,export_country,Missing but low value,/materials/copper-c122-supplier-india.html,Do not create in final batch
Copper,Copper C122,tubes,,,Philippines,export_country,Missing but low value,/materials/copper-c122-supplier-india.html,Do not create in final batch
Copper,Copper C122,tubes,,,South Korea,export_country,Missing but low value,/materials/copper-c122-supplier-india.html,Do not create in final batch
Copper,Copper C122,tubes,,,Japan,export_country,Missing but low value,/materials/copper-c122-supplier-india.html,Do not create in final batch
Copper,Copper C122,tubes,,,Taiwan,export_country,Missing but low value,/materials/copper-c122-supplier-india.html,Do not create in final batch
Copper,Copper C122,tubes,,,Germany,export_country,Missing but low value,/materials/copper-c122-supplier-india.html,Do not create in final batch
Copper,Copper C122,tubes,,,Netherlands,export_country,Missing but low value,/materials/copper-c122-supplier-india.html,Do not create in final batch
Copper,Copper C122,tubes,,,United Kingdom,export_country,Missing but low value,/materials/copper-c122-supplier-india.html,Do not create in final batch
Copper,Copper C122,tubes,,,Italy,export_country,Missing but low value,/materials/copper-c122-supplier-india.html,Do not create in final batch
Copper,Copper C122,tubes,,,Spain,export_country,Missing but low value,/materials/copper-c122-supplier-india.html,Do not create in final batch
Copper,Copper C122,tubes,,,Poland,export_country,Missing but low value,/materials/copper-c122-supplier-india.html,Do not create in final batch
Copper,Copper C122,tubes,,,United States,export_country,Missing but low value,/materials/copper-c122-supplier-india.html,Do not create in final batch
Copper,Copper C122,tubes,,,Canada,export_country,Missing but low value,/materials/copper-c122-supplier-india.html,Do not create in final batch
Copper,Copper C122,tubes,,,Mexico,export_country,Missing but low value,/materials/copper-c122-supplier-india.html,Do not create in final batch
Copper,Copper C122,tubes,,,Brazil,export_country,Missing but low value,/materials/copper-c122-supplier-india.html,Do not create in final batch
Copper,Copper C122,tubes,,,South Africa,export_country,Missing but low value,/materials/copper-c122-supplier-india.html,Do not create in final batch
Copper,Copper C122,tubes,,,Egypt,export_country,Missing but low value,/materials/copper-c122-supplier-india.html,Do not create in final batch
Copper,Copper C122,tubes,,,Kenya,export_country,Missing but low value,/materials/copper-c122-supplier-india.html,Do not create in final batch
Copper,Copper C122,tubes,,,Tanzania,export_country,Missing but low value,/materials/copper-c122-supplier-india.html,Do not create in final batch
Copper,Copper C122,tubes,,,Nigeria,export_country,Missing but low value,/materials/copper-c122-supplier-india.html,Do not create in final batch
Copper,Copper C122,tubes,,,Mauritius,export_country,Missing but low value,/materials/copper-c122-supplier-india.html,Do not create in final batch
Copper,Copper C122,tubes,,,Australia,export_country,Missing but low value,/materials/copper-c122-supplier-india.html,Do not create in final batch
Copper,Copper C122,tubes,,,New Zealand,export_country,Missing but low value,/materials/copper-c122-supplier-india.html,Do not create in final batch
Brass,Brass,rods,Navi Mumbai,Maharashtra,,india_city,Not recommended,/materials/brass.html,Do not create
Brass,Brass,rods,Thane,Maharashtra,,india_city,Not recommended,/materials/brass.html,Do not create
Brass,Brass,rods,Nashik,Maharashtra,,india_city,Not recommended,/materials/brass.html,Do not create
Brass,Brass,rods,Chhatrapati Sambhajinagar / Aurangabad,Maharashtra,,india_city,Not recommended,/materials/brass.html,Do not create
Brass,Brass,rods,Nagpur / Butibori,Maharashtra,,india_city,Not recommended,/materials/brass.html,Do not create
Brass,Brass,rods,Hazira,Gujarat,,india_city,Not recommended,/materials/brass.html,Do not create
Brass,Brass,rods,Rajkot,Gujarat,,india_city,Not recommended,/materials/brass.html,Do not create
Brass,Brass,rods,Jamnagar,Gujarat,,india_city,Not recommended,/materials/brass.html,Do not create
Brass,Brass,rods,Sriperumbudur,Tamil Nadu,,india_city,Not recommended,/materials/brass.html,Do not create
Brass,Brass,rods,Oragadam,Tamil Nadu,,india_city,Not recommended,/materials/brass.html,Do not create
Brass,Brass,rods,Hosur,Tamil Nadu,,india_city,Not recommended,/materials/brass.html,Do not create
Brass,Brass,rods,Salem,Tamil Nadu,,india_city,Not recommended,/materials/brass.html,Do not create
Brass,Brass,rods,Trichy,Tamil Nadu,,india_city,Not recommended,/materials/brass.html,Do not create
Brass,Brass,rods,Bommasandra,Karnataka,,india_city,Not recommended,/materials/brass.html,Do not create
Brass,Brass,rods,Mysuru,Karnataka,,india_city,Not recommended,/materials/brass.html,Do not create
Brass,Brass,rods,Mangaluru,Karnataka,,india_city,Not recommended,/materials/brass.html,Do not create
Brass,Brass,rods,Secunderabad,Telangana,,india_city,Not recommended,/materials/brass.html,Do not create
Brass,Brass,rods,Kakinada,Andhra Pradesh,,india_city,Not recommended,/materials/brass.html,Do not create
Brass,Brass,rods,Vijayawada,Andhra Pradesh,,india_city,Not recommended,/materials/brass.html,Do not create
Brass,Brass,rods,Greater Noida,Uttar Pradesh,,india_city,Not recommended,/materials/brass.html,Do not create
Brass,Brass,rods,Ghaziabad,Uttar Pradesh,,india_city,Not recommended,/materials/brass.html,Do not create
Brass,Brass,rods,Bhiwadi,Rajasthan,,india_city,Not recommended,/materials/brass.html,Do not create
Brass,Brass,rods,Neemrana,Rajasthan,,india_city,Not recommended,/materials/brass.html,Do not create
Brass,Brass,rods,Jaipur,Rajasthan,,india_city,Not recommended,/materials/brass.html,Do not create
Brass,Brass,rods,Indore,Madhya Pradesh,,india_city,Not recommended,/materials/brass.html,Do not create
Brass,Brass,rods,Pithampur,Madhya Pradesh,,india_city,Not recommended,/materials/brass.html,Do not create
Brass,Brass,rods,Bhopal / Mandideep,Madhya Pradesh,,india_city,Not recommended,/materials/brass.html,Do not create
Brass,Brass,rods,Kolkata,West Bengal,,india_city,Not recommended,/materials/brass.html,Do not create
Brass,Brass,rods,Howrah,West Bengal,,india_city,Not recommended,/materials/brass.html,Do not create
Brass,Brass,rods,Durgapur,West Bengal,,india_city,Not recommended,/materials/brass.html,Do not create
Brass,Brass,rods,Jamshedpur,Jharkhand,,india_city,Not recommended,/materials/brass.html,Do not create
Brass,Brass,rods,Ludhiana,Punjab,,india_city,Not recommended,/materials/brass.html,Do not create
Brass,Brass,rods,Jalandhar,Punjab,,india_city,Missing but low value,/materials/brass.html,Do not create in final batch
Brass,Brass,rods,Kochi,Kerala,,india_city,Missing but low value,/materials/brass.html,Do not create in final batch
Brass,Brass,rods,Bhubaneswar,Odisha,,india_city,Not recommended,/materials/brass.html,Do not create
Brass,Brass,rods,Rourkela,Odisha,,india_city,Not recommended,/materials/brass.html,Do not create
Brass,Brass,sheets,Navi Mumbai,Maharashtra,,india_city,Not recommended,/materials/brass.html,Do not create
Brass,Brass,sheets,Thane,Maharashtra,,india_city,Not recommended,/materials/brass.html,Do not create
Brass,Brass,sheets,Nashik,Maharashtra,,india_city,Not recommended,/materials/brass.html,Do not create
Brass,Brass,sheets,Chhatrapati Sambhajinagar / Aurangabad,Maharashtra,,india_city,Not recommended,/materials/brass.html,Do not create
Brass,Brass,sheets,Nagpur / Butibori,Maharashtra,,india_city,Not recommended,/materials/brass.html,Do not create
Brass,Brass,sheets,Hazira,Gujarat,,india_city,Not recommended,/materials/brass.html,Do not create
Brass,Brass,sheets,Rajkot,Gujarat,,india_city,Not recommended,/materials/brass.html,Do not create
Brass,Brass,sheets,Jamnagar,Gujarat,,india_city,Not recommended,/materials/brass.html,Do not create
Brass,Brass,sheets,Sriperumbudur,Tamil Nadu,,india_city,Not recommended,/materials/brass.html,Do not create
Brass,Brass,sheets,Oragadam,Tamil Nadu,,india_city,Not recommended,/materials/brass.html,Do not create
Brass,Brass,sheets,Hosur,Tamil Nadu,,india_city,Not recommended,/materials/brass.html,Do not create
Brass,Brass,sheets,Salem,Tamil Nadu,,india_city,Not recommended,/materials/brass.html,Do not create
Brass,Brass,sheets,Trichy,Tamil Nadu,,india_city,Not recommended,/materials/brass.html,Do not create
Brass,Brass,sheets,Bommasandra,Karnataka,,india_city,Not recommended,/materials/brass.html,Do not create
Brass,Brass,sheets,Mysuru,Karnataka,,india_city,Not recommended,/materials/brass.html,Do not create
Brass,Brass,sheets,Mangaluru,Karnataka,,india_city,Not recommended,/materials/brass.html,Do not create
Brass,Brass,sheets,Secunderabad,Telangana,,india_city,Not recommended,/materials/brass.html,Do not create
Brass,Brass,sheets,Kakinada,Andhra Pradesh,,india_city,Not recommended,/materials/brass.html,Do not create
Brass,Brass,sheets,Vijayawada,Andhra Pradesh,,india_city,Not recommended,/materials/brass.html,Do not create
Brass,Brass,sheets,Greater Noida,Uttar Pradesh,,india_city,Not recommended,/materials/brass.html,Do not create
Brass,Brass,sheets,Ghaziabad,Uttar Pradesh,,india_city,Not recommended,/materials/brass.html,Do not create
Brass,Brass,sheets,Bhiwadi,Rajasthan,,india_city,Not recommended,/materials/brass.html,Do not create
Brass,Brass,sheets,Neemrana,Rajasthan,,india_city,Not recommended,/materials/brass.html,Do not create
Brass,Brass,sheets,Jaipur,Rajasthan,,india_city,Not recommended,/materials/brass.html,Do not create
Brass,Brass,sheets,Indore,Madhya Pradesh,,india_city,Not recommended,/materials/brass.html,Do not create
Brass,Brass,sheets,Pithampur,Madhya Pradesh,,india_city,Not recommended,/materials/brass.html,Do not create
Brass,Brass,sheets,Bhopal / Mandideep,Madhya Pradesh,,india_city,Not recommended,/materials/brass.html,Do not create
Brass,Brass,sheets,Kolkata,West Bengal,,india_city,Not recommended,/materials/brass.html,Do not create
Brass,Brass,sheets,Howrah,West Bengal,,india_city,Not recommended,/materials/brass.html,Do not create
Brass,Brass,sheets,Durgapur,West Bengal,,india_city,Not recommended,/materials/brass.html,Do not create
Brass,Brass,sheets,Jamshedpur,Jharkhand,,india_city,Not recommended,/materials/brass.html,Do not create
Brass,Brass,sheets,Ludhiana,Punjab,,india_city,Not recommended,/materials/brass.html,Do not create
Brass,Brass,sheets,Jalandhar,Punjab,,india_city,Missing but low value,/materials/brass.html,Do not create in final batch
Brass,Brass,sheets,Kochi,Kerala,,india_city,Missing but low value,/materials/brass.html,Do not create in final batch
Brass,Brass,sheets,Bhubaneswar,Odisha,,india_city,Not recommended,/materials/brass.html,Do not create
Brass,Brass,sheets,Rourkela,Odisha,,india_city,Not recommended,/materials/brass.html,Do not create
Brass,Brass,flats,Navi Mumbai,Maharashtra,,india_city,Not recommended,/materials/brass.html,Do not create
Brass,Brass,flats,Thane,Maharashtra,,india_city,Not recommended,/materials/brass.html,Do not create
Brass,Brass,flats,Nashik,Maharashtra,,india_city,Not recommended,/materials/brass.html,Do not create
Brass,Brass,flats,Chhatrapati Sambhajinagar / Aurangabad,Maharashtra,,india_city,Not recommended,/materials/brass.html,Do not create
Brass,Brass,flats,Nagpur / Butibori,Maharashtra,,india_city,Not recommended,/materials/brass.html,Do not create
Brass,Brass,flats,Hazira,Gujarat,,india_city,Not recommended,/materials/brass.html,Do not create
Brass,Brass,flats,Rajkot,Gujarat,,india_city,Not recommended,/materials/brass.html,Do not create
Brass,Brass,flats,Jamnagar,Gujarat,,india_city,Not recommended,/materials/brass.html,Do not create
Brass,Brass,flats,Sriperumbudur,Tamil Nadu,,india_city,Not recommended,/materials/brass.html,Do not create
Brass,Brass,flats,Oragadam,Tamil Nadu,,india_city,Not recommended,/materials/brass.html,Do not create
Brass,Brass,flats,Hosur,Tamil Nadu,,india_city,Not recommended,/materials/brass.html,Do not create
Brass,Brass,flats,Salem,Tamil Nadu,,india_city,Not recommended,/materials/brass.html,Do not create
Brass,Brass,flats,Trichy,Tamil Nadu,,india_city,Not recommended,/materials/brass.html,Do not create
Brass,Brass,flats,Bommasandra,Karnataka,,india_city,Not recommended,/materials/brass.html,Do not create
Brass,Brass,flats,Mysuru,Karnataka,,india_city,Not recommended,/materials/brass.html,Do not create
Brass,Brass,flats,Mangaluru,Karnataka,,india_city,Not recommended,/materials/brass.html,Do not create
Brass,Brass,flats,Secunderabad,Telangana,,india_city,Not recommended,/materials/brass.html,Do not create
Brass,Brass,flats,Kakinada,Andhra Pradesh,,india_city,Not recommended,/materials/brass.html,Do not create
Brass,Brass,flats,Vijayawada,Andhra Pradesh,,india_city,Not recommended,/materials/brass.html,Do not create
Brass,Brass,flats,Greater Noida,Uttar Pradesh,,india_city,Not recommended,/materials/brass.html,Do not create
Brass,Brass,flats,Ghaziabad,Uttar Pradesh,,india_city,Not recommended,/materials/brass.html,Do not create
Brass,Brass,flats,Bhiwadi,Rajasthan,,india_city,Not recommended,/materials/brass.html,Do not create
Brass,Brass,flats,Neemrana,Rajasthan,,india_city,Not recommended,/materials/brass.html,Do not create
Brass,Brass,flats,Jaipur,Rajasthan,,india_city,Not recommended,/materials/brass.html,Do not create
Brass,Brass,flats,Indore,Madhya Pradesh,,india_city,Not recommended,/materials/brass.html,Do not create
Brass,Brass,flats,Pithampur,Madhya Pradesh,,india_city,Not recommended,/materials/brass.html,Do not create
Brass,Brass,flats,Bhopal / Mandideep,Madhya Pradesh,,india_city,Not recommended,/materials/brass.html,Do not create
Brass,Brass,flats,Kolkata,West Bengal,,india_city,Not recommended,/materials/brass.html,Do not create
Brass,Brass,flats,Howrah,West Bengal,,india_city,Not recommended,/materials/brass.html,Do not create
Brass,Brass,flats,Durgapur,West Bengal,,india_city,Not recommended,/materials/brass.html,Do not create
Brass,Brass,flats,Jamshedpur,Jharkhand,,india_city,Not recommended,/materials/brass.html,Do not create
Brass,Brass,flats,Ludhiana,Punjab,,india_city,Not recommended,/materials/brass.html,Do not create
Brass,Brass,flats,Jalandhar,Punjab,,india_city,Missing but low value,/materials/brass.html,Do not create in final batch
Brass,Brass,flats,Kochi,Kerala,,india_city,Missing but low value,/materials/brass.html,Do not create in final batch
Brass,Brass,flats,Bhubaneswar,Odisha,,india_city,Not recommended,/materials/brass.html,Do not create
Brass,Brass,flats,Rourkela,Odisha,,india_city,Not recommended,/materials/brass.html,Do not create
Brass,Brass,tubes,Mumbai,Maharashtra,,india_city,Missing but low value,/materials/brass.html,Do not create in final batch
Brass,Brass,tubes,Navi Mumbai,Maharashtra,,india_city,Missing but low value,/materials/brass.html,Do not create in final batch
Brass,Brass,tubes,Thane,Maharashtra,,india_city,Missing but low value,/materials/brass.html,Do not create in final batch
Brass,Brass,tubes,Pune,Maharashtra,,india_city,Missing but low value,/materials/brass.html,Do not create in final batch
Brass,Brass,tubes,Chakan,Maharashtra,,india_city,Missing but low value,/materials/brass.html,Do not create in final batch
Brass,Brass,tubes,PCMC,Maharashtra,,india_city,Missing but low value,/materials/brass.html,Do not create in final batch
Brass,Brass,tubes,Nashik,Maharashtra,,india_city,Missing but low value,/materials/brass.html,Do not create in final batch
Brass,Brass,tubes,Chhatrapati Sambhajinagar / Aurangabad,Maharashtra,,india_city,Missing but low value,/materials/brass.html,Do not create in final batch
Brass,Brass,tubes,Nagpur / Butibori,Maharashtra,,india_city,Missing but low value,/materials/brass.html,Do not create in final batch
Brass,Brass,tubes,Ahmedabad,Gujarat,,india_city,Missing but low value,/materials/brass.html,Do not create in final batch
Brass,Brass,tubes,Sanand,Gujarat,,india_city,Missing but low value,/materials/brass.html,Do not create in final batch
Brass,Brass,tubes,Vadodara,Gujarat,,india_city,Missing but low value,/materials/brass.html,Do not create in final batch
Brass,Brass,tubes,Surat,Gujarat,,india_city,Missing but low value,/materials/brass.html,Do not create in final batch
Brass,Brass,tubes,Hazira,Gujarat,,india_city,Missing but low value,/materials/brass.html,Do not create in final batch
Brass,Brass,tubes,Ankleshwar,Gujarat,,india_city,Missing but low value,/materials/brass.html,Do not create in final batch
Brass,Brass,tubes,Bharuch,Gujarat,,india_city,Missing but low value,/materials/brass.html,Do not create in final batch
Brass,Brass,tubes,Vapi,Gujarat,,india_city,Missing but low value,/materials/brass.html,Do not create in final batch
Brass,Brass,tubes,Rajkot,Gujarat,,india_city,Missing but low value,/materials/brass.html,Do not create in final batch
Brass,Brass,tubes,Jamnagar,Gujarat,,india_city,Missing but low value,/materials/brass.html,Do not create in final batch
Brass,Brass,tubes,Chennai,Tamil Nadu,,india_city,Missing but low value,/materials/brass.html,Do not create in final batch
Brass,Brass,tubes,Sriperumbudur,Tamil Nadu,,india_city,Missing but low value,/materials/brass.html,Do not create in final batch
Brass,Brass,tubes,Oragadam,Tamil Nadu,,india_city,Missing but low value,/materials/brass.html,Do not create in final batch
Brass,Brass,tubes,Coimbatore,Tamil Nadu,,india_city,Missing but low value,/materials/brass.html,Do not create in final batch
Brass,Brass,tubes,Hosur,Tamil Nadu,,india_city,Missing but low value,/materials/brass.html,Do not create in final batch
Brass,Brass,tubes,Salem,Tamil Nadu,,india_city,Missing but low value,/materials/brass.html,Do not create in final batch
Brass,Brass,tubes,Trichy,Tamil Nadu,,india_city,Missing but low value,/materials/brass.html,Do not create in final batch
Brass,Brass,tubes,Bengaluru,Karnataka,,india_city,Missing but low value,/materials/brass.html,Do not create in final batch
Brass,Brass,tubes,Peenya,Karnataka,,india_city,Missing but low value,/materials/brass.html,Do not create in final batch
Brass,Brass,tubes,Bommasandra,Karnataka,,india_city,Missing but low value,/materials/brass.html,Do not create in final batch
Brass,Brass,tubes,Mysuru,Karnataka,,india_city,Missing but low value,/materials/brass.html,Do not create in final batch
Brass,Brass,tubes,Mangaluru,Karnataka,,india_city,Missing but low value,/materials/brass.html,Do not create in final batch
Brass,Brass,tubes,Hyderabad,Telangana,,india_city,Missing but low value,/materials/brass.html,Do not create in final batch
Brass,Brass,tubes,Secunderabad,Telangana,,india_city,Missing but low value,/materials/brass.html,Do not create in final batch
Brass,Brass,tubes,Visakhapatnam,Andhra Pradesh,,india_city,Missing but low value,/materials/brass.html,Do not create in final batch
Brass,Brass,tubes,Kakinada,Andhra Pradesh,,india_city,Missing but low value,/materials/brass.html,Do not create in final batch
Brass,Brass,tubes,Vijayawada,Andhra Pradesh,,india_city,Missing but low value,/materials/brass.html,Do not create in final batch
Brass,Brass,tubes,Delhi,Delhi NCR,,india_city,Missing but low value,/materials/brass.html,Do not create in final batch
Brass,Brass,tubes,Gurugram,Haryana,,india_city,Missing but low value,/materials/brass.html,Do not create in final batch
Brass,Brass,tubes,Faridabad,Haryana,,india_city,Missing but low value,/materials/brass.html,Do not create in final batch
Brass,Brass,tubes,Noida,Uttar Pradesh,,india_city,Missing but low value,/materials/brass.html,Do not create in final batch
Brass,Brass,tubes,Greater Noida,Uttar Pradesh,,india_city,Missing but low value,/materials/brass.html,Do not create in final batch
Brass,Brass,tubes,Ghaziabad,Uttar Pradesh,,india_city,Missing but low value,/materials/brass.html,Do not create in final batch
Brass,Brass,tubes,Bhiwadi,Rajasthan,,india_city,Missing but low value,/materials/brass.html,Do not create in final batch
Brass,Brass,tubes,Neemrana,Rajasthan,,india_city,Missing but low value,/materials/brass.html,Do not create in final batch
Brass,Brass,tubes,Jaipur,Rajasthan,,india_city,Missing but low value,/materials/brass.html,Do not create in final batch
Brass,Brass,tubes,Indore,Madhya Pradesh,,india_city,Missing but low value,/materials/brass.html,Do not create in final batch
Brass,Brass,tubes,Pithampur,Madhya Pradesh,,india_city,Missing but low value,/materials/brass.html,Do not create in final batch
Brass,Brass,tubes,Bhopal / Mandideep,Madhya Pradesh,,india_city,Missing but low value,/materials/brass.html,Do not create in final batch
Brass,Brass,tubes,Kolkata,West Bengal,,india_city,Missing but low value,/materials/brass.html,Do not create in final batch
Brass,Brass,tubes,Howrah,West Bengal,,india_city,Missing but low value,/materials/brass.html,Do not create in final batch
Brass,Brass,tubes,Durgapur,West Bengal,,india_city,Missing but low value,/materials/brass.html,Do not create in final batch
Brass,Brass,tubes,Jamshedpur,Jharkhand,,india_city,Missing but low value,/materials/brass.html,Do not create in final batch
Brass,Brass,tubes,Ludhiana,Punjab,,india_city,Missing but low value,/materials/brass.html,Do not create in final batch
Brass,Brass,tubes,Jalandhar,Punjab,,india_city,Missing but low value,/materials/brass.html,Do not create in final batch
Brass,Brass,tubes,Kochi,Kerala,,india_city,Missing but low value,/materials/brass.html,Do not create in final batch
Brass,Brass,tubes,Bhubaneswar,Odisha,,india_city,Missing but low value,/materials/brass.html,Do not create in final batch
Brass,Brass,tubes,Rourkela,Odisha,,india_city,Missing but low value,/materials/brass.html,Do not create in final batch
Brass,Brass,rods,,,UAE,export_country,Not recommended,/materials/brass.html,Do not create
Brass,Brass,rods,,,Saudi Arabia,export_country,Not recommended,/materials/brass.html,Do not create
Brass,Brass,rods,,,Qatar,export_country,Not recommended,/materials/brass.html,Do not create
Brass,Brass,rods,,,Oman,export_country,Not recommended,/materials/brass.html,Do not create
Brass,Brass,rods,,,Kuwait,export_country,Missing but low value,/materials/brass.html,Do not create in final batch
Brass,Brass,rods,,,Bahrain,export_country,Missing but low value,/materials/brass.html,Do not create in final batch
Brass,Brass,rods,,,Singapore,export_country,Not recommended,/materials/brass.html,Do not create
Brass,Brass,rods,,,Malaysia,export_country,Missing but low value,/materials/brass.html,Do not create in final batch
Brass,Brass,rods,,,Indonesia,export_country,Missing but low value,/materials/brass.html,Do not create in final batch
Brass,Brass,rods,,,Thailand,export_country,Missing but low value,/materials/brass.html,Do not create in final batch
Brass,Brass,rods,,,Vietnam,export_country,Missing but low value,/materials/brass.html,Do not create in final batch
Brass,Brass,rods,,,Philippines,export_country,Missing but low value,/materials/brass.html,Do not create in final batch
Brass,Brass,rods,,,South Korea,export_country,Missing but low value,/materials/brass.html,Do not create in final batch
Brass,Brass,rods,,,Japan,export_country,Missing but low value,/materials/brass.html,Do not create in final batch
Brass,Brass,rods,,,Taiwan,export_country,Missing but low value,/materials/brass.html,Do not create in final batch
Brass,Brass,rods,,,Germany,export_country,Not recommended,/materials/brass.html,Do not create
Brass,Brass,rods,,,Netherlands,export_country,Not recommended,/materials/brass.html,Do not create
Brass,Brass,rods,,,United Kingdom,export_country,Not recommended,/materials/brass.html,Do not create
Brass,Brass,rods,,,Italy,export_country,Missing but low value,/materials/brass.html,Do not create in final batch
Brass,Brass,rods,,,Spain,export_country,Missing but low value,/materials/brass.html,Do not create in final batch
Brass,Brass,rods,,,Poland,export_country,Missing but low value,/materials/brass.html,Do not create in final batch
Brass,Brass,rods,,,United States,export_country,Not recommended,/materials/brass.html,Do not create
Brass,Brass,rods,,,Canada,export_country,Missing but low value,/materials/brass.html,Do not create in final batch
Brass,Brass,rods,,,Mexico,export_country,Missing but low value,/materials/brass.html,Do not create in final batch
Brass,Brass,rods,,,Brazil,export_country,Missing but low value,/materials/brass.html,Do not create in final batch
Brass,Brass,rods,,,South Africa,export_country,Missing but low value,/materials/brass.html,Do not create in final batch
Brass,Brass,rods,,,Egypt,export_country,Missing but low value,/materials/brass.html,Do not create in final batch
Brass,Brass,rods,,,Kenya,export_country,Missing but low value,/materials/brass.html,Do not create in final batch
Brass,Brass,rods,,,Tanzania,export_country,Missing but low value,/materials/brass.html,Do not create in final batch
Brass,Brass,rods,,,Nigeria,export_country,Missing but low value,/materials/brass.html,Do not create in final batch
Brass,Brass,rods,,,Mauritius,export_country,Missing but low value,/materials/brass.html,Do not create in final batch
Brass,Brass,rods,,,Australia,export_country,Not recommended,/materials/brass.html,Do not create
Brass,Brass,rods,,,New Zealand,export_country,Missing but low value,/materials/brass.html,Do not create in final batch
Brass,Brass,sheets,,,UAE,export_country,Not recommended,/materials/brass.html,Do not create
Brass,Brass,sheets,,,Saudi Arabia,export_country,Not recommended,/materials/brass.html,Do not create
Brass,Brass,sheets,,,Qatar,export_country,Not recommended,/materials/brass.html,Do not create
Brass,Brass,sheets,,,Oman,export_country,Not recommended,/materials/brass.html,Do not create
Brass,Brass,sheets,,,Kuwait,export_country,Missing but low value,/materials/brass.html,Do not create in final batch
Brass,Brass,sheets,,,Bahrain,export_country,Missing but low value,/materials/brass.html,Do not create in final batch
Brass,Brass,sheets,,,Singapore,export_country,Not recommended,/materials/brass.html,Do not create
Brass,Brass,sheets,,,Malaysia,export_country,Missing but low value,/materials/brass.html,Do not create in final batch
Brass,Brass,sheets,,,Indonesia,export_country,Missing but low value,/materials/brass.html,Do not create in final batch
Brass,Brass,sheets,,,Thailand,export_country,Missing but low value,/materials/brass.html,Do not create in final batch
Brass,Brass,sheets,,,Vietnam,export_country,Missing but low value,/materials/brass.html,Do not create in final batch
Brass,Brass,sheets,,,Philippines,export_country,Missing but low value,/materials/brass.html,Do not create in final batch
Brass,Brass,sheets,,,South Korea,export_country,Missing but low value,/materials/brass.html,Do not create in final batch
Brass,Brass,sheets,,,Japan,export_country,Missing but low value,/materials/brass.html,Do not create in final batch
Brass,Brass,sheets,,,Taiwan,export_country,Missing but low value,/materials/brass.html,Do not create in final batch
Brass,Brass,sheets,,,Germany,export_country,Not recommended,/materials/brass.html,Do not create
Brass,Brass,sheets,,,Netherlands,export_country,Not recommended,/materials/brass.html,Do not create
Brass,Brass,sheets,,,United Kingdom,export_country,Not recommended,/materials/brass.html,Do not create
Brass,Brass,sheets,,,Italy,export_country,Missing but low value,/materials/brass.html,Do not create in final batch
Brass,Brass,sheets,,,Spain,export_country,Missing but low value,/materials/brass.html,Do not create in final batch
Brass,Brass,sheets,,,Poland,export_country,Missing but low value,/materials/brass.html,Do not create in final batch
Brass,Brass,sheets,,,United States,export_country,Not recommended,/materials/brass.html,Do not create
Brass,Brass,sheets,,,Canada,export_country,Missing but low value,/materials/brass.html,Do not create in final batch
Brass,Brass,sheets,,,Mexico,export_country,Missing but low value,/materials/brass.html,Do not create in final batch
Brass,Brass,sheets,,,Brazil,export_country,Missing but low value,/materials/brass.html,Do not create in final batch
Brass,Brass,sheets,,,South Africa,export_country,Missing but low value,/materials/brass.html,Do not create in final batch
Brass,Brass,sheets,,,Egypt,export_country,Missing but low value,/materials/brass.html,Do not create in final batch
Brass,Brass,sheets,,,Kenya,export_country,Missing but low value,/materials/brass.html,Do not create in final batch
Brass,Brass,sheets,,,Tanzania,export_country,Missing but low value,/materials/brass.html,Do not create in final batch
Brass,Brass,sheets,,,Nigeria,export_country,Missing but low value,/materials/brass.html,Do not create in final batch
Brass,Brass,sheets,,,Mauritius,export_country,Missing but low value,/materials/brass.html,Do not create in final batch
Brass,Brass,sheets,,,Australia,export_country,Not recommended,/materials/brass.html,Do not create
Brass,Brass,sheets,,,New Zealand,export_country,Missing but low value,/materials/brass.html,Do not create in final batch
Brass,Brass,flats,,,UAE,export_country,Not recommended,/materials/brass.html,Do not create
Brass,Brass,flats,,,Saudi Arabia,export_country,Not recommended,/materials/brass.html,Do not create
Brass,Brass,flats,,,Qatar,export_country,Not recommended,/materials/brass.html,Do not create
Brass,Brass,flats,,,Oman,export_country,Not recommended,/materials/brass.html,Do not create
Brass,Brass,flats,,,Kuwait,export_country,Missing but low value,/materials/brass.html,Do not create in final batch
Brass,Brass,flats,,,Bahrain,export_country,Missing but low value,/materials/brass.html,Do not create in final batch
Brass,Brass,flats,,,Singapore,export_country,Not recommended,/materials/brass.html,Do not create
Brass,Brass,flats,,,Malaysia,export_country,Missing but low value,/materials/brass.html,Do not create in final batch
Brass,Brass,flats,,,Indonesia,export_country,Missing but low value,/materials/brass.html,Do not create in final batch
Brass,Brass,flats,,,Thailand,export_country,Missing but low value,/materials/brass.html,Do not create in final batch
Brass,Brass,flats,,,Vietnam,export_country,Missing but low value,/materials/brass.html,Do not create in final batch
Brass,Brass,flats,,,Philippines,export_country,Missing but low value,/materials/brass.html,Do not create in final batch
Brass,Brass,flats,,,South Korea,export_country,Missing but low value,/materials/brass.html,Do not create in final batch
Brass,Brass,flats,,,Japan,export_country,Missing but low value,/materials/brass.html,Do not create in final batch
Brass,Brass,flats,,,Taiwan,export_country,Missing but low value,/materials/brass.html,Do not create in final batch
Brass,Brass,flats,,,Germany,export_country,Not recommended,/materials/brass.html,Do not create
Brass,Brass,flats,,,Netherlands,export_country,Not recommended,/materials/brass.html,Do not create
Brass,Brass,flats,,,United Kingdom,export_country,Not recommended,/materials/brass.html,Do not create
Brass,Brass,flats,,,Italy,export_country,Missing but low value,/materials/brass.html,Do not create in final batch
Brass,Brass,flats,,,Spain,export_country,Missing but low value,/materials/brass.html,Do not create in final batch
Brass,Brass,flats,,,Poland,export_country,Missing but low value,/materials/brass.html,Do not create in final batch
Brass,Brass,flats,,,United States,export_country,Not recommended,/materials/brass.html,Do not create
Brass,Brass,flats,,,Canada,export_country,Missing but low value,/materials/brass.html,Do not create in final batch
Brass,Brass,flats,,,Mexico,export_country,Missing but low value,/materials/brass.html,Do not create in final batch
Brass,Brass,flats,,,Brazil,export_country,Missing but low value,/materials/brass.html,Do not create in final batch
Brass,Brass,flats,,,South Africa,export_country,Missing but low value,/materials/brass.html,Do not create in final batch
Brass,Brass,flats,,,Egypt,export_country,Missing but low value,/materials/brass.html,Do not create in final batch
Brass,Brass,flats,,,Kenya,export_country,Missing but low value,/materials/brass.html,Do not create in final batch
Brass,Brass,flats,,,Tanzania,export_country,Missing but low value,/materials/brass.html,Do not create in final batch
Brass,Brass,flats,,,Nigeria,export_country,Missing but low value,/materials/brass.html,Do not create in final batch
Brass,Brass,flats,,,Mauritius,export_country,Missing but low value,/materials/brass.html,Do not create in final batch
Brass,Brass,flats,,,Australia,export_country,Not recommended,/materials/brass.html,Do not create
Brass,Brass,flats,,,New Zealand,export_country,Missing but low value,/materials/brass.html,Do not create in final batch
Brass,Brass,tubes,,,UAE,export_country,Missing but low value,/materials/brass.html,Do not create in final batch
Brass,Brass,tubes,,,Saudi Arabia,export_country,Missing but low value,/materials/brass.html,Do not create in final batch
Brass,Brass,tubes,,,Qatar,export_country,Missing but low value,/materials/brass.html,Do not create in final batch
Brass,Brass,tubes,,,Oman,export_country,Missing but low value,/materials/brass.html,Do not create in final batch
Brass,Brass,tubes,,,Kuwait,export_country,Missing but low value,/materials/brass.html,Do not create in final batch
Brass,Brass,tubes,,,Bahrain,export_country,Missing but low value,/materials/brass.html,Do not create in final batch
Brass,Brass,tubes,,,Singapore,export_country,Missing but low value,/materials/brass.html,Do not create in final batch
Brass,Brass,tubes,,,Malaysia,export_country,Missing but low value,/materials/brass.html,Do not create in final batch
Brass,Brass,tubes,,,Indonesia,export_country,Missing but low value,/materials/brass.html,Do not create in final batch
Brass,Brass,tubes,,,Thailand,export_country,Missing but low value,/materials/brass.html,Do not create in final batch
Brass,Brass,tubes,,,Vietnam,export_country,Missing but low value,/materials/brass.html,Do not create in final batch
Brass,Brass,tubes,,,Philippines,export_country,Missing but low value,/materials/brass.html,Do not create in final batch
Brass,Brass,tubes,,,South Korea,export_country,Missing but low value,/materials/brass.html,Do not create in final batch
Brass,Brass,tubes,,,Japan,export_country,Missing but low value,/materials/brass.html,Do not create in final batch
Brass,Brass,tubes,,,Taiwan,export_country,Missing but low value,/materials/brass.html,Do not create in final batch
Brass,Brass,tubes,,,Germany,export_country,Missing but low value,/materials/brass.html,Do not create in final batch
Brass,Brass,tubes,,,Netherlands,export_country,Missing but low value,/materials/brass.html,Do not create in final batch
Brass,Brass,tubes,,,United Kingdom,export_country,Missing but low value,/materials/brass.html,Do not create in final batch
Brass,Brass,tubes,,,Italy,export_country,Missing but low value,/materials/brass.html,Do not create in final batch
Brass,Brass,tubes,,,Spain,export_country,Missing but low value,/materials/brass.html,Do not create in final batch
Brass,Brass,tubes,,,Poland,export_country,Missing but low value,/materials/brass.html,Do not create in final batch
Brass,Brass,tubes,,,United States,export_country,Missing but low value,/materials/brass.html,Do not create in final batch
Brass,Brass,tubes,,,Canada,export_country,Missing but low value,/materials/brass.html,Do not create in final batch
Brass,Brass,tubes,,,Mexico,export_country,Missing but low value,/materials/brass.html,Do not create in final batch
Brass,Brass,tubes,,,Brazil,export_country,Missing but low value,/materials/brass.html,Do not create in final batch
Brass,Brass,tubes,,,South Africa,export_country,Missing but low value,/materials/brass.html,Do not create in final batch
Brass,Brass,tubes,,,Egypt,export_country,Missing but low value,/materials/brass.html,Do not create in final batch
Brass,Brass,tubes,,,Kenya,export_country,Missing but low value,/materials/brass.html,Do not create in final batch
Brass,Brass,tubes,,,Tanzania,export_country,Missing but low value,/materials/brass.html,Do not create in final batch
Brass,Brass,tubes,,,Nigeria,export_country,Missing but low value,/materials/brass.html,Do not create in final batch
Brass,Brass,tubes,,,Mauritius,export_country,Missing but low value,/materials/brass.html,Do not create in final batch
Brass,Brass,tubes,,,Australia,export_country,Missing but low value,/materials/brass.html,Do not create in final batch
Brass,Brass,tubes,,,New Zealand,export_country,Missing but low value,/materials/brass.html,Do not create in final batch
