url,file_path,title,title_length,h1,h1_count,description,description_length,canonical,canonical_count,robots_meta,schema_types,status,issue,action
/,index.html,"Stainless Steel Supplier in Mumbai, India | Rubinox",51,"Stainless Steel Supplier, Stockist & Exporter in Mumbai, India | Nickel Alloy & Duplex Metals",1,"Rubinox is a Mumbai stockist and supplier of stainless steel, nickel alloys, duplex, titanium and industrial metals across India and worldwide.",143,https://rubinoxmetal.com/,1,,Organization|LocalBusiness|WebSite|WebPage|ImageObject|PostalAddress|ContactPoint|FAQPage|Question|Answer,pass,,none
/about-us.html,about-us.html,About Rubinox Metal and Alloys | Industrial Metal Supplier in India,67,About Rubinox Metal and Alloys,1,"Learn about Rubinox Metal and Alloys, a Mumbai-based stockist, supplier, importer, exporter and project supplier for stainless steel, nickel alloys and industrial metals.",170,https://rubinoxmetal.com/about-us.html,1,"index,follow",WebPage|BreadcrumbList|ListItem|FAQPage|Question|Answer,pass,,none
/industries.html,industries.html,Industries We Serve | Industrial Metal Supplier | Rubinox,57,Industries We Serve,1,"Metals for oil and gas, chemical, marine, power, fabrication and infrastructure projects. PAN India supply, export support and fast quotations.",143,https://rubinoxmetal.com/industries.html,1,"index,follow",WebPage|BreadcrumbList|ListItem|FAQPage|Question|Answer,pass,,none
/quotation.html,quotation.html,Request Metal Quotation | Industrial Metals RFQ | Rubinox,57,Request an Industrial Metal Quotation,1,"Send an RFQ to Rubinox for stainless steel, nickel alloys, duplex, titanium and industrial metals. Share grade, form, size, quantity, standard, documentation and delivery details.",179,https://rubinoxmetal.com/quotation.html,1,"index,follow",WebPage|BreadcrumbList|WebSite|Organization|ListItem|FAQPage|Question|Answer,pass,description_length_review,none
/contact.html,contact.html,"Contact Rubinox Metal and Alloys | Metal Supplier in Mumbai, India",66,Contact Rubinox Metal and Alloys,1,"Contact Rubinox Metal and Alloys in Mumbai for stainless steel, nickel alloys, duplex, titanium, SMO 254 and industrial metal RFQs with PAN India and export enquiry support.",173,https://rubinoxmetal.com/contact.html,1,"index,follow",ContactPage|WebPage|BreadcrumbList|ListItem|FAQPage|Question|Answer,pass,description_length_review,none
/locations.html,locations.html,PAN India Metal Supply Locations | Rubinox Metal and Alloys,59,PAN India Metal Supply Locations,1,"Rubinox Metal and Alloys supports PAN India RFQs for stainless steel, duplex, nickel alloys, titanium, SMO 254, aluminium, copper, brass, carbon steel, mild steel and industrial metal products.",193,https://rubinoxmetal.com/locations.html,1,"index,follow",WebPage|BreadcrumbList|ListItem|FAQPage|Question|Answer,pass,description_length_review,none
/export.html,export.html,Metal Export Enquiry Support from India | Rubinox Metal and Alloys,66,Metal Export Enquiry Support from India,1,"Rubinox Metal and Alloys supports export RFQs from India for stainless steel, duplex, nickel alloys, titanium, SMO 254, aluminium, copper, brass, carbon steel, mild steel and industrial metal products.",201,https://rubinoxmetal.com/export.html,1,"index,follow",WebPage|BreadcrumbList|ListItem|FAQPage|Question|Answer,pass,description_length_review,none
/materials/stainless-steel.html,materials/stainless-steel.html,Stainless Steel Supplier in India | Grades & Forms | Rubinox,60,Stainless Steel Supplier in India,1,"Stainless steel supplier for 200, 300 and 400 series, duplex, PH and specialty grades in pipes, plates, sheets, coils, bars and fittings.",137,https://rubinoxmetal.com/materials/stainless-steel.html,1,"index,follow",WebPage|BreadcrumbList|ListItem|Product|Organization|PropertyValue|FAQPage|Question|Answer,pass,,none
/materials/stainless-steel-supplier-mumbai.html,materials/stainless-steel-supplier-mumbai.html,Stainless Steel Supplier Mumbai | SS 304 & 316 | Rubinox,56,"Stainless Steel Supplier, Dealer & Stockist in Mumbai",1,"Mumbai stainless steel stockist supplying SS 304, 316 and 316L pipes, sheets, plates, coils, bars, flanges and fittings across India.",133,https://rubinoxmetal.com/materials/stainless-steel-supplier-mumbai.html,1,"index,follow",WebPage|BreadcrumbList|ListItem|Product|Organization|PropertyValue,pass,,none
/materials/ss-201-supplier-india.html,materials/ss-201-supplier-india.html,SS 201 Supplier in India | Rubinox,34,SS 201 Supplier in India,1,"Rubinox supplies SS 201 stainless steel sheets, coils, plates, strips, pipes, tubes across India, with export support, MTC documentation and fast quotations.",157,https://rubinoxmetal.com/materials/ss-201-supplier-india.html,1,"index,follow",WebPage|BreadcrumbList|ListItem|Product|Organization|PropertyValue,pass,,none
/materials/ss-202-supplier-india.html,materials/ss-202-supplier-india.html,SS 202 Supplier in India | Rubinox,34,SS 202 Supplier in India,1,"Rubinox supplies SS 202 stainless steel sheets, plates, coils, pipes, tubes, rods, bars, angles, flats, fasteners, fittings and flanges across India.",149,https://rubinoxmetal.com/materials/ss-202-supplier-india.html,1,"index,follow",WebPage|BreadcrumbList|ListItem|Product|Organization|PropertyValue,pass,,none
/materials/ss-304-supplier-india.html,materials/ss-304-supplier-india.html,"SS 304 Supplier in India | Pipes, Sheets, Coils, Bars",53,SS 304 Supplier in India,1,"Rubinox supplies SS 304 pipes, tubes, sheets, plates, coils, bars, rods, angles, flats, flanges, fittings and fasteners across India.",133,https://rubinoxmetal.com/materials/ss-304-supplier-india.html,1,"index,follow",WebPage|BreadcrumbList|ListItem|Product|Organization|PropertyValue,pass,,none
/materials/ss-304l-supplier-india.html,materials/ss-304l-supplier-india.html,SS 304L Supplier in India | Rubinox,35,SS 304L Supplier in India,1,"Rubinox supplies SS 304L stainless steel pipes, tubes, sheets, plates, coils, bars across India, with export support, MTC documentation and fast quotations.",156,https://rubinoxmetal.com/materials/ss-304l-supplier-india.html,1,"index,follow",WebPage|BreadcrumbList|ListItem|Product|Organization|PropertyValue,pass,,none
/materials/ss-309-supplier-india.html,materials/ss-309-supplier-india.html,SS 309 / 309S Supplier in India | Rubinox,41,SS 309 / 309S Supplier in India,1,"Rubinox supplies SS 309 and SS 309S pipes, tubes, sheets, plates, coils, bars, rods across India, with export support, MTC documentation and fast quotations.",157,https://rubinoxmetal.com/materials/ss-309-supplier-india.html,1,"index,follow",WebPage|BreadcrumbList|ListItem|Product|Organization|PropertyValue,pass,,none
/materials/ss-309s-supplier-india.html,materials/ss-309s-supplier-india.html,"SS 309S Supplier in India | SS 309S Pipes, Sheets, Plates",57,Stainless Steel 309S Supplier in India,1,"Rubinox supplies Stainless Steel 309S and SS 309S pipes, tubes, sheets, plates, coils across India, with export support, MTC documentation and fast quotations.",159,https://rubinoxmetal.com/materials/ss-309s-supplier-india.html,1,"index,follow",WebPage|BreadcrumbList|ListItem|Product|Organization|PropertyValue,pass,,none
/materials/ss-310-supplier-india.html,materials/ss-310-supplier-india.html,SS 310 Supplier in India | Rubinox,34,SS 310 Supplier in India,1,"Rubinox supplies SS 310 stainless steel sheets, plates, coils, pipes, tubes, rods, bars, angles, flats, fasteners, fittings and flanges across India.",149,https://rubinoxmetal.com/materials/ss-310-supplier-india.html,1,"index,follow",WebPage|BreadcrumbList|ListItem|Product|Organization|PropertyValue,pass,,none
/materials/ss-310s-supplier-india.html,materials/ss-310s-supplier-india.html,"SS 310S Supplier in India | SS 310S Pipes, Tubes, Plates",56,Stainless Steel 310S Supplier in India,1,"Rubinox supplies Stainless Steel 310S and SS 310S pipes, tubes, sheets, plates, coils across India, with export support, MTC documentation and fast quotations.",159,https://rubinoxmetal.com/materials/ss-310s-supplier-india.html,1,"index,follow",WebPage|BreadcrumbList|ListItem|Product|Organization|PropertyValue,pass,,none
/materials/ss-321-supplier-india.html,materials/ss-321-supplier-india.html,SS 321 Supplier in India | Rubinox,34,SS 321 Supplier in India,1,"Rubinox supplies SS 321 stainless steel sheets, plates, coils, pipes, tubes, rods, bars, angles, flats, fasteners, fittings and flanges across India.",149,https://rubinoxmetal.com/materials/ss-321-supplier-india.html,1,"index,follow",WebPage|BreadcrumbList|ListItem|Product|Organization|PropertyValue,pass,,none
/materials/ss-321h-supplier-india.html,materials/ss-321h-supplier-india.html,"SS 321H Supplier in India | SS 321H Pipes, Tubes, Plates",56,Stainless Steel 321H Supplier in India,1,"Rubinox supplies Stainless Steel 321H and SS 321H pipes, tubes, sheets, plates, coils across India, with export support, MTC documentation and fast quotations.",159,https://rubinoxmetal.com/materials/ss-321h-supplier-india.html,1,"index,follow",WebPage|BreadcrumbList|ListItem|Product|Organization|PropertyValue,pass,,none
/materials/ss-347-supplier-india.html,materials/ss-347-supplier-india.html,"SS 347 Supplier in India | SS 347 Pipes, Tubes, Plates",54,Stainless Steel 347 Supplier in India,1,"Rubinox supplies Stainless Steel 347 and SS 347 pipes, tubes, sheets, plates, coils across India, with export support, MTC documentation and fast quotations.",157,https://rubinoxmetal.com/materials/ss-347-supplier-india.html,1,"index,follow",WebPage|BreadcrumbList|ListItem|Product|Organization|PropertyValue,pass,,none
/materials/ss-347h-supplier-india.html,materials/ss-347h-supplier-india.html,"SS 347H Supplier in India | SS 347H Pipes, Tubes, Plates",56,Stainless Steel 347H Supplier in India,1,"Rubinox supplies Stainless Steel 347H and SS 347H pipes, tubes, sheets, plates, coils across India, with export support, MTC documentation and fast quotations.",159,https://rubinoxmetal.com/materials/ss-347h-supplier-india.html,1,"index,follow",WebPage|BreadcrumbList|ListItem|Product|Organization|PropertyValue,pass,,none
/materials/ss-253ma-supplier-india.html,materials/ss-253ma-supplier-india.html,"SS 253MA Supplier in India | SS 253MA Pipes, Tubes, Plates",58,Stainless Steel 253MA Supplier in India,1,"Rubinox supplies Stainless Steel 253MA and SS 253MA pipes, tubes, sheets, plates across India, with export support, MTC documentation and fast quotations.",154,https://rubinoxmetal.com/materials/ss-253ma-supplier-india.html,1,"index,follow",WebPage|BreadcrumbList|ListItem|Product|Organization|PropertyValue,pass,,none
/materials/ss-316-supplier-india.html,materials/ss-316-supplier-india.html,"SS 316 Supplier in India | Pipes, Sheets, Plates, Bars",54,SS 316 Supplier in India,1,"Rubinox supplies SS 316 pipes, tubes, sheets, plates, coils, bars, rods, angles, flats, flanges, fittings and fasteners across India.",133,https://rubinoxmetal.com/materials/ss-316-supplier-india.html,1,"index,follow",WebPage|BreadcrumbList|ListItem|Product|Organization|PropertyValue,pass,,none
/materials/ss-316l-supplier-india.html,materials/ss-316l-supplier-india.html,"SS 316L Supplier in India | Tubes, Sheets, Coils, Fittings",58,SS 316L Supplier in India,1,"Rubinox supplies SS 316L pipes, tubes, sheets, plates, coils, bars, flanges, fittings and fasteners across India with export support.",133,https://rubinoxmetal.com/materials/ss-316l-supplier-india.html,1,"index,follow",WebPage|BreadcrumbList|ListItem|Product|Organization|PropertyValue,pass,,none
/materials/ss-316ti-supplier-india.html,materials/ss-316ti-supplier-india.html,"SS 316Ti Supplier in India | SS 316Ti Pipes, Tubes, Plates",58,Stainless Steel 316Ti Supplier in India,1,"Rubinox supplies Stainless Steel 316Ti and SS 316Ti pipes, tubes, sheets, plates across India, with export support, MTC documentation and fast quotations.",154,https://rubinoxmetal.com/materials/ss-316ti-supplier-india.html,1,"index,follow",WebPage|BreadcrumbList|ListItem|Product|Organization|PropertyValue,pass,,none
/materials/ss-317l-supplier-india.html,materials/ss-317l-supplier-india.html,SS 317L Supplier in India | Rubinox,35,SS 317L Supplier in India,1,"Rubinox supplies SS 317L pipes, tubes, sheets, plates, coils, bars, rods, flanges across India, with export support, MTC documentation and fast quotations.",155,https://rubinoxmetal.com/materials/ss-317l-supplier-india.html,1,"index,follow",WebPage|BreadcrumbList|ListItem|Product|Organization|PropertyValue,pass,,none
/materials/ss-904l-supplier-india.html,materials/ss-904l-supplier-india.html,SS 904L Supplier in India | Rubinox,35,SS 904L Supplier in India,1,"Rubinox supplies SS 904L pipes, tubes, sheets, plates, coils, bars, rods, flanges across India, with export support, MTC documentation and fast quotations.",155,https://rubinoxmetal.com/materials/ss-904l-supplier-india.html,1,"index,follow",WebPage|BreadcrumbList|ListItem|Product|Organization|PropertyValue,pass,,none
/materials/ss-409-supplier-india.html,materials/ss-409-supplier-india.html,SS 409 Supplier in India | Rubinox,34,SS 409 Supplier in India,1,"Rubinox supplies SS 409 stainless steel sheets, coils, plates, strips, pipes, tubes across India, with export support, MTC documentation and fast quotations.",157,https://rubinoxmetal.com/materials/ss-409-supplier-india.html,1,"index,follow",WebPage|BreadcrumbList|ListItem|Product|Organization|PropertyValue,pass,,none
/materials/ss-410-supplier-india.html,materials/ss-410-supplier-india.html,SS 410 Supplier in India | Rubinox,34,SS 410 Supplier in India,1,"Rubinox supplies SS 410 stainless steel bars, rods, sheets, plates, pipes, tubes across India, with export support, MTC documentation and fast quotations.",154,https://rubinoxmetal.com/materials/ss-410-supplier-india.html,1,"index,follow",WebPage|BreadcrumbList|ListItem|Product|Organization|PropertyValue,pass,,none
/materials/ss-420-supplier-india.html,materials/ss-420-supplier-india.html,SS 420 Supplier in India | Rubinox,34,SS 420 Supplier in India,1,"Rubinox supplies SS 420 stainless steel bars, rods, sheets, plates, pipes, tubes across India, with export support, MTC documentation and fast quotations.",154,https://rubinoxmetal.com/materials/ss-420-supplier-india.html,1,"index,follow",WebPage|BreadcrumbList|ListItem|Product|Organization|PropertyValue,pass,,none
/materials/ss-430-supplier-india.html,materials/ss-430-supplier-india.html,SS 430 Supplier in India | Rubinox,34,SS 430 Supplier in India,1,"Rubinox supplies SS 430 stainless steel sheets, coils, plates, strips, flats, angles across India, with export support, MTC documentation and fast quotations.",158,https://rubinoxmetal.com/materials/ss-430-supplier-india.html,1,"index,follow",WebPage|BreadcrumbList|ListItem|Product|Organization|PropertyValue,pass,,none
/materials/ss-17-4-ph-supplier-india.html,materials/ss-17-4-ph-supplier-india.html,"SS 17-4 PH Supplier in India | SS 17-4 PH Bars, Rods, Plates",60,Stainless Steel 17-4 PH Supplier in India,1,"Rubinox supplies Stainless Steel 17-4 PH and SS 17-4 PH round bars, rods, plates across India, with export support, MTC documentation and fast quotations.",154,https://rubinoxmetal.com/materials/ss-17-4-ph-supplier-india.html,1,"index,follow",WebPage|BreadcrumbList|ListItem|Product|Organization|PropertyValue,pass,,none
/materials/nitronic-60-supplier-india.html,materials/nitronic-60-supplier-india.html,Nitronic 60 Supplier in India | Rubinox,39,Nitronic 60 Supplier in India,1,"Rubinox supplies Nitronic 60 stainless steel round bars, rods, shafts, hex bars across India, with export support, MTC documentation and fast quotations.",153,https://rubinoxmetal.com/materials/nitronic-60-supplier-india.html,1,"index,follow",WebPage|BreadcrumbList|ListItem|Product|Organization|PropertyValue,pass,,none
/materials/smo-254-supplier-india.html,materials/smo-254-supplier-india.html,SMO 254 Supplier in India | Rubinox,35,SMO 254 Supplier in India,1,"Rubinox supplies SMO 254 and 6Mo stainless steel pipes, tubes, sheets, plates, coils across India, with export support, MTC documentation and fast quotations.",158,https://rubinoxmetal.com/materials/smo-254-supplier-india.html,1,"index,follow",WebPage|BreadcrumbList|ListItem|Product|Organization|PropertyValue,pass,,none
/materials/duplex-2205-supplier-india.html,materials/duplex-2205-supplier-india.html,Duplex 2205 Supplier in India | Rubinox,39,Duplex 2205 Supplier in India,1,"Rubinox supplies Duplex 2205 stainless steel pipes, tubes, plates, sheets, coils, bars across India, with export support, MTC documentation and fast quotations.",160,https://rubinoxmetal.com/materials/duplex-2205-supplier-india.html,1,"index,follow",WebPage|BreadcrumbList|ListItem|Product|Organization|PropertyValue|FAQPage|Question|Answer,pass,,none
/materials/super-duplex-2507-supplier-india.html,materials/super-duplex-2507-supplier-india.html,Super Duplex 2507 Supplier in India | Rubinox,45,Super Duplex 2507 Supplier in India,1,"Rubinox supplies Super Duplex 2507 pipes, tubes, plates, sheets, coils, bars, rods across India, with export support, MTC documentation and fast quotations.",156,https://rubinoxmetal.com/materials/super-duplex-2507-supplier-india.html,1,"index,follow",WebPage|BreadcrumbList|ListItem|Product|Organization|PropertyValue|FAQPage|Question|Answer,pass,,none
/materials/zeron-100-supplier-india.html,materials/zeron-100-supplier-india.html,Zeron 100 Supplier in India | UNS S32760 | Rubinox,50,Zeron 100 Supplier in India,1,"Zeron 100 / UNS S32760 supplier in India for project-specific super duplex pipes, plates, bars, flanges, fittings and components with RFQ and documentation support.",164,https://rubinoxmetal.com/materials/zeron-100-supplier-india.html,1,"index,follow",WebPage|BreadcrumbList|ListItem|Product|Organization|PropertyValue|FAQPage|Question|Answer,pass,,none
/materials/stainless-steel-pipes-supplier-india.html,materials/stainless-steel-pipes-supplier-india.html,SS Pipes Supplier in India | SS Seamless & Welded Pipes,55,Stainless Steel Pipes Supplier in India,1,"Rubinox supplies stainless steel seamless, welded and ERW pipes in SS 304, 316, 316L, 202, 310, 321 and more across India.",122,https://rubinoxmetal.com/materials/stainless-steel-pipes-supplier-india.html,1,"index,follow",WebPage|BreadcrumbList|ListItem|Product|Organization|PropertyValue,pass,,none
/materials/stainless-steel-tubes-supplier-india.html,materials/stainless-steel-tubes-supplier-india.html,SS Tubes Supplier in India | SS Seamless & Welded Tubes,55,Stainless Steel Tubes Supplier in India,1,"Rubinox supplies stainless steel seamless, welded, square, rectangular and instrumentation tubes in SS 304, 316, 316L and more across India.",140,https://rubinoxmetal.com/materials/stainless-steel-tubes-supplier-india.html,1,"index,follow",WebPage|BreadcrumbList|ListItem|Product|Organization|PropertyValue,pass,,none
/materials/stainless-steel-sheets-supplier-india.html,materials/stainless-steel-sheets-supplier-india.html,"SS Sheets Supplier in India | SS 304, 316, 316L Sheets",54,Stainless Steel Sheets Supplier in India,1,"Buy Stainless Steel Sheets products from Rubinox with PAN India delivery, export support, material documentation and fast quotations.",133,https://rubinoxmetal.com/materials/stainless-steel-sheets-supplier-india.html,1,"index,follow",WebPage|BreadcrumbList|ListItem|Product|Organization|PropertyValue,pass,,none
/materials/stainless-steel-plates-supplier-india.html,materials/stainless-steel-plates-supplier-india.html,"SS Plates Supplier in India | SS 304, 316, 316L Plates",54,Stainless Steel Plates Supplier in India,1,"Buy Stainless Steel Plates products from Rubinox with PAN India delivery, export support, material documentation and fast quotations.",133,https://rubinoxmetal.com/materials/stainless-steel-plates-supplier-india.html,1,"index,follow",WebPage|BreadcrumbList|ListItem|Product|Organization|PropertyValue,pass,,none
/materials/stainless-steel-coils-supplier-india.html,materials/stainless-steel-coils-supplier-india.html,"SS Coils Supplier in India | SS 304, 316, 316L Coils",52,Stainless Steel Coils Supplier in India,1,"Buy Stainless Steel Coils products from Rubinox with PAN India delivery, export support, material documentation and fast quotations.",132,https://rubinoxmetal.com/materials/stainless-steel-coils-supplier-india.html,1,"index,follow",WebPage|BreadcrumbList|ListItem|Product|Organization|PropertyValue,pass,,none
/materials/stainless-steel-flanges-supplier-india.html,materials/stainless-steel-flanges-supplier-india.html,"SS Flanges Supplier in India | SS 304, 316, 316L Flanges",56,Stainless Steel Flanges Supplier in India,1,"Buy Stainless Steel Flanges products from Rubinox with PAN India delivery, export support, material documentation and fast quotations.",134,https://rubinoxmetal.com/materials/stainless-steel-flanges-supplier-india.html,1,"index,follow",WebPage|BreadcrumbList|ListItem|Product|Organization|PropertyValue,pass,,none
/materials/stainless-steel-fittings-supplier-india.html,materials/stainless-steel-fittings-supplier-india.html,SS Fittings Supplier in India | SS Pipe Fittings,48,Stainless Steel Fittings Supplier in India,1,"Rubinox supplies stainless steel pipe fittings including elbows, tees, reducers, caps, couplings and stub ends across India.",124,https://rubinoxmetal.com/materials/stainless-steel-fittings-supplier-india.html,1,"index,follow",WebPage|BreadcrumbList|ListItem|Product|Organization|PropertyValue,pass,,none
/materials/stainless-steel-fasteners-supplier-india.html,materials/stainless-steel-fasteners-supplier-india.html,"SS Fasteners Supplier in India | SS Bolts, Nuts, Washers",56,Stainless Steel Fasteners Supplier in India,1,"Rubinox supplies stainless steel fasteners including bolts, nuts, washers, screws, studs and threaded rods across India.",120,https://rubinoxmetal.com/materials/stainless-steel-fasteners-supplier-india.html,1,"index,follow",WebPage|BreadcrumbList|ListItem|Product|Organization|PropertyValue,pass,,none
/materials/stainless-steel-angles-supplier-india.html,materials/stainless-steel-angles-supplier-india.html,"SS Angles Supplier in India | SS 304, 316, 316L Angles",54,Stainless Steel Angles Supplier in India,1,"Rubinox supplies stainless steel angles including equal angles, unequal angles and L angles in SS 304, 316, 316L and other grades across India.",143,https://rubinoxmetal.com/materials/stainless-steel-angles-supplier-india.html,1,"index,follow",WebPage|BreadcrumbList|ListItem|Product|Organization|PropertyValue,pass,,none
/materials/stainless-steel-bars-rods-supplier-india.html,materials/stainless-steel-bars-rods-supplier-india.html,"SS Bars & Rods Supplier in India | SS 304, 316, 316L Bars",57,Stainless Steel Bars & Rods Supplier in India,1,"Rubinox supplies stainless steel bars and rods including round bars, square bars across India, with export support, MTC documentation and fast quotations.",154,https://rubinoxmetal.com/materials/stainless-steel-bars-rods-supplier-india.html,1,"index,follow",WebPage|BreadcrumbList|ListItem|Product|Organization|PropertyValue,pass,,none
/materials/stainless-steel-bars-supplier-india.html,materials/stainless-steel-bars-supplier-india.html,Stainless Steel Bars Supplier in India | SS Square & Hex Bars,61,Stainless Steel Bars Supplier in India,1,"Rubinox supplies stainless steel bars in square, hex, rectangular and flat solid sections across India, with export enquiry and RFQ support.",140,https://rubinoxmetal.com/materials/stainless-steel-bars-supplier-india.html,1,"index,follow",WebPage|BreadcrumbList|ListItem|Product|Organization|PropertyValue,pass,,none
/materials/stainless-steel-rods-supplier-india.html,materials/stainless-steel-rods-supplier-india.html,Stainless Steel Rods Supplier in India | SS Round Rods,54,Stainless Steel Rods Supplier in India,1,"Rubinox supplies stainless steel rods and round solid sections across India for machining, shafts, fasteners and industrial applications.",137,https://rubinoxmetal.com/materials/stainless-steel-rods-supplier-india.html,1,"index,follow",WebPage|BreadcrumbList|ListItem|Product|Organization|PropertyValue,pass,,none
/materials/stainless-steel-flats-supplier-india.html,materials/stainless-steel-flats-supplier-india.html,"SS Flats Supplier in India | SS 304, 316, 316L Flat Bars",56,Stainless Steel Flats Supplier in India,1,"Rubinox supplies stainless steel flats and flat bars in SS 304, 316, 316L, 202, 310, 321 and other grades with PAN India delivery and export support.",149,https://rubinoxmetal.com/materials/stainless-steel-flats-supplier-india.html,1,"index,follow",WebPage|BreadcrumbList|ListItem|Product|Organization|PropertyValue,pass,,none
/materials/stainless-steel-circles-supplier-india.html,materials/stainless-steel-circles-supplier-india.html,"SS Circles Supplier in India | SS 304, 316, 316L Circles",56,Stainless Steel Circles Supplier in India,1,"Rubinox supplies stainless steel circles, discs and round blanks in SS 304, 316, 316L, 202, 310, 321 and other grades across India.",131,https://rubinoxmetal.com/materials/stainless-steel-circles-supplier-india.html,1,"index,follow",WebPage|BreadcrumbList|ListItem|Product|Organization|PropertyValue,pass,,none
/materials/stainless-steel-wire-mesh-supplier-india.html,materials/stainless-steel-wire-mesh-supplier-india.html,"SS Wire Mesh Supplier in India | SS 304, 316 Wire Mesh",54,Stainless Steel Wire Mesh Supplier in India,1,"Rubinox supplies stainless steel wire mesh, woven mesh, welded mesh, filter mesh and screen mesh in SS 304, 316, 316L and other grades across India.",148,https://rubinoxmetal.com/materials/stainless-steel-wire-mesh-supplier-india.html,1,"index,follow",WebPage|BreadcrumbList|ListItem|Product|Organization|PropertyValue,pass,,none
/materials/aluminium.html,materials/aluminium.html,"Aluminium Supplier in India | 6061, 6063 & 7075 | Rubinox",57,"Aluminium 6061, 6063 & 7075 Supplier in India",1,"Aluminium supplier for 6061, 6063, 7075 and other alloys in sheets, plates, bars, rods, pipes and tubes with PAN India delivery.",128,https://rubinoxmetal.com/materials/aluminium.html,1,"index,follow",WebPage|BreadcrumbList|ListItem|FAQPage|Question|Answer|Product|Organization|PropertyValue,pass,,none
/materials/aluminium-6061-supplier-india.html,materials/aluminium-6061-supplier-india.html,Aluminium 6061 Supplier in India | 6061-T6 & T651,49,Aluminium 6061 Supplier in India,1,"Aluminium 6061 supplier in India for sheets, plates, bars, rods, tubes and sections in T6/T651 temper with RFQ and documentation support.",137,https://rubinoxmetal.com/materials/aluminium-6061-supplier-india.html,1,"index,follow",WebPage|BreadcrumbList|ListItem|FAQPage|Question|Answer|Product|Organization|PropertyValue,pass,,none
/materials/aluminium-6063-supplier-india.html,materials/aluminium-6063-supplier-india.html,Aluminium 6063 Supplier in India | Extrusion Alloy,50,Aluminium 6063 Supplier in India,1,"Aluminium 6063 supplier in India for sections, tubes, bars, channels, angles and architectural extrusion requirements with RFQ support.",135,https://rubinoxmetal.com/materials/aluminium-6063-supplier-india.html,1,"index,follow",WebPage|BreadcrumbList|ListItem|FAQPage|Question|Answer|Product|Organization|PropertyValue,pass,,none
/materials/aluminium-7075-supplier-india.html,materials/aluminium-7075-supplier-india.html,Aluminium 7075 Supplier in India | High Strength Alloy,54,Aluminium 7075 Supplier in India,1,"Aluminium 7075 supplier in India for high-strength plates, sheets, bars and rods in T6/T651 temper for engineering RFQs.",120,https://rubinoxmetal.com/materials/aluminium-7075-supplier-india.html,1,"index,follow",WebPage|BreadcrumbList|ListItem|FAQPage|Question|Answer|Product|Organization|PropertyValue,pass,,none
/materials/aluminium-5083-supplier-india.html,materials/aluminium-5083-supplier-india.html,Aluminium 5083 Supplier in India | Marine Plates,48,Aluminium 5083 Supplier in India,1,"Aluminium 5083 supplier in India for marine plates, sheets and fabrication requirements in H111/H116/H321 temper with RFQ support.",130,https://rubinoxmetal.com/materials/aluminium-5083-supplier-india.html,1,"index,follow",WebPage|BreadcrumbList|ListItem|FAQPage|Question|Answer|Product|Organization|PropertyValue,pass,,none
/materials/aluminium-5052-supplier-india.html,materials/aluminium-5052-supplier-india.html,Aluminium 5052 Supplier in India | Sheet & Plate,48,Aluminium 5052 Supplier in India,1,"Aluminium 5052 supplier in India for sheets, plates, coils and formed fabrication requirements in H32/H34 temper with RFQ support.",130,https://rubinoxmetal.com/materials/aluminium-5052-supplier-india.html,1,"index,follow",WebPage|BreadcrumbList|ListItem|FAQPage|Question|Answer|Product|Organization|PropertyValue,pass,,none
/materials/aluminium-6082-supplier-india.html,materials/aluminium-6082-supplier-india.html,Aluminium 6082 Supplier in India | Structural Alloy,51,Aluminium 6082 Supplier in India,1,"Aluminium 6082 supplier in India for structural plates, bars, rods, tubes, sections and profiles with RFQ support for temper, standards and documentation.",154,https://rubinoxmetal.com/materials/aluminium-6082-supplier-india.html,1,"index,follow",WebPage|BreadcrumbList|ListItem|FAQPage|Question|Answer|Product|Organization|PropertyValue,pass,,none
/materials/copper.html,materials/copper.html,"Copper Supplier in India | C101, C110 & C122 | Rubinox",54,"Copper C101, C110 & C122 Supplier in India",1,"Copper supplier for C101, C110 and C122 sheets, plates, pipes, tubes, bars and coils with PAN India supply and export support.",126,https://rubinoxmetal.com/materials/copper.html,1,"index,follow",WebPage|BreadcrumbList|ListItem|FAQPage|Question|Answer|Product|Organization|PropertyValue,pass,,none
/materials/copper-c101-supplier-india.html,materials/copper-c101-supplier-india.html,Copper C101 Supplier in India | OFE Copper,42,Copper C101 Supplier in India,1,"Copper C101 supplier in India for oxygen-free copper sheets, plates, rods, bars, strips, busbars and electrical RFQs.",117,https://rubinoxmetal.com/materials/copper-c101-supplier-india.html,1,"index,follow",WebPage|BreadcrumbList|ListItem|FAQPage|Question|Answer|Product|Organization|PropertyValue,pass,,none
/materials/copper-c110-supplier-india.html,materials/copper-c110-supplier-india.html,Copper C110 Supplier in India | ETP Copper,42,Copper C110 Supplier in India,1,"Copper C110 supplier in India for ETP copper sheets, plates, busbars, rods, bars, pipes, tubes and electrical applications.",123,https://rubinoxmetal.com/materials/copper-c110-supplier-india.html,1,"index,follow",WebPage|BreadcrumbList|ListItem|FAQPage|Question|Answer|Product|Organization|PropertyValue,pass,,none
/materials/copper-c122-supplier-india.html,materials/copper-c122-supplier-india.html,Copper C122 Supplier in India | DHP Copper,42,Copper C122 Supplier in India,1,"Copper C122 supplier in India for DHP copper tubes, pipes, sheets, coils and heat exchanger or plumbing RFQs.",109,https://rubinoxmetal.com/materials/copper-c122-supplier-india.html,1,"index,follow",WebPage|BreadcrumbList|ListItem|FAQPage|Question|Answer|Product|Organization|PropertyValue,pass,,none
/materials/copper-c145-supplier-india.html,materials/copper-c145-supplier-india.html,Copper C145 Supplier in India | Tellurium Copper,48,Copper C145 Supplier in India,1,"Copper C145 supplier in India for tellurium copper rods, bars, plates and machined electrical component RFQs.",109,https://rubinoxmetal.com/materials/copper-c145-supplier-india.html,1,"index,follow",WebPage|BreadcrumbList|ListItem|FAQPage|Question|Answer|Product|Organization|PropertyValue,pass,,none
/materials/copper-c172-supplier-india.html,materials/copper-c172-supplier-india.html,Copper C172 Supplier in India | Beryllium Copper,48,Copper C172 Supplier in India,1,"Copper C172 supplier in India for beryllium copper rods, bars, strips, sheets and high-strength spring or contact RFQs.",119,https://rubinoxmetal.com/materials/copper-c172-supplier-india.html,1,"index,follow",WebPage|BreadcrumbList|ListItem|FAQPage|Question|Answer|Product|Organization|PropertyValue,pass,,none
/materials/brass.html,materials/brass.html,"Brass Supplier in India | C260, C360 & C464 | Rubinox",53,"Brass C260, C360 & C464 Supplier in India",1,"Brass supplier for C260, C360 and C464 rods, sheets, plates, pipes, tubes and fittings with PAN India delivery and export support.",130,https://rubinoxmetal.com/materials/brass.html,1,"index,follow",WebPage|BreadcrumbList|ListItem|FAQPage|Question|Answer|Product|Organization|PropertyValue,pass,,none
/materials/brass-c260-supplier-india.html,materials/brass-c260-supplier-india.html,Brass C260 Supplier in India | Cartridge Brass,46,Brass C260 Supplier in India,1,"Brass C260 supplier in India for cartridge brass sheets, strips, plates, coils and formed component RFQs.",105,https://rubinoxmetal.com/materials/brass-c260-supplier-india.html,1,"index,follow",WebPage|BreadcrumbList|ListItem|FAQPage|Question|Answer|Product|Organization|PropertyValue,pass,,none
/materials/brass-c360-supplier-india.html,materials/brass-c360-supplier-india.html,Brass C360 Supplier in India | Free Cutting Brass,49,Brass C360 Supplier in India,1,"Brass C360 supplier in India for free cutting brass rods, bars, hex bars, flats and precision machined component RFQs.",118,https://rubinoxmetal.com/materials/brass-c360-supplier-india.html,1,"index,follow",WebPage|BreadcrumbList|ListItem|FAQPage|Question|Answer|Product|Organization|PropertyValue,pass,,none
/materials/brass-c464-supplier-india.html,materials/brass-c464-supplier-india.html,Brass C464 Supplier in India | Naval Brass,42,Brass C464 Supplier in India,1,"Brass C464 supplier in India for naval brass rods, bars, plates, sheets, tubes and marine hardware RFQs.",104,https://rubinoxmetal.com/materials/brass-c464-supplier-india.html,1,"index,follow",WebPage|BreadcrumbList|ListItem|FAQPage|Question|Answer|Product|Organization|PropertyValue,pass,,none
/materials/brass-c280-supplier-india.html,materials/brass-c280-supplier-india.html,Brass C280 Supplier in India | Muntz Brass,42,Brass C280 Supplier in India,1,"Brass C280 supplier in India for Muntz brass sheets, plates, rods and fabrication component RFQs.",97,https://rubinoxmetal.com/materials/brass-c280-supplier-india.html,1,"index,follow",WebPage|BreadcrumbList|ListItem|FAQPage|Question|Answer|Product|Organization|PropertyValue,pass,,none
/materials/brass-c385-supplier-india.html,materials/brass-c385-supplier-india.html,Brass C385 Supplier in India | Architectural Brass,50,Brass C385 Supplier in India,1,"Brass C385 supplier in India for architectural brass rods, bars, profiles, shapes and machined hardware RFQs.",109,https://rubinoxmetal.com/materials/brass-c385-supplier-india.html,1,"index,follow",WebPage|BreadcrumbList|ListItem|FAQPage|Question|Answer|Product|Organization|PropertyValue,pass,,none
/materials/carbon-steel.html,materials/carbon-steel.html,"Carbon Steel Supplier India | Plates, Pipes & Bars",50,"Carbon Steel A36, 1018, 1045 & A516 Gr 70 Supplier in India",1,"Carbon steel supplier for A36, 1018, 1045 and A516 Grade 70 plates, pipes, sheets and bars with PAN India project supply.",121,https://rubinoxmetal.com/materials/carbon-steel.html,1,"index,follow",WebPage|BreadcrumbList|ListItem|FAQPage|Question|Answer|Product|Organization|PropertyValue,pass,,none
/materials/carbon-steel-a36-supplier-india.html,materials/carbon-steel-a36-supplier-india.html,ASTM A36 Carbon Steel Supplier India | Plates & Structural Steel,64,ASTM A36 Carbon Steel Supplier in India,1,"ASTM A36 carbon steel supplier in India for plates, sheets, angles, channels, flats and structural fabrication RFQs with documentation support.",143,https://rubinoxmetal.com/materials/carbon-steel-a36-supplier-india.html,1,"index,follow",WebPage|BreadcrumbList|ListItem|FAQPage|Question|Answer|Product|Organization|PropertyValue,pass,,none
/materials/carbon-steel-1018-supplier-india.html,materials/carbon-steel-1018-supplier-india.html,"Carbon Steel 1018 Supplier India | Bars, Rods & Machining Steel",63,Carbon Steel 1018 Supplier in India,1,"Carbon Steel 1018 supplier in India for bars, rods, flats, squares and machining requirements with RFQ support for size, tolerance and documentation.",149,https://rubinoxmetal.com/materials/carbon-steel-1018-supplier-india.html,1,"index,follow",WebPage|BreadcrumbList|ListItem|FAQPage|Question|Answer|Product|Organization|PropertyValue,pass,,none
/materials/carbon-steel-1045-supplier-india.html,materials/carbon-steel-1045-supplier-india.html,"Carbon Steel 1045 Supplier India | Shafts, Bars & Rods",54,Carbon Steel 1045 Supplier in India,1,"Carbon Steel 1045 supplier in India for round bars, rods, shafts, flats and higher-strength machining components with RFQ and documentation support.",148,https://rubinoxmetal.com/materials/carbon-steel-1045-supplier-india.html,1,"index,follow",WebPage|BreadcrumbList|ListItem|FAQPage|Question|Answer|Product|Organization|PropertyValue,pass,,none
/materials/carbon-steel-a516-grade-70-supplier-india.html,materials/carbon-steel-a516-grade-70-supplier-india.html,ASTM A516 Grade 70 Supplier India | Carbon Steel Pressure Vessel Plate,70,ASTM A516 Grade 70 Supplier in India,1,"ASTM A516 Grade 70 carbon steel plate supplier in India for pressure vessel, boiler and tank fabrication RFQs with documentation and inspection support where applicable.",169,https://rubinoxmetal.com/materials/carbon-steel-a516-grade-70-supplier-india.html,1,"index,follow",WebPage|BreadcrumbList|ListItem|FAQPage|Question|Answer|Product|Organization|PropertyValue,pass,,none
/materials/mild-steel.html,materials/mild-steel.html,"Mild Steel Supplier India | Plates, Pipes & Bars",48,"Mild Steel A36, A500, 1018, 1020, S235 & S355 Supplier in India",1,"Mild steel supplier for A36, A500, 1018, 1020, S235 and S355 plates, pipes, sheets, bars and structural products across India.",126,https://rubinoxmetal.com/materials/mild-steel.html,1,"index,follow",WebPage|BreadcrumbList|ListItem|FAQPage|Question|Answer|Product|Organization|PropertyValue,pass,,none
/materials/nickel-alloys.html,materials/nickel-alloys.html,"Nickel Alloy Supplier in India | Inconel, Monel & Hastelloy",59,Nickel Alloys Supplier in India,1,"Nickel alloy supplier for Inconel, Monel, Hastelloy, Incoloy and Nickel 200/201 pipes, plates, bars, flanges and fittings across India.",135,https://rubinoxmetal.com/materials/nickel-alloys.html,1,"index,follow",WebPage|BreadcrumbList|ListItem|FAQPage|Question|Answer|Product|Organization|PropertyValue,pass,,none
/materials/inconel-600-supplier-india.html,materials/inconel-600-supplier-india.html,Inconel 600 Supplier in India | Rubinox,39,Inconel 600 Supplier in India,1,"Rubinox supplies Inconel 600 and Alloy 600 pipes, tubes, sheets, plates, coils across India, with export support, MTC documentation and fast quotations.",152,https://rubinoxmetal.com/materials/inconel-600-supplier-india.html,1,"index,follow",WebPage|BreadcrumbList|ListItem|Product|Organization|PropertyValue,pass,,none
/materials/inconel-625-supplier-india.html,materials/inconel-625-supplier-india.html,Inconel 625 Supplier in India | Rubinox,39,Inconel 625 Supplier in India,1,"Rubinox supplies Inconel 625 and Alloy 625 pipes, tubes, sheets, plates, coils across India, with export support, MTC documentation and fast quotations.",152,https://rubinoxmetal.com/materials/inconel-625-supplier-india.html,1,"index,follow",WebPage|BreadcrumbList|ListItem|Product|Organization|PropertyValue,pass,,none
/materials/inconel-718-supplier-india.html,materials/inconel-718-supplier-india.html,Inconel 718 Supplier in India | Rubinox,39,Inconel 718 Supplier in India,1,"Rubinox supplies Inconel 718 and Alloy 718 round bars, rods, plates, sheets, pipes across India, with export support, MTC documentation and fast quotations.",156,https://rubinoxmetal.com/materials/inconel-718-supplier-india.html,1,"index,follow",WebPage|BreadcrumbList|ListItem|Product|Organization|PropertyValue,pass,,none
/materials/monel-400-supplier-india.html,materials/monel-400-supplier-india.html,"Monel 400 Supplier in India | Alloy 400 Pipes, Plates, Bars",59,Monel 400 Supplier in India,1,"Rubinox supplies Monel 400 and Alloy 400 pipes, tubes, sheets, plates, coils across India, with export support, MTC documentation and fast quotations.",150,https://rubinoxmetal.com/materials/monel-400-supplier-india.html,1,"index,follow",WebPage|BreadcrumbList|ListItem|Product|Organization|PropertyValue,pass,,none
/materials/monel-k-500-supplier-india.html,materials/monel-k-500-supplier-india.html,Monel K-500 Supplier in India | Rubinox,39,Monel K-500 Supplier in India,1,"Rubinox supplies Monel K-500 and Alloy K-500 round bars, rods, sheets, plates, pipes across India, with export support, MTC documentation and fast quotations.",158,https://rubinoxmetal.com/materials/monel-k-500-supplier-india.html,1,"index,follow",WebPage|BreadcrumbList|ListItem|Product|Organization|PropertyValue,pass,,none
/materials/hastelloy-b-2-supplier-india.html,materials/hastelloy-b-2-supplier-india.html,Hastelloy B-2 Supplier in India | Rubinox,41,Hastelloy B-2 Supplier in India,1,"Rubinox supplies Hastelloy B-2 and Alloy B2 pipes, tubes, sheets, plates, round bars across India, with export support, MTC documentation and fast quotations.",158,https://rubinoxmetal.com/materials/hastelloy-b-2-supplier-india.html,1,"index,follow",WebPage|BreadcrumbList|ListItem|Product|Organization|PropertyValue,pass,,none
/materials/hastelloy-b-3-supplier-india.html,materials/hastelloy-b-3-supplier-india.html,Hastelloy B-3 Supplier in India | Rubinox,41,Hastelloy B-3 Supplier in India,1,"Rubinox supplies Hastelloy B-3 and Alloy B3 pipes, tubes, sheets, plates, bars across India, with export support, MTC documentation and fast quotations.",152,https://rubinoxmetal.com/materials/hastelloy-b-3-supplier-india.html,1,"index,follow",WebPage|BreadcrumbList|ListItem|Product|Organization|PropertyValue,pass,,none
/materials/hastelloy-c-4-supplier-india.html,materials/hastelloy-c-4-supplier-india.html,Hastelloy C-4 Supplier in India | Rubinox,41,Hastelloy C-4 Supplier in India,1,"Rubinox supplies Hastelloy C-4 and Alloy C4 pipes, tubes, sheets, plates, bars across India, with export support, MTC documentation and fast quotations.",152,https://rubinoxmetal.com/materials/hastelloy-c-4-supplier-india.html,1,"index,follow",WebPage|BreadcrumbList|ListItem|Product|Organization|PropertyValue,pass,,none
/materials/hastelloy-c-22-supplier-india.html,materials/hastelloy-c-22-supplier-india.html,Hastelloy C-22 Supplier in India | Rubinox,42,Hastelloy C-22 Supplier in India,1,"Rubinox supplies Hastelloy C-22 and Alloy C22 pipes, tubes, sheets, plates, round bars across India, with export support, MTC documentation and fast quotations.",160,https://rubinoxmetal.com/materials/hastelloy-c-22-supplier-india.html,1,"index,follow",WebPage|BreadcrumbList|ListItem|Product|Organization|PropertyValue,pass,,none
/materials/hastelloy-c-276-supplier-india.html,materials/hastelloy-c-276-supplier-india.html,Hastelloy C-276 Supplier in India | Rubinox,43,Hastelloy C-276 Supplier in India,1,"Rubinox supplies Hastelloy C-276 and Alloy C276 pipes, tubes, sheets, plates across India, with export support, MTC documentation and fast quotations.",150,https://rubinoxmetal.com/materials/hastelloy-c-276-supplier-india.html,1,"index,follow",WebPage|BreadcrumbList|ListItem|Product|Organization|PropertyValue,pass,,none
/materials/hastelloy-x-supplier-india.html,materials/hastelloy-x-supplier-india.html,Hastelloy X Supplier in India | Rubinox,39,Hastelloy X Supplier in India,1,"Rubinox supplies Hastelloy X and Alloy X sheets, plates, tubes, pipes, bars, rings across India, with export support, MTC documentation and fast quotations.",156,https://rubinoxmetal.com/materials/hastelloy-x-supplier-india.html,1,"index,follow",WebPage|BreadcrumbList|ListItem|Product|Organization|PropertyValue,pass,,none
/materials/incoloy-800-supplier-india.html,materials/incoloy-800-supplier-india.html,Incoloy 800 Supplier in India | Rubinox,39,Incoloy 800 Supplier in India,1,"Rubinox supplies Incoloy 800 and Alloy 800 pipes, tubes, heat exchanger tubes, sheets across India, with export support, MTC documentation and fast quotations.",159,https://rubinoxmetal.com/materials/incoloy-800-supplier-india.html,1,"index,follow",WebPage|BreadcrumbList|ListItem|Product|Organization|PropertyValue,pass,,none
/materials/incoloy-825-supplier-india.html,materials/incoloy-825-supplier-india.html,Incoloy 825 Supplier in India | Rubinox,39,Incoloy 825 Supplier in India,1,"Rubinox supplies Incoloy 825 and Alloy 825 pipes, tubes, sheets, plates, round bars across India, with export support, MTC documentation and fast quotations.",157,https://rubinoxmetal.com/materials/incoloy-825-supplier-india.html,1,"index,follow",WebPage|BreadcrumbList|ListItem|Product|Organization|PropertyValue,pass,,none
/materials/nickel-200-supplier-india.html,materials/nickel-200-supplier-india.html,Nickel 200 Supplier in India | Rubinox,38,Nickel 200 Supplier in India,1,"Rubinox supplies Nickel 200 commercially pure nickel pipes, tubes, sheets, plates across India, with export support, MTC documentation and fast quotations.",155,https://rubinoxmetal.com/materials/nickel-200-supplier-india.html,1,"index,follow",WebPage|BreadcrumbList|ListItem|Product|Organization|PropertyValue,pass,,none
/materials/nickel-201-supplier-india.html,materials/nickel-201-supplier-india.html,Nickel 201 Supplier in India | Rubinox,38,Nickel 201 Supplier in India,1,"Rubinox supplies Nickel 201 low carbon commercially pure nickel pipes, tubes, sheets across India, with export support, MTC documentation and fast quotations.",158,https://rubinoxmetal.com/materials/nickel-201-supplier-india.html,1,"index,follow",WebPage|BreadcrumbList|ListItem|Product|Organization|PropertyValue,pass,,none
/materials/duplex-super-duplex.html,materials/duplex-super-duplex.html,Duplex & Super Duplex Steel Supplier in India | Rubinox,55,Duplex 2205 & Super Duplex 2507 Supplier in India,1,"Duplex 2205 and Super Duplex 2507 supplier for pipes, plates, sheets, bars, flanges and fittings with PAN India project delivery.",129,https://rubinoxmetal.com/materials/duplex-super-duplex.html,1,"index,follow",WebPage|BreadcrumbList|ListItem|Product|Organization|PropertyValue|FAQPage|Question|Answer,pass,,none
/materials/smo-254.html,materials/smo-254.html,SMO 254 Supplier in India | UNS S31254 / 6Mo | Rubinox,54,SMO 254 (UNS S31254 / 6Mo) Supplier in India,1,"SMO 254 and UNS S31254 supplier for pipes, plates, sheets, bars, flanges and fittings for chloride and seawater service.",120,https://rubinoxmetal.com/materials/smo-254.html,1,"index,follow",WebPage|BreadcrumbList|ListItem|Product|Organization|PropertyValue|FAQPage|Question|Answer,pass,,none
/materials/titanium.html,materials/titanium.html,"Titanium Supplier India | Grades 1, 2, 5 & 23 | Rubinox",55,"Titanium Grade 1, 2 & Grade 5 Supplier in India",1,"Titanium supplier for Grades 1, 2, 5 and 23 sheets, plates, pipes, tubes and bars with PAN India delivery and export support.",125,https://rubinoxmetal.com/materials/titanium.html,1,"index,follow",WebPage|BreadcrumbList|ListItem|Product|Organization|PropertyValue|FAQPage|Question|Answer,pass,,none
/materials/titanium-grade-1-supplier-india.html,materials/titanium-grade-1-supplier-india.html,Titanium Grade 1 Supplier in India | Rubinox,44,Titanium Grade 1 Supplier in India,1,"Rubinox supplies Titanium Grade 1 sheets, plates, strips, tubes, pipes, bars, rods across India, with export support, MTC documentation and fast quotations.",156,https://rubinoxmetal.com/materials/titanium-grade-1-supplier-india.html,1,"index,follow",WebPage|BreadcrumbList|ListItem|Product|Organization|PropertyValue,pass,,none
/materials/titanium-grade-2-supplier-india.html,materials/titanium-grade-2-supplier-india.html,Titanium Grade 2 Supplier in India | Rubinox,44,Titanium Grade 2 Supplier in India,1,"Rubinox supplies Titanium Grade 2 pipes, tubes, sheets, plates, round bars, rods across India, with export support, MTC documentation and fast quotations.",154,https://rubinoxmetal.com/materials/titanium-grade-2-supplier-india.html,1,"index,follow",WebPage|BreadcrumbList|ListItem|Product|Organization|PropertyValue,pass,,none
/materials/titanium-grade-5-supplier-india.html,materials/titanium-grade-5-supplier-india.html,Titanium Grade 5 Supplier in India | Rubinox,44,Titanium Grade 5 Supplier in India,1,"Rubinox supplies Titanium Grade 5 Ti-6Al-4V round bars, rods, sheets, plates, tubes across India, with export support, MTC documentation and fast quotations.",157,https://rubinoxmetal.com/materials/titanium-grade-5-supplier-india.html,1,"index,follow",WebPage|BreadcrumbList|ListItem|Product|Organization|PropertyValue,pass,,none
/materials/titanium-grade-23-supplier-india.html,materials/titanium-grade-23-supplier-india.html,Titanium Grade 23 Supplier in India | Rubinox,45,Titanium Grade 23 Supplier in India,1,"Rubinox supplies Titanium Grade 23 Ti-6Al-4V ELI bars, rods, sheets, plates, tubes across India, with export support, MTC documentation and fast quotations.",156,https://rubinoxmetal.com/materials/titanium-grade-23-supplier-india.html,1,"index,follow",WebPage|BreadcrumbList|ListItem|Product|Organization|PropertyValue,pass,,none
/materials/mild-steel-a500-supplier-india.html,materials/mild-steel-a500-supplier-india.html,ASTM A500 Mild Steel Supplier India | Structural Hollow Sections,64,ASTM A500 Mild Steel Supplier in India,1,"ASTM A500 mild steel supplier in India for structural hollow sections, square tubes, rectangular tubes and round HSS RFQs with documentation support.",149,https://rubinoxmetal.com/materials/mild-steel-a500-supplier-india.html,1,"index,follow",WebPage|BreadcrumbList|ListItem|FAQPage|Question|Answer|Product|Organization|PropertyValue,pass,,none
/materials/mild-steel-a513-supplier-india.html,materials/mild-steel-a513-supplier-india.html,ASTM A513 Mild Steel Supplier India | Mechanical Tubing,55,ASTM A513 Mild Steel Supplier in India,1,"ASTM A513 mild steel supplier in India for mechanical tubing, ERW tube and fabrication tube RFQs with size, tolerance and documentation guidance.",145,https://rubinoxmetal.com/materials/mild-steel-a513-supplier-india.html,1,"index,follow",WebPage|BreadcrumbList|ListItem|FAQPage|Question|Answer|Product|Organization|PropertyValue,pass,,none
/materials/mild-steel-1020-supplier-india.html,materials/mild-steel-1020-supplier-india.html,"Mild Steel 1020 Supplier India | Bars, Rods & Engineering Steel",63,Mild Steel 1020 Supplier in India,1,"Mild Steel 1020 supplier in India for bars, rods, flats, machined blanks and general engineering RFQs with documentation and size guidance.",139,https://rubinoxmetal.com/materials/mild-steel-1020-supplier-india.html,1,"index,follow",WebPage|BreadcrumbList|ListItem|FAQPage|Question|Answer|Product|Organization|PropertyValue,pass,,none
/materials/mild-steel-is-2062-supplier-india.html,materials/mild-steel-is-2062-supplier-india.html,IS 2062 Mild Steel Supplier India | Structural Plates & Sections,64,IS 2062 Mild Steel Supplier in India,1,"IS 2062 mild steel supplier in India for structural plates, sheets, flats, angles, channels and project fabrication RFQs with documentation support.",148,https://rubinoxmetal.com/materials/mild-steel-is-2062-supplier-india.html,1,"index,follow",WebPage|BreadcrumbList|ListItem|FAQPage|Question|Answer|Product|Organization|PropertyValue,pass,,none
/materials/mild-steel-s235-supplier-india.html,materials/mild-steel-s235-supplier-india.html,EN S235 Mild Steel Supplier India | Structural Plates & Sections,64,EN S235 Mild Steel Supplier in India,1,"EN S235 mild steel supplier in India for structural plates, sheets, sections, angles, channels and fabrication RFQs with standard guidance.",139,https://rubinoxmetal.com/materials/mild-steel-s235-supplier-india.html,1,"index,follow",WebPage|BreadcrumbList|ListItem|FAQPage|Question|Answer|Product|Organization|PropertyValue,pass,,none
/materials/mild-steel-s275-supplier-india.html,materials/mild-steel-s275-supplier-india.html,EN S275 Mild Steel Supplier India | Structural Plates & Sections,64,EN S275 Mild Steel Supplier in India,1,"EN S275 mild steel supplier in India for structural plates, sheets, sections, angles, channels and fabrication RFQs with documentation support.",143,https://rubinoxmetal.com/materials/mild-steel-s275-supplier-india.html,1,"index,follow",WebPage|BreadcrumbList|ListItem|FAQPage|Question|Answer|Product|Organization|PropertyValue,pass,,none
/materials/mild-steel-s355-supplier-india.html,materials/mild-steel-s355-supplier-india.html,EN S355 Mild Steel Supplier India | Higher Strength Structural Steel,68,EN S355 Mild Steel Supplier in India,1,"EN S355 mild steel supplier in India for higher-strength structural plates, sections, angles, channels and fabrication RFQs with documentation support.",151,https://rubinoxmetal.com/materials/mild-steel-s355-supplier-india.html,1,"index,follow",WebPage|BreadcrumbList|ListItem|FAQPage|Question|Answer|Product|Organization|PropertyValue,pass,,none
/materials/phosphor-bronze-c510-supplier-india.html,materials/phosphor-bronze-c510-supplier-india.html,Phosphor Bronze C510 Supplier in India | Spring Grade,53,Phosphor Bronze C510 Supplier in India,1,"Phosphor Bronze C510 supplier in India for sheets, strips, coils, rods and spring or electrical contact RFQs.",109,https://rubinoxmetal.com/materials/phosphor-bronze-c510-supplier-india.html,1,"index,follow",WebPage|BreadcrumbList|ListItem|FAQPage|Question|Answer|Product|Organization|PropertyValue,pass,,none
/materials/phosphor-bronze-c521-supplier-india.html,materials/phosphor-bronze-c521-supplier-india.html,Phosphor Bronze C521 Supplier in India | High Strength,54,Phosphor Bronze C521 Supplier in India,1,"Phosphor Bronze C521 supplier in India for high-strength strips, sheets, coils, rods and spring component RFQs.",111,https://rubinoxmetal.com/materials/phosphor-bronze-c521-supplier-india.html,1,"index,follow",WebPage|BreadcrumbList|ListItem|FAQPage|Question|Answer|Product|Organization|PropertyValue,pass,,none
/materials/phosphor-bronze-c544-supplier-india.html,materials/phosphor-bronze-c544-supplier-india.html,Phosphor Bronze C544 Supplier in India | Free Cutting,53,Phosphor Bronze C544 Supplier in India,1,"Phosphor Bronze C544 supplier in India for free-cutting rods, bars, bushings, bearings and machined component RFQs.",115,https://rubinoxmetal.com/materials/phosphor-bronze-c544-supplier-india.html,1,"index,follow",WebPage|BreadcrumbList|ListItem|FAQPage|Question|Answer|Product|Organization|PropertyValue,pass,,none
/materials/phosphor-bronze.html,materials/phosphor-bronze.html,"Phosphor Bronze Supplier in India | C510, C521 & C544",53,Phosphor Bronze Supplier in India,1,"Phosphor bronze supplier for C510, C521 and C544 sheets, strips, coils, rods and bars with PAN India supply and export support.",127,https://rubinoxmetal.com/materials/phosphor-bronze.html,1,"index,follow",WebPage|BreadcrumbList|ListItem|FAQPage|Question|Answer|Product|Organization|PropertyValue,pass,,none
/materials/other-metals.html,materials/other-metals.html,Special Engineering Alloys Supplier in India | Rubinox,54,Special Engineering Alloys Supplier in India,1,"Special engineering alloys supplier in India for specification-based ferrous and non-ferrous metal enquiries, project grades, product forms and RFQs.",149,https://rubinoxmetal.com/materials/other-metals.html,1,"index,follow",WebPage|BreadcrumbList|ListItem|Product|Organization|PropertyValue|FAQPage|Question|Answer,pass,,none
/locations/mumbai.html,locations/mumbai.html,Metal Supplier in Mumbai | Stainless Steel & Alloys | Rubinox,61,Metal Supplier in Mumbai,1,"Rubinox supports Mumbai RFQs for stainless steel, duplex, nickel alloys, carbon steel and non-ferrous metals as a stockist, supplier, importer, exporter and project supplier.",174,https://rubinoxmetal.com/locations/mumbai.html,1,"index,follow",WebPage|WebSite|Organization|BreadcrumbList|ListItem|FAQPage|Question|Answer,pass,description_length_review,none
/locations/pune.html,locations/pune.html,Metal Supplier in Pune | Stainless Steel & Alloys | Rubinox,59,Metal Supplier in Pune,1,"Rubinox supports Pune RFQs for stainless steel, duplex, nickel alloys, carbon steel and non-ferrous metals as a stockist, supplier, importer, exporter and project supplier.",172,https://rubinoxmetal.com/locations/pune.html,1,"index,follow",WebPage|WebSite|Organization|BreadcrumbList|ListItem|FAQPage|Question|Answer,pass,description_length_review,none
/locations/chennai.html,locations/chennai.html,Metal Supplier in Chennai | Stainless Steel & Alloys | Rubinox,62,Metal Supplier in Chennai,1,"Rubinox supports Chennai RFQs for stainless steel, duplex, nickel alloys, carbon steel and non-ferrous metals as a stockist, supplier, importer, exporter and project supplier.",175,https://rubinoxmetal.com/locations/chennai.html,1,"index,follow",WebPage|WebSite|Organization|BreadcrumbList|ListItem|FAQPage|Question|Answer,pass,description_length_review,none
/locations/ahmedabad.html,locations/ahmedabad.html,Metal Supplier in Ahmedabad | Stainless Steel & Alloys | Rubinox,64,Metal Supplier in Ahmedabad,1,"Rubinox supports Ahmedabad RFQs for stainless steel, duplex, nickel alloys, carbon steel and non-ferrous metals as a stockist, supplier, importer, exporter and project supplier.",177,https://rubinoxmetal.com/locations/ahmedabad.html,1,"index,follow",WebPage|WebSite|Organization|BreadcrumbList|ListItem|FAQPage|Question|Answer,pass,description_length_review,none
/locations/vadodara.html,locations/vadodara.html,Metal Supplier in Vadodara | Stainless Steel & Alloys | Rubinox,63,Metal Supplier in Vadodara,1,"Rubinox supports Vadodara RFQs for stainless steel, duplex, nickel alloys, carbon steel and non-ferrous metals as a stockist, supplier, importer, exporter and project supplier.",176,https://rubinoxmetal.com/locations/vadodara.html,1,"index,follow",WebPage|WebSite|Organization|BreadcrumbList|ListItem|FAQPage|Question|Answer,pass,description_length_review,none
/locations/hyderabad.html,locations/hyderabad.html,Metal Supplier in Hyderabad | Stainless Steel & Alloys | Rubinox,64,Metal Supplier in Hyderabad,1,"Rubinox supports Hyderabad RFQs for pharma, aerospace, engineering, fabrication, EPC and infrastructure with stainless steel, duplex steel, nickel alloys, carbon steel and non-ferrous metal quotation support from Mumbai for PAN India enquiries.",244,https://rubinoxmetal.com/locations/hyderabad.html,1,"index,follow",WebPage|WebSite|Organization|BreadcrumbList|ListItem|FAQPage|Question|Answer,pass,description_length_review,none
/locations/bengaluru.html,locations/bengaluru.html,Metal Supplier in Bengaluru | Stainless Steel & Alloys | Rubinox,64,Metal Supplier in Bengaluru,1,"Rubinox supports Bengaluru RFQs for stainless steel, duplex, nickel alloys, carbon steel and non-ferrous metals as a stockist, supplier, importer, exporter and project supplier.",177,https://rubinoxmetal.com/locations/bengaluru.html,1,"index,follow",WebPage|WebSite|Organization|BreadcrumbList|ListItem|FAQPage|Question|Answer,pass,description_length_review,none
/locations/navi-mumbai.html,locations/navi-mumbai.html,Metal Supplier in Navi Mumbai | Stainless Steel & Alloys | Rubinox,66,Metal Supplier in Navi Mumbai,1,"Rubinox supports Navi Mumbai RFQs for EPC, logistics, fabrication, chemical and port-linked projects with stainless steel, duplex steel, nickel alloys, carbon steel and non-ferrous metal quotation support from Mumbai for PAN India enquiries.",241,https://rubinoxmetal.com/locations/navi-mumbai.html,1,"index,follow",WebPage|WebSite|Organization|BreadcrumbList|ListItem|FAQPage|Question|Answer,pass,description_length_review,none
/locations/coimbatore.html,locations/coimbatore.html,Metal Supplier in Coimbatore | Stainless Steel & Alloys | Rubinox,65,Metal Supplier in Coimbatore,1,"Rubinox supports Coimbatore RFQs for pumps, textile machinery, engineering, foundry, fabrication and equipment with stainless steel, duplex steel, nickel alloys, carbon steel and non-ferrous metal quotation support from Mumbai for PAN India enquiries.",251,https://rubinoxmetal.com/locations/coimbatore.html,1,"index,follow",WebPage|WebSite|Organization|BreadcrumbList|ListItem|FAQPage|Question|Answer,pass,description_length_review,none
/locations/delhi.html,locations/delhi.html,Metal Supplier in Delhi NCR | Stainless Steel & Alloys | Rubinox,64,Metal Supplier in Delhi NCR,1,"Rubinox supports Delhi NCR RFQs for stainless steel, duplex, nickel alloys, carbon steel and non-ferrous metals as a stockist, supplier, importer, exporter and project supplier.",177,https://rubinoxmetal.com/locations/delhi.html,1,"index,follow",WebPage|WebSite|Organization|BreadcrumbList|ListItem|FAQPage|Question|Answer,pass,description_length_review,none
/locations/thane.html,locations/thane.html,Metal Supplier in Thane | Stainless Steel & Alloys | Rubinox,60,Metal Supplier in Thane,1,"Rubinox supports Thane RFQs for engineering, pharma, chemical, fabrication, MRO and infrastructure with stainless steel, duplex steel, nickel alloys, carbon steel and non-ferrous metal quotation support from Mumbai for PAN India enquiries.",239,https://rubinoxmetal.com/locations/thane.html,1,"index,follow",WebPage|WebSite|Organization|BreadcrumbList|ListItem|FAQPage|Question|Answer,pass,description_length_review,none
/locations/chakan-pimpri-chinchwad.html,locations/chakan-pimpri-chinchwad.html,Metal Supplier in Chakan / Pimpri-Chinchwad | Rubinox,53,Metal Supplier in Chakan / Pimpri-Chinchwad,1,"Rubinox supports Chakan / Pimpri-Chinchwad RFQs for automotive, engineering, fabrication, machinery and project buying with stainless steel, duplex steel, nickel alloys, carbon steel and non-ferrous metal quotation support from Mumbai for PAN India enquiries.",259,https://rubinoxmetal.com/locations/chakan-pimpri-chinchwad.html,1,"index,follow",WebPage|WebSite|Organization|BreadcrumbList|ListItem|FAQPage|Question|Answer,pass,description_length_review,none
/locations/nashik.html,locations/nashik.html,Metal Supplier in Nashik | Stainless Steel & Alloys | Rubinox,61,Metal Supplier in Nashik,1,"Rubinox supports Nashik RFQs for engineering, automotive, food processing, pharma, fabrication and infrastructure with stainless steel, duplex steel, nickel alloys, carbon steel and non-ferrous metal quotation support from Mumbai for PAN India enquiries.",254,https://rubinoxmetal.com/locations/nashik.html,1,"index,follow",WebPage|WebSite|Organization|BreadcrumbList|ListItem|FAQPage|Question|Answer,pass,description_length_review,none
/locations/surat.html,locations/surat.html,Metal Supplier in Surat | Stainless Steel & Alloys | Rubinox,60,Metal Supplier in Surat,1,"Rubinox supports Surat RFQs for stainless steel, duplex, nickel alloys, carbon steel and non-ferrous metals as a stockist, supplier, importer, exporter and project supplier.",173,https://rubinoxmetal.com/locations/surat.html,1,"index,follow",WebPage|WebSite|Organization|BreadcrumbList|ListItem|FAQPage|Question|Answer,pass,description_length_review,none
/locations/bharuch.html,locations/bharuch.html,Metal Supplier in Bharuch | Stainless Steel & Alloys | Rubinox,62,Metal Supplier in Bharuch,1,"Rubinox supports Bharuch RFQs for chemical, petrochemical, fertilizer, process plants, EPC and maintenance with stainless steel, duplex steel, nickel alloys, carbon steel and non-ferrous metal quotation support from Mumbai for PAN India enquiries.",247,https://rubinoxmetal.com/locations/bharuch.html,1,"index,follow",WebPage|WebSite|Organization|BreadcrumbList|ListItem|FAQPage|Question|Answer,pass,description_length_review,none
/locations/ankleshwar.html,locations/ankleshwar.html,Metal Supplier in Ankleshwar | Stainless Steel & Alloys | Rubinox,65,Metal Supplier in Ankleshwar,1,"Rubinox supports Ankleshwar RFQs for chemical, pharma, process equipment, utilities, fabrication and maintenance with stainless steel, duplex steel, nickel alloys, carbon steel and non-ferrous metal quotation support from Mumbai for PAN India enquiries.",253,https://rubinoxmetal.com/locations/ankleshwar.html,1,"index,follow",WebPage|WebSite|Organization|BreadcrumbList|ListItem|FAQPage|Question|Answer,pass,description_length_review,none
/locations/vapi.html,locations/vapi.html,Metal Supplier in Vapi | Stainless Steel & Alloys | Rubinox,59,Metal Supplier in Vapi,1,"Rubinox supports Vapi RFQs for chemical, pharma, process plants, fabrication, utilities and maintenance with stainless steel, duplex steel, nickel alloys, carbon steel and non-ferrous metal quotation support from Mumbai for PAN India enquiries.",244,https://rubinoxmetal.com/locations/vapi.html,1,"index,follow",WebPage|WebSite|Organization|BreadcrumbList|ListItem|FAQPage|Question|Answer,pass,description_length_review,none
/locations/rajkot.html,locations/rajkot.html,Metal Supplier in Rajkot | Stainless Steel & Alloys | Rubinox,61,Metal Supplier in Rajkot,1,"Rubinox supports Rajkot RFQs for engineering, casting, machine tools, fabrication, pumps and project buying with stainless steel, duplex steel, nickel alloys, carbon steel and non-ferrous metal quotation support from Mumbai for PAN India enquiries.",248,https://rubinoxmetal.com/locations/rajkot.html,1,"index,follow",WebPage|WebSite|Organization|BreadcrumbList|ListItem|FAQPage|Question|Answer,pass,description_length_review,none
/locations/jamnagar.html,locations/jamnagar.html,Metal Supplier in Jamnagar | Stainless Steel & Alloys | Rubinox,63,Metal Supplier in Jamnagar,1,"Rubinox supports Jamnagar RFQs for stainless steel, duplex, nickel alloys, carbon steel and non-ferrous metals as a stockist, supplier, importer, exporter and project supplier.",176,https://rubinoxmetal.com/locations/jamnagar.html,1,"index,follow",WebPage|WebSite|Organization|BreadcrumbList|ListItem|FAQPage|Question|Answer,pass,description_length_review,none
/locations/hosur.html,locations/hosur.html,Metal Supplier in Hosur | Stainless Steel & Alloys | Rubinox,60,Metal Supplier in Hosur,1,"Rubinox supports Hosur RFQs for automotive, engineering, fabrication, electronics, machinery and project buying with stainless steel, duplex steel, nickel alloys, carbon steel and non-ferrous metal quotation support from Mumbai for PAN India enquiries.",252,https://rubinoxmetal.com/locations/hosur.html,1,"index,follow",WebPage|WebSite|Organization|BreadcrumbList|ListItem|FAQPage|Question|Answer,pass,description_length_review,none
/locations/sriperumbudur-oragadam.html,locations/sriperumbudur-oragadam.html,Metal Supplier in Sriperumbudur / Oragadam | Rubinox,52,Metal Supplier in Sriperumbudur / Oragadam,1,"Rubinox supports Sriperumbudur / Oragadam RFQs for automotive, electronics, engineering, fabrication and project buying with stainless steel, duplex steel, nickel alloys, carbon steel and non-ferrous metal quotation support from Mumbai for PAN India enquiries.",260,https://rubinoxmetal.com/locations/sriperumbudur-oragadam.html,1,"index,follow",WebPage|WebSite|Organization|BreadcrumbList|ListItem|FAQPage|Question|Answer,pass,description_length_review,none
/locations/visakhapatnam.html,locations/visakhapatnam.html,Metal Supplier in Visakhapatnam | Rubinox,41,Metal Supplier in Visakhapatnam,1,"Rubinox supports Visakhapatnam RFQs for marine, steel, shipyard, port, power, EPC and fabrication with stainless steel, duplex steel, nickel alloys, carbon steel and non-ferrous metal quotation support from Mumbai for PAN India enquiries.",238,https://rubinoxmetal.com/locations/visakhapatnam.html,1,"index,follow",WebPage|WebSite|Organization|BreadcrumbList|ListItem|FAQPage|Question|Answer,pass,description_length_review,none
/locations/gurugram-manesar.html,locations/gurugram-manesar.html,Metal Supplier in Gurugram / Manesar | Rubinox,46,Metal Supplier in Gurugram / Manesar,1,"Rubinox supports Gurugram / Manesar RFQs for automotive, engineering, fabrication, machinery, EPC and maintenance with stainless steel, duplex steel, nickel alloys, carbon steel and non-ferrous metal quotation support from Mumbai for PAN India enquiries.",254,https://rubinoxmetal.com/locations/gurugram-manesar.html,1,"index,follow",WebPage|WebSite|Organization|BreadcrumbList|ListItem|FAQPage|Question|Answer,pass,description_length_review,none
/locations/faridabad.html,locations/faridabad.html,Metal Supplier in Faridabad | Stainless Steel & Alloys | Rubinox,64,Metal Supplier in Faridabad,1,"Rubinox supports Faridabad RFQs for fabrication, machinery, engineering, automotive, power and EPC with stainless steel, duplex steel, nickel alloys, carbon steel and non-ferrous metal quotation support from Mumbai for PAN India enquiries.",239,https://rubinoxmetal.com/locations/faridabad.html,1,"index,follow",WebPage|WebSite|Organization|BreadcrumbList|ListItem|FAQPage|Question|Answer,pass,description_length_review,none
/locations/noida.html,locations/noida.html,Metal Supplier in Noida | Stainless Steel & Alloys | Rubinox,60,Metal Supplier in Noida,1,"Rubinox supports Noida RFQs for electronics, fabrication, engineering, HVAC, infrastructure and EPC with stainless steel, duplex steel, nickel alloys, carbon steel and non-ferrous metal quotation support from Mumbai for PAN India enquiries.",240,https://rubinoxmetal.com/locations/noida.html,1,"index,follow",WebPage|WebSite|Organization|BreadcrumbList|ListItem|FAQPage|Question|Answer,pass,description_length_review,none
/locations/greater-noida.html,locations/greater-noida.html,Metal Supplier in Greater Noida | Rubinox,41,Metal Supplier in Greater Noida,1,"Rubinox supports Greater Noida RFQs for electronics, automotive, engineering, fabrication and project buying with stainless steel, duplex steel, nickel alloys, carbon steel and non-ferrous metal quotation support from Mumbai for PAN India enquiries.",249,https://rubinoxmetal.com/locations/greater-noida.html,1,"index,follow",WebPage|WebSite|Organization|BreadcrumbList|ListItem|FAQPage|Question|Answer,pass,description_length_review,none
/locations/ghaziabad.html,locations/ghaziabad.html,Metal Supplier in Ghaziabad | Stainless Steel & Alloys | Rubinox,64,Metal Supplier in Ghaziabad,1,"Rubinox supports Ghaziabad RFQs for engineering, fabrication, construction, rail, machinery and infrastructure with stainless steel, duplex steel, nickel alloys, carbon steel and non-ferrous metal quotation support from Mumbai for PAN India enquiries.",251,https://rubinoxmetal.com/locations/ghaziabad.html,1,"index,follow",WebPage|WebSite|Organization|BreadcrumbList|ListItem|FAQPage|Question|Answer,pass,description_length_review,none
/locations/ludhiana.html,locations/ludhiana.html,Metal Supplier in Ludhiana | Stainless Steel & Alloys | Rubinox,63,Metal Supplier in Ludhiana,1,"Rubinox supports Ludhiana RFQs for auto components, machine tools, fabrication, fasteners, engineering and agricultural equipment with stainless steel, duplex steel, nickel alloys, carbon steel and non-ferrous metal quotation support from Mumbai for PAN India enquiries.",270,https://rubinoxmetal.com/locations/ludhiana.html,1,"index,follow",WebPage|WebSite|Organization|BreadcrumbList|ListItem|FAQPage|Question|Answer,pass,description_length_review,none
/locations/indore-pithampur.html,locations/indore-pithampur.html,Metal Supplier in Indore / Pithampur | Rubinox,46,Metal Supplier in Indore / Pithampur,1,"Rubinox supports Indore / Pithampur RFQs for automotive, pharma, engineering, fabrication, food processing and infrastructure with stainless steel, duplex steel, nickel alloys, carbon steel and non-ferrous metal quotation support from Mumbai for PAN India enquiries.",266,https://rubinoxmetal.com/locations/indore-pithampur.html,1,"index,follow",WebPage|WebSite|Organization|BreadcrumbList|ListItem|FAQPage|Question|Answer,pass,description_length_review,none
/locations/jamshedpur.html,locations/jamshedpur.html,Metal Supplier in Jamshedpur | Stainless Steel & Alloys | Rubinox,65,Metal Supplier in Jamshedpur,1,"Rubinox supports Jamshedpur RFQs for steel, automotive, engineering, fabrication, power and maintenance with stainless steel, duplex steel, nickel alloys, carbon steel and non-ferrous metal quotation support from Mumbai for PAN India enquiries.",244,https://rubinoxmetal.com/locations/jamshedpur.html,1,"index,follow",WebPage|WebSite|Organization|BreadcrumbList|ListItem|FAQPage|Question|Answer,pass,description_length_review,none
/locations/chhatrapati-sambhajinagar-aurangabad.html,locations/chhatrapati-sambhajinagar-aurangabad.html,Metal Supplier in Sambhajinagar / Aurangabad | Rubinox,54,Metal Supplier in Chhatrapati Sambhajinagar / Aurangabad,1,"Rubinox supports Chhatrapati Sambhajinagar / Aurangabad RFQs for automotive, engineering, pharma, beverage processing, fabrication and infrastructure with stainless steel, duplex steel, nickel alloys, carbon steel and non-ferrous metal quotation support from Mumbai for PAN India enquiries.",290,https://rubinoxmetal.com/locations/chhatrapati-sambhajinagar-aurangabad.html,1,"index,follow",WebPage|WebSite|Organization|BreadcrumbList|ListItem|FAQPage|Question|Answer,pass,description_length_review,none
/locations/nagpur.html,locations/nagpur.html,Metal Supplier in Nagpur | Stainless Steel & Alloys | Rubinox,61,Metal Supplier in Nagpur,1,"Rubinox supports Nagpur RFQs for infrastructure, power, mining, fabrication, engineering and rail and MRO with stainless steel, duplex steel, nickel alloys, carbon steel and non-ferrous metal quotation support from Mumbai for PAN India enquiries.",246,https://rubinoxmetal.com/locations/nagpur.html,1,"index,follow",WebPage|WebSite|Organization|BreadcrumbList|ListItem|FAQPage|Question|Answer,pass,description_length_review,none
/locations/dholera-sanand.html,locations/dholera-sanand.html,Metal Supplier in Dholera / Sanand | Rubinox,44,Metal Supplier in Dholera / Sanand,1,"Rubinox supports Dholera / Sanand RFQs for automotive, engineering, infrastructure, industrial parks and project buying with stainless steel, duplex steel, nickel alloys, carbon steel and non-ferrous metal quotation support from Mumbai for PAN India enquiries.",260,https://rubinoxmetal.com/locations/dholera-sanand.html,1,"index,follow",WebPage|WebSite|Organization|BreadcrumbList|ListItem|FAQPage|Question|Answer,pass,description_length_review,none
/locations/salem.html,locations/salem.html,Metal Supplier in Salem | Rubinox,33,Metal Supplier in Salem,1,"Rubinox supports Salem RFQs for steel, foundry, textile machinery, fabrication and project buying with stainless steel, duplex steel, nickel alloys, carbon steel and non-ferrous metal quotation support from Mumbai for PAN India enquiries.",238,https://rubinoxmetal.com/locations/salem.html,1,"index,follow",WebPage|WebSite|Organization|BreadcrumbList|ListItem|FAQPage|Question|Answer,pass,description_length_review,none
/locations/tiruchirappalli.html,locations/tiruchirappalli.html,Metal Supplier in Tiruchirappalli | Rubinox,43,Metal Supplier in Tiruchirappalli,1,"Rubinox supports Tiruchirappalli RFQs for fabrication, boiler equipment, engineering, power and project buying with stainless steel, duplex steel, nickel alloys, carbon steel and non-ferrous metal quotation support from Mumbai for PAN India enquiries.",251,https://rubinoxmetal.com/locations/tiruchirappalli.html,1,"index,follow",WebPage|WebSite|Organization|BreadcrumbList|ListItem|FAQPage|Question|Answer,pass,description_length_review,none
/locations/thoothukudi.html,locations/thoothukudi.html,Metal Supplier in Thoothukudi | Rubinox,39,Metal Supplier in Thoothukudi,1,"Rubinox supports Thoothukudi RFQs for port, marine, chemical, fertilizer and project buying with stainless steel, duplex steel, nickel alloys, carbon steel and non-ferrous metal quotation support from Mumbai for PAN India enquiries.",232,https://rubinoxmetal.com/locations/thoothukudi.html,1,"index,follow",WebPage|WebSite|Organization|BreadcrumbList|ListItem|FAQPage|Question|Answer,pass,description_length_review,none
/locations/tumakuru.html,locations/tumakuru.html,Metal Supplier in Tumakuru | Rubinox,36,Metal Supplier in Tumakuru,1,"Rubinox supports Tumakuru RFQs for automotive, engineering, fabrication, industrial parks and project buying with stainless steel, duplex steel, nickel alloys, carbon steel and non-ferrous metal quotation support from Mumbai for PAN India enquiries.",249,https://rubinoxmetal.com/locations/tumakuru.html,1,"index,follow",WebPage|WebSite|Organization|BreadcrumbList|ListItem|FAQPage|Question|Answer,pass,description_length_review,none
/locations/mysuru.html,locations/mysuru.html,Metal Supplier in Mysuru | Rubinox,34,Metal Supplier in Mysuru,1,"Rubinox supports Mysuru RFQs for engineering, food processing, automotive, fabrication and project buying with stainless steel, duplex steel, nickel alloys, carbon steel and non-ferrous metal quotation support from Mumbai for PAN India enquiries.",246,https://rubinoxmetal.com/locations/mysuru.html,1,"index,follow",WebPage|WebSite|Organization|BreadcrumbList|ListItem|FAQPage|Question|Answer,pass,description_length_review,none
/locations/mangaluru.html,locations/mangaluru.html,Metal Supplier in Mangaluru / Mangalore | Rubinox,49,Metal Supplier in Mangaluru / Mangalore,1,"Rubinox supports Mangaluru / Mangalore RFQs for refinery, petrochemical, marine, port, fertilizer and fabrication with stainless steel, duplex steel, nickel alloys, carbon steel and non-ferrous metal quotation support from Mumbai for PAN India enquiries.",254,https://rubinoxmetal.com/locations/mangaluru.html,1,"index,follow",WebPage|WebSite|Organization|BreadcrumbList|ListItem|FAQPage|Question|Answer,pass,description_length_review,none
/locations/zaheerabad.html,locations/zaheerabad.html,Metal Supplier in Zaheerabad | Rubinox,38,Metal Supplier in Zaheerabad,1,"Rubinox supports Zaheerabad RFQs for automotive, fabrication, engineering, pharma and project buying with stainless steel, duplex steel, nickel alloys, carbon steel and non-ferrous metal quotation support from Mumbai for PAN India enquiries.",241,https://rubinoxmetal.com/locations/zaheerabad.html,1,"index,follow",WebPage|WebSite|Organization|BreadcrumbList|ListItem|FAQPage|Question|Answer,pass,description_length_review,none
/locations/vijayawada.html,locations/vijayawada.html,Metal Supplier in Vijayawada | Rubinox,38,Metal Supplier in Vijayawada,1,"Rubinox supports Vijayawada RFQs for infrastructure, fabrication, food processing, engineering and project buying with stainless steel, duplex steel, nickel alloys, carbon steel and non-ferrous metal quotation support from Mumbai for PAN India enquiries.",254,https://rubinoxmetal.com/locations/vijayawada.html,1,"index,follow",WebPage|WebSite|Organization|BreadcrumbList|ListItem|FAQPage|Question|Answer,pass,description_length_review,none
/locations/nellore-krishnapatnam.html,locations/nellore-krishnapatnam.html,Metal Supplier in Nellore / Krishnapatnam | Rubinox,51,Metal Supplier in Nellore / Krishnapatnam,1,"Rubinox supports Nellore / Krishnapatnam RFQs for port, marine, power, process industries and project buying with stainless steel, duplex steel, nickel alloys, carbon steel and non-ferrous metal quotation support from Mumbai for PAN India enquiries.",249,https://rubinoxmetal.com/locations/nellore-krishnapatnam.html,1,"index,follow",WebPage|WebSite|Organization|BreadcrumbList|ListItem|FAQPage|Question|Answer,pass,description_length_review,none
/locations/kakinada.html,locations/kakinada.html,Metal Supplier in Kakinada | Rubinox,36,Metal Supplier in Kakinada,1,"Rubinox supports Kakinada RFQs for port, marine, fertilizer, oil and gas support and project buying with stainless steel, duplex steel, nickel alloys, carbon steel and non-ferrous metal quotation support from Mumbai for PAN India enquiries.",240,https://rubinoxmetal.com/locations/kakinada.html,1,"index,follow",WebPage|WebSite|Organization|BreadcrumbList|ListItem|FAQPage|Question|Answer,pass,description_length_review,none
/locations/haridwar-rudrapur.html,locations/haridwar-rudrapur.html,Metal Supplier in Haridwar / Rudrapur | Rubinox,47,Metal Supplier in Haridwar / Rudrapur,1,"Rubinox supports Haridwar / Rudrapur RFQs for automotive, engineering, fabrication, pharma and project buying with stainless steel, duplex steel, nickel alloys, carbon steel and non-ferrous metal quotation support from Mumbai for PAN India enquiries.",250,https://rubinoxmetal.com/locations/haridwar-rudrapur.html,1,"index,follow",WebPage|WebSite|Organization|BreadcrumbList|ListItem|FAQPage|Question|Answer,pass,description_length_review,none
/locations/jaipur.html,locations/jaipur.html,Metal Supplier in Jaipur | Stainless Steel & Alloys | Rubinox,61,Metal Supplier in Jaipur,1,"Rubinox supports Jaipur RFQs for infrastructure, stone processing, engineering, fabrication, process equipment and project buying with stainless steel, duplex steel, nickel alloys, carbon steel and non-ferrous metal quotation support from Mumbai for PAN India enquiries.",270,https://rubinoxmetal.com/locations/jaipur.html,1,"index,follow",WebPage|WebSite|Organization|BreadcrumbList|ListItem|FAQPage|Question|Answer,pass,description_length_review,none
/locations/jodhpur-pali.html,locations/jodhpur-pali.html,Metal Supplier in Jodhpur / Pali | Rubinox,42,Metal Supplier in Jodhpur / Pali,1,"Rubinox supports Jodhpur / Pali RFQs for textile processing, stone processing, fabrication, engineering and project buying with stainless steel, duplex steel, nickel alloys, carbon steel and non-ferrous metal quotation support from Mumbai for PAN India enquiries.",263,https://rubinoxmetal.com/locations/jodhpur-pali.html,1,"index,follow",WebPage|WebSite|Organization|BreadcrumbList|ListItem|FAQPage|Question|Answer,pass,description_length_review,none
/locations/bhopal-mandideep.html,locations/bhopal-mandideep.html,Metal Supplier in Bhopal / Mandideep | Rubinox,46,Metal Supplier in Bhopal / Mandideep,1,"Rubinox supports Bhopal / Mandideep RFQs for pharma, engineering, fabrication, process equipment and project buying with stainless steel, duplex steel, nickel alloys, carbon steel and non-ferrous metal quotation support from Mumbai for PAN India enquiries.",256,https://rubinoxmetal.com/locations/bhopal-mandideep.html,1,"index,follow",WebPage|WebSite|Organization|BreadcrumbList|ListItem|FAQPage|Question|Answer,pass,description_length_review,none
/locations/raipur.html,locations/raipur.html,Metal Supplier in Raipur | Stainless Steel & Alloys | Rubinox,61,Metal Supplier in Raipur,1,"Rubinox supports Raipur RFQs for steel, power, cement, mining, fabrication and project buying with stainless steel, duplex steel, nickel alloys, carbon steel and non-ferrous metal quotation support from Mumbai for PAN India enquiries.",234,https://rubinoxmetal.com/locations/raipur.html,1,"index,follow",WebPage|WebSite|Organization|BreadcrumbList|ListItem|FAQPage|Question|Answer,pass,description_length_review,none
/locations/bhilai.html,locations/bhilai.html,Metal Supplier in Bhilai | Stainless Steel & Alloys | Rubinox,61,Metal Supplier in Bhilai,1,"Rubinox supports Bhilai RFQs for steel, fabrication, power, rail, mining and maintenance with stainless steel, duplex steel, nickel alloys, carbon steel and non-ferrous metal quotation support from Mumbai for PAN India enquiries.",229,https://rubinoxmetal.com/locations/bhilai.html,1,"index,follow",WebPage|WebSite|Organization|BreadcrumbList|ListItem|FAQPage|Question|Answer,pass,description_length_review,none
/locations/kolkata-howrah-durgapur.html,locations/kolkata-howrah-durgapur.html,Metal Supplier in Kolkata / Howrah / Durgapur | Rubinox,55,Metal Supplier in Kolkata / Howrah / Durgapur,1,"Rubinox supports Kolkata / Howrah / Durgapur RFQs for engineering, steel, fabrication, power, rail and infrastructure with stainless steel, duplex steel, nickel alloys, carbon steel and non-ferrous metal quotation support from Mumbai for PAN India enquiries.",258,https://rubinoxmetal.com/locations/kolkata-howrah-durgapur.html,1,"index,follow",WebPage|WebSite|Organization|BreadcrumbList|ListItem|FAQPage|Question|Answer,pass,description_length_review,none
/export/uae.html,export/uae.html,Industrial Metal Exporter from India for UAE / Dubai RFQs | Rubinox,67,Industrial Metal Exporter from India for UAE / Dubai Enquiries,1,"Rubinox supports UAE and Dubai export enquiries from India for stainless steel, duplex steel, nickel alloys, carbon steel and non-ferrous metal RFQs with documentation and packing review where applicable.",204,https://rubinoxmetal.com/export/uae.html,1,"index,follow",WebPage|WebSite|Organization|BreadcrumbList|ListItem|FAQPage|Question|Answer,pass,description_length_review,none
/export/saudi-arabia.html,export/saudi-arabia.html,Industrial Metal Exporter from India for Saudi Arabia RFQs | Rubinox,68,Industrial Metal Exporter from India for Saudi Arabia Enquiries,1,"Rubinox supports Saudi Arabia export RFQs from India for stainless steel, duplex steel, nickel alloys, carbon steel and non-ferrous metals with packing and documentation review where applicable.",194,https://rubinoxmetal.com/export/saudi-arabia.html,1,"index,follow",WebPage|WebSite|Organization|BreadcrumbList|ListItem|FAQPage|Question|Answer,pass,description_length_review,none
/export/qatar.html,export/qatar.html,Industrial Metal Exporter from India for Qatar RFQs | Rubinox,61,Industrial Metal Exporter from India for Qatar Enquiries,1,"Rubinox supports Qatar export RFQs from India for stainless steel, duplex steel, nickel alloys, carbon steel and non-ferrous metals with packing and documentation review where applicable.",187,https://rubinoxmetal.com/export/qatar.html,1,"index,follow",WebPage|WebSite|Organization|BreadcrumbList|ListItem|FAQPage|Question|Answer,pass,description_length_review,none
/export/oman.html,export/oman.html,Industrial Metal Exporter from India for Oman RFQs | Rubinox,60,Industrial Metal Exporter from India for Oman Enquiries,1,"Rubinox supports Oman export RFQs from India for stainless steel, duplex steel, nickel alloys, carbon steel and non-ferrous metals with packing and documentation review where applicable.",186,https://rubinoxmetal.com/export/oman.html,1,"index,follow",WebPage|WebSite|Organization|BreadcrumbList|ListItem|FAQPage|Question|Answer,pass,description_length_review,none
/export/kuwait.html,export/kuwait.html,Industrial Metal Exporter from India for Kuwait RFQs | Rubinox,62,Industrial Metal Exporter from India for Kuwait Enquiries,1,"Rubinox supports Kuwait export RFQs from India for stainless steel, duplex steel, nickel alloys, carbon steel and non-ferrous metals with packing and documentation review where applicable.",188,https://rubinoxmetal.com/export/kuwait.html,1,"index,follow",WebPage|WebSite|Organization|BreadcrumbList|ListItem|FAQPage|Question|Answer,pass,description_length_review,none
/export/bahrain.html,export/bahrain.html,Industrial Metal Exporter from India for Bahrain RFQs | Rubinox,63,Industrial Metal Exporter from India for Bahrain Enquiries,1,"Rubinox supports Bahrain export RFQs from India for stainless steel, duplex steel, nickel alloys, carbon steel and non-ferrous metals with packing and documentation review where applicable.",189,https://rubinoxmetal.com/export/bahrain.html,1,"index,follow",WebPage|WebSite|Organization|BreadcrumbList|ListItem|FAQPage|Question|Answer,pass,description_length_review,none
/export/singapore.html,export/singapore.html,Industrial Metal Exporter from India for Singapore RFQs | Rubinox,65,Industrial Metal Exporter from India for Singapore Enquiries,1,"Rubinox supports Singapore export RFQs from India for stainless steel, duplex steel, nickel alloys, carbon steel and non-ferrous metals with packing and documentation review where applicable.",191,https://rubinoxmetal.com/export/singapore.html,1,"index,follow",WebPage|WebSite|Organization|BreadcrumbList|ListItem|FAQPage|Question|Answer,pass,description_length_review,none
/export/malaysia.html,export/malaysia.html,Industrial Metal Exporter from India for Malaysia RFQs | Rubinox,64,Industrial Metal Exporter from India for Malaysia Enquiries,1,"Rubinox supports Malaysia export RFQs from India for stainless steel, duplex steel, nickel alloys, carbon steel and non-ferrous metals with packing and documentation review where applicable.",190,https://rubinoxmetal.com/export/malaysia.html,1,"index,follow",WebPage|WebSite|Organization|BreadcrumbList|ListItem|FAQPage|Question|Answer,pass,description_length_review,none
/export/thailand.html,export/thailand.html,Exporter from India for Thailand RFQs | Rubinox,47,Industrial Metal Exporter from India for Thailand Enquiries,1,"Rubinox supports Thailand export RFQs from India for stainless steel, duplex steel, nickel alloys, carbon steel and non-ferrous metals with packing and documentation review where applicable.",190,https://rubinoxmetal.com/export/thailand.html,1,"index,follow",WebPage|WebSite|Organization|BreadcrumbList|ListItem|FAQPage|Question|Answer,pass,description_length_review,none
/export/vietnam.html,export/vietnam.html,Exporter from India for Vietnam RFQs | Rubinox,46,Industrial Metal Exporter from India for Vietnam Enquiries,1,"Rubinox supports Vietnam export RFQs from India for stainless steel, duplex steel, nickel alloys, carbon steel and non-ferrous metals with packing and documentation review where applicable.",189,https://rubinoxmetal.com/export/vietnam.html,1,"index,follow",WebPage|WebSite|Organization|BreadcrumbList|ListItem|FAQPage|Question|Answer,pass,description_length_review,none
/export/usa.html,export/usa.html,Exporter from India for USA RFQs | Rubinox,42,Industrial Metal Exporter from India for USA Enquiries,1,"Rubinox supports USA export RFQs from India for stainless steel, duplex steel, nickel alloys, carbon steel and non-ferrous metals with packing and documentation review where applicable.",185,https://rubinoxmetal.com/export/usa.html,1,"index,follow",WebPage|WebSite|Organization|BreadcrumbList|ListItem|FAQPage|Question|Answer,pass,description_length_review,none
/export/uk.html,export/uk.html,Industrial Metal Exporter from India for UK RFQs | Rubinox,58,Industrial Metal Exporter from India for UK Enquiries,1,"Rubinox supports UK export RFQs from India for stainless steel, duplex steel, nickel alloys, carbon steel and non-ferrous metals with packing and documentation review where applicable.",184,https://rubinoxmetal.com/export/uk.html,1,"index,follow",WebPage|WebSite|Organization|BreadcrumbList|ListItem|FAQPage|Question|Answer,pass,description_length_review,none
/export/germany.html,export/germany.html,Industrial Metal Exporter from India for Germany RFQs | Rubinox,63,Industrial Metal Exporter from India for Germany Enquiries,1,"Rubinox supports Germany export RFQs from India for stainless steel, duplex steel, nickel alloys, carbon steel and non-ferrous metals with packing and documentation review where applicable.",189,https://rubinoxmetal.com/export/germany.html,1,"index,follow",WebPage|WebSite|Organization|BreadcrumbList|ListItem|FAQPage|Question|Answer,pass,description_length_review,none
/export/netherlands.html,export/netherlands.html,Exporter from India for Netherlands RFQs | Rubinox,50,Industrial Metal Exporter from India for Netherlands Enquiries,1,"Rubinox supports Netherlands export RFQs from India for stainless steel, duplex steel, nickel alloys, carbon steel and non-ferrous metals with packing and documentation review where applicable.",193,https://rubinoxmetal.com/export/netherlands.html,1,"index,follow",WebPage|WebSite|Organization|BreadcrumbList|ListItem|FAQPage|Question|Answer,pass,description_length_review,none
/export/australia.html,export/australia.html,Industrial Metal Exporter from India for Australia RFQs | Rubinox,65,Industrial Metal Exporter from India for Australia Enquiries,1,"Rubinox supports Australia export RFQs from India for stainless steel, duplex steel, nickel alloys, carbon steel and non-ferrous metals with packing and documentation review where applicable.",191,https://rubinoxmetal.com/export/australia.html,1,"index,follow",WebPage|WebSite|Organization|BreadcrumbList|ListItem|FAQPage|Question|Answer,pass,description_length_review,none
/materials/high-speed-steel.html,materials/high-speed-steel.html,"High Speed Steel Supplier in India | HSS M2, M35, M42",53,High Speed Steel Supplier in India,1,"High speed steel supplier for HSS M2, M35, M42 and T1 bars, flats, plates and tool steel blanks with RFQ and documentation support.",131,https://rubinoxmetal.com/materials/high-speed-steel.html,1,"index,follow",WebPage|BreadcrumbList|ListItem|Product|Organization|PropertyValue|FAQPage|Question|Answer,pass,,none
/materials/stainless-steel-channels-supplier-india.html,materials/stainless-steel-channels-supplier-india.html,Stainless Steel Channels Supplier in India | SS Channels,56,Stainless Steel Channels Supplier in India,1,"Stainless steel channels supplier for SS 304, 316 and 316L C channels and U channels with RFQ, MTC and project supply support.",126,https://rubinoxmetal.com/materials/stainless-steel-channels-supplier-india.html,1,"index,follow",WebPage|BreadcrumbList|ListItem|Product|Organization|PropertyValue|FAQPage|Question|Answer,pass,,none
/materials/stainless-steel-perforated-sheets-supplier-india.html,materials/stainless-steel-perforated-sheets-supplier-india.html,Stainless Steel Perforated Sheets Supplier India | Rubinox,58,Stainless Steel Perforated Sheets Supplier in India,1,"Stainless steel perforated sheets supplier for SS 304 and 316 sheets with round, square or slotted hole RFQ and documentation support.",134,https://rubinoxmetal.com/materials/stainless-steel-perforated-sheets-supplier-india.html,1,"index,follow",WebPage|BreadcrumbList|ListItem|Product|Organization|PropertyValue|FAQPage|Question|Answer,pass,,none
/blog.html,blog.html,Rubinox Knowledge Hub | Metal Buyer Guides,42,Rubinox Metal Buyer Knowledge Hub,1,"Rubinox Metal and Alloys Knowledge Hub with buyer guides for stainless steel, duplex, nickel alloys, titanium, SMO 254, aluminium, RFQ documentation and export enquiries.",170,https://rubinoxmetal.com/blog.html,1,"index,follow",WebPage|BreadcrumbList|ListItem,pass,,none
/blog/stainless-steel-304-vs-316-vs-316l.html,blog/stainless-steel-304-vs-316-vs-316l.html,SS 304 vs 316 vs 316L Guide | Rubinox,37,SS 304 vs SS 316 vs SS 316L: Buyer Selection Guide,1,"Compare SS 304, SS 316 and SS 316L for industrial procurement, pharma, food, marine, fabrication and RFQ preparation.",117,https://rubinoxmetal.com/blog/stainless-steel-304-vs-316-vs-316l.html,1,"index,follow",BlogPosting|Organization|WebPage|ImageObject|BreadcrumbList|ListItem|FAQPage|Question|Answer,pass,,none
/blog/duplex-2205-vs-super-duplex-2507.html,blog/duplex-2205-vs-super-duplex-2507.html,Duplex 2205 vs Super Duplex 2507 Guide | Rubinox,48,Duplex 2205 vs Super Duplex 2507: Which Grade Should Buyers Review?,1,"Compare Duplex 2205 and Super Duplex 2507 for chloride, marine, desalination, offshore and chemical RFQs.",105,https://rubinoxmetal.com/blog/duplex-2205-vs-super-duplex-2507.html,1,"index,follow",BlogPosting|Organization|WebPage|ImageObject|BreadcrumbList|ListItem|FAQPage|Question|Answer,pass,,none
/blog/inconel-monel-hastelloy-selection-guide.html,blog/inconel-monel-hastelloy-selection-guide.html,Inconel vs Monel vs Hastelloy Guide | Rubinox,45,Inconel vs Monel vs Hastelloy: Nickel Alloy Selection Guide,1,"Review Inconel, Monel and Hastelloy alloy families for high-temperature, corrosion, marine, chemical and heat exchanger RFQs.",125,https://rubinoxmetal.com/blog/inconel-monel-hastelloy-selection-guide.html,1,"index,follow",BlogPosting|Organization|WebPage|ImageObject|BreadcrumbList|ListItem|FAQPage|Question|Answer,pass,,none
/blog/titanium-grade-2-vs-grade-5.html,blog/titanium-grade-2-vs-grade-5.html,Titanium Grade 2 vs Grade 5 Guide | Rubinox,43,Titanium Grade 2 vs Grade 5: Industrial Buyer Guide,1,"Compare Titanium Grade 2 and Grade 5 for chemical, marine, aerospace, precision and medical-component RFQs with safe buyer guidance.",132,https://rubinoxmetal.com/blog/titanium-grade-2-vs-grade-5.html,1,"index,follow",BlogPosting|Organization|WebPage|ImageObject|BreadcrumbList|ListItem|FAQPage|Question|Answer,pass,,none
/blog/smo-254-vs-904l-vs-316l.html,blog/smo-254-vs-904l-vs-316l.html,SMO 254 vs 904L vs 316L Guide | Rubinox,39,SMO 254 vs 904L vs 316L for Chloride Service,1,"Compare SMO 254, 904L and 316L for chloride, seawater, desalination, marine and process RFQs with buyer checklist guidance.",123,https://rubinoxmetal.com/blog/smo-254-vs-904l-vs-316l.html,1,"index,follow",BlogPosting|Organization|WebPage|ImageObject|BreadcrumbList|ListItem|FAQPage|Question|Answer,pass,,none
/blog/metal-rfq-checklist-for-buyers.html,blog/metal-rfq-checklist-for-buyers.html,Metal RFQ Checklist for Buyers | Rubinox,40,Metal RFQ Checklist: What Buyers Should Share for a Faster Quote,1,"A practical metal RFQ checklist covering grade, form, standard, size, quantity, MTC, inspection and delivery location for procurement buyers.",141,https://rubinoxmetal.com/blog/metal-rfq-checklist-for-buyers.html,1,"index,follow",BlogPosting|Organization|WebPage|ImageObject|BreadcrumbList|ListItem|FAQPage|Question|Answer,pass,,none
/blog/mtc-pmi-third-party-inspection-guide.html,blog/mtc-pmi-third-party-inspection-guide.html,MTC PMI Third Party Inspection Guide | Rubinox,46,"MTC, PMI and Third-Party Inspection: What Metal Buyers Should Know",1,"Understand MTC, PMI and third-party inspection terms for industrial metal RFQs, with documentation assistance guidance where applicable.",136,https://rubinoxmetal.com/blog/mtc-pmi-third-party-inspection-guide.html,1,"index,follow",BlogPosting|Organization|WebPage|ImageObject|BreadcrumbList|ListItem|FAQPage|Question|Answer,pass,,none
/blog/stainless-steel-for-pharma-food-processing.html,blog/stainless-steel-for-pharma-food-processing.html,Stainless Steel for Pharma and Food | Rubinox,45,Stainless Steel for Pharma and Food Processing Equipment,1,"Review stainless steel grades and forms for pharma and food processing equipment RFQs, including SS 304, SS 316L, tubes, sheets and fittings.",141,https://rubinoxmetal.com/blog/stainless-steel-for-pharma-food-processing.html,1,"index,follow",BlogPosting|Organization|WebPage|ImageObject|BreadcrumbList|ListItem|FAQPage|Question|Answer,pass,,none
/blog/metals-for-automotive-ev-components.html,blog/metals-for-automotive-ev-components.html,Metals for Automotive and EV Buyers | Rubinox,45,Metals for Automotive and EV Component Buyers,1,"Metal selection guide for automotive and EV component buyers reviewing aluminium, stainless steel, carbon steel, mild steel, copper, brass and phosphor bronze RFQs.",164,https://rubinoxmetal.com/blog/metals-for-automotive-ev-components.html,1,"index,follow",BlogPosting|Organization|WebPage|ImageObject|BreadcrumbList|ListItem|FAQPage|Question|Answer,pass,,none
/blog/metals-for-chemical-petrochemical-industries.html,blog/metals-for-chemical-petrochemical-industries.html,Chemical Petrochemical Metal RFQ Guide | Rubinox,48,Metals for Chemical and Petrochemical Industry RFQs,1,"Procurement guide for chemical and petrochemical RFQs covering SS 316L, duplex, SMO 254, Hastelloy, Inconel, Monel and titanium.",128,https://rubinoxmetal.com/blog/metals-for-chemical-petrochemical-industries.html,1,"index,follow",BlogPosting|Organization|WebPage|ImageObject|BreadcrumbList|ListItem|FAQPage|Question|Answer,pass,,none
/blog/marine-desalination-material-selection.html,blog/marine-desalination-material-selection.html,Marine Desalination Material Guide | Rubinox,44,"Material Selection for Marine, Offshore and Desalination Projects",1,"Review SS 316L, Duplex, Super Duplex, SMO 254, Monel, Inconel and Titanium for marine, offshore and desalination RFQs.",118,https://rubinoxmetal.com/blog/marine-desalination-material-selection.html,1,"index,follow",BlogPosting|Organization|WebPage|ImageObject|BreadcrumbList|ListItem|FAQPage|Question|Answer,pass,,none
/blog/aluminium-6061-6063-7075-guide.html,blog/aluminium-6061-6063-7075-guide.html,Aluminium 6061 vs 6063 vs 7075 Guide | Rubinox,46,"Aluminium 6061, 6063 and 7075: Buyer Comparison Guide",1,"Compare aluminium 6061, 6063 and 7075 for automotive, fabrication, aerospace or precision and structural RFQs with buyer checklist guidance.",140,https://rubinoxmetal.com/blog/aluminium-6061-6063-7075-guide.html,1,"index,follow",BlogPosting|Organization|WebPage|ImageObject|BreadcrumbList|ListItem|FAQPage|Question|Answer,pass,,none
/blog/copper-brass-phosphor-bronze-guide.html,blog/copper-brass-phosphor-bronze-guide.html,Copper Brass Phosphor Bronze Guide | Rubinox,44,"Copper, Brass and Phosphor Bronze: Industrial Buyer Guide",1,"Compare copper, brass and phosphor bronze for electrical, machining, wear, spring, connector, marine and engineering RFQs.",122,https://rubinoxmetal.com/blog/copper-brass-phosphor-bronze-guide.html,1,"index,follow",BlogPosting|Organization|WebPage|ImageObject|BreadcrumbList|ListItem|FAQPage|Question|Answer,pass,,none
/blog/high-speed-steel-sourcing-guide.html,blog/high-speed-steel-sourcing-guide.html,High Speed Steel Sourcing Guide | Rubinox,41,High Speed Steel Sourcing Guide for Tooling and Machining Buyers,1,"High speed steel sourcing guide for HSS M2, M35, M42, tool steel, cutting tools, punches, dies and RFQ preparation.",115,https://rubinoxmetal.com/blog/high-speed-steel-sourcing-guide.html,1,"index,follow",BlogPosting|Organization|WebPage|ImageObject|BreadcrumbList|ListItem|FAQPage|Question|Answer,pass,,none
/blog/export-metal-rfq-from-india.html,blog/export-metal-rfq-from-india.html,Export Metal RFQ from India Guide | Rubinox,43,Export Metal RFQ from India: What Overseas Buyers Should Share,1,"Export metal RFQ guide for overseas buyers covering packing, MTC, destination country, port, documentation assistance and procurement enquiry details.",150,https://rubinoxmetal.com/blog/export-metal-rfq-from-india.html,1,"index,follow",BlogPosting|Organization|WebPage|ImageObject|BreadcrumbList|ListItem|FAQPage|Question|Answer,pass,,none
/mission-vision.html,mission-vision.html,Mission & Vision | Rubinox Metal and Alloys,43,Mission & Vision,1,"Read the mission, vision and values of Rubinox Metal and Alloys, a Mumbai-based stockist, supplier, importer, exporter and project supplier of stainless steel, alloys and industrial metals.",189,https://rubinoxmetal.com/mission-vision.html,1,"index,follow",WebPage|BreadcrumbList|ListItem|FAQPage|Question|Answer,pass,description_length_review,none
/registrations-compliance.html,registrations-compliance.html,Registrations & Compliance | Rubinox Metal and Alloys,53,Registrations & Compliance,1,"Rubinox Metal and Alloys can share relevant business registration and compliance details such as GST, IEC and MSME/Udyam information where required for buyer onboarding, vendor registration and export RFQs.",206,https://rubinoxmetal.com/registrations-compliance.html,1,"index,follow",WebPage|BreadcrumbList|ListItem|FAQPage|Question|Answer,pass,description_length_review,none
/product-portfolio.html,product-portfolio.html,"Product Portfolio | Industrial Metals, Grades and Forms | Rubinox",65,Product Portfolio,1,"Explore the Rubinox Metal and Alloys product portfolio covering stainless steel, duplex, nickel alloys, titanium, SMO 254, aluminium, copper, brass, carbon steel, mild steel, high speed steel, grades and product forms.",218,https://rubinoxmetal.com/product-portfolio.html,1,"index,follow",WebPage|BreadcrumbList|ListItem|FAQPage|Question|Answer,pass,description_length_review,none
/materials.html,materials.html,"Materials We Supply | Stainless Steel, Alloys and Metals | Rubinox",66,Materials We Supply,1,"Browse material families supplied by Rubinox Metal and Alloys, including stainless steel, duplex, nickel alloys, titanium, SMO 254, aluminium, copper, brass, carbon steel, mild steel, phosphor bronze and high speed steel.",221,https://rubinoxmetal.com/materials.html,1,"index,follow",WebPage|BreadcrumbList|ListItem|FAQPage|Question|Answer,pass,description_length_review,none
/product-forms.html,product-forms.html,"Product Forms | Pipes, Tubes, Plates and More | Rubinox",55,Product Forms,1,"Browse industrial metal product forms from Rubinox Metal and Alloys, including pipes, tubes, sheets, plates, coils, flanges, fittings, fasteners, bars, rods, angles, channels, flats, circles, wire mesh and perforated sheets.",224,https://rubinoxmetal.com/product-forms.html,1,"index,follow",WebPage|BreadcrumbList|ListItem|FAQPage|Question|Answer,pass,description_length_review,none
/grades.html,grades.html,"Material Grades | Stainless, Duplex, Nickel and Titanium | Rubinox",66,Material Grades,1,"Browse material grades available for RFQ review at Rubinox Metal and Alloys, including SS 304, 316L, 904L, Duplex 2205, Super Duplex 2507, Inconel, Monel, Hastelloy, Nickel, Titanium and SMO 254 grades.",202,https://rubinoxmetal.com/grades.html,1,"index,follow",WebPage|BreadcrumbList|ListItem|FAQPage|Question|Answer,pass,description_length_review,none
/privacy-policy.html,privacy-policy.html,Privacy Policy | Rubinox Metal and Alloys,41,Privacy Policy,1,"Read the Privacy Policy for Rubinox Metal and Alloys, covering enquiry data, RFQ communication, website analytics, cookies, third-party links and contact information.",166,https://rubinoxmetal.com/privacy-policy.html,1,"index,follow",WebPage|BreadcrumbList|ListItem|FAQPage|Question|Answer,pass,,none
/terms-and-conditions.html,terms-and-conditions.html,Terms & Conditions | Rubinox Metal and Alloys,45,Terms & Conditions,1,"Read the Terms & Conditions for using the Rubinox Metal and Alloys website, including RFQ communication, technical content, quotation limitations, external links and buyer responsibility.",187,https://rubinoxmetal.com/terms-and-conditions.html,1,"index,follow",WebPage|BreadcrumbList|ListItem|FAQPage|Question|Answer,pass,description_length_review,none
/blog/stainless-steel-304l-vs-316l.html,blog/stainless-steel-304l-vs-316l.html,Stainless Steel 304L vs 316L: Buyer Comparison Guide | Rubinox,62,Stainless Steel 304L vs 316L: Buyer Comparison Guide,1,"Compare SS 304L and SS 316L for welded fabrication, pharma, food, process equipment and RFQ preparation.",104,https://rubinoxmetal.com/blog/stainless-steel-304l-vs-316l.html,1,"index,follow",BlogPosting|Organization|WebPage|ImageObject|BreadcrumbList|ListItem|FAQPage|Question|Answer,pass,,none
/blog/stainless-steel-310-vs-321-vs-347.html,blog/stainless-steel-310-vs-321-vs-347.html,SS 310 vs 321 vs 347 Guide | Rubinox,36,Stainless Steel 310 vs 321 vs 347: High Temperature Grade Guide,1,"Review SS 310, SS 321 and SS 347 for high-temperature stainless steel RFQs, fabrication and buyer specification checks.",119,https://rubinoxmetal.com/blog/stainless-steel-310-vs-321-vs-347.html,1,"index,follow",BlogPosting|Organization|WebPage|ImageObject|BreadcrumbList|ListItem|FAQPage|Question|Answer,pass,,none
/blog/duplex-stainless-steel-for-chemical-processing.html,blog/duplex-stainless-steel-for-chemical-processing.html,Duplex Stainless Steel for Chemical Processing RFQs | Rubinox,61,Duplex Stainless Steel for Chemical Processing RFQs,1,"Buyer guide for reviewing Duplex 2205, Super Duplex 2507 and related grades for chemical processing RFQs.",105,https://rubinoxmetal.com/blog/duplex-stainless-steel-for-chemical-processing.html,1,"index,follow",BlogPosting|Organization|WebPage|ImageObject|BreadcrumbList|ListItem|FAQPage|Question|Answer,pass,,none
/blog/super-duplex-for-seawater-desalination.html,blog/super-duplex-for-seawater-desalination.html,Super Duplex for Seawater and Desalination Projects | Rubinox,61,Super Duplex for Seawater and Desalination Projects,1,"Review Super Duplex, Duplex, SMO 254 and nickel alloy considerations for seawater and desalination project RFQs.",112,https://rubinoxmetal.com/blog/super-duplex-for-seawater-desalination.html,1,"index,follow",BlogPosting|Organization|WebPage|ImageObject|BreadcrumbList|ListItem|FAQPage|Question|Answer,pass,,none
/blog/nickel-alloy-625-vs-718.html,blog/nickel-alloy-625-vs-718.html,Inconel 625 vs Inconel 718: Nickel Alloy Buyer Guide | Rubinox,62,Inconel 625 vs Inconel 718: Nickel Alloy Buyer Guide,1,"Compare Inconel 625 and Inconel 718 for corrosion, strength, heat, aerospace, marine and chemical RFQ review.",109,https://rubinoxmetal.com/blog/nickel-alloy-625-vs-718.html,1,"index,follow",BlogPosting|Organization|WebPage|ImageObject|BreadcrumbList|ListItem|FAQPage|Question|Answer,pass,,none
/blog/monel-400-vs-k500.html,blog/monel-400-vs-k500.html,Monel 400 vs Monel K-500: Buyer Comparison Guide | Rubinox,58,Monel 400 vs Monel K-500: Buyer Comparison Guide,1,"Compare Monel 400 and Monel K-500 for marine, chemical, fastener, pump and engineered component RFQs.",101,https://rubinoxmetal.com/blog/monel-400-vs-k500.html,1,"index,follow",BlogPosting|Organization|WebPage|ImageObject|BreadcrumbList|ListItem|FAQPage|Question|Answer,pass,,none
/blog/hastelloy-c276-vs-c22.html,blog/hastelloy-c276-vs-c22.html,Hastelloy C276 vs C22: Corrosion Alloy Buyer Guide | Rubinox,60,Hastelloy C276 vs C22: Corrosion Alloy Buyer Guide,1,"Review Hastelloy C276 and C22 for chemical processing, corrosion-resistant equipment and RFQ preparation.",105,https://rubinoxmetal.com/blog/hastelloy-c276-vs-c22.html,1,"index,follow",BlogPosting|Organization|WebPage|ImageObject|BreadcrumbList|ListItem|FAQPage|Question|Answer,pass,,none
/blog/titanium-vs-stainless-steel.html,blog/titanium-vs-stainless-steel.html,Titanium vs Stainless Steel: Buyer Selection Guide | Rubinox,60,Titanium vs Stainless Steel: Buyer Selection Guide,1,"Compare titanium and stainless steel for corrosion, weight, strength, chemical, marine and precision component RFQs.",116,https://rubinoxmetal.com/blog/titanium-vs-stainless-steel.html,1,"index,follow",BlogPosting|Organization|WebPage|ImageObject|BreadcrumbList|ListItem|FAQPage|Question|Answer,pass,,none
/blog/aluminium-vs-stainless-steel.html,blog/aluminium-vs-stainless-steel.html,Aluminium vs Stainless Steel: Procurement Comparison Guide | Rubinox,68,Aluminium vs Stainless Steel: Procurement Comparison Guide,1,"Compare aluminium and stainless steel for weight, corrosion, fabrication, machining and industrial RFQ preparation.",115,https://rubinoxmetal.com/blog/aluminium-vs-stainless-steel.html,1,"index,follow",BlogPosting|Organization|WebPage|ImageObject|BreadcrumbList|ListItem|FAQPage|Question|Answer,pass,,none
/blog/carbon-steel-vs-mild-steel.html,blog/carbon-steel-vs-mild-steel.html,Carbon Steel vs Mild Steel: Industrial Buyer Guide | Rubinox,60,Carbon Steel vs Mild Steel: Industrial Buyer Guide,1,"Compare carbon steel and mild steel for plates, bars, structural work, fabrication and project RFQs.",100,https://rubinoxmetal.com/blog/carbon-steel-vs-mild-steel.html,1,"index,follow",BlogPosting|Organization|WebPage|ImageObject|BreadcrumbList|ListItem|FAQPage|Question|Answer,pass,,none
/blog/mild-steel-is-2062-vs-astm-a36.html,blog/mild-steel-is-2062-vs-astm-a36.html,IS 2062 vs ASTM A36: Mild Steel Buyer Comparison | Rubinox,58,IS 2062 vs ASTM A36: Mild Steel Buyer Comparison,1,"Compare IS 2062 and ASTM A36 for mild steel structural, fabrication and project supply RFQs.",92,https://rubinoxmetal.com/blog/mild-steel-is-2062-vs-astm-a36.html,1,"index,follow",BlogPosting|Organization|WebPage|ImageObject|BreadcrumbList|ListItem|FAQPage|Question|Answer,pass,,none
/blog/copper-c101-vs-c110-vs-c122.html,blog/copper-c101-vs-c110-vs-c122.html,Copper C101 vs C110 vs C122: Buyer Comparison Guide | Rubinox,61,Copper C101 vs C110 vs C122: Buyer Comparison Guide,1,"Compare copper C101, C110 and C122 for electrical, heat exchanger, fabrication and industrial RFQs.",99,https://rubinoxmetal.com/blog/copper-c101-vs-c110-vs-c122.html,1,"index,follow",BlogPosting|Organization|WebPage|ImageObject|BreadcrumbList|ListItem|FAQPage|Question|Answer,pass,,none
/blog/brass-c260-vs-c360.html,blog/brass-c260-vs-c360.html,Brass C260 vs C360: Buyer Comparison Guide | Rubinox,52,Brass C260 vs C360: Buyer Comparison Guide,1,"Compare Brass C260 and C360 for sheet, plate, bar, machining, fabrication and industrial RFQs.",94,https://rubinoxmetal.com/blog/brass-c260-vs-c360.html,1,"index,follow",BlogPosting|Organization|WebPage|ImageObject|BreadcrumbList|ListItem|FAQPage|Question|Answer,pass,,none
/blog/phosphor-bronze-c510-vs-c521.html,blog/phosphor-bronze-c510-vs-c521.html,Phosphor Bronze C510 vs C521: Buyer Comparison Guide | Rubinox,62,Phosphor Bronze C510 vs C521: Buyer Comparison Guide,1,"Compare Phosphor Bronze C510 and C521 for spring, connector, wear, electrical and engineering RFQs.",99,https://rubinoxmetal.com/blog/phosphor-bronze-c510-vs-c521.html,1,"index,follow",BlogPosting|Organization|WebPage|ImageObject|BreadcrumbList|ListItem|FAQPage|Question|Answer,pass,,none
/blog/industrial-metal-product-forms-guide.html,blog/industrial-metal-product-forms-guide.html,Industrial Metal Product Forms Guide for RFQ Buyers | Rubinox,61,Industrial Metal Product Forms Guide for RFQ Buyers,1,"Guide to pipes, tubes, sheets, plates, coils, bars, rods, flanges, fittings, fasteners, channels and perforated sheets for RFQs.",128,https://rubinoxmetal.com/blog/industrial-metal-product-forms-guide.html,1,"index,follow",BlogPosting|Organization|WebPage|ImageObject|BreadcrumbList|ListItem|FAQPage|Question|Answer,pass,,none
/materials/copper-nickel-90-10-c70600-supplier-india.html,materials/copper-nickel-90-10-c70600-supplier-india.html,Copper Nickel 90/10 C70600 Supplier India | Cu-Ni RFQs,54,Copper Nickel 90/10 C70600 Supplier in India,1,"Copper Nickel 90/10 C70600 supplier in India for pipes, tubes, sheets, plates, flanges and fittings RFQs with documentation support.",132,https://rubinoxmetal.com/materials/copper-nickel-90-10-c70600-supplier-india.html,1,"index,follow",WebPage|WebSite|Thing|Organization|BreadcrumbList|ListItem|FAQPage|Question|Answer|Product|PropertyValue,pass,,none
/materials/copper-nickel-70-30-c71500-supplier-india.html,materials/copper-nickel-70-30-c71500-supplier-india.html,Copper Nickel 70/30 C71500 Supplier India | Cu-Ni RFQs,54,Copper Nickel 70/30 C71500 Supplier in India,1,"Copper Nickel 70/30 C71500 supplier in India for marine, condenser, seawater piping and heat exchanger RFQs with documentation support.",135,https://rubinoxmetal.com/materials/copper-nickel-70-30-c71500-supplier-india.html,1,"index,follow",WebPage|WebSite|Thing|Organization|BreadcrumbList|ListItem|FAQPage|Question|Answer|Product|PropertyValue,pass,,none
/materials/alloy-20-uns-n08020-supplier-india.html,materials/alloy-20-uns-n08020-supplier-india.html,Alloy 20 UNS N08020 Supplier India | Carpenter 20 RFQs,54,Alloy 20 UNS N08020 Supplier in India,1,"Alloy 20 UNS N08020 supplier in India for pipes, tubes, sheets, plates, bars, flanges and fittings RFQs with documentation support.",131,https://rubinoxmetal.com/materials/alloy-20-uns-n08020-supplier-india.html,1,"index,follow",WebPage|WebSite|Thing|Organization|BreadcrumbList|ListItem|FAQPage|Question|Answer|Product|PropertyValue,pass,,none
/materials/inconel-601-supplier-india.html,materials/inconel-601-supplier-india.html,Inconel 601 Supplier India | Nickel Alloy 601 RFQs,50,Inconel 601 Supplier in India,1,"Inconel 601 supplier in India for nickel alloy pipes, tubes, sheets, plates, bars, flanges, fittings and high-temperature RFQs.",127,https://rubinoxmetal.com/materials/inconel-601-supplier-india.html,1,"index,follow",WebPage|WebSite|Thing|Organization|BreadcrumbList|ListItem|FAQPage|Question|Answer|Product|PropertyValue,pass,,none
/materials/incoloy-800h-supplier-india.html,materials/incoloy-800h-supplier-india.html,Incoloy 800H Supplier India | Alloy 800H RFQs,45,Incoloy 800H Supplier in India,1,"Incoloy 800H supplier in India for nickel alloy pipes, tubes, sheets, plates, bars, flanges and fittings RFQs with documentation support.",137,https://rubinoxmetal.com/materials/incoloy-800h-supplier-india.html,1,"index,follow",WebPage|WebSite|Thing|Organization|BreadcrumbList|ListItem|FAQPage|Question|Answer|Product|PropertyValue,pass,,none
/materials/astm-a335-p11-pipe-supplier-india.html,materials/astm-a335-p11-pipe-supplier-india.html,ASTM A335 P11 Pipe Supplier India | ASME SA335 P11 RFQs,55,ASTM A335 P11 Pipe Supplier in India,1,"ASTM A335 P11 pipe supplier in India for alloy steel seamless pipe RFQs with size, schedule, MTC and inspection requirements reviewed.",134,https://rubinoxmetal.com/materials/astm-a335-p11-pipe-supplier-india.html,1,"index,follow",WebPage|WebSite|Thing|Organization|BreadcrumbList|ListItem|FAQPage|Question|Answer|Product|PropertyValue,pass,,none
/materials/astm-a335-p22-pipe-supplier-india.html,materials/astm-a335-p22-pipe-supplier-india.html,ASTM A335 P22 Pipe Supplier India | ASME SA335 P22 RFQs,55,ASTM A335 P22 Pipe Supplier in India,1,"ASTM A335 P22 pipe supplier in India for alloy steel seamless pipe RFQs with size, schedule, MTC and inspection requirements reviewed.",134,https://rubinoxmetal.com/materials/astm-a335-p22-pipe-supplier-india.html,1,"index,follow",WebPage|WebSite|Thing|Organization|BreadcrumbList|ListItem|FAQPage|Question|Answer|Product|PropertyValue,pass,,none
/materials/astm-a335-p91-pipe-supplier-india.html,materials/astm-a335-p91-pipe-supplier-india.html,ASTM A335 P91 Pipe Supplier India | ASME SA335 P91 RFQs,55,ASTM A335 P91 Pipe Supplier in India,1,"ASTM A335 P91 pipe supplier in India for alloy steel seamless pipe RFQs with size, schedule, MTC and inspection requirements reviewed.",134,https://rubinoxmetal.com/materials/astm-a335-p91-pipe-supplier-india.html,1,"index,follow",WebPage|WebSite|Thing|Organization|BreadcrumbList|ListItem|FAQPage|Question|Answer|Product|PropertyValue,pass,,none
/materials/api-5l-grade-b-pipe-supplier-india.html,materials/api-5l-grade-b-pipe-supplier-india.html,API 5L Grade B Pipe Supplier India | Line Pipe RFQs,51,API 5L Grade B Pipe Supplier in India,1,"API 5L Grade B pipe supplier in India for line pipe RFQs with PSL, size, wall thickness, coating, MTC and inspection requirements reviewed.",139,https://rubinoxmetal.com/materials/api-5l-grade-b-pipe-supplier-india.html,1,"index,follow",WebPage|WebSite|Thing|Organization|BreadcrumbList|ListItem|FAQPage|Question|Answer|Product|PropertyValue,pass,,none
/materials/api-5l-x52-pipe-supplier-india.html,materials/api-5l-x52-pipe-supplier-india.html,API 5L X52 Pipe Supplier India | Line Pipe RFQs,47,API 5L X52 Pipe Supplier in India,1,"API 5L X52 pipe supplier in India for line pipe RFQs with PSL, size, wall thickness, coating, MTC and inspection requirements reviewed.",135,https://rubinoxmetal.com/materials/api-5l-x52-pipe-supplier-india.html,1,"index,follow",WebPage|WebSite|Thing|Organization|BreadcrumbList|ListItem|FAQPage|Question|Answer|Product|PropertyValue,pass,,none
/materials/api-5l-x65-pipe-supplier-india.html,materials/api-5l-x65-pipe-supplier-india.html,API 5L X65 Pipe Supplier India | Line Pipe RFQs,47,API 5L X65 Pipe Supplier in India,1,"API 5L X65 pipe supplier in India for line pipe RFQs with PSL, size, wall thickness, coating, MTC and inspection requirements reviewed.",135,https://rubinoxmetal.com/materials/api-5l-x65-pipe-supplier-india.html,1,"index,follow",WebPage|WebSite|Thing|Organization|BreadcrumbList|ListItem|FAQPage|Question|Answer|Product|PropertyValue,pass,,none
/materials/is-2062-steel-supplier-india.html,materials/is-2062-steel-supplier-india.html,IS 2062 Steel Supplier India | Structural Steel RFQs,52,IS 2062 Steel Supplier in India,1,"IS 2062 steel supplier in India for plates, sheets, angles, channels, flats, bars and structural fabrication RFQs with documentation support.",141,https://rubinoxmetal.com/materials/is-2062-steel-supplier-india.html,1,"index,follow",WebPage|WebSite|Thing|Organization|BreadcrumbList|ListItem|FAQPage|Question|Answer|Product|PropertyValue,pass,,none
/materials/is-1239-pipe-supplier-india.html,materials/is-1239-pipe-supplier-india.html,IS 1239 Pipe Supplier India | MS Pipe RFQs,42,IS 1239 Pipe Supplier in India,1,"IS 1239 pipe supplier in India for mild steel pipe and tube RFQs with class, size, end finish, galvanizing and documentation details reviewed.",142,https://rubinoxmetal.com/materials/is-1239-pipe-supplier-india.html,1,"index,follow",WebPage|WebSite|Thing|Organization|BreadcrumbList|ListItem|FAQPage|Question|Answer|Product|PropertyValue,pass,,none
/materials/is-3589-pipe-supplier-india.html,materials/is-3589-pipe-supplier-india.html,IS 3589 Pipe Supplier India | Project Pipe RFQs,47,IS 3589 Pipe Supplier in India,1,"IS 3589 pipe supplier in India for project pipe RFQs with size, wall thickness, class, coating, testing and documentation requirements reviewed.",144,https://rubinoxmetal.com/materials/is-3589-pipe-supplier-india.html,1,"index,follow",WebPage|WebSite|Thing|Organization|BreadcrumbList|ListItem|FAQPage|Question|Answer|Product|PropertyValue,pass,,none
/materials/astm-a106-grade-b-pipe-supplier-india.html,materials/astm-a106-grade-b-pipe-supplier-india.html,ASTM A106 Grade B Pipe Supplier India | Seamless CS Pipe RFQs,61,ASTM A106 Grade B Pipe Supplier in India,1,"ASTM A106 Grade B pipe supplier in India for seamless carbon steel pipe RFQs with schedule, size, MTC and inspection details reviewed.",134,https://rubinoxmetal.com/materials/astm-a106-grade-b-pipe-supplier-india.html,1,"index,follow",WebPage|WebSite|Thing|Organization|BreadcrumbList|ListItem|FAQPage|Question|Answer|Product|PropertyValue,pass,,none
/materials/astm-a53-grade-b-pipe-supplier-india.html,materials/astm-a53-grade-b-pipe-supplier-india.html,ASTM A53 Grade B Pipe Supplier India | CS Pipe RFQs,51,ASTM A53 Grade B Pipe Supplier in India,1,"ASTM A53 Grade B pipe supplier in India for carbon steel pipe RFQs with type, grade, schedule, size, MTC and inspection review.",127,https://rubinoxmetal.com/materials/astm-a53-grade-b-pipe-supplier-india.html,1,"index,follow",WebPage|WebSite|Thing|Organization|BreadcrumbList|ListItem|FAQPage|Question|Answer|Product|PropertyValue,pass,,none
/materials/astm-a333-grade-6-pipe-supplier-india.html,materials/astm-a333-grade-6-pipe-supplier-india.html,ASTM A333 Grade 6 Pipe Supplier India | Low Temperature CS Pipe RFQs,68,ASTM A333 Grade 6 Pipe Supplier in India,1,"ASTM A333 Grade 6 pipe supplier in India for low temperature carbon steel pipe RFQs with size, schedule, impact testing and MTC details.",136,https://rubinoxmetal.com/materials/astm-a333-grade-6-pipe-supplier-india.html,1,"index,follow",WebPage|WebSite|Thing|Organization|BreadcrumbList|ListItem|FAQPage|Question|Answer|Product|PropertyValue,pass,,none
/technical-resources.html,technical-resources.html,Technical Resources & Standards Charts | Rubinox Metal and Alloys,65,Technical Resources & Standards Charts,1,"Technical resources for metal RFQs, including pipe schedule guidance, MTC notes, PMI testing, API 5L comparison and quotation checklist.",136,https://rubinoxmetal.com/technical-resources.html,1,"index,follow",WebPage|BreadcrumbList|ListItem|FAQPage|Question|Answer|ItemList,pass,,none
/quality-documentation-support.html,quality-documentation-support.html,Quality & Documentation Support | Rubinox Metal and Alloys,58,Quality & Documentation Support,1,"Quality and documentation support for metal RFQs, including MTC, EN 10204 3.1/3.2, PMI, third-party inspection, packing and export documents.",141,https://rubinoxmetal.com/quality-documentation-support.html,1,"index,follow",WebPage|BreadcrumbList|ListItem|FAQPage|Question|Answer,pass,,none
/knowledge-hub-author.html,knowledge-hub-author.html,Rubinox Metal and Alloys Procurement Team | Editorial Review,60,Rubinox Metal and Alloys Procurement Team,1,"Editorial review information for Rubinox Metal and Alloys Knowledge Hub buyer guides, RFQ guidance, material standards and documentation support content.",153,https://rubinoxmetal.com/knowledge-hub-author.html,1,"index,follow",ProfilePage|Organization|WebSite|BreadcrumbList|ListItem,pass,,none
/materials/astm-a335-p5-pipe-supplier-india.html,materials/astm-a335-p5-pipe-supplier-india.html,ASTM A335 P5 Pipe Supplier in India | Rubinox,45,ASTM A335 P5 Pipe Supplier in India,1,"ASTM A335 P5 Pipe Supplier in India for specification-led RFQs with grade, size, quantity, MTC, inspection, documentation and delivery details reviewed by Rubinox Metal and Alloys.",180,https://rubinoxmetal.com/materials/astm-a335-p5-pipe-supplier-india.html,1,"index,follow",WebPage|WebSite|BreadcrumbList|ListItem|Product|Organization|PropertyValue|FAQPage|Question|Answer,pass,description_length_review,none
/materials/astm-a335-p9-pipe-supplier-india.html,materials/astm-a335-p9-pipe-supplier-india.html,ASTM A335 P9 Pipe Supplier in India | Rubinox,45,ASTM A335 P9 Pipe Supplier in India,1,"ASTM A335 P9 Pipe Supplier in India for specification-led RFQs with grade, size, quantity, MTC, inspection, documentation and delivery details reviewed by Rubinox Metal and Alloys.",180,https://rubinoxmetal.com/materials/astm-a335-p9-pipe-supplier-india.html,1,"index,follow",WebPage|WebSite|BreadcrumbList|ListItem|Product|Organization|PropertyValue|FAQPage|Question|Answer,pass,description_length_review,none
/materials/sa-210-grade-a1-boiler-tube-supplier-india.html,materials/sa-210-grade-a1-boiler-tube-supplier-india.html,SA 210 Grade A1 Boiler Tube Supplier in India | Rubinox,55,SA 210 Grade A1 Boiler Tube Supplier in India,1,"SA 210 Grade A1 Boiler Tube Supplier in India for specification-led RFQs with grade, size, quantity, MTC, inspection, documentation and delivery details reviewed by Rubinox Metal and Alloys.",190,https://rubinoxmetal.com/materials/sa-210-grade-a1-boiler-tube-supplier-india.html,1,"index,follow",WebPage|WebSite|BreadcrumbList|ListItem|Product|Organization|PropertyValue|FAQPage|Question|Answer,pass,description_length_review,none
/materials/sa-213-t11-tube-supplier-india.html,materials/sa-213-t11-tube-supplier-india.html,SA 213 T11 Tube Supplier in India | Rubinox,43,SA 213 T11 Tube Supplier in India,1,"SA 213 T11 Tube Supplier in India for specification-led RFQs with grade, size, quantity, MTC, inspection, documentation and delivery details reviewed by Rubinox Metal and Alloys.",178,https://rubinoxmetal.com/materials/sa-213-t11-tube-supplier-india.html,1,"index,follow",WebPage|WebSite|BreadcrumbList|ListItem|Product|Organization|PropertyValue|FAQPage|Question|Answer,pass,description_length_review,none
/materials/sa-213-t22-tube-supplier-india.html,materials/sa-213-t22-tube-supplier-india.html,SA 213 T22 Tube Supplier in India | Rubinox,43,SA 213 T22 Tube Supplier in India,1,"SA 213 T22 Tube Supplier in India for specification-led RFQs with grade, size, quantity, MTC, inspection, documentation and delivery details reviewed by Rubinox Metal and Alloys.",178,https://rubinoxmetal.com/materials/sa-213-t22-tube-supplier-india.html,1,"index,follow",WebPage|WebSite|BreadcrumbList|ListItem|Product|Organization|PropertyValue|FAQPage|Question|Answer,pass,description_length_review,none
/materials/sa-213-t91-tube-supplier-india.html,materials/sa-213-t91-tube-supplier-india.html,SA 213 T91 Tube Supplier in India | Rubinox,43,SA 213 T91 Tube Supplier in India,1,"SA 213 T91 Tube Supplier in India for specification-led RFQs with grade, size, quantity, MTC, inspection, documentation and delivery details reviewed by Rubinox Metal and Alloys.",178,https://rubinoxmetal.com/materials/sa-213-t91-tube-supplier-india.html,1,"index,follow",WebPage|WebSite|BreadcrumbList|ListItem|Product|Organization|PropertyValue|FAQPage|Question|Answer,pass,description_length_review,none
/materials/en-10216-seamless-pipe-supplier-india.html,materials/en-10216-seamless-pipe-supplier-india.html,EN 10216 Seamless Pipe Supplier in India | Rubinox,50,EN 10216 Seamless Pipe Supplier in India,1,"EN 10216 Seamless Pipe Supplier in India for specification-led RFQs with grade, size, quantity, MTC, inspection, documentation and delivery details reviewed by Rubinox Metal and Alloys.",185,https://rubinoxmetal.com/materials/en-10216-seamless-pipe-supplier-india.html,1,"index,follow",WebPage|WebSite|BreadcrumbList|ListItem|Product|Organization|PropertyValue|FAQPage|Question|Answer,pass,description_length_review,none
/materials/en-10217-welded-pipe-supplier-india.html,materials/en-10217-welded-pipe-supplier-india.html,EN 10217 Welded Pipe Supplier in India | Rubinox,48,EN 10217 Welded Pipe Supplier in India,1,"EN 10217 Welded Pipe Supplier in India for specification-led RFQs with grade, size, quantity, MTC, inspection, documentation and delivery details reviewed by Rubinox Metal and Alloys.",183,https://rubinoxmetal.com/materials/en-10217-welded-pipe-supplier-india.html,1,"index,follow",WebPage|WebSite|BreadcrumbList|ListItem|Product|Organization|PropertyValue|FAQPage|Question|Answer,pass,description_length_review,none
/materials/en-10305-1-precision-tube-supplier-india.html,materials/en-10305-1-precision-tube-supplier-india.html,EN 10305-1 Precision Tube Supplier in India | Rubinox,53,EN 10305-1 Precision Tube Supplier in India,1,"EN 10305-1 Precision Tube Supplier in India for specification-led RFQs with grade, size, quantity, MTC, inspection, documentation and delivery details reviewed by Rubinox Metal and Alloys.",188,https://rubinoxmetal.com/materials/en-10305-1-precision-tube-supplier-india.html,1,"index,follow",WebPage|WebSite|BreadcrumbList|ListItem|Product|Organization|PropertyValue|FAQPage|Question|Answer,pass,description_length_review,none
/materials/din-2448-seamless-pipe-supplier-india.html,materials/din-2448-seamless-pipe-supplier-india.html,DIN 2448 Seamless Pipe Supplier in India | Rubinox,50,DIN 2448 Seamless Pipe Supplier in India,1,"DIN 2448 Seamless Pipe Supplier in India for specification-led RFQs with grade, size, quantity, MTC, inspection, documentation and delivery details reviewed by Rubinox Metal and Alloys.",185,https://rubinoxmetal.com/materials/din-2448-seamless-pipe-supplier-india.html,1,"index,follow",WebPage|WebSite|BreadcrumbList|ListItem|Product|Organization|PropertyValue|FAQPage|Question|Answer,pass,description_length_review,none
/materials/din-2391-precision-tube-supplier-india.html,materials/din-2391-precision-tube-supplier-india.html,DIN 2391 Precision Tube Supplier in India | Rubinox,51,DIN 2391 Precision Tube Supplier in India,1,"DIN 2391 Precision Tube Supplier in India for specification-led RFQs with grade, size, quantity, MTC, inspection, documentation and delivery details reviewed by Rubinox Metal and Alloys.",186,https://rubinoxmetal.com/materials/din-2391-precision-tube-supplier-india.html,1,"index,follow",WebPage|WebSite|BreadcrumbList|ListItem|Product|Organization|PropertyValue|FAQPage|Question|Answer,pass,description_length_review,none
/materials/schedule-40-pipe-supplier-india.html,materials/schedule-40-pipe-supplier-india.html,Schedule 40 Pipe Supplier in India | Rubinox,44,Schedule 40 Pipe Supplier in India,1,"Schedule 40 Pipe Supplier in India for specification-led RFQs with grade, size, quantity, MTC, inspection, documentation and delivery details reviewed by Rubinox Metal and Alloys.",179,https://rubinoxmetal.com/materials/schedule-40-pipe-supplier-india.html,1,"index,follow",WebPage|WebSite|BreadcrumbList|ListItem|Product|Organization|PropertyValue|FAQPage|Question|Answer,pass,description_length_review,none
/materials/schedule-80-pipe-supplier-india.html,materials/schedule-80-pipe-supplier-india.html,Schedule 80 Pipe Supplier in India | Rubinox,44,Schedule 80 Pipe Supplier in India,1,"Schedule 80 Pipe Supplier in India for specification-led RFQs with grade, size, quantity, MTC, inspection, documentation and delivery details reviewed by Rubinox Metal and Alloys.",179,https://rubinoxmetal.com/materials/schedule-80-pipe-supplier-india.html,1,"index,follow",WebPage|WebSite|BreadcrumbList|ListItem|Product|Organization|PropertyValue|FAQPage|Question|Answer,pass,description_length_review,none
/materials/seamless-pipe-supplier-india.html,materials/seamless-pipe-supplier-india.html,Seamless Pipe Supplier in India | Rubinox,41,Seamless Pipe Supplier in India,1,"Seamless Pipe Supplier in India for specification-led RFQs with grade, size, quantity, MTC, inspection, documentation and delivery details reviewed by Rubinox Metal and Alloys.",176,https://rubinoxmetal.com/materials/seamless-pipe-supplier-india.html,1,"index,follow",WebPage|WebSite|BreadcrumbList|ListItem|Product|Organization|PropertyValue|FAQPage|Question|Answer,pass,description_length_review,none
/materials/welded-pipe-supplier-india.html,materials/welded-pipe-supplier-india.html,Welded Pipe Supplier in India | Rubinox,39,Welded Pipe Supplier in India,1,"Welded Pipe Supplier in India for specification-led RFQs with grade, size, quantity, MTC, inspection, documentation and delivery details reviewed by Rubinox Metal and Alloys.",174,https://rubinoxmetal.com/materials/welded-pipe-supplier-india.html,1,"index,follow",WebPage|WebSite|BreadcrumbList|ListItem|Product|Organization|PropertyValue|FAQPage|Question|Answer,pass,description_length_review,none
/stainless-steel-price-factors-india.html,stainless-steel-price-factors-india.html,Stainless Steel Price Factors in India | RFQ Guide | Rubinox,60,Stainless Steel Price Factors in India,1,"Stainless Steel Price Factors in India explained for RFQ buyers without fixed public pricing, covering grade, form, size, quantity, documentation, testing, packing and logistics factors.",186,https://rubinoxmetal.com/stainless-steel-price-factors-india.html,1,"index,follow",WebPage|WebSite|BreadcrumbList|ListItem|Article|Organization|ImageObject|FAQPage|Question|Answer,pass,description_length_review,none
/stainless-steel-pipe-price-factors-india.html,stainless-steel-pipe-price-factors-india.html,Stainless Steel Pipe Price Factors in India | RFQ Guide | Rubinox,65,Stainless Steel Pipe Price Factors in India,1,"Stainless Steel Pipe Price Factors in India explained for RFQ buyers without fixed public pricing, covering grade, form, size, quantity, documentation, testing, packing and logistics factors.",191,https://rubinoxmetal.com/stainless-steel-pipe-price-factors-india.html,1,"index,follow",WebPage|WebSite|BreadcrumbList|ListItem|Article|Organization|ImageObject|FAQPage|Question|Answer,pass,description_length_review,none
/ss-304-price-factors-india.html,ss-304-price-factors-india.html,SS 304 Price Factors in India | RFQ Guide | Rubinox,51,SS 304 Price Factors in India,1,"SS 304 Price Factors in India explained for RFQ buyers without fixed public pricing, covering grade, form, size, quantity, documentation, testing, packing and logistics factors.",177,https://rubinoxmetal.com/ss-304-price-factors-india.html,1,"index,follow",WebPage|WebSite|BreadcrumbList|ListItem|Article|Organization|ImageObject|FAQPage|Question|Answer,pass,description_length_review,none
/ss-316l-price-factors-india.html,ss-316l-price-factors-india.html,SS 316L Price Factors in India | RFQ Guide | Rubinox,52,SS 316L Price Factors in India,1,"SS 316L Price Factors in India explained for RFQ buyers without fixed public pricing, covering grade, form, size, quantity, documentation, testing, packing and logistics factors.",178,https://rubinoxmetal.com/ss-316l-price-factors-india.html,1,"index,follow",WebPage|WebSite|BreadcrumbList|ListItem|Article|Organization|ImageObject|FAQPage|Question|Answer,pass,description_length_review,none
/inconel-625-price-factors-india.html,inconel-625-price-factors-india.html,Inconel 625 Price Factors in India | RFQ Guide | Rubinox,56,Inconel 625 Price Factors in India,1,"Inconel 625 Price Factors in India explained for RFQ buyers without fixed public pricing, covering grade, form, size, quantity, documentation, testing, packing and logistics factors.",182,https://rubinoxmetal.com/inconel-625-price-factors-india.html,1,"index,follow",WebPage|WebSite|BreadcrumbList|ListItem|Article|Organization|ImageObject|FAQPage|Question|Answer,pass,description_length_review,none
/duplex-2205-price-factors-india.html,duplex-2205-price-factors-india.html,Duplex 2205 Price Factors in India | RFQ Guide | Rubinox,56,Duplex 2205 Price Factors in India,1,"Duplex 2205 Price Factors in India explained for RFQ buyers without fixed public pricing, covering grade, form, size, quantity, documentation, testing, packing and logistics factors.",182,https://rubinoxmetal.com/duplex-2205-price-factors-india.html,1,"index,follow",WebPage|WebSite|BreadcrumbList|ListItem|Article|Organization|ImageObject|FAQPage|Question|Answer,pass,description_length_review,none
/company-profile.html,company-profile.html,Company Profile | Rubinox Metal and Alloys,42,Rubinox Metal and Alloys Company Profile,1,"Verified Rubinox Metal and Alloys company profile for vendor onboarding, RFQ review, materials supplied, product forms and contact details.",139,https://rubinoxmetal.com/company-profile.html,1,"index,follow",WebPage|BreadcrumbList|ListItem|Organization,pass,,none
/material-location/ss-304-welded-pipes-chennai.html,material-location/ss-304-welded-pipes-chennai.html,SS 304 Welded Pipes Supplier in Chennai | Rubinox,49,SS 304 Welded Pipes Supplier in Chennai,1,"SS 304 welded pipes supplier for Chennai RFQs. Rubinox reviews OD, wall, length, finish, standard and documentation-led stainless pipe enquiries.",145,https://rubinoxmetal.com/material-location/ss-304-welded-pipes-chennai.html,1,"index,follow",WebPage|BreadcrumbList|ListItem|Organization|FAQPage|Question|Answer,pass,,none
/material-location/ss-316-sheets-hyderabad.html,material-location/ss-316-sheets-hyderabad.html,SS 316 Sheets Supplier in Hyderabad | Rubinox,45,SS 316 Sheets Supplier in Hyderabad,1,"SS 316 sheets supplier for Hyderabad RFQs. Rubinox reviews thickness, size, finish, PVC, MTC and corrosion-resistance requirements.",131,https://rubinoxmetal.com/material-location/ss-316-sheets-hyderabad.html,1,"index,follow",WebPage|BreadcrumbList|ListItem|Organization|FAQPage|Question|Answer,pass,,none
/material-location/ss-316l-pipes-ahmedabad.html,material-location/ss-316l-pipes-ahmedabad.html,SS 316L Pipes Supplier in Ahmedabad | Rubinox,45,SS 316L Pipes Supplier in Ahmedabad,1,"SS 316L pipes supplier for Ahmedabad RFQs. Rubinox reviews seamless or welded pipe needs, schedule, OD/NB, standard and documents.",130,https://rubinoxmetal.com/material-location/ss-316l-pipes-ahmedabad.html,1,"index,follow",WebPage|BreadcrumbList|ListItem|Organization|FAQPage|Question|Answer,pass,,none
/material-location/ss-304-round-bars-pune.html,material-location/ss-304-round-bars-pune.html,SS 304 Round Bars Supplier in Pune | Rubinox,44,SS 304 Round Bars Supplier in Pune,1,"SS 304 round bars supplier for Pune RFQs. Rubinox reviews diameter, length, tolerance, finish, quantity and MTC or PMI needs.",125,https://rubinoxmetal.com/material-location/ss-304-round-bars-pune.html,1,"index,follow",WebPage|BreadcrumbList|ListItem|Organization|FAQPage|Question|Answer,pass,,none
/material-location/ss-316-fittings-mumbai.html,material-location/ss-316-fittings-mumbai.html,SS 316 Fittings Supplier in Mumbai | Rubinox,44,SS 316 Fittings Supplier in Mumbai,1,"SS 316 fittings supplier for Mumbai RFQs. Rubinox reviews type, size, schedule, standard, grade, quantity and MTC requirements.",127,https://rubinoxmetal.com/material-location/ss-316-fittings-mumbai.html,1,"index,follow",WebPage|BreadcrumbList|ListItem|Organization|FAQPage|Question|Answer,pass,,none
/material-location/ss-304-plates-bengaluru.html,material-location/ss-304-plates-bengaluru.html,SS 304 Plates Supplier in Bengaluru | Rubinox,45,SS 304 Plates Supplier in Bengaluru,1,"SS 304 plates supplier for Bengaluru RFQs. Rubinox reviews thickness, width, length, cut size, finish and documentation requirements.",133,https://rubinoxmetal.com/material-location/ss-304-plates-bengaluru.html,1,"index,follow",WebPage|BreadcrumbList|ListItem|Organization|FAQPage|Question|Answer,pass,,none
/material-location/stainless-steel-coils-surat.html,material-location/stainless-steel-coils-surat.html,Stainless Steel Coils Supplier in Surat | Rubinox,49,Stainless Steel Coils Supplier in Surat,1,"Stainless steel coils supplier for Surat RFQs. Rubinox reviews grade, thickness, width, finish, coil weight, packing and documentation needs.",141,https://rubinoxmetal.com/material-location/stainless-steel-coils-surat.html,1,"index,follow",WebPage|BreadcrumbList|ListItem|Organization|FAQPage|Question|Answer,pass,,none
/material-location/stainless-steel-flanges-vadodara.html,material-location/stainless-steel-flanges-vadodara.html,Stainless Steel Flanges Supplier in Vadodara | Rubinox,54,Stainless Steel Flanges Supplier in Vadodara,1,"Stainless steel flanges supplier for Vadodara RFQs. Rubinox reviews type, class, size, standard, facing, grade and MTC needs.",125,https://rubinoxmetal.com/material-location/stainless-steel-flanges-vadodara.html,1,"index,follow",WebPage|BreadcrumbList|ListItem|Organization|FAQPage|Question|Answer,pass,,none
/material-location/duplex-2205-pipes-mumbai.html,material-location/duplex-2205-pipes-mumbai.html,Duplex 2205 Pipes Supplier in Mumbai | Rubinox,46,Duplex 2205 Pipes Supplier in Mumbai,1,"Duplex 2205 pipes supplier for Mumbai RFQs. Rubinox reviews NPS/NB, schedule, seamless or welded type, standard, testing and documents.",135,https://rubinoxmetal.com/material-location/duplex-2205-pipes-mumbai.html,1,"index,follow",WebPage|BreadcrumbList|ListItem|Organization|FAQPage|Question|Answer,pass,,none
/material-location/inconel-625-round-bars-hyderabad.html,material-location/inconel-625-round-bars-hyderabad.html,Inconel 625 Round Bars Supplier in Hyderabad | Rubinox,54,Inconel 625 Round Bars Supplier in Hyderabad,1,"Inconel 625 round bars supplier for Hyderabad RFQs. Rubinox reviews diameter, length, specification, MTC, testing notes and quantity.",133,https://rubinoxmetal.com/material-location/inconel-625-round-bars-hyderabad.html,1,"index,follow",WebPage|BreadcrumbList|ListItem|Organization|FAQPage|Question|Answer,pass,,none
/material-location/ss-304-fittings-mumbai.html,material-location/ss-304-fittings-mumbai.html,SS 304 Fittings Supplier in Mumbai | Rubinox,44,SS 304 Fittings Supplier in Mumbai,1,"SS 304 fittings supplier in Mumbai. Rubinox reviews size, grade, quantity, standards and documentation-led RFQs.",112,https://rubinoxmetal.com/material-location/ss-304-fittings-mumbai.html,1,"index,follow",WebPage|BreadcrumbList|ListItem|Organization|FAQPage|Question|Answer,pass,,none
/material-location/ss-304-fittings-pune.html,material-location/ss-304-fittings-pune.html,SS 304 Fittings Supplier in Pune | Rubinox,42,SS 304 Fittings Supplier in Pune,1,"SS 304 fittings supplier in Pune. Rubinox reviews size, grade, quantity, standards and documentation-led RFQs.",110,https://rubinoxmetal.com/material-location/ss-304-fittings-pune.html,1,"index,follow",WebPage|BreadcrumbList|ListItem|Organization|FAQPage|Question|Answer,pass,,none
/material-location/ss-304-fittings-ahmedabad.html,material-location/ss-304-fittings-ahmedabad.html,SS 304 Fittings Supplier in Ahmedabad | Rubinox,47,SS 304 Fittings Supplier in Ahmedabad,1,"SS 304 fittings supplier in Ahmedabad. Rubinox reviews size, grade, quantity, standards and documentation-led RFQs.",115,https://rubinoxmetal.com/material-location/ss-304-fittings-ahmedabad.html,1,"index,follow",WebPage|BreadcrumbList|ListItem|Organization|FAQPage|Question|Answer,pass,,none
/material-location/ss-304-fittings-bengaluru.html,material-location/ss-304-fittings-bengaluru.html,SS 304 Fittings Supplier in Bengaluru | Rubinox,47,SS 304 Fittings Supplier in Bengaluru,1,"SS 304 fittings supplier in Bengaluru. Rubinox reviews size, grade, quantity, standards and documentation-led RFQs.",115,https://rubinoxmetal.com/material-location/ss-304-fittings-bengaluru.html,1,"index,follow",WebPage|BreadcrumbList|ListItem|Organization|FAQPage|Question|Answer,pass,,none
/material-location/ss-304-fittings-chakan-pimpri-chinchwad.html,material-location/ss-304-fittings-chakan-pimpri-chinchwad.html,SS 304 Fittings Supplier in Chakan and Pimpri-Chinchwad | Rubinox,65,SS 304 Fittings Supplier in Chakan and Pimpri-Chinchwad,1,"SS 304 fittings supplier in Chakan and Pimpri-Chinchwad. Rubinox reviews size, grade, quantity, standards and documentation-led RFQs.",133,https://rubinoxmetal.com/material-location/ss-304-fittings-chakan-pimpri-chinchwad.html,1,"index,follow",WebPage|BreadcrumbList|ListItem|Organization|FAQPage|Question|Answer,pass,,none
/material-location/ss-304-fittings-chennai.html,material-location/ss-304-fittings-chennai.html,SS 304 Fittings Supplier in Chennai | Rubinox,45,SS 304 Fittings Supplier in Chennai,1,"SS 304 fittings supplier in Chennai. Rubinox reviews size, grade, quantity, standards and documentation-led RFQs.",113,https://rubinoxmetal.com/material-location/ss-304-fittings-chennai.html,1,"index,follow",WebPage|BreadcrumbList|ListItem|Organization|FAQPage|Question|Answer,pass,,none
/material-location/ss-304-fittings-hyderabad.html,material-location/ss-304-fittings-hyderabad.html,SS 304 Fittings Supplier in Hyderabad | Rubinox,47,SS 304 Fittings Supplier in Hyderabad,1,"SS 304 fittings supplier in Hyderabad. Rubinox reviews size, grade, quantity, standards and documentation-led RFQs.",115,https://rubinoxmetal.com/material-location/ss-304-fittings-hyderabad.html,1,"index,follow",WebPage|BreadcrumbList|ListItem|Organization|FAQPage|Question|Answer,pass,,none
/material-location/ss-304-fittings-vadodara.html,material-location/ss-304-fittings-vadodara.html,SS 304 Fittings Supplier in Vadodara | Rubinox,46,SS 304 Fittings Supplier in Vadodara,1,"SS 304 fittings supplier in Vadodara. Rubinox reviews size, grade, quantity, standards and documentation-led RFQs.",114,https://rubinoxmetal.com/material-location/ss-304-fittings-vadodara.html,1,"index,follow",WebPage|BreadcrumbList|ListItem|Organization|FAQPage|Question|Answer,pass,,none
/material-location/ss-304-fittings-ankleshwar.html,material-location/ss-304-fittings-ankleshwar.html,SS 304 Fittings Supplier in Ankleshwar | Rubinox,48,SS 304 Fittings Supplier in Ankleshwar,1,"SS 304 fittings supplier in Ankleshwar. Rubinox reviews size, grade, quantity, standards and documentation-led RFQs.",116,https://rubinoxmetal.com/material-location/ss-304-fittings-ankleshwar.html,1,"index,follow",WebPage|BreadcrumbList|ListItem|Organization|FAQPage|Question|Answer,pass,,none
/material-location/ss-304-fittings-delhi.html,material-location/ss-304-fittings-delhi.html,SS 304 Fittings Supplier in Delhi NCR | Rubinox,47,SS 304 Fittings Supplier in Delhi NCR,1,"SS 304 fittings supplier in Delhi NCR. Rubinox reviews size, grade, quantity, standards and documentation-led RFQs.",115,https://rubinoxmetal.com/material-location/ss-304-fittings-delhi.html,1,"index,follow",WebPage|BreadcrumbList|ListItem|Organization|FAQPage|Question|Answer,pass,,none
/material-location/ss-304-fittings-bharuch.html,material-location/ss-304-fittings-bharuch.html,SS 304 Fittings Supplier in Bharuch | Rubinox,45,SS 304 Fittings Supplier in Bharuch,1,"SS 304 fittings supplier in Bharuch. Rubinox reviews size, grade, quantity, standards and documentation-led RFQs.",113,https://rubinoxmetal.com/material-location/ss-304-fittings-bharuch.html,1,"index,follow",WebPage|BreadcrumbList|ListItem|Organization|FAQPage|Question|Answer,pass,,none
/material-location/ss-304-fittings-coimbatore.html,material-location/ss-304-fittings-coimbatore.html,SS 304 Fittings Supplier in Coimbatore | Rubinox,48,SS 304 Fittings Supplier in Coimbatore,1,"SS 304 fittings supplier in Coimbatore. Rubinox reviews size, grade, quantity, standards and documentation-led RFQs.",116,https://rubinoxmetal.com/material-location/ss-304-fittings-coimbatore.html,1,"index,follow",WebPage|BreadcrumbList|ListItem|Organization|FAQPage|Question|Answer,pass,,none
/material-location/ss-304-fittings-faridabad.html,material-location/ss-304-fittings-faridabad.html,SS 304 Fittings Supplier in Faridabad | Rubinox,47,SS 304 Fittings Supplier in Faridabad,1,"SS 304 fittings supplier in Faridabad. Rubinox reviews size, grade, quantity, standards and documentation-led RFQs.",115,https://rubinoxmetal.com/material-location/ss-304-fittings-faridabad.html,1,"index,follow",WebPage|BreadcrumbList|ListItem|Organization|FAQPage|Question|Answer,pass,,none
/material-location/ss-304-fittings-gurugram-manesar.html,material-location/ss-304-fittings-gurugram-manesar.html,SS 304 Fittings Supplier in Gurugram and Manesar | Rubinox,58,SS 304 Fittings Supplier in Gurugram and Manesar,1,"SS 304 fittings supplier in Gurugram and Manesar. Rubinox reviews size, grade, quantity, standards and documentation-led RFQs.",126,https://rubinoxmetal.com/material-location/ss-304-fittings-gurugram-manesar.html,1,"index,follow",WebPage|BreadcrumbList|ListItem|Organization|FAQPage|Question|Answer,pass,,none
/material-location/ss-304-fittings-vapi.html,material-location/ss-304-fittings-vapi.html,SS 304 Fittings Supplier in Vapi | Rubinox,42,SS 304 Fittings Supplier in Vapi,1,"SS 304 fittings supplier in Vapi. Rubinox reviews size, grade, quantity, standards and documentation-led RFQs.",110,https://rubinoxmetal.com/material-location/ss-304-fittings-vapi.html,1,"index,follow",WebPage|BreadcrumbList|ListItem|Organization|FAQPage|Question|Answer,pass,,none
/material-location/ss-304-fittings-visakhapatnam.html,material-location/ss-304-fittings-visakhapatnam.html,SS 304 Fittings Supplier in Visakhapatnam | Rubinox,51,SS 304 Fittings Supplier in Visakhapatnam,1,"SS 304 fittings supplier in Visakhapatnam. Rubinox reviews size, grade, quantity, standards and documentation-led RFQs.",119,https://rubinoxmetal.com/material-location/ss-304-fittings-visakhapatnam.html,1,"index,follow",WebPage|BreadcrumbList|ListItem|Organization|FAQPage|Question|Answer,pass,,none
/material-location/ss-304-fittings-hosur.html,material-location/ss-304-fittings-hosur.html,SS 304 Fittings Supplier in Hosur | Rubinox,43,SS 304 Fittings Supplier in Hosur,1,"SS 304 fittings supplier in Hosur. Rubinox reviews size, grade, quantity, standards and documentation-led RFQs.",111,https://rubinoxmetal.com/material-location/ss-304-fittings-hosur.html,1,"index,follow",WebPage|BreadcrumbList|ListItem|Organization|FAQPage|Question|Answer,pass,,none
/material-location/ss-304-fittings-indore-pithampur.html,material-location/ss-304-fittings-indore-pithampur.html,SS 304 Fittings Supplier in Indore and Pithampur | Rubinox,58,SS 304 Fittings Supplier in Indore and Pithampur,1,"SS 304 fittings supplier in Indore and Pithampur. Rubinox reviews size, grade, quantity, standards and documentation-led RFQs.",126,https://rubinoxmetal.com/material-location/ss-304-fittings-indore-pithampur.html,1,"index,follow",WebPage|BreadcrumbList|ListItem|Organization|FAQPage|Question|Answer,pass,,none
/material-location/ss-304-fittings-jamnagar.html,material-location/ss-304-fittings-jamnagar.html,SS 304 Fittings Supplier in Jamnagar | Rubinox,46,SS 304 Fittings Supplier in Jamnagar,1,"SS 304 fittings supplier in Jamnagar. Rubinox reviews size, grade, quantity, standards and documentation-led RFQs.",114,https://rubinoxmetal.com/material-location/ss-304-fittings-jamnagar.html,1,"index,follow",WebPage|BreadcrumbList|ListItem|Organization|FAQPage|Question|Answer,pass,,none
/material-location/ss-304-fittings-jamshedpur.html,material-location/ss-304-fittings-jamshedpur.html,SS 304 Fittings Supplier in Jamshedpur | Rubinox,48,SS 304 Fittings Supplier in Jamshedpur,1,"SS 304 fittings supplier in Jamshedpur. Rubinox reviews size, grade, quantity, standards and documentation-led RFQs.",116,https://rubinoxmetal.com/material-location/ss-304-fittings-jamshedpur.html,1,"index,follow",WebPage|BreadcrumbList|ListItem|Organization|FAQPage|Question|Answer,pass,,none
/material-location/ss-304-fittings-navi-mumbai.html,material-location/ss-304-fittings-navi-mumbai.html,SS 304 Fittings Supplier in Navi Mumbai | Rubinox,49,SS 304 Fittings Supplier in Navi Mumbai,1,"SS 304 fittings supplier in Navi Mumbai. Rubinox reviews size, grade, quantity, standards and documentation-led RFQs.",117,https://rubinoxmetal.com/material-location/ss-304-fittings-navi-mumbai.html,1,"index,follow",WebPage|BreadcrumbList|ListItem|Organization|FAQPage|Question|Answer,pass,,none
/material-location/ss-304-fittings-noida.html,material-location/ss-304-fittings-noida.html,SS 304 Fittings Supplier in Noida | Rubinox,43,SS 304 Fittings Supplier in Noida,1,"SS 304 fittings supplier in Noida. Rubinox reviews size, grade, quantity, standards and documentation-led RFQs.",111,https://rubinoxmetal.com/material-location/ss-304-fittings-noida.html,1,"index,follow",WebPage|BreadcrumbList|ListItem|Organization|FAQPage|Question|Answer,pass,,none
/material-location/ss-304-fittings-sriperumbudur-oragadam.html,material-location/ss-304-fittings-sriperumbudur-oragadam.html,SS 304 Fittings Supplier in Sriperumbudur and Oragadam | Rubinox,64,SS 304 Fittings Supplier in Sriperumbudur and Oragadam,1,"SS 304 fittings supplier in Sriperumbudur and Oragadam. Rubinox reviews size, grade, quantity, standards and documentation-led RFQs.",132,https://rubinoxmetal.com/material-location/ss-304-fittings-sriperumbudur-oragadam.html,1,"index,follow",WebPage|BreadcrumbList|ListItem|Organization|FAQPage|Question|Answer,pass,,none
/material-location/ss-304-fittings-surat.html,material-location/ss-304-fittings-surat.html,SS 304 Fittings Supplier in Surat | Rubinox,43,SS 304 Fittings Supplier in Surat,1,"SS 304 fittings supplier in Surat. Rubinox reviews size, grade, quantity, standards and documentation-led RFQs.",111,https://rubinoxmetal.com/material-location/ss-304-fittings-surat.html,1,"index,follow",WebPage|BreadcrumbList|ListItem|Organization|FAQPage|Question|Answer,pass,,none
/material-location/ss-304-fittings-dholera-sanand.html,material-location/ss-304-fittings-dholera-sanand.html,SS 304 Fittings Supplier in Dholera and Sanand | Rubinox,56,SS 304 Fittings Supplier in Dholera and Sanand,1,"SS 304 fittings supplier in Dholera and Sanand. Rubinox reviews size, grade, quantity, standards and documentation-led RFQs.",124,https://rubinoxmetal.com/material-location/ss-304-fittings-dholera-sanand.html,1,"index,follow",WebPage|BreadcrumbList|ListItem|Organization|FAQPage|Question|Answer,pass,,none
/material-location/ss-304-fittings-greater-noida.html,material-location/ss-304-fittings-greater-noida.html,SS 304 Fittings Supplier in Greater Noida | Rubinox,51,SS 304 Fittings Supplier in Greater Noida,1,"SS 304 fittings supplier in Greater Noida. Rubinox reviews size, grade, quantity, standards and documentation-led RFQs.",119,https://rubinoxmetal.com/material-location/ss-304-fittings-greater-noida.html,1,"index,follow",WebPage|BreadcrumbList|ListItem|Organization|FAQPage|Question|Answer,pass,,none
/material-location/ss-304-fittings-kolkata-howrah-durgapur.html,material-location/ss-304-fittings-kolkata-howrah-durgapur.html,"SS 304 Fittings Supplier in Kolkata, Howrah and Durgapur | Rubinox",66,"SS 304 Fittings Supplier in Kolkata, Howrah and Durgapur",1,"SS 304 fittings supplier in Kolkata, Howrah and Durgapur. Rubinox reviews size, grade, quantity, standards and documentation-led RFQs.",134,https://rubinoxmetal.com/material-location/ss-304-fittings-kolkata-howrah-durgapur.html,1,"index,follow",WebPage|BreadcrumbList|ListItem|Organization|FAQPage|Question|Answer,pass,,none
/material-location/ss-304-fittings-ludhiana.html,material-location/ss-304-fittings-ludhiana.html,SS 304 Fittings Supplier in Ludhiana | Rubinox,46,SS 304 Fittings Supplier in Ludhiana,1,"SS 304 fittings supplier in Ludhiana. Rubinox reviews size, grade, quantity, standards and documentation-led RFQs.",114,https://rubinoxmetal.com/material-location/ss-304-fittings-ludhiana.html,1,"index,follow",WebPage|BreadcrumbList|ListItem|Organization|FAQPage|Question|Answer,pass,,none
/material-location/ss-304-fittings-thane.html,material-location/ss-304-fittings-thane.html,SS 304 Fittings Supplier in Thane | Rubinox,43,SS 304 Fittings Supplier in Thane,1,"SS 304 fittings supplier in Thane. Rubinox reviews size, grade, quantity, standards and documentation-led RFQs.",111,https://rubinoxmetal.com/material-location/ss-304-fittings-thane.html,1,"index,follow",WebPage|BreadcrumbList|ListItem|Organization|FAQPage|Question|Answer,pass,,none
/material-location/ss-304-fittings-kakinada.html,material-location/ss-304-fittings-kakinada.html,SS 304 Fittings Supplier in Kakinada | Rubinox,46,SS 304 Fittings Supplier in Kakinada,1,"SS 304 fittings supplier in Kakinada. Rubinox reviews size, grade, quantity, standards and documentation-led RFQs.",114,https://rubinoxmetal.com/material-location/ss-304-fittings-kakinada.html,1,"index,follow",WebPage|BreadcrumbList|ListItem|Organization|FAQPage|Question|Answer,pass,,none
/material-location/ss-304-fittings-rajkot.html,material-location/ss-304-fittings-rajkot.html,SS 304 Fittings Supplier in Rajkot | Rubinox,44,SS 304 Fittings Supplier in Rajkot,1,"SS 304 fittings supplier in Rajkot. Rubinox reviews size, grade, quantity, standards and documentation-led RFQs.",112,https://rubinoxmetal.com/material-location/ss-304-fittings-rajkot.html,1,"index,follow",WebPage|BreadcrumbList|ListItem|Organization|FAQPage|Question|Answer,pass,,none
/material-location/ss-304-fittings-ghaziabad.html,material-location/ss-304-fittings-ghaziabad.html,SS 304 Fittings Supplier in Ghaziabad | Rubinox,47,SS 304 Fittings Supplier in Ghaziabad,1,"SS 304 fittings supplier in Ghaziabad. Rubinox reviews size, grade, quantity, standards and documentation-led RFQs.",115,https://rubinoxmetal.com/material-location/ss-304-fittings-ghaziabad.html,1,"index,follow",WebPage|BreadcrumbList|ListItem|Organization|FAQPage|Question|Answer,pass,,none
/material-location/ss-304-fittings-nashik.html,material-location/ss-304-fittings-nashik.html,SS 304 Fittings Supplier in Nashik | Rubinox,44,SS 304 Fittings Supplier in Nashik,1,"SS 304 fittings supplier in Nashik. Rubinox reviews size, grade, quantity, standards and documentation-led RFQs.",112,https://rubinoxmetal.com/material-location/ss-304-fittings-nashik.html,1,"index,follow",WebPage|BreadcrumbList|ListItem|Organization|FAQPage|Question|Answer,pass,,none
/material-location/ss-304-fittings-salem.html,material-location/ss-304-fittings-salem.html,SS 304 Fittings Supplier in Salem | Rubinox,43,SS 304 Fittings Supplier in Salem,1,"SS 304 fittings supplier in Salem. Rubinox reviews size, grade, quantity, standards and documentation-led RFQs.",111,https://rubinoxmetal.com/material-location/ss-304-fittings-salem.html,1,"index,follow",WebPage|BreadcrumbList|ListItem|Organization|FAQPage|Question|Answer,pass,,none
/material-location/ss-304-fittings-tiruchirappalli.html,material-location/ss-304-fittings-tiruchirappalli.html,SS 304 Fittings Supplier in Tiruchirappalli / Trichy | Rubinox,62,SS 304 Fittings Supplier in Tiruchirappalli / Trichy,1,"SS 304 fittings supplier in Tiruchirappalli / Trichy. Rubinox reviews size, grade, quantity, standards and documentation-led RFQs.",130,https://rubinoxmetal.com/material-location/ss-304-fittings-tiruchirappalli.html,1,"index,follow",WebPage|BreadcrumbList|ListItem|Organization|FAQPage|Question|Answer,pass,,none
/material-location/ss-304-fittings-chhatrapati-sambhajinagar-aurangabad.html,material-location/ss-304-fittings-chhatrapati-sambhajinagar-aurangabad.html,SS 304 Fittings in Aurangabad | Rubinox,39,SS 304 Fittings Supplier in Chhatrapati Sambhajinagar / Aurangabad,1,"SS 304 fittings supplier in Aurangabad. Rubinox reviews size, grade, quantity, standards and documentation-led RFQs.",116,https://rubinoxmetal.com/material-location/ss-304-fittings-chhatrapati-sambhajinagar-aurangabad.html,1,"index,follow",WebPage|BreadcrumbList|ListItem|Organization|FAQPage|Question|Answer,pass,,none
/material-location/ss-304-fittings-jaipur.html,material-location/ss-304-fittings-jaipur.html,SS 304 Fittings Supplier in Jaipur | Rubinox,44,SS 304 Fittings Supplier in Jaipur,1,"SS 304 fittings supplier in Jaipur. Rubinox reviews size, grade, quantity, standards and documentation-led RFQs.",112,https://rubinoxmetal.com/material-location/ss-304-fittings-jaipur.html,1,"index,follow",WebPage|BreadcrumbList|ListItem|Organization|FAQPage|Question|Answer,pass,,none
/material-location/ss-304-fittings-mangaluru.html,material-location/ss-304-fittings-mangaluru.html,SS 304 Fittings Supplier in Mangaluru | Rubinox,47,SS 304 Fittings Supplier in Mangaluru,1,"SS 304 fittings supplier in Mangaluru. Rubinox reviews size, grade, quantity, standards and documentation-led RFQs.",115,https://rubinoxmetal.com/material-location/ss-304-fittings-mangaluru.html,1,"index,follow",WebPage|BreadcrumbList|ListItem|Organization|FAQPage|Question|Answer,pass,,none
/material-location/ss-304-fittings-mysuru.html,material-location/ss-304-fittings-mysuru.html,SS 304 Fittings Supplier in Mysuru | Rubinox,44,SS 304 Fittings Supplier in Mysuru,1,"SS 304 fittings supplier in Mysuru. Rubinox reviews size, grade, quantity, standards and documentation-led RFQs.",112,https://rubinoxmetal.com/material-location/ss-304-fittings-mysuru.html,1,"index,follow",WebPage|BreadcrumbList|ListItem|Organization|FAQPage|Question|Answer,pass,,none
/material-location/ss-304-fittings-nagpur.html,material-location/ss-304-fittings-nagpur.html,SS 304 Fittings Supplier in Nagpur / Butibori | Rubinox,55,SS 304 Fittings Supplier in Nagpur / Butibori,1,"SS 304 fittings supplier in Nagpur / Butibori. Rubinox reviews size, grade, quantity, standards and documentation-led RFQs.",123,https://rubinoxmetal.com/material-location/ss-304-fittings-nagpur.html,1,"index,follow",WebPage|BreadcrumbList|ListItem|Organization|FAQPage|Question|Answer,pass,,none
/material-location/ss-304-fittings-bhopal-mandideep.html,material-location/ss-304-fittings-bhopal-mandideep.html,SS 304 Fittings Supplier in Bhopal and Mandideep | Rubinox,58,SS 304 Fittings Supplier in Bhopal and Mandideep,1,"SS 304 fittings supplier in Bhopal and Mandideep. Rubinox reviews size, grade, quantity, standards and documentation-led RFQs.",126,https://rubinoxmetal.com/material-location/ss-304-fittings-bhopal-mandideep.html,1,"index,follow",WebPage|BreadcrumbList|ListItem|Organization|FAQPage|Question|Answer,pass,,none
/material-location/ss-304-fittings-vijayawada.html,material-location/ss-304-fittings-vijayawada.html,SS 304 Fittings Supplier in Vijayawada | Rubinox,48,SS 304 Fittings Supplier in Vijayawada,1,"SS 304 fittings supplier in Vijayawada. Rubinox reviews size, grade, quantity, standards and documentation-led RFQs.",116,https://rubinoxmetal.com/material-location/ss-304-fittings-vijayawada.html,1,"index,follow",WebPage|BreadcrumbList|ListItem|Organization|FAQPage|Question|Answer,pass,,none
/material-location/ss-304-fittings-zaheerabad.html,material-location/ss-304-fittings-zaheerabad.html,SS 304 Fittings Supplier in Zaheerabad | Rubinox,48,SS 304 Fittings Supplier in Zaheerabad,1,"SS 304 fittings supplier in Zaheerabad. Rubinox reviews size, grade, quantity, standards and documentation-led RFQs.",116,https://rubinoxmetal.com/material-location/ss-304-fittings-zaheerabad.html,1,"index,follow",WebPage|BreadcrumbList|ListItem|Organization|FAQPage|Question|Answer,pass,,none
/material-location/ss-304-flanges-mumbai.html,material-location/ss-304-flanges-mumbai.html,SS 304 Flanges Supplier in Mumbai | Rubinox,43,SS 304 Flanges Supplier in Mumbai,1,"SS 304 flanges supplier in Mumbai. Rubinox reviews size, grade, quantity, standards and documentation-led RFQs.",111,https://rubinoxmetal.com/material-location/ss-304-flanges-mumbai.html,1,"index,follow",WebPage|BreadcrumbList|ListItem|Organization|FAQPage|Question|Answer,pass,,none
/material-location/ss-304-flanges-pune.html,material-location/ss-304-flanges-pune.html,SS 304 Flanges Supplier in Pune | Rubinox,41,SS 304 Flanges Supplier in Pune,1,"SS 304 flanges supplier in Pune. Rubinox reviews size, grade, quantity, standards and documentation-led RFQs.",109,https://rubinoxmetal.com/material-location/ss-304-flanges-pune.html,1,"index,follow",WebPage|BreadcrumbList|ListItem|Organization|FAQPage|Question|Answer,pass,,none
/material-location/ss-304-flanges-ahmedabad.html,material-location/ss-304-flanges-ahmedabad.html,SS 304 Flanges Supplier in Ahmedabad | Rubinox,46,SS 304 Flanges Supplier in Ahmedabad,1,"SS 304 flanges supplier in Ahmedabad. Rubinox reviews size, grade, quantity, standards and documentation-led RFQs.",114,https://rubinoxmetal.com/material-location/ss-304-flanges-ahmedabad.html,1,"index,follow",WebPage|BreadcrumbList|ListItem|Organization|FAQPage|Question|Answer,pass,,none
/material-location/ss-304-flanges-bengaluru.html,material-location/ss-304-flanges-bengaluru.html,SS 304 Flanges Supplier in Bengaluru | Rubinox,46,SS 304 Flanges Supplier in Bengaluru,1,"SS 304 flanges supplier in Bengaluru. Rubinox reviews size, grade, quantity, standards and documentation-led RFQs.",114,https://rubinoxmetal.com/material-location/ss-304-flanges-bengaluru.html,1,"index,follow",WebPage|BreadcrumbList|ListItem|Organization|FAQPage|Question|Answer,pass,,none
/material-location/ss-304-flanges-chakan-pimpri-chinchwad.html,material-location/ss-304-flanges-chakan-pimpri-chinchwad.html,SS 304 Flanges Supplier in Chakan and Pimpri-Chinchwad | Rubinox,64,SS 304 Flanges Supplier in Chakan and Pimpri-Chinchwad,1,"SS 304 flanges supplier in Chakan and Pimpri-Chinchwad. Rubinox reviews size, grade, quantity, standards and documentation-led RFQs.",132,https://rubinoxmetal.com/material-location/ss-304-flanges-chakan-pimpri-chinchwad.html,1,"index,follow",WebPage|BreadcrumbList|ListItem|Organization|FAQPage|Question|Answer,pass,,none
/material-location/ss-304-flanges-chennai.html,material-location/ss-304-flanges-chennai.html,SS 304 Flanges Supplier in Chennai | Rubinox,44,SS 304 Flanges Supplier in Chennai,1,"SS 304 flanges supplier in Chennai. Rubinox reviews size, grade, quantity, standards and documentation-led RFQs.",112,https://rubinoxmetal.com/material-location/ss-304-flanges-chennai.html,1,"index,follow",WebPage|BreadcrumbList|ListItem|Organization|FAQPage|Question|Answer,pass,,none
/material-location/ss-304-flanges-hyderabad.html,material-location/ss-304-flanges-hyderabad.html,SS 304 Flanges Supplier in Hyderabad | Rubinox,46,SS 304 Flanges Supplier in Hyderabad,1,"SS 304 flanges supplier in Hyderabad. Rubinox reviews size, grade, quantity, standards and documentation-led RFQs.",114,https://rubinoxmetal.com/material-location/ss-304-flanges-hyderabad.html,1,"index,follow",WebPage|BreadcrumbList|ListItem|Organization|FAQPage|Question|Answer,pass,,none
/material-location/ss-304-flanges-vadodara.html,material-location/ss-304-flanges-vadodara.html,SS 304 Flanges Supplier in Vadodara | Rubinox,45,SS 304 Flanges Supplier in Vadodara,1,"SS 304 flanges supplier in Vadodara. Rubinox reviews size, grade, quantity, standards and documentation-led RFQs.",113,https://rubinoxmetal.com/material-location/ss-304-flanges-vadodara.html,1,"index,follow",WebPage|BreadcrumbList|ListItem|Organization|FAQPage|Question|Answer,pass,,none
/material-location/ss-304-flanges-ankleshwar.html,material-location/ss-304-flanges-ankleshwar.html,SS 304 Flanges Supplier in Ankleshwar | Rubinox,47,SS 304 Flanges Supplier in Ankleshwar,1,"SS 304 flanges supplier in Ankleshwar. Rubinox reviews size, grade, quantity, standards and documentation-led RFQs.",115,https://rubinoxmetal.com/material-location/ss-304-flanges-ankleshwar.html,1,"index,follow",WebPage|BreadcrumbList|ListItem|Organization|FAQPage|Question|Answer,pass,,none
/material-location/ss-304-flanges-delhi.html,material-location/ss-304-flanges-delhi.html,SS 304 Flanges Supplier in Delhi NCR | Rubinox,46,SS 304 Flanges Supplier in Delhi NCR,1,"SS 304 flanges supplier in Delhi NCR. Rubinox reviews size, grade, quantity, standards and documentation-led RFQs.",114,https://rubinoxmetal.com/material-location/ss-304-flanges-delhi.html,1,"index,follow",WebPage|BreadcrumbList|ListItem|Organization|FAQPage|Question|Answer,pass,,none
/material-location/ss-304-flanges-bharuch.html,material-location/ss-304-flanges-bharuch.html,SS 304 Flanges Supplier in Bharuch | Rubinox,44,SS 304 Flanges Supplier in Bharuch,1,"SS 304 flanges supplier in Bharuch. Rubinox reviews size, grade, quantity, standards and documentation-led RFQs.",112,https://rubinoxmetal.com/material-location/ss-304-flanges-bharuch.html,1,"index,follow",WebPage|BreadcrumbList|ListItem|Organization|FAQPage|Question|Answer,pass,,none
/material-location/ss-304-flanges-coimbatore.html,material-location/ss-304-flanges-coimbatore.html,SS 304 Flanges Supplier in Coimbatore | Rubinox,47,SS 304 Flanges Supplier in Coimbatore,1,"SS 304 flanges supplier in Coimbatore. Rubinox reviews size, grade, quantity, standards and documentation-led RFQs.",115,https://rubinoxmetal.com/material-location/ss-304-flanges-coimbatore.html,1,"index,follow",WebPage|BreadcrumbList|ListItem|Organization|FAQPage|Question|Answer,pass,,none
/material-location/ss-304-flanges-faridabad.html,material-location/ss-304-flanges-faridabad.html,SS 304 Flanges Supplier in Faridabad | Rubinox,46,SS 304 Flanges Supplier in Faridabad,1,"SS 304 flanges supplier in Faridabad. Rubinox reviews size, grade, quantity, standards and documentation-led RFQs.",114,https://rubinoxmetal.com/material-location/ss-304-flanges-faridabad.html,1,"index,follow",WebPage|BreadcrumbList|ListItem|Organization|FAQPage|Question|Answer,pass,,none
/material-location/ss-304-flanges-gurugram-manesar.html,material-location/ss-304-flanges-gurugram-manesar.html,SS 304 Flanges Supplier in Gurugram and Manesar | Rubinox,57,SS 304 Flanges Supplier in Gurugram and Manesar,1,"SS 304 flanges supplier in Gurugram and Manesar. Rubinox reviews size, grade, quantity, standards and documentation-led RFQs.",125,https://rubinoxmetal.com/material-location/ss-304-flanges-gurugram-manesar.html,1,"index,follow",WebPage|BreadcrumbList|ListItem|Organization|FAQPage|Question|Answer,pass,,none
/material-location/ss-304-flanges-vapi.html,material-location/ss-304-flanges-vapi.html,SS 304 Flanges Supplier in Vapi | Rubinox,41,SS 304 Flanges Supplier in Vapi,1,"SS 304 flanges supplier in Vapi. Rubinox reviews size, grade, quantity, standards and documentation-led RFQs.",109,https://rubinoxmetal.com/material-location/ss-304-flanges-vapi.html,1,"index,follow",WebPage|BreadcrumbList|ListItem|Organization|FAQPage|Question|Answer,pass,,none
/material-location/ss-304-flanges-visakhapatnam.html,material-location/ss-304-flanges-visakhapatnam.html,SS 304 Flanges Supplier in Visakhapatnam | Rubinox,50,SS 304 Flanges Supplier in Visakhapatnam,1,"SS 304 flanges supplier in Visakhapatnam. Rubinox reviews size, grade, quantity, standards and documentation-led RFQs.",118,https://rubinoxmetal.com/material-location/ss-304-flanges-visakhapatnam.html,1,"index,follow",WebPage|BreadcrumbList|ListItem|Organization|FAQPage|Question|Answer,pass,,none
/material-location/ss-304-flanges-hosur.html,material-location/ss-304-flanges-hosur.html,SS 304 Flanges Supplier in Hosur | Rubinox,42,SS 304 Flanges Supplier in Hosur,1,"SS 304 flanges supplier in Hosur. Rubinox reviews size, grade, quantity, standards and documentation-led RFQs.",110,https://rubinoxmetal.com/material-location/ss-304-flanges-hosur.html,1,"index,follow",WebPage|BreadcrumbList|ListItem|Organization|FAQPage|Question|Answer,pass,,none
/material-location/ss-304-flanges-indore-pithampur.html,material-location/ss-304-flanges-indore-pithampur.html,SS 304 Flanges Supplier in Indore and Pithampur | Rubinox,57,SS 304 Flanges Supplier in Indore and Pithampur,1,"SS 304 flanges supplier in Indore and Pithampur. Rubinox reviews size, grade, quantity, standards and documentation-led RFQs.",125,https://rubinoxmetal.com/material-location/ss-304-flanges-indore-pithampur.html,1,"index,follow",WebPage|BreadcrumbList|ListItem|Organization|FAQPage|Question|Answer,pass,,none
/material-location/ss-304-flanges-jamnagar.html,material-location/ss-304-flanges-jamnagar.html,SS 304 Flanges Supplier in Jamnagar | Rubinox,45,SS 304 Flanges Supplier in Jamnagar,1,"SS 304 flanges supplier in Jamnagar. Rubinox reviews size, grade, quantity, standards and documentation-led RFQs.",113,https://rubinoxmetal.com/material-location/ss-304-flanges-jamnagar.html,1,"index,follow",WebPage|BreadcrumbList|ListItem|Organization|FAQPage|Question|Answer,pass,,none
/material-location/ss-304-flanges-jamshedpur.html,material-location/ss-304-flanges-jamshedpur.html,SS 304 Flanges Supplier in Jamshedpur | Rubinox,47,SS 304 Flanges Supplier in Jamshedpur,1,"SS 304 flanges supplier in Jamshedpur. Rubinox reviews size, grade, quantity, standards and documentation-led RFQs.",115,https://rubinoxmetal.com/material-location/ss-304-flanges-jamshedpur.html,1,"index,follow",WebPage|BreadcrumbList|ListItem|Organization|FAQPage|Question|Answer,pass,,none
/material-location/ss-304-flanges-navi-mumbai.html,material-location/ss-304-flanges-navi-mumbai.html,SS 304 Flanges Supplier in Navi Mumbai | Rubinox,48,SS 304 Flanges Supplier in Navi Mumbai,1,"SS 304 flanges supplier in Navi Mumbai. Rubinox reviews size, grade, quantity, standards and documentation-led RFQs.",116,https://rubinoxmetal.com/material-location/ss-304-flanges-navi-mumbai.html,1,"index,follow",WebPage|BreadcrumbList|ListItem|Organization|FAQPage|Question|Answer,pass,,none
/material-location/ss-304-flanges-noida.html,material-location/ss-304-flanges-noida.html,SS 304 Flanges Supplier in Noida | Rubinox,42,SS 304 Flanges Supplier in Noida,1,"SS 304 flanges supplier in Noida. Rubinox reviews size, grade, quantity, standards and documentation-led RFQs.",110,https://rubinoxmetal.com/material-location/ss-304-flanges-noida.html,1,"index,follow",WebPage|BreadcrumbList|ListItem|Organization|FAQPage|Question|Answer,pass,,none
/material-location/ss-304-flanges-sriperumbudur-oragadam.html,material-location/ss-304-flanges-sriperumbudur-oragadam.html,SS 304 Flanges Supplier in Sriperumbudur and Oragadam | Rubinox,63,SS 304 Flanges Supplier in Sriperumbudur and Oragadam,1,"SS 304 flanges supplier in Sriperumbudur and Oragadam. Rubinox reviews size, grade, quantity, standards and documentation-led RFQs.",131,https://rubinoxmetal.com/material-location/ss-304-flanges-sriperumbudur-oragadam.html,1,"index,follow",WebPage|BreadcrumbList|ListItem|Organization|FAQPage|Question|Answer,pass,,none
/material-location/ss-304-flanges-surat.html,material-location/ss-304-flanges-surat.html,SS 304 Flanges Supplier in Surat | Rubinox,42,SS 304 Flanges Supplier in Surat,1,"SS 304 flanges supplier in Surat. Rubinox reviews size, grade, quantity, standards and documentation-led RFQs.",110,https://rubinoxmetal.com/material-location/ss-304-flanges-surat.html,1,"index,follow",WebPage|BreadcrumbList|ListItem|Organization|FAQPage|Question|Answer,pass,,none
/material-location/ss-304-flanges-dholera-sanand.html,material-location/ss-304-flanges-dholera-sanand.html,SS 304 Flanges Supplier in Dholera and Sanand | Rubinox,55,SS 304 Flanges Supplier in Dholera and Sanand,1,"SS 304 flanges supplier in Dholera and Sanand. Rubinox reviews size, grade, quantity, standards and documentation-led RFQs.",123,https://rubinoxmetal.com/material-location/ss-304-flanges-dholera-sanand.html,1,"index,follow",WebPage|BreadcrumbList|ListItem|Organization|FAQPage|Question|Answer,pass,,none
/material-location/ss-304-flanges-greater-noida.html,material-location/ss-304-flanges-greater-noida.html,SS 304 Flanges Supplier in Greater Noida | Rubinox,50,SS 304 Flanges Supplier in Greater Noida,1,"SS 304 flanges supplier in Greater Noida. Rubinox reviews size, grade, quantity, standards and documentation-led RFQs.",118,https://rubinoxmetal.com/material-location/ss-304-flanges-greater-noida.html,1,"index,follow",WebPage|BreadcrumbList|ListItem|Organization|FAQPage|Question|Answer,pass,,none
/material-location/ss-304-flanges-kolkata-howrah-durgapur.html,material-location/ss-304-flanges-kolkata-howrah-durgapur.html,"SS 304 Flanges Supplier in Kolkata, Howrah and Durgapur | Rubinox",65,"SS 304 Flanges Supplier in Kolkata, Howrah and Durgapur",1,"SS 304 flanges supplier in Kolkata, Howrah and Durgapur. Rubinox reviews size, grade, quantity, standards and documentation-led RFQs.",133,https://rubinoxmetal.com/material-location/ss-304-flanges-kolkata-howrah-durgapur.html,1,"index,follow",WebPage|BreadcrumbList|ListItem|Organization|FAQPage|Question|Answer,pass,,none
/material-location/ss-304-flanges-ludhiana.html,material-location/ss-304-flanges-ludhiana.html,SS 304 Flanges Supplier in Ludhiana | Rubinox,45,SS 304 Flanges Supplier in Ludhiana,1,"SS 304 flanges supplier in Ludhiana. Rubinox reviews size, grade, quantity, standards and documentation-led RFQs.",113,https://rubinoxmetal.com/material-location/ss-304-flanges-ludhiana.html,1,"index,follow",WebPage|BreadcrumbList|ListItem|Organization|FAQPage|Question|Answer,pass,,none
/material-location/ss-304-flanges-thane.html,material-location/ss-304-flanges-thane.html,SS 304 Flanges Supplier in Thane | Rubinox,42,SS 304 Flanges Supplier in Thane,1,"SS 304 flanges supplier in Thane. Rubinox reviews size, grade, quantity, standards and documentation-led RFQs.",110,https://rubinoxmetal.com/material-location/ss-304-flanges-thane.html,1,"index,follow",WebPage|BreadcrumbList|ListItem|Organization|FAQPage|Question|Answer,pass,,none
/material-location/ss-304-flanges-kakinada.html,material-location/ss-304-flanges-kakinada.html,SS 304 Flanges Supplier in Kakinada | Rubinox,45,SS 304 Flanges Supplier in Kakinada,1,"SS 304 flanges supplier in Kakinada. Rubinox reviews size, grade, quantity, standards and documentation-led RFQs.",113,https://rubinoxmetal.com/material-location/ss-304-flanges-kakinada.html,1,"index,follow",WebPage|BreadcrumbList|ListItem|Organization|FAQPage|Question|Answer,pass,,none
/material-location/ss-304-flanges-rajkot.html,material-location/ss-304-flanges-rajkot.html,SS 304 Flanges Supplier in Rajkot | Rubinox,43,SS 304 Flanges Supplier in Rajkot,1,"SS 304 flanges supplier in Rajkot. Rubinox reviews size, grade, quantity, standards and documentation-led RFQs.",111,https://rubinoxmetal.com/material-location/ss-304-flanges-rajkot.html,1,"index,follow",WebPage|BreadcrumbList|ListItem|Organization|FAQPage|Question|Answer,pass,,none
/material-location/ss-304-flanges-ghaziabad.html,material-location/ss-304-flanges-ghaziabad.html,SS 304 Flanges Supplier in Ghaziabad | Rubinox,46,SS 304 Flanges Supplier in Ghaziabad,1,"SS 304 flanges supplier in Ghaziabad. Rubinox reviews size, grade, quantity, standards and documentation-led RFQs.",114,https://rubinoxmetal.com/material-location/ss-304-flanges-ghaziabad.html,1,"index,follow",WebPage|BreadcrumbList|ListItem|Organization|FAQPage|Question|Answer,pass,,none
/material-location/ss-304-flanges-nashik.html,material-location/ss-304-flanges-nashik.html,SS 304 Flanges Supplier in Nashik | Rubinox,43,SS 304 Flanges Supplier in Nashik,1,"SS 304 flanges supplier in Nashik. Rubinox reviews size, grade, quantity, standards and documentation-led RFQs.",111,https://rubinoxmetal.com/material-location/ss-304-flanges-nashik.html,1,"index,follow",WebPage|BreadcrumbList|ListItem|Organization|FAQPage|Question|Answer,pass,,none
/material-location/ss-304-flanges-salem.html,material-location/ss-304-flanges-salem.html,SS 304 Flanges Supplier in Salem | Rubinox,42,SS 304 Flanges Supplier in Salem,1,"SS 304 flanges supplier in Salem. Rubinox reviews size, grade, quantity, standards and documentation-led RFQs.",110,https://rubinoxmetal.com/material-location/ss-304-flanges-salem.html,1,"index,follow",WebPage|BreadcrumbList|ListItem|Organization|FAQPage|Question|Answer,pass,,none
/material-location/ss-304-flanges-tiruchirappalli.html,material-location/ss-304-flanges-tiruchirappalli.html,SS 304 Flanges Supplier in Tiruchirappalli / Trichy | Rubinox,61,SS 304 Flanges Supplier in Tiruchirappalli / Trichy,1,"SS 304 flanges supplier in Tiruchirappalli / Trichy. Rubinox reviews size, grade, quantity, standards and documentation-led RFQs.",129,https://rubinoxmetal.com/material-location/ss-304-flanges-tiruchirappalli.html,1,"index,follow",WebPage|BreadcrumbList|ListItem|Organization|FAQPage|Question|Answer,pass,,none
/material-location/ss-304-flanges-chhatrapati-sambhajinagar-aurangabad.html,material-location/ss-304-flanges-chhatrapati-sambhajinagar-aurangabad.html,SS 304 Flanges in Aurangabad | Rubinox,38,SS 304 Flanges Supplier in Chhatrapati Sambhajinagar / Aurangabad,1,"SS 304 flanges supplier in Aurangabad. Rubinox reviews size, grade, quantity, standards and documentation-led RFQs.",115,https://rubinoxmetal.com/material-location/ss-304-flanges-chhatrapati-sambhajinagar-aurangabad.html,1,"index,follow",WebPage|BreadcrumbList|ListItem|Organization|FAQPage|Question|Answer,pass,,none
/material-location/ss-304-flanges-jaipur.html,material-location/ss-304-flanges-jaipur.html,SS 304 Flanges Supplier in Jaipur | Rubinox,43,SS 304 Flanges Supplier in Jaipur,1,"SS 304 flanges supplier in Jaipur. Rubinox reviews size, grade, quantity, standards and documentation-led RFQs.",111,https://rubinoxmetal.com/material-location/ss-304-flanges-jaipur.html,1,"index,follow",WebPage|BreadcrumbList|ListItem|Organization|FAQPage|Question|Answer,pass,,none
/material-location/ss-304-flanges-mangaluru.html,material-location/ss-304-flanges-mangaluru.html,SS 304 Flanges Supplier in Mangaluru | Rubinox,46,SS 304 Flanges Supplier in Mangaluru,1,"SS 304 flanges supplier in Mangaluru. Rubinox reviews size, grade, quantity, standards and documentation-led RFQs.",114,https://rubinoxmetal.com/material-location/ss-304-flanges-mangaluru.html,1,"index,follow",WebPage|BreadcrumbList|ListItem|Organization|FAQPage|Question|Answer,pass,,none
/material-location/ss-304-flanges-mysuru.html,material-location/ss-304-flanges-mysuru.html,SS 304 Flanges Supplier in Mysuru | Rubinox,43,SS 304 Flanges Supplier in Mysuru,1,"SS 304 flanges supplier in Mysuru. Rubinox reviews size, grade, quantity, standards and documentation-led RFQs.",111,https://rubinoxmetal.com/material-location/ss-304-flanges-mysuru.html,1,"index,follow",WebPage|BreadcrumbList|ListItem|Organization|FAQPage|Question|Answer,pass,,none
/material-location/ss-304-flanges-nagpur.html,material-location/ss-304-flanges-nagpur.html,SS 304 Flanges Supplier in Nagpur / Butibori | Rubinox,54,SS 304 Flanges Supplier in Nagpur / Butibori,1,"SS 304 flanges supplier in Nagpur / Butibori. Rubinox reviews size, grade, quantity, standards and documentation-led RFQs.",122,https://rubinoxmetal.com/material-location/ss-304-flanges-nagpur.html,1,"index,follow",WebPage|BreadcrumbList|ListItem|Organization|FAQPage|Question|Answer,pass,,none
/material-location/ss-304-flanges-bhopal-mandideep.html,material-location/ss-304-flanges-bhopal-mandideep.html,SS 304 Flanges Supplier in Bhopal and Mandideep | Rubinox,57,SS 304 Flanges Supplier in Bhopal and Mandideep,1,"SS 304 flanges supplier in Bhopal and Mandideep. Rubinox reviews size, grade, quantity, standards and documentation-led RFQs.",125,https://rubinoxmetal.com/material-location/ss-304-flanges-bhopal-mandideep.html,1,"index,follow",WebPage|BreadcrumbList|ListItem|Organization|FAQPage|Question|Answer,pass,,none
/material-location/ss-304-flanges-vijayawada.html,material-location/ss-304-flanges-vijayawada.html,SS 304 Flanges Supplier in Vijayawada | Rubinox,47,SS 304 Flanges Supplier in Vijayawada,1,"SS 304 flanges supplier in Vijayawada. Rubinox reviews size, grade, quantity, standards and documentation-led RFQs.",115,https://rubinoxmetal.com/material-location/ss-304-flanges-vijayawada.html,1,"index,follow",WebPage|BreadcrumbList|ListItem|Organization|FAQPage|Question|Answer,pass,,none
/material-location/ss-304-flanges-zaheerabad.html,material-location/ss-304-flanges-zaheerabad.html,SS 304 Flanges Supplier in Zaheerabad | Rubinox,47,SS 304 Flanges Supplier in Zaheerabad,1,"SS 304 flanges supplier in Zaheerabad. Rubinox reviews size, grade, quantity, standards and documentation-led RFQs.",115,https://rubinoxmetal.com/material-location/ss-304-flanges-zaheerabad.html,1,"index,follow",WebPage|BreadcrumbList|ListItem|Organization|FAQPage|Question|Answer,pass,,none
/material-location/ss-304-pipes-mumbai.html,material-location/ss-304-pipes-mumbai.html,SS 304 Pipes Supplier in Mumbai | Rubinox,41,SS 304 Pipes Supplier in Mumbai,1,"SS 304 pipes supplier in Mumbai. Rubinox reviews size, grade, quantity, standards and documentation-led RFQs.",109,https://rubinoxmetal.com/material-location/ss-304-pipes-mumbai.html,1,"index,follow",WebPage|BreadcrumbList|ListItem|Organization|FAQPage|Question|Answer,pass,,none
/material-location/ss-304-pipes-pune.html,material-location/ss-304-pipes-pune.html,SS 304 Pipes Supplier in Pune | Rubinox,39,SS 304 Pipes Supplier in Pune,1,"SS 304 pipes supplier in Pune. Rubinox reviews size, grade, quantity, standards and documentation-led RFQs.",107,https://rubinoxmetal.com/material-location/ss-304-pipes-pune.html,1,"index,follow",WebPage|BreadcrumbList|ListItem|Organization|FAQPage|Question|Answer,pass,,none
/material-location/ss-304-pipes-ahmedabad.html,material-location/ss-304-pipes-ahmedabad.html,SS 304 Pipes Supplier in Ahmedabad | Rubinox,44,SS 304 Pipes Supplier in Ahmedabad,1,"SS 304 pipes supplier in Ahmedabad. Rubinox reviews size, grade, quantity, standards and documentation-led RFQs.",112,https://rubinoxmetal.com/material-location/ss-304-pipes-ahmedabad.html,1,"index,follow",WebPage|BreadcrumbList|ListItem|Organization|FAQPage|Question|Answer,pass,,none
/material-location/ss-304-pipes-bengaluru.html,material-location/ss-304-pipes-bengaluru.html,SS 304 Pipes Supplier in Bengaluru | Rubinox,44,SS 304 Pipes Supplier in Bengaluru,1,"SS 304 pipes supplier in Bengaluru. Rubinox reviews size, grade, quantity, standards and documentation-led RFQs.",112,https://rubinoxmetal.com/material-location/ss-304-pipes-bengaluru.html,1,"index,follow",WebPage|BreadcrumbList|ListItem|Organization|FAQPage|Question|Answer,pass,,none
/material-location/ss-304-pipes-chakan-pimpri-chinchwad.html,material-location/ss-304-pipes-chakan-pimpri-chinchwad.html,SS 304 Pipes Supplier in Chakan and Pimpri-Chinchwad | Rubinox,62,SS 304 Pipes Supplier in Chakan and Pimpri-Chinchwad,1,"SS 304 pipes supplier in Chakan and Pimpri-Chinchwad. Rubinox reviews size, grade, quantity, standards and documentation-led RFQs.",130,https://rubinoxmetal.com/material-location/ss-304-pipes-chakan-pimpri-chinchwad.html,1,"index,follow",WebPage|BreadcrumbList|ListItem|Organization|FAQPage|Question|Answer,pass,,none
/material-location/ss-304-pipes-chennai.html,material-location/ss-304-pipes-chennai.html,SS 304 Pipes Supplier in Chennai | Rubinox,42,SS 304 Pipes Supplier in Chennai,1,"SS 304 pipes supplier in Chennai. Rubinox reviews size, grade, quantity, standards and documentation-led RFQs.",110,https://rubinoxmetal.com/material-location/ss-304-pipes-chennai.html,1,"index,follow",WebPage|BreadcrumbList|ListItem|Organization|FAQPage|Question|Answer,pass,,none
/material-location/ss-304-pipes-hyderabad.html,material-location/ss-304-pipes-hyderabad.html,SS 304 Pipes Supplier in Hyderabad | Rubinox,44,SS 304 Pipes Supplier in Hyderabad,1,"SS 304 pipes supplier in Hyderabad. Rubinox reviews size, grade, quantity, standards and documentation-led RFQs.",112,https://rubinoxmetal.com/material-location/ss-304-pipes-hyderabad.html,1,"index,follow",WebPage|BreadcrumbList|ListItem|Organization|FAQPage|Question|Answer,pass,,none
/material-location/ss-304-pipes-vadodara.html,material-location/ss-304-pipes-vadodara.html,SS 304 Pipes Supplier in Vadodara | Rubinox,43,SS 304 Pipes Supplier in Vadodara,1,"SS 304 pipes supplier in Vadodara. Rubinox reviews size, grade, quantity, standards and documentation-led RFQs.",111,https://rubinoxmetal.com/material-location/ss-304-pipes-vadodara.html,1,"index,follow",WebPage|BreadcrumbList|ListItem|Organization|FAQPage|Question|Answer,pass,,none
/material-location/ss-304-pipes-ankleshwar.html,material-location/ss-304-pipes-ankleshwar.html,SS 304 Pipes Supplier in Ankleshwar | Rubinox,45,SS 304 Pipes Supplier in Ankleshwar,1,"SS 304 pipes supplier in Ankleshwar. Rubinox reviews size, grade, quantity, standards and documentation-led RFQs.",113,https://rubinoxmetal.com/material-location/ss-304-pipes-ankleshwar.html,1,"index,follow",WebPage|BreadcrumbList|ListItem|Organization|FAQPage|Question|Answer,pass,,none
/material-location/ss-304-pipes-delhi.html,material-location/ss-304-pipes-delhi.html,SS 304 Pipes Supplier in Delhi NCR | Rubinox,44,SS 304 Pipes Supplier in Delhi NCR,1,"SS 304 pipes supplier in Delhi NCR. Rubinox reviews size, grade, quantity, standards and documentation-led RFQs.",112,https://rubinoxmetal.com/material-location/ss-304-pipes-delhi.html,1,"index,follow",WebPage|BreadcrumbList|ListItem|Organization|FAQPage|Question|Answer,pass,,none
/material-location/ss-304-pipes-bharuch.html,material-location/ss-304-pipes-bharuch.html,SS 304 Pipes Supplier in Bharuch | Rubinox,42,SS 304 Pipes Supplier in Bharuch,1,"SS 304 pipes supplier in Bharuch. Rubinox reviews size, grade, quantity, standards and documentation-led RFQs.",110,https://rubinoxmetal.com/material-location/ss-304-pipes-bharuch.html,1,"index,follow",WebPage|BreadcrumbList|ListItem|Organization|FAQPage|Question|Answer,pass,,none
/material-location/ss-304-pipes-coimbatore.html,material-location/ss-304-pipes-coimbatore.html,SS 304 Pipes Supplier in Coimbatore | Rubinox,45,SS 304 Pipes Supplier in Coimbatore,1,"SS 304 pipes supplier in Coimbatore. Rubinox reviews size, grade, quantity, standards and documentation-led RFQs.",113,https://rubinoxmetal.com/material-location/ss-304-pipes-coimbatore.html,1,"index,follow",WebPage|BreadcrumbList|ListItem|Organization|FAQPage|Question|Answer,pass,,none
/material-location/ss-304-pipes-faridabad.html,material-location/ss-304-pipes-faridabad.html,SS 304 Pipes Supplier in Faridabad | Rubinox,44,SS 304 Pipes Supplier in Faridabad,1,"SS 304 pipes supplier in Faridabad. Rubinox reviews size, grade, quantity, standards and documentation-led RFQs.",112,https://rubinoxmetal.com/material-location/ss-304-pipes-faridabad.html,1,"index,follow",WebPage|BreadcrumbList|ListItem|Organization|FAQPage|Question|Answer,pass,,none
/material-location/ss-304-pipes-gurugram-manesar.html,material-location/ss-304-pipes-gurugram-manesar.html,SS 304 Pipes Supplier in Gurugram and Manesar | Rubinox,55,SS 304 Pipes Supplier in Gurugram and Manesar,1,"SS 304 pipes supplier in Gurugram and Manesar. Rubinox reviews size, grade, quantity, standards and documentation-led RFQs.",123,https://rubinoxmetal.com/material-location/ss-304-pipes-gurugram-manesar.html,1,"index,follow",WebPage|BreadcrumbList|ListItem|Organization|FAQPage|Question|Answer,pass,,none
/material-location/ss-304-pipes-vapi.html,material-location/ss-304-pipes-vapi.html,SS 304 Pipes Supplier in Vapi | Rubinox,39,SS 304 Pipes Supplier in Vapi,1,"SS 304 pipes supplier in Vapi. Rubinox reviews size, grade, quantity, standards and documentation-led RFQs.",107,https://rubinoxmetal.com/material-location/ss-304-pipes-vapi.html,1,"index,follow",WebPage|BreadcrumbList|ListItem|Organization|FAQPage|Question|Answer,pass,,none
/material-location/ss-304-pipes-visakhapatnam.html,material-location/ss-304-pipes-visakhapatnam.html,SS 304 Pipes Supplier in Visakhapatnam | Rubinox,48,SS 304 Pipes Supplier in Visakhapatnam,1,"SS 304 pipes supplier in Visakhapatnam. Rubinox reviews size, grade, quantity, standards and documentation-led RFQs.",116,https://rubinoxmetal.com/material-location/ss-304-pipes-visakhapatnam.html,1,"index,follow",WebPage|BreadcrumbList|ListItem|Organization|FAQPage|Question|Answer,pass,,none
/material-location/ss-304-pipes-hosur.html,material-location/ss-304-pipes-hosur.html,SS 304 Pipes Supplier in Hosur | Rubinox,40,SS 304 Pipes Supplier in Hosur,1,"SS 304 pipes supplier in Hosur. Rubinox reviews size, grade, quantity, standards and documentation-led RFQs.",108,https://rubinoxmetal.com/material-location/ss-304-pipes-hosur.html,1,"index,follow",WebPage|BreadcrumbList|ListItem|Organization|FAQPage|Question|Answer,pass,,none
/material-location/ss-304-pipes-indore-pithampur.html,material-location/ss-304-pipes-indore-pithampur.html,SS 304 Pipes Supplier in Indore and Pithampur | Rubinox,55,SS 304 Pipes Supplier in Indore and Pithampur,1,"SS 304 pipes supplier in Indore and Pithampur. Rubinox reviews size, grade, quantity, standards and documentation-led RFQs.",123,https://rubinoxmetal.com/material-location/ss-304-pipes-indore-pithampur.html,1,"index,follow",WebPage|BreadcrumbList|ListItem|Organization|FAQPage|Question|Answer,pass,,none
/material-location/ss-304-pipes-jamnagar.html,material-location/ss-304-pipes-jamnagar.html,SS 304 Pipes Supplier in Jamnagar | Rubinox,43,SS 304 Pipes Supplier in Jamnagar,1,"SS 304 pipes supplier in Jamnagar. Rubinox reviews size, grade, quantity, standards and documentation-led RFQs.",111,https://rubinoxmetal.com/material-location/ss-304-pipes-jamnagar.html,1,"index,follow",WebPage|BreadcrumbList|ListItem|Organization|FAQPage|Question|Answer,pass,,none
/material-location/ss-304-pipes-jamshedpur.html,material-location/ss-304-pipes-jamshedpur.html,SS 304 Pipes Supplier in Jamshedpur | Rubinox,45,SS 304 Pipes Supplier in Jamshedpur,1,"SS 304 pipes supplier in Jamshedpur. Rubinox reviews size, grade, quantity, standards and documentation-led RFQs.",113,https://rubinoxmetal.com/material-location/ss-304-pipes-jamshedpur.html,1,"index,follow",WebPage|BreadcrumbList|ListItem|Organization|FAQPage|Question|Answer,pass,,none
/material-location/ss-304-pipes-navi-mumbai.html,material-location/ss-304-pipes-navi-mumbai.html,SS 304 Pipes Supplier in Navi Mumbai | Rubinox,46,SS 304 Pipes Supplier in Navi Mumbai,1,"SS 304 pipes supplier in Navi Mumbai. Rubinox reviews size, grade, quantity, standards and documentation-led RFQs.",114,https://rubinoxmetal.com/material-location/ss-304-pipes-navi-mumbai.html,1,"index,follow",WebPage|BreadcrumbList|ListItem|Organization|FAQPage|Question|Answer,pass,,none
/material-location/ss-304-pipes-noida.html,material-location/ss-304-pipes-noida.html,SS 304 Pipes Supplier in Noida | Rubinox,40,SS 304 Pipes Supplier in Noida,1,"SS 304 pipes supplier in Noida. Rubinox reviews size, grade, quantity, standards and documentation-led RFQs.",108,https://rubinoxmetal.com/material-location/ss-304-pipes-noida.html,1,"index,follow",WebPage|BreadcrumbList|ListItem|Organization|FAQPage|Question|Answer,pass,,none
/material-location/ss-304-pipes-sriperumbudur-oragadam.html,material-location/ss-304-pipes-sriperumbudur-oragadam.html,SS 304 Pipes Supplier in Sriperumbudur and Oragadam | Rubinox,61,SS 304 Pipes Supplier in Sriperumbudur and Oragadam,1,"SS 304 pipes supplier in Sriperumbudur and Oragadam. Rubinox reviews size, grade, quantity, standards and documentation-led RFQs.",129,https://rubinoxmetal.com/material-location/ss-304-pipes-sriperumbudur-oragadam.html,1,"index,follow",WebPage|BreadcrumbList|ListItem|Organization|FAQPage|Question|Answer,pass,,none
/material-location/ss-304-pipes-surat.html,material-location/ss-304-pipes-surat.html,SS 304 Pipes Supplier in Surat | Rubinox,40,SS 304 Pipes Supplier in Surat,1,"SS 304 pipes supplier in Surat. Rubinox reviews size, grade, quantity, standards and documentation-led RFQs.",108,https://rubinoxmetal.com/material-location/ss-304-pipes-surat.html,1,"index,follow",WebPage|BreadcrumbList|ListItem|Organization|FAQPage|Question|Answer,pass,,none
/material-location/ss-304-pipes-dholera-sanand.html,material-location/ss-304-pipes-dholera-sanand.html,SS 304 Pipes Supplier in Dholera and Sanand | Rubinox,53,SS 304 Pipes Supplier in Dholera and Sanand,1,"SS 304 pipes supplier in Dholera and Sanand. Rubinox reviews size, grade, quantity, standards and documentation-led RFQs.",121,https://rubinoxmetal.com/material-location/ss-304-pipes-dholera-sanand.html,1,"index,follow",WebPage|BreadcrumbList|ListItem|Organization|FAQPage|Question|Answer,pass,,none
/material-location/ss-304-pipes-greater-noida.html,material-location/ss-304-pipes-greater-noida.html,SS 304 Pipes Supplier in Greater Noida | Rubinox,48,SS 304 Pipes Supplier in Greater Noida,1,"SS 304 pipes supplier in Greater Noida. Rubinox reviews size, grade, quantity, standards and documentation-led RFQs.",116,https://rubinoxmetal.com/material-location/ss-304-pipes-greater-noida.html,1,"index,follow",WebPage|BreadcrumbList|ListItem|Organization|FAQPage|Question|Answer,pass,,none
/material-location/ss-304-pipes-kolkata-howrah-durgapur.html,material-location/ss-304-pipes-kolkata-howrah-durgapur.html,"SS 304 Pipes Supplier in Kolkata, Howrah and Durgapur | Rubinox",63,"SS 304 Pipes Supplier in Kolkata, Howrah and Durgapur",1,"SS 304 pipes supplier in Kolkata, Howrah and Durgapur. Rubinox reviews size, grade, quantity, standards and documentation-led RFQs.",131,https://rubinoxmetal.com/material-location/ss-304-pipes-kolkata-howrah-durgapur.html,1,"index,follow",WebPage|BreadcrumbList|ListItem|Organization|FAQPage|Question|Answer,pass,,none
/material-location/ss-304-pipes-ludhiana.html,material-location/ss-304-pipes-ludhiana.html,SS 304 Pipes Supplier in Ludhiana | Rubinox,43,SS 304 Pipes Supplier in Ludhiana,1,"SS 304 pipes supplier in Ludhiana. Rubinox reviews size, grade, quantity, standards and documentation-led RFQs.",111,https://rubinoxmetal.com/material-location/ss-304-pipes-ludhiana.html,1,"index,follow",WebPage|BreadcrumbList|ListItem|Organization|FAQPage|Question|Answer,pass,,none
/material-location/ss-304-pipes-thane.html,material-location/ss-304-pipes-thane.html,SS 304 Pipes Supplier in Thane | Rubinox,40,SS 304 Pipes Supplier in Thane,1,"SS 304 pipes supplier in Thane. Rubinox reviews size, grade, quantity, standards and documentation-led RFQs.",108,https://rubinoxmetal.com/material-location/ss-304-pipes-thane.html,1,"index,follow",WebPage|BreadcrumbList|ListItem|Organization|FAQPage|Question|Answer,pass,,none
/material-location/ss-304-pipes-kakinada.html,material-location/ss-304-pipes-kakinada.html,SS 304 Pipes Supplier in Kakinada | Rubinox,43,SS 304 Pipes Supplier in Kakinada,1,"SS 304 pipes supplier in Kakinada. Rubinox reviews size, grade, quantity, standards and documentation-led RFQs.",111,https://rubinoxmetal.com/material-location/ss-304-pipes-kakinada.html,1,"index,follow",WebPage|BreadcrumbList|ListItem|Organization|FAQPage|Question|Answer,pass,,none
/material-location/ss-304-pipes-rajkot.html,material-location/ss-304-pipes-rajkot.html,SS 304 Pipes Supplier in Rajkot | Rubinox,41,SS 304 Pipes Supplier in Rajkot,1,"SS 304 pipes supplier in Rajkot. Rubinox reviews size, grade, quantity, standards and documentation-led RFQs.",109,https://rubinoxmetal.com/material-location/ss-304-pipes-rajkot.html,1,"index,follow",WebPage|BreadcrumbList|ListItem|Organization|FAQPage|Question|Answer,pass,,none
/material-location/ss-304-pipes-ghaziabad.html,material-location/ss-304-pipes-ghaziabad.html,SS 304 Pipes Supplier in Ghaziabad | Rubinox,44,SS 304 Pipes Supplier in Ghaziabad,1,"SS 304 pipes supplier in Ghaziabad. Rubinox reviews size, grade, quantity, standards and documentation-led RFQs.",112,https://rubinoxmetal.com/material-location/ss-304-pipes-ghaziabad.html,1,"index,follow",WebPage|BreadcrumbList|ListItem|Organization|FAQPage|Question|Answer,pass,,none
/material-location/ss-304-pipes-nashik.html,material-location/ss-304-pipes-nashik.html,SS 304 Pipes Supplier in Nashik | Rubinox,41,SS 304 Pipes Supplier in Nashik,1,"SS 304 pipes supplier in Nashik. Rubinox reviews size, grade, quantity, standards and documentation-led RFQs.",109,https://rubinoxmetal.com/material-location/ss-304-pipes-nashik.html,1,"index,follow",WebPage|BreadcrumbList|ListItem|Organization|FAQPage|Question|Answer,pass,,none
/material-location/ss-304-pipes-salem.html,material-location/ss-304-pipes-salem.html,SS 304 Pipes Supplier in Salem | Rubinox,40,SS 304 Pipes Supplier in Salem,1,"SS 304 pipes supplier in Salem. Rubinox reviews size, grade, quantity, standards and documentation-led RFQs.",108,https://rubinoxmetal.com/material-location/ss-304-pipes-salem.html,1,"index,follow",WebPage|BreadcrumbList|ListItem|Organization|FAQPage|Question|Answer,pass,,none
/material-location/ss-304-pipes-tiruchirappalli.html,material-location/ss-304-pipes-tiruchirappalli.html,SS 304 Pipes Supplier in Tiruchirappalli / Trichy | Rubinox,59,SS 304 Pipes Supplier in Tiruchirappalli / Trichy,1,"SS 304 pipes supplier in Tiruchirappalli / Trichy. Rubinox reviews size, grade, quantity, standards and documentation-led RFQs.",127,https://rubinoxmetal.com/material-location/ss-304-pipes-tiruchirappalli.html,1,"index,follow",WebPage|BreadcrumbList|ListItem|Organization|FAQPage|Question|Answer,pass,,none
/material-location/ss-304-pipes-chhatrapati-sambhajinagar-aurangabad.html,material-location/ss-304-pipes-chhatrapati-sambhajinagar-aurangabad.html,SS 304 Pipes in Aurangabad | Rubinox,36,SS 304 Pipes Supplier in Chhatrapati Sambhajinagar / Aurangabad,1,"SS 304 pipes supplier in Aurangabad. Rubinox reviews size, grade, quantity, standards and documentation-led RFQs.",113,https://rubinoxmetal.com/material-location/ss-304-pipes-chhatrapati-sambhajinagar-aurangabad.html,1,"index,follow",WebPage|BreadcrumbList|ListItem|Organization|FAQPage|Question|Answer,pass,,none
/material-location/ss-304-pipes-jaipur.html,material-location/ss-304-pipes-jaipur.html,SS 304 Pipes Supplier in Jaipur | Rubinox,41,SS 304 Pipes Supplier in Jaipur,1,"SS 304 pipes supplier in Jaipur. Rubinox reviews size, grade, quantity, standards and documentation-led RFQs.",109,https://rubinoxmetal.com/material-location/ss-304-pipes-jaipur.html,1,"index,follow",WebPage|BreadcrumbList|ListItem|Organization|FAQPage|Question|Answer,pass,,none
/material-location/ss-304-pipes-mangaluru.html,material-location/ss-304-pipes-mangaluru.html,SS 304 Pipes Supplier in Mangaluru | Rubinox,44,SS 304 Pipes Supplier in Mangaluru,1,"SS 304 pipes supplier in Mangaluru. Rubinox reviews size, grade, quantity, standards and documentation-led RFQs.",112,https://rubinoxmetal.com/material-location/ss-304-pipes-mangaluru.html,1,"index,follow",WebPage|BreadcrumbList|ListItem|Organization|FAQPage|Question|Answer,pass,,none
/material-location/ss-304-pipes-mysuru.html,material-location/ss-304-pipes-mysuru.html,SS 304 Pipes Supplier in Mysuru | Rubinox,41,SS 304 Pipes Supplier in Mysuru,1,"SS 304 pipes supplier in Mysuru. Rubinox reviews size, grade, quantity, standards and documentation-led RFQs.",109,https://rubinoxmetal.com/material-location/ss-304-pipes-mysuru.html,1,"index,follow",WebPage|BreadcrumbList|ListItem|Organization|FAQPage|Question|Answer,pass,,none
/material-location/ss-304-pipes-nagpur.html,material-location/ss-304-pipes-nagpur.html,SS 304 Pipes Supplier in Nagpur / Butibori | Rubinox,52,SS 304 Pipes Supplier in Nagpur / Butibori,1,"SS 304 pipes supplier in Nagpur / Butibori. Rubinox reviews size, grade, quantity, standards and documentation-led RFQs.",120,https://rubinoxmetal.com/material-location/ss-304-pipes-nagpur.html,1,"index,follow",WebPage|BreadcrumbList|ListItem|Organization|FAQPage|Question|Answer,pass,,none
/material-location/ss-304-pipes-bhopal-mandideep.html,material-location/ss-304-pipes-bhopal-mandideep.html,SS 304 Pipes Supplier in Bhopal and Mandideep | Rubinox,55,SS 304 Pipes Supplier in Bhopal and Mandideep,1,"SS 304 pipes supplier in Bhopal and Mandideep. Rubinox reviews size, grade, quantity, standards and documentation-led RFQs.",123,https://rubinoxmetal.com/material-location/ss-304-pipes-bhopal-mandideep.html,1,"index,follow",WebPage|BreadcrumbList|ListItem|Organization|FAQPage|Question|Answer,pass,,none
/material-location/ss-304-pipes-vijayawada.html,material-location/ss-304-pipes-vijayawada.html,SS 304 Pipes Supplier in Vijayawada | Rubinox,45,SS 304 Pipes Supplier in Vijayawada,1,"SS 304 pipes supplier in Vijayawada. Rubinox reviews size, grade, quantity, standards and documentation-led RFQs.",113,https://rubinoxmetal.com/material-location/ss-304-pipes-vijayawada.html,1,"index,follow",WebPage|BreadcrumbList|ListItem|Organization|FAQPage|Question|Answer,pass,,none
/material-location/ss-304-pipes-zaheerabad.html,material-location/ss-304-pipes-zaheerabad.html,SS 304 Pipes Supplier in Zaheerabad | Rubinox,45,SS 304 Pipes Supplier in Zaheerabad,1,"SS 304 pipes supplier in Zaheerabad. Rubinox reviews size, grade, quantity, standards and documentation-led RFQs.",113,https://rubinoxmetal.com/material-location/ss-304-pipes-zaheerabad.html,1,"index,follow",WebPage|BreadcrumbList|ListItem|Organization|FAQPage|Question|Answer,pass,,none
/material-location/ss-304-plates-mumbai.html,material-location/ss-304-plates-mumbai.html,SS 304 Plates Supplier in Mumbai | Rubinox,42,SS 304 Plates Supplier in Mumbai,1,"SS 304 plates supplier in Mumbai. Rubinox reviews size, grade, quantity, standards and documentation-led RFQs.",110,https://rubinoxmetal.com/material-location/ss-304-plates-mumbai.html,1,"index,follow",WebPage|BreadcrumbList|ListItem|Organization|FAQPage|Question|Answer,pass,,none
/material-location/ss-304-plates-pune.html,material-location/ss-304-plates-pune.html,SS 304 Plates Supplier in Pune | Rubinox,40,SS 304 Plates Supplier in Pune,1,"SS 304 plates supplier in Pune. Rubinox reviews size, grade, quantity, standards and documentation-led RFQs.",108,https://rubinoxmetal.com/material-location/ss-304-plates-pune.html,1,"index,follow",WebPage|BreadcrumbList|ListItem|Organization|FAQPage|Question|Answer,pass,,none
/material-location/ss-304-plates-ahmedabad.html,material-location/ss-304-plates-ahmedabad.html,SS 304 Plates Supplier in Ahmedabad | Rubinox,45,SS 304 Plates Supplier in Ahmedabad,1,"SS 304 plates supplier in Ahmedabad. Rubinox reviews size, grade, quantity, standards and documentation-led RFQs.",113,https://rubinoxmetal.com/material-location/ss-304-plates-ahmedabad.html,1,"index,follow",WebPage|BreadcrumbList|ListItem|Organization|FAQPage|Question|Answer,pass,,none
/material-location/ss-304-round-bars-bengaluru.html,material-location/ss-304-round-bars-bengaluru.html,SS 304 Round Bars Supplier in Bengaluru | Rubinox,49,SS 304 Round Bars Supplier in Bengaluru,1,"SS 304 round bars supplier in Bengaluru. Rubinox reviews size, grade, quantity, standards and documentation-led RFQs.",117,https://rubinoxmetal.com/material-location/ss-304-round-bars-bengaluru.html,1,"index,follow",WebPage|BreadcrumbList|ListItem|Organization|FAQPage|Question|Answer,pass,,none
/material-location/ss-304-plates-chakan-pimpri-chinchwad.html,material-location/ss-304-plates-chakan-pimpri-chinchwad.html,SS 304 Plates Supplier in Chakan and Pimpri-Chinchwad | Rubinox,63,SS 304 Plates Supplier in Chakan and Pimpri-Chinchwad,1,"SS 304 plates supplier in Chakan and Pimpri-Chinchwad. Rubinox reviews size, grade, quantity, standards and documentation-led RFQs.",131,https://rubinoxmetal.com/material-location/ss-304-plates-chakan-pimpri-chinchwad.html,1,"index,follow",WebPage|BreadcrumbList|ListItem|Organization|FAQPage|Question|Answer,pass,,none
/material-location/ss-304-plates-chennai.html,material-location/ss-304-plates-chennai.html,SS 304 Plates Supplier in Chennai | Rubinox,43,SS 304 Plates Supplier in Chennai,1,"SS 304 plates supplier in Chennai. Rubinox reviews size, grade, quantity, standards and documentation-led RFQs.",111,https://rubinoxmetal.com/material-location/ss-304-plates-chennai.html,1,"index,follow",WebPage|BreadcrumbList|ListItem|Organization|FAQPage|Question|Answer,pass,,none
/material-location/ss-304-plates-hyderabad.html,material-location/ss-304-plates-hyderabad.html,SS 304 Plates Supplier in Hyderabad | Rubinox,45,SS 304 Plates Supplier in Hyderabad,1,"SS 304 plates supplier in Hyderabad. Rubinox reviews size, grade, quantity, standards and documentation-led RFQs.",113,https://rubinoxmetal.com/material-location/ss-304-plates-hyderabad.html,1,"index,follow",WebPage|BreadcrumbList|ListItem|Organization|FAQPage|Question|Answer,pass,,none
/material-location/ss-304-plates-vadodara.html,material-location/ss-304-plates-vadodara.html,SS 304 Plates Supplier in Vadodara | Rubinox,44,SS 304 Plates Supplier in Vadodara,1,"SS 304 plates supplier in Vadodara. Rubinox reviews size, grade, quantity, standards and documentation-led RFQs.",112,https://rubinoxmetal.com/material-location/ss-304-plates-vadodara.html,1,"index,follow",WebPage|BreadcrumbList|ListItem|Organization|FAQPage|Question|Answer,pass,,none
/material-location/ss-304-plates-ankleshwar.html,material-location/ss-304-plates-ankleshwar.html,SS 304 Plates Supplier in Ankleshwar | Rubinox,46,SS 304 Plates Supplier in Ankleshwar,1,"SS 304 plates supplier in Ankleshwar. Rubinox reviews size, grade, quantity, standards and documentation-led RFQs.",114,https://rubinoxmetal.com/material-location/ss-304-plates-ankleshwar.html,1,"index,follow",WebPage|BreadcrumbList|ListItem|Organization|FAQPage|Question|Answer,pass,,none
/material-location/ss-304-plates-delhi.html,material-location/ss-304-plates-delhi.html,SS 304 Plates Supplier in Delhi NCR | Rubinox,45,SS 304 Plates Supplier in Delhi NCR,1,"SS 304 plates supplier in Delhi NCR. Rubinox reviews size, grade, quantity, standards and documentation-led RFQs.",113,https://rubinoxmetal.com/material-location/ss-304-plates-delhi.html,1,"index,follow",WebPage|BreadcrumbList|ListItem|Organization|FAQPage|Question|Answer,pass,,none
/material-location/ss-304-plates-bharuch.html,material-location/ss-304-plates-bharuch.html,SS 304 Plates Supplier in Bharuch | Rubinox,43,SS 304 Plates Supplier in Bharuch,1,"SS 304 plates supplier in Bharuch. Rubinox reviews size, grade, quantity, standards and documentation-led RFQs.",111,https://rubinoxmetal.com/material-location/ss-304-plates-bharuch.html,1,"index,follow",WebPage|BreadcrumbList|ListItem|Organization|FAQPage|Question|Answer,pass,,none
/material-location/ss-304-plates-coimbatore.html,material-location/ss-304-plates-coimbatore.html,SS 304 Plates Supplier in Coimbatore | Rubinox,46,SS 304 Plates Supplier in Coimbatore,1,"SS 304 plates supplier in Coimbatore. Rubinox reviews size, grade, quantity, standards and documentation-led RFQs.",114,https://rubinoxmetal.com/material-location/ss-304-plates-coimbatore.html,1,"index,follow",WebPage|BreadcrumbList|ListItem|Organization|FAQPage|Question|Answer,pass,,none
/material-location/ss-304-plates-faridabad.html,material-location/ss-304-plates-faridabad.html,SS 304 Plates Supplier in Faridabad | Rubinox,45,SS 304 Plates Supplier in Faridabad,1,"SS 304 plates supplier in Faridabad. Rubinox reviews size, grade, quantity, standards and documentation-led RFQs.",113,https://rubinoxmetal.com/material-location/ss-304-plates-faridabad.html,1,"index,follow",WebPage|BreadcrumbList|ListItem|Organization|FAQPage|Question|Answer,pass,,none
/material-location/ss-304-plates-gurugram-manesar.html,material-location/ss-304-plates-gurugram-manesar.html,SS 304 Plates Supplier in Gurugram and Manesar | Rubinox,56,SS 304 Plates Supplier in Gurugram and Manesar,1,"SS 304 plates supplier in Gurugram and Manesar. Rubinox reviews size, grade, quantity, standards and documentation-led RFQs.",124,https://rubinoxmetal.com/material-location/ss-304-plates-gurugram-manesar.html,1,"index,follow",WebPage|BreadcrumbList|ListItem|Organization|FAQPage|Question|Answer,pass,,none
/material-location/ss-304-plates-vapi.html,material-location/ss-304-plates-vapi.html,SS 304 Plates Supplier in Vapi | Rubinox,40,SS 304 Plates Supplier in Vapi,1,"SS 304 plates supplier in Vapi. Rubinox reviews size, grade, quantity, standards and documentation-led RFQs.",108,https://rubinoxmetal.com/material-location/ss-304-plates-vapi.html,1,"index,follow",WebPage|BreadcrumbList|ListItem|Organization|FAQPage|Question|Answer,pass,,none
/material-location/inconel-625-fittings-mumbai.html,material-location/inconel-625-fittings-mumbai.html,Inconel 625 Fittings Supplier in Mumbai | Rubinox,49,Inconel 625 Fittings Supplier in Mumbai,1,"Inconel 625 fittings supplier in Mumbai. Rubinox reviews size, grade, quantity, standards and documentation-led RFQs.",117,https://rubinoxmetal.com/material-location/inconel-625-fittings-mumbai.html,1,"index,follow",WebPage|BreadcrumbList|ListItem|Organization|FAQPage|Question|Answer,pass,,none
/material-location/inconel-625-fittings-bengaluru.html,material-location/inconel-625-fittings-bengaluru.html,Inconel 625 Fittings Supplier in Bengaluru | Rubinox,52,Inconel 625 Fittings Supplier in Bengaluru,1,"Inconel 625 fittings supplier in Bengaluru. Rubinox reviews size, grade, quantity, standards and documentation-led RFQs.",120,https://rubinoxmetal.com/material-location/inconel-625-fittings-bengaluru.html,1,"index,follow",WebPage|BreadcrumbList|ListItem|Organization|FAQPage|Question|Answer,pass,,none
/material-location/inconel-625-fittings-chennai.html,material-location/inconel-625-fittings-chennai.html,Inconel 625 Fittings Supplier in Chennai | Rubinox,50,Inconel 625 Fittings Supplier in Chennai,1,"Inconel 625 fittings supplier in Chennai. Rubinox reviews size, grade, quantity, standards and documentation-led RFQs.",118,https://rubinoxmetal.com/material-location/inconel-625-fittings-chennai.html,1,"index,follow",WebPage|BreadcrumbList|ListItem|Organization|FAQPage|Question|Answer,pass,,none
/material-location/inconel-625-fittings-pune.html,material-location/inconel-625-fittings-pune.html,Inconel 625 Fittings Supplier in Pune | Rubinox,47,Inconel 625 Fittings Supplier in Pune,1,"Inconel 625 fittings supplier in Pune. Rubinox reviews size, grade, quantity, standards and documentation-led RFQs.",115,https://rubinoxmetal.com/material-location/inconel-625-fittings-pune.html,1,"index,follow",WebPage|BreadcrumbList|ListItem|Organization|FAQPage|Question|Answer,pass,,none
/material-location/inconel-625-fittings-vadodara.html,material-location/inconel-625-fittings-vadodara.html,Inconel 625 Fittings Supplier in Vadodara | Rubinox,51,Inconel 625 Fittings Supplier in Vadodara,1,"Inconel 625 fittings supplier in Vadodara. Rubinox reviews size, grade, quantity, standards and documentation-led RFQs.",119,https://rubinoxmetal.com/material-location/inconel-625-fittings-vadodara.html,1,"index,follow",WebPage|BreadcrumbList|ListItem|Organization|FAQPage|Question|Answer,pass,,none
/material-location/inconel-625-fittings-hyderabad.html,material-location/inconel-625-fittings-hyderabad.html,Inconel 625 Fittings Supplier in Hyderabad | Rubinox,52,Inconel 625 Fittings Supplier in Hyderabad,1,"Inconel 625 fittings supplier in Hyderabad. Rubinox reviews size, grade, quantity, standards and documentation-led RFQs.",120,https://rubinoxmetal.com/material-location/inconel-625-fittings-hyderabad.html,1,"index,follow",WebPage|BreadcrumbList|ListItem|Organization|FAQPage|Question|Answer,pass,,none
/material-location/inconel-625-fittings-ankleshwar.html,material-location/inconel-625-fittings-ankleshwar.html,Inconel 625 Fittings Supplier in Ankleshwar | Rubinox,53,Inconel 625 Fittings Supplier in Ankleshwar,1,"Inconel 625 fittings supplier in Ankleshwar. Rubinox reviews size, grade, quantity, standards and documentation-led RFQs.",121,https://rubinoxmetal.com/material-location/inconel-625-fittings-ankleshwar.html,1,"index,follow",WebPage|BreadcrumbList|ListItem|Organization|FAQPage|Question|Answer,pass,,none
/material-location/inconel-625-fittings-delhi.html,material-location/inconel-625-fittings-delhi.html,Inconel 625 Fittings Supplier in Delhi NCR | Rubinox,52,Inconel 625 Fittings Supplier in Delhi NCR,1,"Inconel 625 fittings supplier in Delhi NCR. Rubinox reviews size, grade, quantity, standards and documentation-led RFQs.",120,https://rubinoxmetal.com/material-location/inconel-625-fittings-delhi.html,1,"index,follow",WebPage|BreadcrumbList|ListItem|Organization|FAQPage|Question|Answer,pass,,none
/material-location/duplex-2205-fittings-bharuch.html,material-location/duplex-2205-fittings-bharuch.html,Duplex 2205 Fittings Supplier in Bharuch | Rubinox,50,Duplex 2205 Fittings Supplier in Bharuch,1,"Duplex 2205 fittings supplier in Bharuch. Rubinox reviews size, grade, quantity, standards and documentation-led RFQs.",118,https://rubinoxmetal.com/material-location/duplex-2205-fittings-bharuch.html,1,"index,follow",WebPage|BreadcrumbList|ListItem|Organization|FAQPage|Question|Answer,pass,,none
/material-location/duplex-2205-fittings-coimbatore.html,material-location/duplex-2205-fittings-coimbatore.html,Duplex 2205 Fittings Supplier in Coimbatore | Rubinox,53,Duplex 2205 Fittings Supplier in Coimbatore,1,"Duplex 2205 fittings supplier in Coimbatore. Rubinox reviews size, grade, quantity, standards and documentation-led RFQs.",121,https://rubinoxmetal.com/material-location/duplex-2205-fittings-coimbatore.html,1,"index,follow",WebPage|BreadcrumbList|ListItem|Organization|FAQPage|Question|Answer,pass,,none
/material-location/inconel-625-fittings-faridabad.html,material-location/inconel-625-fittings-faridabad.html,Inconel 625 Fittings Supplier in Faridabad | Rubinox,52,Inconel 625 Fittings Supplier in Faridabad,1,"Inconel 625 fittings supplier in Faridabad. Rubinox reviews size, grade, quantity, standards and documentation-led RFQs.",120,https://rubinoxmetal.com/material-location/inconel-625-fittings-faridabad.html,1,"index,follow",WebPage|BreadcrumbList|ListItem|Organization|FAQPage|Question|Answer,pass,,none
/material-location/inconel-625-fittings-vapi.html,material-location/inconel-625-fittings-vapi.html,Inconel 625 Fittings Supplier in Vapi | Rubinox,47,Inconel 625 Fittings Supplier in Vapi,1,"Inconel 625 fittings supplier in Vapi. Rubinox reviews size, grade, quantity, standards and documentation-led RFQs.",115,https://rubinoxmetal.com/material-location/inconel-625-fittings-vapi.html,1,"index,follow",WebPage|BreadcrumbList|ListItem|Organization|FAQPage|Question|Answer,pass,,none
/material-location/duplex-2205-fittings-visakhapatnam.html,material-location/duplex-2205-fittings-visakhapatnam.html,Duplex 2205 Fittings Supplier in Visakhapatnam | Rubinox,56,Duplex 2205 Fittings Supplier in Visakhapatnam,1,"Duplex 2205 fittings supplier in Visakhapatnam. Rubinox reviews size, grade, quantity, standards and documentation-led RFQs.",124,https://rubinoxmetal.com/material-location/duplex-2205-fittings-visakhapatnam.html,1,"index,follow",WebPage|BreadcrumbList|ListItem|Organization|FAQPage|Question|Answer,pass,,none
/material-location/inconel-625-fittings-indore-pithampur.html,material-location/inconel-625-fittings-indore-pithampur.html,Inconel 625 Fittings Supplier in Indore and Pithampur | Rubinox,63,Inconel 625 Fittings Supplier in Indore and Pithampur,1,"Inconel 625 fittings supplier in Indore and Pithampur. Rubinox reviews size, grade, quantity, standards and documentation-led RFQs.",131,https://rubinoxmetal.com/material-location/inconel-625-fittings-indore-pithampur.html,1,"index,follow",WebPage|BreadcrumbList|ListItem|Organization|FAQPage|Question|Answer,pass,,none
/material-location/inconel-625-fittings-jamnagar.html,material-location/inconel-625-fittings-jamnagar.html,Inconel 625 Fittings Supplier in Jamnagar | Rubinox,51,Inconel 625 Fittings Supplier in Jamnagar,1,"Inconel 625 fittings supplier in Jamnagar. Rubinox reviews size, grade, quantity, standards and documentation-led RFQs.",119,https://rubinoxmetal.com/material-location/inconel-625-fittings-jamnagar.html,1,"index,follow",WebPage|BreadcrumbList|ListItem|Organization|FAQPage|Question|Answer,pass,,none
/material-location/inconel-625-fittings-jamshedpur.html,material-location/inconel-625-fittings-jamshedpur.html,Inconel 625 Fittings Supplier in Jamshedpur | Rubinox,53,Inconel 625 Fittings Supplier in Jamshedpur,1,"Inconel 625 fittings supplier in Jamshedpur. Rubinox reviews size, grade, quantity, standards and documentation-led RFQs.",121,https://rubinoxmetal.com/material-location/inconel-625-fittings-jamshedpur.html,1,"index,follow",WebPage|BreadcrumbList|ListItem|Organization|FAQPage|Question|Answer,pass,,none
/material-location/duplex-2205-fittings-kakinada.html,material-location/duplex-2205-fittings-kakinada.html,Duplex 2205 Fittings Supplier in Kakinada | Rubinox,51,Duplex 2205 Fittings Supplier in Kakinada,1,"Duplex 2205 fittings supplier in Kakinada. Rubinox reviews size, grade, quantity, standards and documentation-led RFQs.",119,https://rubinoxmetal.com/material-location/duplex-2205-fittings-kakinada.html,1,"index,follow",WebPage|BreadcrumbList|ListItem|Organization|FAQPage|Question|Answer,pass,,none
/material-location/inconel-625-fittings-mangaluru.html,material-location/inconel-625-fittings-mangaluru.html,Inconel 625 Fittings Supplier in Mangaluru | Rubinox,52,Inconel 625 Fittings Supplier in Mangaluru,1,"Inconel 625 fittings supplier in Mangaluru. Rubinox reviews size, grade, quantity, standards and documentation-led RFQs.",120,https://rubinoxmetal.com/material-location/inconel-625-fittings-mangaluru.html,1,"index,follow",WebPage|BreadcrumbList|ListItem|Organization|FAQPage|Question|Answer,pass,,none
/material-location/inconel-625-flanges-mumbai.html,material-location/inconel-625-flanges-mumbai.html,Inconel 625 Flanges Supplier in Mumbai | Rubinox,48,Inconel 625 Flanges Supplier in Mumbai,1,"Inconel 625 flanges supplier in Mumbai. Rubinox reviews size, grade, quantity, standards and documentation-led RFQs.",116,https://rubinoxmetal.com/material-location/inconel-625-flanges-mumbai.html,1,"index,follow",WebPage|BreadcrumbList|ListItem|Organization|FAQPage|Question|Answer,pass,,none
/material-location/inconel-625-flanges-bengaluru.html,material-location/inconel-625-flanges-bengaluru.html,Inconel 625 Flanges Supplier in Bengaluru | Rubinox,51,Inconel 625 Flanges Supplier in Bengaluru,1,"Inconel 625 flanges supplier in Bengaluru. Rubinox reviews size, grade, quantity, standards and documentation-led RFQs.",119,https://rubinoxmetal.com/material-location/inconel-625-flanges-bengaluru.html,1,"index,follow",WebPage|BreadcrumbList|ListItem|Organization|FAQPage|Question|Answer,pass,,none
/material-location/inconel-625-flanges-chennai.html,material-location/inconel-625-flanges-chennai.html,Inconel 625 Flanges Supplier in Chennai | Rubinox,49,Inconel 625 Flanges Supplier in Chennai,1,"Inconel 625 flanges supplier in Chennai. Rubinox reviews size, grade, quantity, standards and documentation-led RFQs.",117,https://rubinoxmetal.com/material-location/inconel-625-flanges-chennai.html,1,"index,follow",WebPage|BreadcrumbList|ListItem|Organization|FAQPage|Question|Answer,pass,,none
/material-location/inconel-625-flanges-pune.html,material-location/inconel-625-flanges-pune.html,Inconel 625 Flanges Supplier in Pune | Rubinox,46,Inconel 625 Flanges Supplier in Pune,1,"Inconel 625 flanges supplier in Pune. Rubinox reviews size, grade, quantity, standards and documentation-led RFQs.",114,https://rubinoxmetal.com/material-location/inconel-625-flanges-pune.html,1,"index,follow",WebPage|BreadcrumbList|ListItem|Organization|FAQPage|Question|Answer,pass,,none
/material-location/inconel-625-flanges-vadodara.html,material-location/inconel-625-flanges-vadodara.html,Inconel 625 Flanges Supplier in Vadodara | Rubinox,50,Inconel 625 Flanges Supplier in Vadodara,1,"Inconel 625 flanges supplier in Vadodara. Rubinox reviews size, grade, quantity, standards and documentation-led RFQs.",118,https://rubinoxmetal.com/material-location/inconel-625-flanges-vadodara.html,1,"index,follow",WebPage|BreadcrumbList|ListItem|Organization|FAQPage|Question|Answer,pass,,none
/material-location/inconel-625-flanges-hyderabad.html,material-location/inconel-625-flanges-hyderabad.html,Inconel 625 Flanges Supplier in Hyderabad | Rubinox,51,Inconel 625 Flanges Supplier in Hyderabad,1,"Inconel 625 flanges supplier in Hyderabad. Rubinox reviews size, grade, quantity, standards and documentation-led RFQs.",119,https://rubinoxmetal.com/material-location/inconel-625-flanges-hyderabad.html,1,"index,follow",WebPage|BreadcrumbList|ListItem|Organization|FAQPage|Question|Answer,pass,,none
/material-location/inconel-625-flanges-ankleshwar.html,material-location/inconel-625-flanges-ankleshwar.html,Inconel 625 Flanges Supplier in Ankleshwar | Rubinox,52,Inconel 625 Flanges Supplier in Ankleshwar,1,"Inconel 625 flanges supplier in Ankleshwar. Rubinox reviews size, grade, quantity, standards and documentation-led RFQs.",120,https://rubinoxmetal.com/material-location/inconel-625-flanges-ankleshwar.html,1,"index,follow",WebPage|BreadcrumbList|ListItem|Organization|FAQPage|Question|Answer,pass,,none
/material-location/inconel-625-flanges-delhi.html,material-location/inconel-625-flanges-delhi.html,Inconel 625 Flanges Supplier in Delhi NCR | Rubinox,51,Inconel 625 Flanges Supplier in Delhi NCR,1,"Inconel 625 flanges supplier in Delhi NCR. Rubinox reviews size, grade, quantity, standards and documentation-led RFQs.",119,https://rubinoxmetal.com/material-location/inconel-625-flanges-delhi.html,1,"index,follow",WebPage|BreadcrumbList|ListItem|Organization|FAQPage|Question|Answer,pass,,none
/material-location/duplex-2205-flanges-bharuch.html,material-location/duplex-2205-flanges-bharuch.html,Duplex 2205 Flanges Supplier in Bharuch | Rubinox,49,Duplex 2205 Flanges Supplier in Bharuch,1,"Duplex 2205 flanges supplier in Bharuch. Rubinox reviews size, grade, quantity, standards and documentation-led RFQs.",117,https://rubinoxmetal.com/material-location/duplex-2205-flanges-bharuch.html,1,"index,follow",WebPage|BreadcrumbList|ListItem|Organization|FAQPage|Question|Answer,pass,,none
/material-location/duplex-2205-flanges-coimbatore.html,material-location/duplex-2205-flanges-coimbatore.html,Duplex 2205 Flanges Supplier in Coimbatore | Rubinox,52,Duplex 2205 Flanges Supplier in Coimbatore,1,"Duplex 2205 flanges supplier in Coimbatore. Rubinox reviews size, grade, quantity, standards and documentation-led RFQs.",120,https://rubinoxmetal.com/material-location/duplex-2205-flanges-coimbatore.html,1,"index,follow",WebPage|BreadcrumbList|ListItem|Organization|FAQPage|Question|Answer,pass,,none
/material-location/inconel-625-flanges-faridabad.html,material-location/inconel-625-flanges-faridabad.html,Inconel 625 Flanges Supplier in Faridabad | Rubinox,51,Inconel 625 Flanges Supplier in Faridabad,1,"Inconel 625 flanges supplier in Faridabad. Rubinox reviews size, grade, quantity, standards and documentation-led RFQs.",119,https://rubinoxmetal.com/material-location/inconel-625-flanges-faridabad.html,1,"index,follow",WebPage|BreadcrumbList|ListItem|Organization|FAQPage|Question|Answer,pass,,none
/material-location/inconel-625-flanges-vapi.html,material-location/inconel-625-flanges-vapi.html,Inconel 625 Flanges Supplier in Vapi | Rubinox,46,Inconel 625 Flanges Supplier in Vapi,1,"Inconel 625 flanges supplier in Vapi. Rubinox reviews size, grade, quantity, standards and documentation-led RFQs.",114,https://rubinoxmetal.com/material-location/inconel-625-flanges-vapi.html,1,"index,follow",WebPage|BreadcrumbList|ListItem|Organization|FAQPage|Question|Answer,pass,,none
/material-location/duplex-2205-flanges-visakhapatnam.html,material-location/duplex-2205-flanges-visakhapatnam.html,Duplex 2205 Flanges Supplier in Visakhapatnam | Rubinox,55,Duplex 2205 Flanges Supplier in Visakhapatnam,1,"Duplex 2205 flanges supplier in Visakhapatnam. Rubinox reviews size, grade, quantity, standards and documentation-led RFQs.",123,https://rubinoxmetal.com/material-location/duplex-2205-flanges-visakhapatnam.html,1,"index,follow",WebPage|BreadcrumbList|ListItem|Organization|FAQPage|Question|Answer,pass,,none
/material-location/inconel-625-flanges-indore-pithampur.html,material-location/inconel-625-flanges-indore-pithampur.html,Inconel 625 Flanges Supplier in Indore and Pithampur | Rubinox,62,Inconel 625 Flanges Supplier in Indore and Pithampur,1,"Inconel 625 flanges supplier in Indore and Pithampur. Rubinox reviews size, grade, quantity, standards and documentation-led RFQs.",130,https://rubinoxmetal.com/material-location/inconel-625-flanges-indore-pithampur.html,1,"index,follow",WebPage|BreadcrumbList|ListItem|Organization|FAQPage|Question|Answer,pass,,none
/material-location/inconel-625-flanges-jamnagar.html,material-location/inconel-625-flanges-jamnagar.html,Inconel 625 Flanges Supplier in Jamnagar | Rubinox,50,Inconel 625 Flanges Supplier in Jamnagar,1,"Inconel 625 flanges supplier in Jamnagar. Rubinox reviews size, grade, quantity, standards and documentation-led RFQs.",118,https://rubinoxmetal.com/material-location/inconel-625-flanges-jamnagar.html,1,"index,follow",WebPage|BreadcrumbList|ListItem|Organization|FAQPage|Question|Answer,pass,,none
/material-location/inconel-625-flanges-jamshedpur.html,material-location/inconel-625-flanges-jamshedpur.html,Inconel 625 Flanges Supplier in Jamshedpur | Rubinox,52,Inconel 625 Flanges Supplier in Jamshedpur,1,"Inconel 625 flanges supplier in Jamshedpur. Rubinox reviews size, grade, quantity, standards and documentation-led RFQs.",120,https://rubinoxmetal.com/material-location/inconel-625-flanges-jamshedpur.html,1,"index,follow",WebPage|BreadcrumbList|ListItem|Organization|FAQPage|Question|Answer,pass,,none
/material-location/duplex-2205-flanges-kakinada.html,material-location/duplex-2205-flanges-kakinada.html,Duplex 2205 Flanges Supplier in Kakinada | Rubinox,50,Duplex 2205 Flanges Supplier in Kakinada,1,"Duplex 2205 flanges supplier in Kakinada. Rubinox reviews size, grade, quantity, standards and documentation-led RFQs.",118,https://rubinoxmetal.com/material-location/duplex-2205-flanges-kakinada.html,1,"index,follow",WebPage|BreadcrumbList|ListItem|Organization|FAQPage|Question|Answer,pass,,none
/material-location/inconel-625-flanges-mangaluru.html,material-location/inconel-625-flanges-mangaluru.html,Inconel 625 Flanges Supplier in Mangaluru | Rubinox,51,Inconel 625 Flanges Supplier in Mangaluru,1,"Inconel 625 flanges supplier in Mangaluru. Rubinox reviews size, grade, quantity, standards and documentation-led RFQs.",119,https://rubinoxmetal.com/material-location/inconel-625-flanges-mangaluru.html,1,"index,follow",WebPage|BreadcrumbList|ListItem|Organization|FAQPage|Question|Answer,pass,,none
/export-material/inconel-625-fittings-uae.html,export-material/inconel-625-fittings-uae.html,Inconel 625 Fittings Supplier for UAE | Rubinox,47,Inconel 625 Fittings Supplier for UAE,1,"Inconel 625 fittings supplier for UAE. Rubinox reviews size, grade, quantity, standards and documentation-led RFQs.",115,https://rubinoxmetal.com/export-material/inconel-625-fittings-uae.html,1,"index,follow",WebPage|BreadcrumbList|ListItem|Organization|FAQPage|Question|Answer,pass,,none
/export-material/inconel-625-fittings-saudi-arabia.html,export-material/inconel-625-fittings-saudi-arabia.html,Inconel 625 Fittings Supplier for Saudi Arabia | Rubinox,56,Inconel 625 Fittings Supplier for Saudi Arabia,1,"Inconel 625 fittings supplier for Saudi Arabia. Rubinox reviews size, grade, quantity, standards and documentation-led RFQs.",124,https://rubinoxmetal.com/export-material/inconel-625-fittings-saudi-arabia.html,1,"index,follow",WebPage|BreadcrumbList|ListItem|Organization|FAQPage|Question|Answer,pass,,none
/export-material/inconel-625-fittings-qatar.html,export-material/inconel-625-fittings-qatar.html,Inconel 625 Fittings Supplier for Qatar | Rubinox,49,Inconel 625 Fittings Supplier for Qatar,1,"Inconel 625 fittings supplier for Qatar. Rubinox reviews size, grade, quantity, standards and documentation-led RFQs.",117,https://rubinoxmetal.com/export-material/inconel-625-fittings-qatar.html,1,"index,follow",WebPage|BreadcrumbList|ListItem|Organization|FAQPage|Question|Answer,pass,,none
/export-material/inconel-625-fittings-singapore.html,export-material/inconel-625-fittings-singapore.html,Inconel 625 Fittings Supplier for Singapore | Rubinox,53,Inconel 625 Fittings Supplier for Singapore,1,"Inconel 625 fittings supplier for Singapore. Rubinox reviews size, grade, quantity, standards and documentation-led RFQs.",121,https://rubinoxmetal.com/export-material/inconel-625-fittings-singapore.html,1,"index,follow",WebPage|BreadcrumbList|ListItem|Organization|FAQPage|Question|Answer,pass,,none
/export-material/duplex-2205-fittings-oman.html,export-material/duplex-2205-fittings-oman.html,Duplex 2205 Fittings Supplier for Oman | Rubinox,48,Duplex 2205 Fittings Supplier for Oman,1,"Duplex 2205 fittings supplier for Oman. Rubinox reviews size, grade, quantity, standards and documentation-led RFQs.",116,https://rubinoxmetal.com/export-material/duplex-2205-fittings-oman.html,1,"index,follow",WebPage|BreadcrumbList|ListItem|Organization|FAQPage|Question|Answer,pass,,none
/export-material/inconel-625-fittings-germany.html,export-material/inconel-625-fittings-germany.html,Inconel 625 Fittings Supplier for Germany | Rubinox,51,Inconel 625 Fittings Supplier for Germany,1,"Inconel 625 fittings supplier for Germany. Rubinox reviews size, grade, quantity, standards and documentation-led RFQs.",119,https://rubinoxmetal.com/export-material/inconel-625-fittings-germany.html,1,"index,follow",WebPage|BreadcrumbList|ListItem|Organization|FAQPage|Question|Answer,pass,,none
/export-material/duplex-2205-fittings-kuwait.html,export-material/duplex-2205-fittings-kuwait.html,Duplex 2205 Fittings Supplier for Kuwait | Rubinox,50,Duplex 2205 Fittings Supplier for Kuwait,1,"Duplex 2205 fittings supplier for Kuwait. Rubinox reviews size, grade, quantity, standards and documentation-led RFQs.",118,https://rubinoxmetal.com/export-material/duplex-2205-fittings-kuwait.html,1,"index,follow",WebPage|BreadcrumbList|ListItem|Organization|FAQPage|Question|Answer,pass,,none
/export-material/duplex-2205-fittings-malaysia.html,export-material/duplex-2205-fittings-malaysia.html,Duplex 2205 Fittings Supplier for Malaysia | Rubinox,52,Duplex 2205 Fittings Supplier for Malaysia,1,"Duplex 2205 fittings supplier for Malaysia. Rubinox reviews size, grade, quantity, standards and documentation-led RFQs.",120,https://rubinoxmetal.com/export-material/duplex-2205-fittings-malaysia.html,1,"index,follow",WebPage|BreadcrumbList|ListItem|Organization|FAQPage|Question|Answer,pass,,none
/export-material/inconel-625-fittings-united-states.html,export-material/inconel-625-fittings-united-states.html,Inconel 625 Fittings Supplier for United States | Rubinox,57,Inconel 625 Fittings Supplier for United States,1,"Inconel 625 fittings supplier for USA. Rubinox reviews size, grade, quantity, standards and documentation-led RFQs.",115,https://rubinoxmetal.com/export-material/inconel-625-fittings-united-states.html,1,"index,follow",WebPage|BreadcrumbList|ListItem|Organization|FAQPage|Question|Answer,pass,,none
/export-material/inconel-625-fittings-australia.html,export-material/inconel-625-fittings-australia.html,Inconel 625 Fittings Supplier for Australia | Rubinox,53,Inconel 625 Fittings Supplier for Australia,1,"Inconel 625 fittings supplier for Australia. Rubinox reviews size, grade, quantity, standards and documentation-led RFQs.",121,https://rubinoxmetal.com/export-material/inconel-625-fittings-australia.html,1,"index,follow",WebPage|BreadcrumbList|ListItem|Organization|FAQPage|Question|Answer,pass,,none
/export-material/duplex-2205-fittings-netherlands.html,export-material/duplex-2205-fittings-netherlands.html,Duplex 2205 Fittings Supplier for Netherlands | Rubinox,55,Duplex 2205 Fittings Supplier for Netherlands,1,"Duplex 2205 fittings supplier for Netherlands. Rubinox reviews size, grade, quantity, standards and documentation-led RFQs.",123,https://rubinoxmetal.com/export-material/duplex-2205-fittings-netherlands.html,1,"index,follow",WebPage|BreadcrumbList|ListItem|Organization|FAQPage|Question|Answer,pass,,none
/export-material/duplex-2205-fittings-thailand.html,export-material/duplex-2205-fittings-thailand.html,Duplex 2205 Fittings Supplier for Thailand | Rubinox,52,Duplex 2205 Fittings Supplier for Thailand,1,"Duplex 2205 fittings supplier for Thailand. Rubinox reviews size, grade, quantity, standards and documentation-led RFQs.",120,https://rubinoxmetal.com/export-material/duplex-2205-fittings-thailand.html,1,"index,follow",WebPage|BreadcrumbList|ListItem|Organization|FAQPage|Question|Answer,pass,,none
/export-material/inconel-625-fittings-united-kingdom.html,export-material/inconel-625-fittings-united-kingdom.html,Inconel 625 Fittings Supplier for United Kingdom | Rubinox,58,Inconel 625 Fittings Supplier for United Kingdom,1,"Inconel 625 fittings supplier for UK. Rubinox reviews size, grade, quantity, standards and documentation-led RFQs.",114,https://rubinoxmetal.com/export-material/inconel-625-fittings-united-kingdom.html,1,"index,follow",WebPage|BreadcrumbList|ListItem|Organization|FAQPage|Question|Answer,pass,,none
/export-material/inconel-625-fittings-vietnam.html,export-material/inconel-625-fittings-vietnam.html,Inconel 625 Fittings Supplier for Vietnam | Rubinox,51,Inconel 625 Fittings Supplier for Vietnam,1,"Inconel 625 fittings supplier for Vietnam. Rubinox reviews size, grade, quantity, standards and documentation-led RFQs.",119,https://rubinoxmetal.com/export-material/inconel-625-fittings-vietnam.html,1,"index,follow",WebPage|BreadcrumbList|ListItem|Organization|FAQPage|Question|Answer,pass,,none
/export-material/duplex-2205-fittings-bahrain.html,export-material/duplex-2205-fittings-bahrain.html,Duplex 2205 Fittings Supplier for Bahrain | Rubinox,51,Duplex 2205 Fittings Supplier for Bahrain,1,"Duplex 2205 fittings supplier for Bahrain. Rubinox reviews size, grade, quantity, standards and documentation-led RFQs.",119,https://rubinoxmetal.com/export-material/duplex-2205-fittings-bahrain.html,1,"index,follow",WebPage|BreadcrumbList|ListItem|Organization|FAQPage|Question|Answer,pass,,none
/export-material/inconel-625-fittings-indonesia.html,export-material/inconel-625-fittings-indonesia.html,Inconel 625 Fittings Supplier for Indonesia | Rubinox,53,Inconel 625 Fittings Supplier for Indonesia,1,"Inconel 625 fittings supplier for Indonesia. Rubinox reviews size, grade, quantity, standards and documentation-led RFQs.",121,https://rubinoxmetal.com/export-material/inconel-625-fittings-indonesia.html,1,"index,follow",WebPage|BreadcrumbList|ListItem|Organization|FAQPage|Question|Answer,pass,,none
/export-material/duplex-2205-fittings-canada.html,export-material/duplex-2205-fittings-canada.html,Duplex 2205 Fittings Supplier for Canada | Rubinox,50,Duplex 2205 Fittings Supplier for Canada,1,"Duplex 2205 fittings supplier for Canada. Rubinox reviews size, grade, quantity, standards and documentation-led RFQs.",118,https://rubinoxmetal.com/export-material/duplex-2205-fittings-canada.html,1,"index,follow",WebPage|BreadcrumbList|ListItem|Organization|FAQPage|Question|Answer,pass,,none
/export-material/inconel-625-fittings-japan.html,export-material/inconel-625-fittings-japan.html,Inconel 625 Fittings Supplier for Japan | Rubinox,49,Inconel 625 Fittings Supplier for Japan,1,"Inconel 625 fittings supplier for Japan. Rubinox reviews size, grade, quantity, standards and documentation-led RFQs.",117,https://rubinoxmetal.com/export-material/inconel-625-fittings-japan.html,1,"index,follow",WebPage|BreadcrumbList|ListItem|Organization|FAQPage|Question|Answer,pass,,none
/export-material/duplex-2205-fittings-south-africa.html,export-material/duplex-2205-fittings-south-africa.html,Duplex 2205 Fittings Supplier for South Africa | Rubinox,56,Duplex 2205 Fittings Supplier for South Africa,1,"Duplex 2205 fittings supplier for South Africa. Rubinox reviews size, grade, quantity, standards and documentation-led RFQs.",124,https://rubinoxmetal.com/export-material/duplex-2205-fittings-south-africa.html,1,"index,follow",WebPage|BreadcrumbList|ListItem|Organization|FAQPage|Question|Answer,pass,,none
/export-material/duplex-2205-fittings-south-korea.html,export-material/duplex-2205-fittings-south-korea.html,Duplex 2205 Fittings Supplier for South Korea | Rubinox,55,Duplex 2205 Fittings Supplier for South Korea,1,"Duplex 2205 fittings supplier for South Korea. Rubinox reviews size, grade, quantity, standards and documentation-led RFQs.",123,https://rubinoxmetal.com/export-material/duplex-2205-fittings-south-korea.html,1,"index,follow",WebPage|BreadcrumbList|ListItem|Organization|FAQPage|Question|Answer,pass,,none
/export-material/duplex-2205-fittings-italy.html,export-material/duplex-2205-fittings-italy.html,Duplex 2205 Fittings Supplier for Italy | Rubinox,49,Duplex 2205 Fittings Supplier for Italy,1,"Duplex 2205 fittings supplier for Italy. Rubinox reviews size, grade, quantity, standards and documentation-led RFQs.",117,https://rubinoxmetal.com/export-material/duplex-2205-fittings-italy.html,1,"index,follow",WebPage|BreadcrumbList|ListItem|Organization|FAQPage|Question|Answer,pass,,none
/export-material/inconel-625-fittings-mexico.html,export-material/inconel-625-fittings-mexico.html,Inconel 625 Fittings Supplier for Mexico | Rubinox,50,Inconel 625 Fittings Supplier for Mexico,1,"Inconel 625 fittings supplier for Mexico. Rubinox reviews size, grade, quantity, standards and documentation-led RFQs.",118,https://rubinoxmetal.com/export-material/inconel-625-fittings-mexico.html,1,"index,follow",WebPage|BreadcrumbList|ListItem|Organization|FAQPage|Question|Answer,pass,,none
/export-material/duplex-2205-fittings-philippines.html,export-material/duplex-2205-fittings-philippines.html,Duplex 2205 Fittings Supplier for Philippines | Rubinox,55,Duplex 2205 Fittings Supplier for Philippines,1,"Duplex 2205 fittings supplier for Philippines. Rubinox reviews size, grade, quantity, standards and documentation-led RFQs.",123,https://rubinoxmetal.com/export-material/duplex-2205-fittings-philippines.html,1,"index,follow",WebPage|BreadcrumbList|ListItem|Organization|FAQPage|Question|Answer,pass,,none
/export-material/inconel-625-fittings-spain.html,export-material/inconel-625-fittings-spain.html,Inconel 625 Fittings Supplier for Spain | Rubinox,49,Inconel 625 Fittings Supplier for Spain,1,"Inconel 625 fittings supplier for Spain. Rubinox reviews size, grade, quantity, standards and documentation-led RFQs.",117,https://rubinoxmetal.com/export-material/inconel-625-fittings-spain.html,1,"index,follow",WebPage|BreadcrumbList|ListItem|Organization|FAQPage|Question|Answer,pass,,none
/export-material/duplex-2205-fittings-egypt.html,export-material/duplex-2205-fittings-egypt.html,Duplex 2205 Fittings Supplier for Egypt | Rubinox,49,Duplex 2205 Fittings Supplier for Egypt,1,"Duplex 2205 fittings supplier for Egypt. Rubinox reviews size, grade, quantity, standards and documentation-led RFQs.",117,https://rubinoxmetal.com/export-material/duplex-2205-fittings-egypt.html,1,"index,follow",WebPage|BreadcrumbList|ListItem|Organization|FAQPage|Question|Answer,pass,,none
/export-material/inconel-625-flanges-uae.html,export-material/inconel-625-flanges-uae.html,Inconel 625 Flanges Supplier for UAE | Rubinox,46,Inconel 625 Flanges Supplier for UAE,1,"Inconel 625 flanges supplier for UAE. Rubinox reviews size, grade, quantity, standards and documentation-led RFQs.",114,https://rubinoxmetal.com/export-material/inconel-625-flanges-uae.html,1,"index,follow",WebPage|BreadcrumbList|ListItem|Organization|FAQPage|Question|Answer,pass,,none
/export-material/inconel-625-flanges-saudi-arabia.html,export-material/inconel-625-flanges-saudi-arabia.html,Inconel 625 Flanges Supplier for Saudi Arabia | Rubinox,55,Inconel 625 Flanges Supplier for Saudi Arabia,1,"Inconel 625 flanges supplier for Saudi Arabia. Rubinox reviews size, grade, quantity, standards and documentation-led RFQs.",123,https://rubinoxmetal.com/export-material/inconel-625-flanges-saudi-arabia.html,1,"index,follow",WebPage|BreadcrumbList|ListItem|Organization|FAQPage|Question|Answer,pass,,none
/export-material/inconel-625-flanges-qatar.html,export-material/inconel-625-flanges-qatar.html,Inconel 625 Flanges Supplier for Qatar | Rubinox,48,Inconel 625 Flanges Supplier for Qatar,1,"Inconel 625 flanges supplier for Qatar. Rubinox reviews size, grade, quantity, standards and documentation-led RFQs.",116,https://rubinoxmetal.com/export-material/inconel-625-flanges-qatar.html,1,"index,follow",WebPage|BreadcrumbList|ListItem|Organization|FAQPage|Question|Answer,pass,,none
/export-material/inconel-625-flanges-singapore.html,export-material/inconel-625-flanges-singapore.html,Inconel 625 Flanges Supplier for Singapore | Rubinox,52,Inconel 625 Flanges Supplier for Singapore,1,"Inconel 625 flanges supplier for Singapore. Rubinox reviews size, grade, quantity, standards and documentation-led RFQs.",120,https://rubinoxmetal.com/export-material/inconel-625-flanges-singapore.html,1,"index,follow",WebPage|BreadcrumbList|ListItem|Organization|FAQPage|Question|Answer,pass,,none
/export-material/duplex-2205-flanges-oman.html,export-material/duplex-2205-flanges-oman.html,Duplex 2205 Flanges Supplier for Oman | Rubinox,47,Duplex 2205 Flanges Supplier for Oman,1,"Duplex 2205 flanges supplier for Oman. Rubinox reviews size, grade, quantity, standards and documentation-led RFQs.",115,https://rubinoxmetal.com/export-material/duplex-2205-flanges-oman.html,1,"index,follow",WebPage|BreadcrumbList|ListItem|Organization|FAQPage|Question|Answer,pass,,none
/export-material/inconel-625-flanges-germany.html,export-material/inconel-625-flanges-germany.html,Inconel 625 Flanges Supplier for Germany | Rubinox,50,Inconel 625 Flanges Supplier for Germany,1,"Inconel 625 flanges supplier for Germany. Rubinox reviews size, grade, quantity, standards and documentation-led RFQs.",118,https://rubinoxmetal.com/export-material/inconel-625-flanges-germany.html,1,"index,follow",WebPage|BreadcrumbList|ListItem|Organization|FAQPage|Question|Answer,pass,,none
/export-material/duplex-2205-flanges-kuwait.html,export-material/duplex-2205-flanges-kuwait.html,Duplex 2205 Flanges Supplier for Kuwait | Rubinox,49,Duplex 2205 Flanges Supplier for Kuwait,1,"Duplex 2205 flanges supplier for Kuwait. Rubinox reviews size, grade, quantity, standards and documentation-led RFQs.",117,https://rubinoxmetal.com/export-material/duplex-2205-flanges-kuwait.html,1,"index,follow",WebPage|BreadcrumbList|ListItem|Organization|FAQPage|Question|Answer,pass,,none
/export-material/duplex-2205-flanges-malaysia.html,export-material/duplex-2205-flanges-malaysia.html,Duplex 2205 Flanges Supplier for Malaysia | Rubinox,51,Duplex 2205 Flanges Supplier for Malaysia,1,"Duplex 2205 flanges supplier for Malaysia. Rubinox reviews size, grade, quantity, standards and documentation-led RFQs.",119,https://rubinoxmetal.com/export-material/duplex-2205-flanges-malaysia.html,1,"index,follow",WebPage|BreadcrumbList|ListItem|Organization|FAQPage|Question|Answer,pass,,none
/export-material/inconel-625-flanges-united-states.html,export-material/inconel-625-flanges-united-states.html,Inconel 625 Flanges Supplier for United States | Rubinox,56,Inconel 625 Flanges Supplier for United States,1,"Inconel 625 flanges supplier for USA. Rubinox reviews size, grade, quantity, standards and documentation-led RFQs.",114,https://rubinoxmetal.com/export-material/inconel-625-flanges-united-states.html,1,"index,follow",WebPage|BreadcrumbList|ListItem|Organization|FAQPage|Question|Answer,pass,,none
/export-material/inconel-625-flanges-australia.html,export-material/inconel-625-flanges-australia.html,Inconel 625 Flanges Supplier for Australia | Rubinox,52,Inconel 625 Flanges Supplier for Australia,1,"Inconel 625 flanges supplier for Australia. Rubinox reviews size, grade, quantity, standards and documentation-led RFQs.",120,https://rubinoxmetal.com/export-material/inconel-625-flanges-australia.html,1,"index,follow",WebPage|BreadcrumbList|ListItem|Organization|FAQPage|Question|Answer,pass,,none
/export-material/duplex-2205-flanges-netherlands.html,export-material/duplex-2205-flanges-netherlands.html,Duplex 2205 Flanges Supplier for Netherlands | Rubinox,54,Duplex 2205 Flanges Supplier for Netherlands,1,"Duplex 2205 flanges supplier for Netherlands. Rubinox reviews size, grade, quantity, standards and documentation-led RFQs.",122,https://rubinoxmetal.com/export-material/duplex-2205-flanges-netherlands.html,1,"index,follow",WebPage|BreadcrumbList|ListItem|Organization|FAQPage|Question|Answer,pass,,none
/material-location/hss-m2-round-bars-pune.html,material-location/hss-m2-round-bars-pune.html,HSS M2 Round Bars Supplier in Pune | Rubinox,44,HSS M2 Round Bars Supplier in Pune,1,"HSS M2 round bars supplier in Pune. Rubinox reviews size, grade, quantity, standards and documentation-led RFQs.",112,https://rubinoxmetal.com/material-location/hss-m2-round-bars-pune.html,1,"index,follow",WebPage|BreadcrumbList|ListItem|Organization|FAQPage|Question|Answer,pass,,none
/material-location/hss-m2-round-bars-ahmedabad.html,material-location/hss-m2-round-bars-ahmedabad.html,HSS M2 Round Bars Supplier in Ahmedabad | Rubinox,49,HSS M2 Round Bars Supplier in Ahmedabad,1,"HSS M2 round bars supplier in Ahmedabad. Rubinox reviews size, grade, quantity, standards and documentation-led RFQs.",117,https://rubinoxmetal.com/material-location/hss-m2-round-bars-ahmedabad.html,1,"index,follow",WebPage|BreadcrumbList|ListItem|Organization|FAQPage|Question|Answer,pass,,none
/material-location/hss-m2-round-bars-bengaluru.html,material-location/hss-m2-round-bars-bengaluru.html,HSS M2 Round Bars Supplier in Bengaluru | Rubinox,49,HSS M2 Round Bars Supplier in Bengaluru,1,"HSS M2 round bars supplier in Bengaluru. Rubinox reviews size, grade, quantity, standards and documentation-led RFQs.",117,https://rubinoxmetal.com/material-location/hss-m2-round-bars-bengaluru.html,1,"index,follow",WebPage|BreadcrumbList|ListItem|Organization|FAQPage|Question|Answer,pass,,none
/material-location/hss-m2-round-bars-chakan-pimpri-chinchwad.html,material-location/hss-m2-round-bars-chakan-pimpri-chinchwad.html,HSS M2 Round Bars Supplier in Chakan and Pimpri-Chinchwad | Rubinox,67,HSS M2 Round Bars Supplier in Chakan and Pimpri-Chinchwad,1,"HSS M2 round bars supplier in Chakan and Pimpri-Chinchwad. Rubinox reviews size, grade, quantity, standards and documentation-led RFQs.",135,https://rubinoxmetal.com/material-location/hss-m2-round-bars-chakan-pimpri-chinchwad.html,1,"index,follow",WebPage|BreadcrumbList|ListItem|Organization|FAQPage|Question|Answer,pass,,none
/material-location/hss-m2-round-bars-chennai.html,material-location/hss-m2-round-bars-chennai.html,HSS M2 Round Bars Supplier in Chennai | Rubinox,47,HSS M2 Round Bars Supplier in Chennai,1,"HSS M2 round bars supplier in Chennai. Rubinox reviews size, grade, quantity, standards and documentation-led RFQs.",115,https://rubinoxmetal.com/material-location/hss-m2-round-bars-chennai.html,1,"index,follow",WebPage|BreadcrumbList|ListItem|Organization|FAQPage|Question|Answer,pass,,none
/material-location/hss-m2-round-bars-hyderabad.html,material-location/hss-m2-round-bars-hyderabad.html,HSS M2 Round Bars Supplier in Hyderabad | Rubinox,49,HSS M2 Round Bars Supplier in Hyderabad,1,"HSS M2 round bars supplier in Hyderabad. Rubinox reviews size, grade, quantity, standards and documentation-led RFQs.",117,https://rubinoxmetal.com/material-location/hss-m2-round-bars-hyderabad.html,1,"index,follow",WebPage|BreadcrumbList|ListItem|Organization|FAQPage|Question|Answer,pass,,none
/material-location/hss-m2-round-bars-coimbatore.html,material-location/hss-m2-round-bars-coimbatore.html,HSS M2 Round Bars Supplier in Coimbatore | Rubinox,50,HSS M2 Round Bars Supplier in Coimbatore,1,"HSS M2 round bars supplier in Coimbatore. Rubinox reviews size, grade, quantity, standards and documentation-led RFQs.",118,https://rubinoxmetal.com/material-location/hss-m2-round-bars-coimbatore.html,1,"index,follow",WebPage|BreadcrumbList|ListItem|Organization|FAQPage|Question|Answer,pass,,none
/material-location/hss-m2-round-bars-faridabad.html,material-location/hss-m2-round-bars-faridabad.html,HSS M2 Round Bars Supplier in Faridabad | Rubinox,49,HSS M2 Round Bars Supplier in Faridabad,1,"HSS M2 round bars supplier in Faridabad. Rubinox reviews size, grade, quantity, standards and documentation-led RFQs.",117,https://rubinoxmetal.com/material-location/hss-m2-round-bars-faridabad.html,1,"index,follow",WebPage|BreadcrumbList|ListItem|Organization|FAQPage|Question|Answer,pass,,none
/material-location/hss-m2-round-bars-gurugram-manesar.html,material-location/hss-m2-round-bars-gurugram-manesar.html,HSS M2 Round Bars Supplier in Gurugram and Manesar | Rubinox,60,HSS M2 Round Bars Supplier in Gurugram and Manesar,1,"HSS M2 round bars supplier in Gurugram and Manesar. Rubinox reviews size, grade, quantity, standards and documentation-led RFQs.",128,https://rubinoxmetal.com/material-location/hss-m2-round-bars-gurugram-manesar.html,1,"index,follow",WebPage|BreadcrumbList|ListItem|Organization|FAQPage|Question|Answer,pass,,none
/material-location/hss-m2-round-bars-jamshedpur.html,material-location/hss-m2-round-bars-jamshedpur.html,HSS M2 Round Bars Supplier in Jamshedpur | Rubinox,50,HSS M2 Round Bars Supplier in Jamshedpur,1,"HSS M2 round bars supplier in Jamshedpur. Rubinox reviews size, grade, quantity, standards and documentation-led RFQs.",118,https://rubinoxmetal.com/material-location/hss-m2-round-bars-jamshedpur.html,1,"index,follow",WebPage|BreadcrumbList|ListItem|Organization|FAQPage|Question|Answer,pass,,none
/material-location/aluminium-6061-fittings-mumbai.html,material-location/aluminium-6061-fittings-mumbai.html,Aluminium 6061 Fittings Supplier in Mumbai | Rubinox,52,Aluminium 6061 Fittings Supplier in Mumbai,1,"Aluminium 6061 fittings supplier in Mumbai. Rubinox reviews size, grade, quantity, standards and documentation-led RFQs.",120,https://rubinoxmetal.com/material-location/aluminium-6061-fittings-mumbai.html,1,"index,follow",WebPage|BreadcrumbList|ListItem|Organization|FAQPage|Question|Answer,pass,,none
/material-location/aluminium-6061-fittings-bengaluru.html,material-location/aluminium-6061-fittings-bengaluru.html,Aluminium 6061 Fittings Supplier in Bengaluru | Rubinox,55,Aluminium 6061 Fittings Supplier in Bengaluru,1,"Aluminium 6061 fittings supplier in Bengaluru. Rubinox reviews size, grade, quantity, standards and documentation-led RFQs.",123,https://rubinoxmetal.com/material-location/aluminium-6061-fittings-bengaluru.html,1,"index,follow",WebPage|BreadcrumbList|ListItem|Organization|FAQPage|Question|Answer,pass,,none
/material-location/aluminium-6061-fittings-chennai.html,material-location/aluminium-6061-fittings-chennai.html,Aluminium 6061 Fittings Supplier in Chennai | Rubinox,53,Aluminium 6061 Fittings Supplier in Chennai,1,"Aluminium 6061 fittings supplier in Chennai. Rubinox reviews size, grade, quantity, standards and documentation-led RFQs.",121,https://rubinoxmetal.com/material-location/aluminium-6061-fittings-chennai.html,1,"index,follow",WebPage|BreadcrumbList|ListItem|Organization|FAQPage|Question|Answer,pass,,none
/material-location/aluminium-6061-fittings-pune.html,material-location/aluminium-6061-fittings-pune.html,Aluminium 6061 Fittings Supplier in Pune | Rubinox,50,Aluminium 6061 Fittings Supplier in Pune,1,"Aluminium 6061 fittings supplier in Pune. Rubinox reviews size, grade, quantity, standards and documentation-led RFQs.",118,https://rubinoxmetal.com/material-location/aluminium-6061-fittings-pune.html,1,"index,follow",WebPage|BreadcrumbList|ListItem|Organization|FAQPage|Question|Answer,pass,,none
/material-location/aluminium-6061-fittings-vadodara.html,material-location/aluminium-6061-fittings-vadodara.html,Aluminium 6061 Fittings Supplier in Vadodara | Rubinox,54,Aluminium 6061 Fittings Supplier in Vadodara,1,"Aluminium 6061 fittings supplier in Vadodara. Rubinox reviews size, grade, quantity, standards and documentation-led RFQs.",122,https://rubinoxmetal.com/material-location/aluminium-6061-fittings-vadodara.html,1,"index,follow",WebPage|BreadcrumbList|ListItem|Organization|FAQPage|Question|Answer,pass,,none
/material-location/aluminium-6061-fittings-ahmedabad.html,material-location/aluminium-6061-fittings-ahmedabad.html,Aluminium 6061 Fittings Supplier in Ahmedabad | Rubinox,55,Aluminium 6061 Fittings Supplier in Ahmedabad,1,"Aluminium 6061 fittings supplier in Ahmedabad. Rubinox reviews size, grade, quantity, standards and documentation-led RFQs.",123,https://rubinoxmetal.com/material-location/aluminium-6061-fittings-ahmedabad.html,1,"index,follow",WebPage|BreadcrumbList|ListItem|Organization|FAQPage|Question|Answer,pass,,none
/material-location/aluminium-6061-fittings-hyderabad.html,material-location/aluminium-6061-fittings-hyderabad.html,Aluminium 6061 Fittings Supplier in Hyderabad | Rubinox,55,Aluminium 6061 Fittings Supplier in Hyderabad,1,"Aluminium 6061 fittings supplier in Hyderabad. Rubinox reviews size, grade, quantity, standards and documentation-led RFQs.",123,https://rubinoxmetal.com/material-location/aluminium-6061-fittings-hyderabad.html,1,"index,follow",WebPage|BreadcrumbList|ListItem|Organization|FAQPage|Question|Answer,pass,,none
/material-location/aluminium-6061-fittings-delhi.html,material-location/aluminium-6061-fittings-delhi.html,Aluminium 6061 Fittings Supplier in Delhi NCR | Rubinox,55,Aluminium 6061 Fittings Supplier in Delhi NCR,1,"Aluminium 6061 fittings supplier in Delhi NCR. Rubinox reviews size, grade, quantity, standards and documentation-led RFQs.",123,https://rubinoxmetal.com/material-location/aluminium-6061-fittings-delhi.html,1,"index,follow",WebPage|BreadcrumbList|ListItem|Organization|FAQPage|Question|Answer,pass,,none
/material-location/aluminium-6061-fittings-coimbatore.html,material-location/aluminium-6061-fittings-coimbatore.html,Aluminium 6061 Fittings Supplier in Coimbatore | Rubinox,56,Aluminium 6061 Fittings Supplier in Coimbatore,1,"Aluminium 6061 fittings supplier in Coimbatore. Rubinox reviews size, grade, quantity, standards and documentation-led RFQs.",124,https://rubinoxmetal.com/material-location/aluminium-6061-fittings-coimbatore.html,1,"index,follow",WebPage|BreadcrumbList|ListItem|Organization|FAQPage|Question|Answer,pass,,none
/material-location/aluminium-6061-fittings-faridabad.html,material-location/aluminium-6061-fittings-faridabad.html,Aluminium 6061 Fittings Supplier in Faridabad | Rubinox,55,Aluminium 6061 Fittings Supplier in Faridabad,1,"Aluminium 6061 fittings supplier in Faridabad. Rubinox reviews size, grade, quantity, standards and documentation-led RFQs.",123,https://rubinoxmetal.com/material-location/aluminium-6061-fittings-faridabad.html,1,"index,follow",WebPage|BreadcrumbList|ListItem|Organization|FAQPage|Question|Answer,pass,,none
/export-material/aluminium-6061-flanges-uae.html,export-material/aluminium-6061-flanges-uae.html,Aluminium 6061 Flanges Supplier for UAE | Rubinox,49,Aluminium 6061 Flanges Supplier for UAE,1,"Aluminium 6061 flanges supplier for UAE. Rubinox reviews size, grade, quantity, standards and documentation-led RFQs.",117,https://rubinoxmetal.com/export-material/aluminium-6061-flanges-uae.html,1,"index,follow",WebPage|BreadcrumbList|ListItem|Organization|FAQPage|Question|Answer,pass,,none
/export-material/aluminium-6061-flanges-saudi-arabia.html,export-material/aluminium-6061-flanges-saudi-arabia.html,Aluminium 6061 Flanges Supplier for Saudi Arabia | Rubinox,58,Aluminium 6061 Flanges Supplier for Saudi Arabia,1,"Aluminium 6061 flanges supplier for Saudi Arabia. Rubinox reviews size, grade, quantity, standards and documentation-led RFQs.",126,https://rubinoxmetal.com/export-material/aluminium-6061-flanges-saudi-arabia.html,1,"index,follow",WebPage|BreadcrumbList|ListItem|Organization|FAQPage|Question|Answer,pass,,none
/export-material/aluminium-6061-flanges-qatar.html,export-material/aluminium-6061-flanges-qatar.html,Aluminium 6061 Flanges Supplier for Qatar | Rubinox,51,Aluminium 6061 Flanges Supplier for Qatar,1,"Aluminium 6061 flanges supplier for Qatar. Rubinox reviews size, grade, quantity, standards and documentation-led RFQs.",119,https://rubinoxmetal.com/export-material/aluminium-6061-flanges-qatar.html,1,"index,follow",WebPage|BreadcrumbList|ListItem|Organization|FAQPage|Question|Answer,pass,,none
/export-material/aluminium-6061-flanges-singapore.html,export-material/aluminium-6061-flanges-singapore.html,Aluminium 6061 Flanges Supplier for Singapore | Rubinox,55,Aluminium 6061 Flanges Supplier for Singapore,1,"Aluminium 6061 flanges supplier for Singapore. Rubinox reviews size, grade, quantity, standards and documentation-led RFQs.",123,https://rubinoxmetal.com/export-material/aluminium-6061-flanges-singapore.html,1,"index,follow",WebPage|BreadcrumbList|ListItem|Organization|FAQPage|Question|Answer,pass,,none
/material-location.html,material-location.html,Material Location RFQ Pages | Rubinox,37,Material Location RFQ Pages,1,"Material, grade and location RFQ pages for Rubinox Metal and Alloys buyers across India.",88,https://rubinoxmetal.com/material-location.html,1,,WebPage|Organization,pass,,none
/export-material.html,export-material.html,Export Material RFQ Pages | Rubinox,35,Export Material RFQ Pages,1,"Export material, grade, form and destination RFQ pages for Rubinox Metal and Alloys buyers.",91,https://rubinoxmetal.com/export-material.html,1,,WebPage|Organization,pass,,none
/hss-location.html,hss-location.html,HSS Location RFQ Pages | Rubinox,32,HSS Location RFQ Pages,1,"High speed steel location RFQ pages for HSS M2, M35 and M42 enquiries handled by Rubinox.",89,https://rubinoxmetal.com/hss-location.html,1,,WebPage|Organization,pass,,none
/material-location/ss-316l-fittings-chennai.html,material-location/ss-316l-fittings-chennai.html,SS 316L Fittings in Chennai | RFQ Support | Rubinox,51,SS 316L Fittings Supplier in Chennai,1,"SS 316L fittings supplier in Chennai. Rubinox supports RFQs with size, quantity, grade and documentation review.",112,https://rubinoxmetal.com/material-location/ss-316l-fittings-chennai.html,1,,WebPage|BreadcrumbList|ListItem|Organization|PostalAddress|FAQPage|Question|Answer,pass,,none
/material-location/ss-316-flanges-hyderabad.html,material-location/ss-316-flanges-hyderabad.html,SS 316 Flanges in Hyderabad | RFQ Support | Rubinox,51,SS 316 Flanges Supplier in Hyderabad,1,"SS 316 flanges supplier in Hyderabad. Rubinox supports RFQs with size, quantity, grade and documentation review.",112,https://rubinoxmetal.com/material-location/ss-316-flanges-hyderabad.html,1,,WebPage|BreadcrumbList|ListItem|Organization|PostalAddress|FAQPage|Question|Answer,pass,,none
/material-location/ss-304-coils-mumbai.html,material-location/ss-304-coils-mumbai.html,SS 304 Coils in Mumbai | RFQ Support | Rubinox,46,SS 304 Coils Supplier in Mumbai,1,"SS 304 coils supplier in Mumbai. Rubinox supports RFQs with size, quantity, grade and documentation review.",107,https://rubinoxmetal.com/material-location/ss-304-coils-mumbai.html,1,,WebPage|BreadcrumbList|ListItem|Organization|PostalAddress|FAQPage|Question|Answer,pass,,none
/material-location/ss-304-sheets-mumbai.html,material-location/ss-304-sheets-mumbai.html,SS 304 Sheets in Mumbai | RFQ Support | Rubinox,47,SS 304 Sheets Supplier in Mumbai,1,"SS 304 sheets supplier in Mumbai. Rubinox supports RFQs with size, quantity, grade and documentation review.",108,https://rubinoxmetal.com/material-location/ss-304-sheets-mumbai.html,1,,WebPage|BreadcrumbList|ListItem|Organization|PostalAddress|FAQPage|Question|Answer,pass,,none
/material-location/ss-316-pipes-mumbai.html,material-location/ss-316-pipes-mumbai.html,SS 316 Pipes in Mumbai | RFQ Support | Rubinox,46,SS 316 Pipes Supplier in Mumbai,1,"SS 316 pipes supplier in Mumbai. Rubinox supports RFQs with size, quantity, grade and documentation review.",107,https://rubinoxmetal.com/material-location/ss-316-pipes-mumbai.html,1,,WebPage|BreadcrumbList|ListItem|Organization|PostalAddress|FAQPage|Question|Answer,pass,,none
/material-location/ss-316l-pipes-pune.html,material-location/ss-316l-pipes-pune.html,SS 316L Pipes in Pune | RFQ Support | Rubinox,45,SS 316L Pipes Supplier in Pune,1,"SS 316L pipes supplier in Pune. Rubinox supports RFQs with size, quantity, grade and documentation review.",106,https://rubinoxmetal.com/material-location/ss-316l-pipes-pune.html,1,,WebPage|BreadcrumbList|ListItem|Organization|PostalAddress|FAQPage|Question|Answer,pass,,none
/material-location/ss-304-welded-pipes-mumbai.html,material-location/ss-304-welded-pipes-mumbai.html,SS 304 Welded Pipes in Mumbai | RFQ Support | Rubinox,53,SS 304 Welded Pipes Supplier in Mumbai,1,"SS 304 welded pipes supplier in Mumbai. Rubinox supports RFQs with size, quantity, grade and documentation review.",114,https://rubinoxmetal.com/material-location/ss-304-welded-pipes-mumbai.html,1,,WebPage|BreadcrumbList|ListItem|Organization|PostalAddress|FAQPage|Question|Answer,pass,,none
/material-location/ss-304-seamless-pipes-mumbai.html,material-location/ss-304-seamless-pipes-mumbai.html,SS 304 Seamless Pipes in Mumbai | RFQ Support | Rubinox,55,SS 304 Seamless Pipes Supplier in Mumbai,1,"SS 304 seamless pipes supplier in Mumbai. Rubinox supports RFQs with size, quantity, grade and documentation review.",116,https://rubinoxmetal.com/material-location/ss-304-seamless-pipes-mumbai.html,1,,WebPage|BreadcrumbList|ListItem|Organization|PostalAddress|FAQPage|Question|Answer,pass,,none
/material-location/ss-310-plates-pune.html,material-location/ss-310-plates-pune.html,SS 310 Plates in Pune | RFQ Support | Rubinox,45,SS 310 Plates Supplier in Pune,1,"SS 310 plates supplier in Pune. Rubinox supports RFQs with size, quantity, grade and documentation review.",106,https://rubinoxmetal.com/material-location/ss-310-plates-pune.html,1,,WebPage|BreadcrumbList|ListItem|Organization|PostalAddress|FAQPage|Question|Answer,pass,,none
/material-location/ss-410-round-bars-rajkot.html,material-location/ss-410-round-bars-rajkot.html,SS 410 Round Bars in Rajkot | RFQ Support | Rubinox,51,SS 410 Round Bars Supplier in Rajkot,1,"SS 410 round bars supplier in Rajkot. Rubinox supports RFQs with size, quantity, grade and documentation review.",112,https://rubinoxmetal.com/material-location/ss-410-round-bars-rajkot.html,1,,WebPage|BreadcrumbList|ListItem|Organization|PostalAddress|FAQPage|Question|Answer,pass,,none
/material-location/ss-430-sheets-delhi.html,material-location/ss-430-sheets-delhi.html,SS 430 Sheets in Delhi | RFQ Support | Rubinox,46,SS 430 Sheets Supplier in Delhi,1,"SS 430 sheets supplier in Delhi. Rubinox supports RFQs with size, quantity, grade and documentation review.",107,https://rubinoxmetal.com/material-location/ss-430-sheets-delhi.html,1,,WebPage|BreadcrumbList|ListItem|Organization|PostalAddress|FAQPage|Question|Answer,pass,,none
/material-location/ss-304-perforated-sheets-ahmedabad.html,material-location/ss-304-perforated-sheets-ahmedabad.html,SS 304 Perforated Sheets in Ahmedabad | RFQ Support | Rubinox,61,SS 304 Perforated Sheets Supplier in Ahmedabad,1,"SS 304 perforated sheets supplier in Ahmedabad. Rubinox supports RFQs with size, quantity, grade and documentation review.",122,https://rubinoxmetal.com/material-location/ss-304-perforated-sheets-ahmedabad.html,1,,WebPage|BreadcrumbList|ListItem|Organization|PostalAddress|FAQPage|Question|Answer,pass,,none
/material-location/ss-316-wire-mesh-bengaluru.html,material-location/ss-316-wire-mesh-bengaluru.html,SS 316 Wire Mesh in Bengaluru | RFQ Support | Rubinox,53,SS 316 Wire Mesh Supplier in Bengaluru,1,"SS 316 wire mesh supplier in Bengaluru. Rubinox supports RFQs with size, quantity, grade and documentation review.",114,https://rubinoxmetal.com/material-location/ss-316-wire-mesh-bengaluru.html,1,,WebPage|BreadcrumbList|ListItem|Organization|PostalAddress|FAQPage|Question|Answer,pass,,none
/material-location/ss-304l-sheets-mumbai.html,material-location/ss-304l-sheets-mumbai.html,SS 304L Sheets in Mumbai | RFQ Support | Rubinox,48,SS 304L Sheets Supplier in Mumbai,1,"SS 304L sheets supplier in Mumbai. Rubinox supports RFQs with size, quantity, grade and documentation review.",109,https://rubinoxmetal.com/material-location/ss-304l-sheets-mumbai.html,1,,WebPage|BreadcrumbList|ListItem|Organization|PostalAddress|FAQPage|Question|Answer,pass,,none
/material-location/ss-316-plates-mumbai.html,material-location/ss-316-plates-mumbai.html,SS 316 Plates in Mumbai | RFQ Support | Rubinox,47,SS 316 Plates Supplier in Mumbai,1,"SS 316 plates supplier in Mumbai. Rubinox supports RFQs with size, quantity, grade and documentation review.",108,https://rubinoxmetal.com/material-location/ss-316-plates-mumbai.html,1,,WebPage|BreadcrumbList|ListItem|Organization|PostalAddress|FAQPage|Question|Answer,pass,,none
/material-location/ss-316l-tubes-chennai.html,material-location/ss-316l-tubes-chennai.html,SS 316L Tubes in Chennai | RFQ Support | Rubinox,48,SS 316L Tubes Supplier in Chennai,1,"SS 316L tubes supplier in Chennai. Rubinox supports RFQs with size, quantity, grade and documentation review.",109,https://rubinoxmetal.com/material-location/ss-316l-tubes-chennai.html,1,,WebPage|BreadcrumbList|ListItem|Organization|PostalAddress|FAQPage|Question|Answer,pass,,none
/material-location/ss-304-fasteners-pune.html,material-location/ss-304-fasteners-pune.html,SS 304 Fasteners in Pune | RFQ Support | Rubinox,48,SS 304 Fasteners Supplier in Pune,1,"SS 304 fasteners supplier in Pune. Rubinox supports RFQs with size, quantity, grade and documentation review.",109,https://rubinoxmetal.com/material-location/ss-304-fasteners-pune.html,1,,WebPage|BreadcrumbList|ListItem|Organization|PostalAddress|FAQPage|Question|Answer,pass,,none
/material-location/ss-316l-fittings-mumbai.html,material-location/ss-316l-fittings-mumbai.html,SS 316L Fittings in Mumbai | RFQ Support | Rubinox,50,SS 316L Fittings Supplier in Mumbai,1,"SS 316L fittings supplier in Mumbai. Rubinox supports RFQs with size, quantity, grade and documentation review.",111,https://rubinoxmetal.com/material-location/ss-316l-fittings-mumbai.html,1,,WebPage|BreadcrumbList|ListItem|Organization|PostalAddress|FAQPage|Question|Answer,pass,,none
/material-location/ss-316-flanges-chennai.html,material-location/ss-316-flanges-chennai.html,SS 316 Flanges in Chennai | RFQ Support | Rubinox,49,SS 316 Flanges Supplier in Chennai,1,"SS 316 flanges supplier in Chennai. Rubinox supports RFQs with size, quantity, grade and documentation review.",110,https://rubinoxmetal.com/material-location/ss-316-flanges-chennai.html,1,,WebPage|BreadcrumbList|ListItem|Organization|PostalAddress|FAQPage|Question|Answer,pass,,none
/material-location/ss-304-coils-ahmedabad.html,material-location/ss-304-coils-ahmedabad.html,SS 304 Coils in Ahmedabad | RFQ Support | Rubinox,49,SS 304 Coils Supplier in Ahmedabad,1,"SS 304 coils supplier in Ahmedabad. Rubinox supports RFQs with size, quantity, grade and documentation review.",110,https://rubinoxmetal.com/material-location/ss-304-coils-ahmedabad.html,1,,WebPage|BreadcrumbList|ListItem|Organization|PostalAddress|FAQPage|Question|Answer,pass,,none
/material-location/ss-304-sheets-pune.html,material-location/ss-304-sheets-pune.html,SS 304 Sheets in Pune | RFQ Support | Rubinox,45,SS 304 Sheets Supplier in Pune,1,"SS 304 sheets supplier in Pune. Rubinox supports RFQs with size, quantity, grade and documentation review.",106,https://rubinoxmetal.com/material-location/ss-304-sheets-pune.html,1,,WebPage|BreadcrumbList|ListItem|Organization|PostalAddress|FAQPage|Question|Answer,pass,,none
/material-location/ss-316-pipes-chennai.html,material-location/ss-316-pipes-chennai.html,SS 316 Pipes in Chennai | RFQ Support | Rubinox,47,SS 316 Pipes Supplier in Chennai,1,"SS 316 pipes supplier in Chennai. Rubinox supports RFQs with size, quantity, grade and documentation review.",108,https://rubinoxmetal.com/material-location/ss-316-pipes-chennai.html,1,,WebPage|BreadcrumbList|ListItem|Organization|PostalAddress|FAQPage|Question|Answer,pass,,none
/material-location/ss-316l-pipes-mumbai.html,material-location/ss-316l-pipes-mumbai.html,SS 316L Pipes in Mumbai | RFQ Support | Rubinox,47,SS 316L Pipes Supplier in Mumbai,1,"SS 316L pipes supplier in Mumbai. Rubinox supports RFQs with size, quantity, grade and documentation review.",108,https://rubinoxmetal.com/material-location/ss-316l-pipes-mumbai.html,1,,WebPage|BreadcrumbList|ListItem|Organization|PostalAddress|FAQPage|Question|Answer,pass,,none
/material-location/ss-304-welded-pipes-pune.html,material-location/ss-304-welded-pipes-pune.html,SS 304 Welded Pipes in Pune | RFQ Support | Rubinox,51,SS 304 Welded Pipes Supplier in Pune,1,"SS 304 welded pipes supplier in Pune. Rubinox supports RFQs with size, quantity, grade and documentation review.",112,https://rubinoxmetal.com/material-location/ss-304-welded-pipes-pune.html,1,,WebPage|BreadcrumbList|ListItem|Organization|PostalAddress|FAQPage|Question|Answer,pass,,none
/material-location/ss-304-seamless-pipes-vadodara.html,material-location/ss-304-seamless-pipes-vadodara.html,SS 304 Seamless Pipes in Vadodara | RFQ Support | Rubinox,57,SS 304 Seamless Pipes Supplier in Vadodara,1,"SS 304 seamless pipes supplier in Vadodara. Rubinox supports RFQs with size, quantity, grade and documentation review.",118,https://rubinoxmetal.com/material-location/ss-304-seamless-pipes-vadodara.html,1,,WebPage|BreadcrumbList|ListItem|Organization|PostalAddress|FAQPage|Question|Answer,pass,,none
/material-location/ss-310-plates-mumbai.html,material-location/ss-310-plates-mumbai.html,SS 310 Plates in Mumbai | RFQ Support | Rubinox,47,SS 310 Plates Supplier in Mumbai,1,"SS 310 plates supplier in Mumbai. Rubinox supports RFQs with size, quantity, grade and documentation review.",108,https://rubinoxmetal.com/material-location/ss-310-plates-mumbai.html,1,,WebPage|BreadcrumbList|ListItem|Organization|PostalAddress|FAQPage|Question|Answer,pass,,none
/material-location/ss-410-round-bars-pune.html,material-location/ss-410-round-bars-pune.html,SS 410 Round Bars in Pune | RFQ Support | Rubinox,49,SS 410 Round Bars Supplier in Pune,1,"SS 410 round bars supplier in Pune. Rubinox supports RFQs with size, quantity, grade and documentation review.",110,https://rubinoxmetal.com/material-location/ss-410-round-bars-pune.html,1,,WebPage|BreadcrumbList|ListItem|Organization|PostalAddress|FAQPage|Question|Answer,pass,,none
/material-location/ss-430-sheets-chennai.html,material-location/ss-430-sheets-chennai.html,SS 430 Sheets in Chennai | RFQ Support | Rubinox,48,SS 430 Sheets Supplier in Chennai,1,"SS 430 sheets supplier in Chennai. Rubinox supports RFQs with size, quantity, grade and documentation review.",109,https://rubinoxmetal.com/material-location/ss-430-sheets-chennai.html,1,,WebPage|BreadcrumbList|ListItem|Organization|PostalAddress|FAQPage|Question|Answer,pass,,none
/material-location/ss-304-perforated-sheets-mumbai.html,material-location/ss-304-perforated-sheets-mumbai.html,SS 304 Perforated Sheets in Mumbai | RFQ Support | Rubinox,58,SS 304 Perforated Sheets Supplier in Mumbai,1,"SS 304 perforated sheets supplier in Mumbai. Rubinox supports RFQs with size, quantity, grade and documentation review.",119,https://rubinoxmetal.com/material-location/ss-304-perforated-sheets-mumbai.html,1,,WebPage|BreadcrumbList|ListItem|Organization|PostalAddress|FAQPage|Question|Answer,pass,,none
/material-location/ss-316-wire-mesh-mumbai.html,material-location/ss-316-wire-mesh-mumbai.html,SS 316 Wire Mesh in Mumbai | RFQ Support | Rubinox,50,SS 316 Wire Mesh Supplier in Mumbai,1,"SS 316 wire mesh supplier in Mumbai. Rubinox supports RFQs with size, quantity, grade and documentation review.",111,https://rubinoxmetal.com/material-location/ss-316-wire-mesh-mumbai.html,1,,WebPage|BreadcrumbList|ListItem|Organization|PostalAddress|FAQPage|Question|Answer,pass,,none
/material-location/ss-304l-sheets-pune.html,material-location/ss-304l-sheets-pune.html,SS 304L Sheets in Pune | RFQ Support | Rubinox,46,SS 304L Sheets Supplier in Pune,1,"SS 304L sheets supplier in Pune. Rubinox supports RFQs with size, quantity, grade and documentation review.",107,https://rubinoxmetal.com/material-location/ss-304l-sheets-pune.html,1,,WebPage|BreadcrumbList|ListItem|Organization|PostalAddress|FAQPage|Question|Answer,pass,,none
/material-location/ss-316-plates-pune.html,material-location/ss-316-plates-pune.html,SS 316 Plates in Pune | RFQ Support | Rubinox,45,SS 316 Plates Supplier in Pune,1,"SS 316 plates supplier in Pune. Rubinox supports RFQs with size, quantity, grade and documentation review.",106,https://rubinoxmetal.com/material-location/ss-316-plates-pune.html,1,,WebPage|BreadcrumbList|ListItem|Organization|PostalAddress|FAQPage|Question|Answer,pass,,none
/material-location/ss-316l-tubes-mumbai.html,material-location/ss-316l-tubes-mumbai.html,SS 316L Tubes in Mumbai | RFQ Support | Rubinox,47,SS 316L Tubes Supplier in Mumbai,1,"SS 316L tubes supplier in Mumbai. Rubinox supports RFQs with size, quantity, grade and documentation review.",108,https://rubinoxmetal.com/material-location/ss-316l-tubes-mumbai.html,1,,WebPage|BreadcrumbList|ListItem|Organization|PostalAddress|FAQPage|Question|Answer,pass,,none
/material-location/ss-304-fasteners-faridabad.html,material-location/ss-304-fasteners-faridabad.html,SS 304 Fasteners in Faridabad | RFQ Support | Rubinox,53,SS 304 Fasteners Supplier in Faridabad,1,"SS 304 fasteners supplier in Faridabad. Rubinox supports RFQs with size, quantity, grade and documentation review.",114,https://rubinoxmetal.com/material-location/ss-304-fasteners-faridabad.html,1,,WebPage|BreadcrumbList|ListItem|Organization|PostalAddress|FAQPage|Question|Answer,pass,,none
/material-location/ss-316l-fittings-pune.html,material-location/ss-316l-fittings-pune.html,SS 316L Fittings in Pune | RFQ Support | Rubinox,48,SS 316L Fittings Supplier in Pune,1,"SS 316L fittings supplier in Pune. Rubinox supports RFQs with size, quantity, grade and documentation review.",109,https://rubinoxmetal.com/material-location/ss-316l-fittings-pune.html,1,,WebPage|BreadcrumbList|ListItem|Organization|PostalAddress|FAQPage|Question|Answer,pass,,none
/material-location/ss-316-flanges-pune.html,material-location/ss-316-flanges-pune.html,SS 316 Flanges in Pune | RFQ Support | Rubinox,46,SS 316 Flanges Supplier in Pune,1,"SS 316 flanges supplier in Pune. Rubinox supports RFQs with size, quantity, grade and documentation review.",107,https://rubinoxmetal.com/material-location/ss-316-flanges-pune.html,1,,WebPage|BreadcrumbList|ListItem|Organization|PostalAddress|FAQPage|Question|Answer,pass,,none
/material-location/ss-304-coils-chennai.html,material-location/ss-304-coils-chennai.html,SS 304 Coils in Chennai | RFQ Support | Rubinox,47,SS 304 Coils Supplier in Chennai,1,"SS 304 coils supplier in Chennai. Rubinox supports RFQs with size, quantity, grade and documentation review.",108,https://rubinoxmetal.com/material-location/ss-304-coils-chennai.html,1,,WebPage|BreadcrumbList|ListItem|Organization|PostalAddress|FAQPage|Question|Answer,pass,,none
/material-location/ss-304-sheets-chennai.html,material-location/ss-304-sheets-chennai.html,SS 304 Sheets in Chennai | RFQ Support | Rubinox,48,SS 304 Sheets Supplier in Chennai,1,"SS 304 sheets supplier in Chennai. Rubinox supports RFQs with size, quantity, grade and documentation review.",109,https://rubinoxmetal.com/material-location/ss-304-sheets-chennai.html,1,,WebPage|BreadcrumbList|ListItem|Organization|PostalAddress|FAQPage|Question|Answer,pass,,none
/material-location/ss-316-pipes-hyderabad.html,material-location/ss-316-pipes-hyderabad.html,SS 316 Pipes in Hyderabad | RFQ Support | Rubinox,49,SS 316 Pipes Supplier in Hyderabad,1,"SS 316 pipes supplier in Hyderabad. Rubinox supports RFQs with size, quantity, grade and documentation review.",110,https://rubinoxmetal.com/material-location/ss-316-pipes-hyderabad.html,1,,WebPage|BreadcrumbList|ListItem|Organization|PostalAddress|FAQPage|Question|Answer,pass,,none
/material-location/ss-316l-pipes-chennai.html,material-location/ss-316l-pipes-chennai.html,SS 316L Pipes in Chennai | RFQ Support | Rubinox,48,SS 316L Pipes Supplier in Chennai,1,"SS 316L pipes supplier in Chennai. Rubinox supports RFQs with size, quantity, grade and documentation review.",109,https://rubinoxmetal.com/material-location/ss-316l-pipes-chennai.html,1,,WebPage|BreadcrumbList|ListItem|Organization|PostalAddress|FAQPage|Question|Answer,pass,,none
/material-location/ss-304-welded-pipes-ahmedabad.html,material-location/ss-304-welded-pipes-ahmedabad.html,SS 304 Welded Pipes in Ahmedabad | RFQ Support | Rubinox,56,SS 304 Welded Pipes Supplier in Ahmedabad,1,"SS 304 welded pipes supplier in Ahmedabad. Rubinox supports RFQs with size, quantity, grade and documentation review.",117,https://rubinoxmetal.com/material-location/ss-304-welded-pipes-ahmedabad.html,1,,WebPage|BreadcrumbList|ListItem|Organization|PostalAddress|FAQPage|Question|Answer,pass,,none
/material-location/ss-304-seamless-pipes-chennai.html,material-location/ss-304-seamless-pipes-chennai.html,SS 304 Seamless Pipes in Chennai | RFQ Support | Rubinox,56,SS 304 Seamless Pipes Supplier in Chennai,1,"SS 304 seamless pipes supplier in Chennai. Rubinox supports RFQs with size, quantity, grade and documentation review.",117,https://rubinoxmetal.com/material-location/ss-304-seamless-pipes-chennai.html,1,,WebPage|BreadcrumbList|ListItem|Organization|PostalAddress|FAQPage|Question|Answer,pass,,none
/material-location/ss-310-plates-chennai.html,material-location/ss-310-plates-chennai.html,SS 310 Plates in Chennai | RFQ Support | Rubinox,48,SS 310 Plates Supplier in Chennai,1,"SS 310 plates supplier in Chennai. Rubinox supports RFQs with size, quantity, grade and documentation review.",109,https://rubinoxmetal.com/material-location/ss-310-plates-chennai.html,1,,WebPage|BreadcrumbList|ListItem|Organization|PostalAddress|FAQPage|Question|Answer,pass,,none
/material-location/ss-410-round-bars-coimbatore.html,material-location/ss-410-round-bars-coimbatore.html,SS 410 Round Bars in Coimbatore | RFQ Support | Rubinox,55,SS 410 Round Bars Supplier in Coimbatore,1,"SS 410 round bars supplier in Coimbatore. Rubinox supports RFQs with size, quantity, grade and documentation review.",116,https://rubinoxmetal.com/material-location/ss-410-round-bars-coimbatore.html,1,,WebPage|BreadcrumbList|ListItem|Organization|PostalAddress|FAQPage|Question|Answer,pass,,none
/material-location/ss-420-rods-faridabad.html,material-location/ss-420-rods-faridabad.html,SS 420 Rods in Faridabad | RFQ Support | Rubinox,48,SS 420 Rods Supplier in Faridabad,1,"SS 420 rods supplier in Faridabad. Rubinox supports RFQs with size, quantity, grade and documentation review.",109,https://rubinoxmetal.com/material-location/ss-420-rods-faridabad.html,1,,WebPage|BreadcrumbList|ListItem|Organization|PostalAddress|FAQPage|Question|Answer,pass,,none
/material-location/ss-430-sheets-ahmedabad.html,material-location/ss-430-sheets-ahmedabad.html,SS 430 Sheets in Ahmedabad | RFQ Support | Rubinox,50,SS 430 Sheets Supplier in Ahmedabad,1,"SS 430 sheets supplier in Ahmedabad. Rubinox supports RFQs with size, quantity, grade and documentation review.",111,https://rubinoxmetal.com/material-location/ss-430-sheets-ahmedabad.html,1,,WebPage|BreadcrumbList|ListItem|Organization|PostalAddress|FAQPage|Question|Answer,pass,,none
/material-location/ss-304-perforated-sheets-pune.html,material-location/ss-304-perforated-sheets-pune.html,SS 304 Perforated Sheets in Pune | RFQ Support | Rubinox,56,SS 304 Perforated Sheets Supplier in Pune,1,"SS 304 perforated sheets supplier in Pune. Rubinox supports RFQs with size, quantity, grade and documentation review.",117,https://rubinoxmetal.com/material-location/ss-304-perforated-sheets-pune.html,1,,WebPage|BreadcrumbList|ListItem|Organization|PostalAddress|FAQPage|Question|Answer,pass,,none
/material-location/ss-316-wire-mesh-hyderabad.html,material-location/ss-316-wire-mesh-hyderabad.html,SS 316 Wire Mesh in Hyderabad | RFQ Support | Rubinox,53,SS 316 Wire Mesh Supplier in Hyderabad,1,"SS 316 wire mesh supplier in Hyderabad. Rubinox supports RFQs with size, quantity, grade and documentation review.",114,https://rubinoxmetal.com/material-location/ss-316-wire-mesh-hyderabad.html,1,,WebPage|BreadcrumbList|ListItem|Organization|PostalAddress|FAQPage|Question|Answer,pass,,none
/material-location/ss-304l-sheets-chennai.html,material-location/ss-304l-sheets-chennai.html,SS 304L Sheets in Chennai | RFQ Support | Rubinox,49,SS 304L Sheets Supplier in Chennai,1,"SS 304L sheets supplier in Chennai. Rubinox supports RFQs with size, quantity, grade and documentation review.",110,https://rubinoxmetal.com/material-location/ss-304l-sheets-chennai.html,1,,WebPage|BreadcrumbList|ListItem|Organization|PostalAddress|FAQPage|Question|Answer,pass,,none
/material-location/ss-316-plates-chennai.html,material-location/ss-316-plates-chennai.html,SS 316 Plates in Chennai | RFQ Support | Rubinox,48,SS 316 Plates Supplier in Chennai,1,"SS 316 plates supplier in Chennai. Rubinox supports RFQs with size, quantity, grade and documentation review.",109,https://rubinoxmetal.com/material-location/ss-316-plates-chennai.html,1,,WebPage|BreadcrumbList|ListItem|Organization|PostalAddress|FAQPage|Question|Answer,pass,,none
/material-location/ss-316l-tubes-pune.html,material-location/ss-316l-tubes-pune.html,SS 316L Tubes in Pune | RFQ Support | Rubinox,45,SS 316L Tubes Supplier in Pune,1,"SS 316L tubes supplier in Pune. Rubinox supports RFQs with size, quantity, grade and documentation review.",106,https://rubinoxmetal.com/material-location/ss-316l-tubes-pune.html,1,,WebPage|BreadcrumbList|ListItem|Organization|PostalAddress|FAQPage|Question|Answer,pass,,none
/material-location/ss-304-fasteners-chennai.html,material-location/ss-304-fasteners-chennai.html,SS 304 Fasteners in Chennai | RFQ Support | Rubinox,51,SS 304 Fasteners Supplier in Chennai,1,"SS 304 fasteners supplier in Chennai. Rubinox supports RFQs with size, quantity, grade and documentation review.",112,https://rubinoxmetal.com/material-location/ss-304-fasteners-chennai.html,1,,WebPage|BreadcrumbList|ListItem|Organization|PostalAddress|FAQPage|Question|Answer,pass,,none
/material-location/ss-316l-fittings-hyderabad.html,material-location/ss-316l-fittings-hyderabad.html,SS 316L Fittings in Hyderabad | RFQ Support | Rubinox,53,SS 316L Fittings Supplier in Hyderabad,1,"SS 316L fittings supplier in Hyderabad. Rubinox supports RFQs with size, quantity, grade and documentation review.",114,https://rubinoxmetal.com/material-location/ss-316l-fittings-hyderabad.html,1,,WebPage|BreadcrumbList|ListItem|Organization|PostalAddress|FAQPage|Question|Answer,pass,,none
/material-location/ss-316-flanges-ahmedabad.html,material-location/ss-316-flanges-ahmedabad.html,SS 316 Flanges in Ahmedabad | RFQ Support | Rubinox,51,SS 316 Flanges Supplier in Ahmedabad,1,"SS 316 flanges supplier in Ahmedabad. Rubinox supports RFQs with size, quantity, grade and documentation review.",112,https://rubinoxmetal.com/material-location/ss-316-flanges-ahmedabad.html,1,,WebPage|BreadcrumbList|ListItem|Organization|PostalAddress|FAQPage|Question|Answer,pass,,none
/material-location/ss-304-coils-bengaluru.html,material-location/ss-304-coils-bengaluru.html,SS 304 Coils in Bengaluru | RFQ Support | Rubinox,49,SS 304 Coils Supplier in Bengaluru,1,"SS 304 coils supplier in Bengaluru. Rubinox supports RFQs with size, quantity, grade and documentation review.",110,https://rubinoxmetal.com/material-location/ss-304-coils-bengaluru.html,1,,WebPage|BreadcrumbList|ListItem|Organization|PostalAddress|FAQPage|Question|Answer,pass,,none
/material-location/ss-304-sheets-hyderabad.html,material-location/ss-304-sheets-hyderabad.html,SS 304 Sheets in Hyderabad | RFQ Support | Rubinox,50,SS 304 Sheets Supplier in Hyderabad,1,"SS 304 sheets supplier in Hyderabad. Rubinox supports RFQs with size, quantity, grade and documentation review.",111,https://rubinoxmetal.com/material-location/ss-304-sheets-hyderabad.html,1,,WebPage|BreadcrumbList|ListItem|Organization|PostalAddress|FAQPage|Question|Answer,pass,,none
/material-location/ss-316-pipes-vadodara.html,material-location/ss-316-pipes-vadodara.html,SS 316 Pipes in Vadodara | RFQ Support | Rubinox,48,SS 316 Pipes Supplier in Vadodara,1,"SS 316 pipes supplier in Vadodara. Rubinox supports RFQs with size, quantity, grade and documentation review.",109,https://rubinoxmetal.com/material-location/ss-316-pipes-vadodara.html,1,,WebPage|BreadcrumbList|ListItem|Organization|PostalAddress|FAQPage|Question|Answer,pass,,none
/material-location/ss-316l-pipes-bengaluru.html,material-location/ss-316l-pipes-bengaluru.html,SS 316L Pipes in Bengaluru | RFQ Support | Rubinox,50,SS 316L Pipes Supplier in Bengaluru,1,"SS 316L pipes supplier in Bengaluru. Rubinox supports RFQs with size, quantity, grade and documentation review.",111,https://rubinoxmetal.com/material-location/ss-316l-pipes-bengaluru.html,1,,WebPage|BreadcrumbList|ListItem|Organization|PostalAddress|FAQPage|Question|Answer,pass,,none
/material-location/ss-304-welded-pipes-hyderabad.html,material-location/ss-304-welded-pipes-hyderabad.html,SS 304 Welded Pipes in Hyderabad | RFQ Support | Rubinox,56,SS 304 Welded Pipes Supplier in Hyderabad,1,"SS 304 welded pipes supplier in Hyderabad. Rubinox supports RFQs with size, quantity, grade and documentation review.",117,https://rubinoxmetal.com/material-location/ss-304-welded-pipes-hyderabad.html,1,,WebPage|BreadcrumbList|ListItem|Organization|PostalAddress|FAQPage|Question|Answer,pass,,none
/material-location/ss-304-seamless-pipes-ankleshwar.html,material-location/ss-304-seamless-pipes-ankleshwar.html,SS 304 Seamless Pipes in Ankleshwar | RFQ Support | Rubinox,59,SS 304 Seamless Pipes Supplier in Ankleshwar,1,"SS 304 seamless pipes supplier in Ankleshwar. Rubinox supports RFQs with size, quantity, grade and documentation review.",120,https://rubinoxmetal.com/material-location/ss-304-seamless-pipes-ankleshwar.html,1,,WebPage|BreadcrumbList|ListItem|Organization|PostalAddress|FAQPage|Question|Answer,pass,,none
/material-location/ss-310-plates-vadodara.html,material-location/ss-310-plates-vadodara.html,SS 310 Plates in Vadodara | RFQ Support | Rubinox,49,SS 310 Plates Supplier in Vadodara,1,"SS 310 plates supplier in Vadodara. Rubinox supports RFQs with size, quantity, grade and documentation review.",110,https://rubinoxmetal.com/material-location/ss-310-plates-vadodara.html,1,,WebPage|BreadcrumbList|ListItem|Organization|PostalAddress|FAQPage|Question|Answer,pass,,none
/material-location/ss-410-round-bars-faridabad.html,material-location/ss-410-round-bars-faridabad.html,SS 410 Round Bars in Faridabad | RFQ Support | Rubinox,54,SS 410 Round Bars Supplier in Faridabad,1,"SS 410 round bars supplier in Faridabad. Rubinox supports RFQs with size, quantity, grade and documentation review.",115,https://rubinoxmetal.com/material-location/ss-410-round-bars-faridabad.html,1,,WebPage|BreadcrumbList|ListItem|Organization|PostalAddress|FAQPage|Question|Answer,pass,,none
/material-location/ss-420-rods-pune.html,material-location/ss-420-rods-pune.html,SS 420 Rods in Pune | RFQ Support | Rubinox,43,SS 420 Rods Supplier in Pune,1,"SS 420 rods supplier in Pune. Rubinox supports RFQs with size, quantity, grade and documentation review.",104,https://rubinoxmetal.com/material-location/ss-420-rods-pune.html,1,,WebPage|BreadcrumbList|ListItem|Organization|PostalAddress|FAQPage|Question|Answer,pass,,none
/material-location/ss-430-sheets-mumbai.html,material-location/ss-430-sheets-mumbai.html,SS 430 Sheets in Mumbai | RFQ Support | Rubinox,47,SS 430 Sheets Supplier in Mumbai,1,"SS 430 sheets supplier in Mumbai. Rubinox supports RFQs with size, quantity, grade and documentation review.",108,https://rubinoxmetal.com/material-location/ss-430-sheets-mumbai.html,1,,WebPage|BreadcrumbList|ListItem|Organization|PostalAddress|FAQPage|Question|Answer,pass,,none
/material-location/ss-304-perforated-sheets-chennai.html,material-location/ss-304-perforated-sheets-chennai.html,SS 304 Perforated Sheets in Chennai | RFQ Support | Rubinox,59,SS 304 Perforated Sheets Supplier in Chennai,1,"SS 304 perforated sheets supplier in Chennai. Rubinox supports RFQs with size, quantity, grade and documentation review.",120,https://rubinoxmetal.com/material-location/ss-304-perforated-sheets-chennai.html,1,,WebPage|BreadcrumbList|ListItem|Organization|PostalAddress|FAQPage|Question|Answer,pass,,none
/material-location/ss-316-wire-mesh-chennai.html,material-location/ss-316-wire-mesh-chennai.html,SS 316 Wire Mesh in Chennai | RFQ Support | Rubinox,51,SS 316 Wire Mesh Supplier in Chennai,1,"SS 316 wire mesh supplier in Chennai. Rubinox supports RFQs with size, quantity, grade and documentation review.",112,https://rubinoxmetal.com/material-location/ss-316-wire-mesh-chennai.html,1,,WebPage|BreadcrumbList|ListItem|Organization|PostalAddress|FAQPage|Question|Answer,pass,,none
/material-location/ss-304l-sheets-ahmedabad.html,material-location/ss-304l-sheets-ahmedabad.html,SS 304L Sheets in Ahmedabad | RFQ Support | Rubinox,51,SS 304L Sheets Supplier in Ahmedabad,1,"SS 304L sheets supplier in Ahmedabad. Rubinox supports RFQs with size, quantity, grade and documentation review.",112,https://rubinoxmetal.com/material-location/ss-304l-sheets-ahmedabad.html,1,,WebPage|BreadcrumbList|ListItem|Organization|PostalAddress|FAQPage|Question|Answer,pass,,none
/material-location/ss-316-plates-hyderabad.html,material-location/ss-316-plates-hyderabad.html,SS 316 Plates in Hyderabad | RFQ Support | Rubinox,50,SS 316 Plates Supplier in Hyderabad,1,"SS 316 plates supplier in Hyderabad. Rubinox supports RFQs with size, quantity, grade and documentation review.",111,https://rubinoxmetal.com/material-location/ss-316-plates-hyderabad.html,1,,WebPage|BreadcrumbList|ListItem|Organization|PostalAddress|FAQPage|Question|Answer,pass,,none
/material-location/ss-316l-tubes-hyderabad.html,material-location/ss-316l-tubes-hyderabad.html,SS 316L Tubes in Hyderabad | RFQ Support | Rubinox,50,SS 316L Tubes Supplier in Hyderabad,1,"SS 316L tubes supplier in Hyderabad. Rubinox supports RFQs with size, quantity, grade and documentation review.",111,https://rubinoxmetal.com/material-location/ss-316l-tubes-hyderabad.html,1,,WebPage|BreadcrumbList|ListItem|Organization|PostalAddress|FAQPage|Question|Answer,pass,,none
/material-location/ss-304-fasteners-bengaluru.html,material-location/ss-304-fasteners-bengaluru.html,SS 304 Fasteners in Bengaluru | RFQ Support | Rubinox,53,SS 304 Fasteners Supplier in Bengaluru,1,"SS 304 fasteners supplier in Bengaluru. Rubinox supports RFQs with size, quantity, grade and documentation review.",114,https://rubinoxmetal.com/material-location/ss-304-fasteners-bengaluru.html,1,,WebPage|BreadcrumbList|ListItem|Organization|PostalAddress|FAQPage|Question|Answer,pass,,none
/material-location/ss-316l-fittings-vadodara.html,material-location/ss-316l-fittings-vadodara.html,SS 316L Fittings in Vadodara | RFQ Support | Rubinox,52,SS 316L Fittings Supplier in Vadodara,1,"SS 316L fittings supplier in Vadodara. Rubinox supports RFQs with size, quantity, grade and documentation review.",113,https://rubinoxmetal.com/material-location/ss-316l-fittings-vadodara.html,1,,WebPage|BreadcrumbList|ListItem|Organization|PostalAddress|FAQPage|Question|Answer,pass,,none
/material-location/ss-316-flanges-bengaluru.html,material-location/ss-316-flanges-bengaluru.html,SS 316 Flanges in Bengaluru | RFQ Support | Rubinox,51,SS 316 Flanges Supplier in Bengaluru,1,"SS 316 flanges supplier in Bengaluru. Rubinox supports RFQs with size, quantity, grade and documentation review.",112,https://rubinoxmetal.com/material-location/ss-316-flanges-bengaluru.html,1,,WebPage|BreadcrumbList|ListItem|Organization|PostalAddress|FAQPage|Question|Answer,pass,,none
/material-location/inconel-625-plates-mumbai.html,material-location/inconel-625-plates-mumbai.html,Inconel 625 Plates in Mumbai | RFQ Support | Rubinox,52,Inconel 625 Plates Supplier in Mumbai,1,"Inconel 625 plates supplier in Mumbai. Rubinox supports RFQs with size, quantity, grade and documentation review.",113,https://rubinoxmetal.com/material-location/inconel-625-plates-mumbai.html,1,,WebPage|BreadcrumbList|ListItem|Organization|PostalAddress|FAQPage|Question|Answer,pass,,none
/material-location/inconel-718-round-bars-pune.html,material-location/inconel-718-round-bars-pune.html,Inconel 718 Round Bars in Pune | RFQ Support | Rubinox,54,Inconel 718 Round Bars Supplier in Pune,1,"Inconel 718 round bars supplier in Pune. Rubinox supports RFQs with size, quantity, grade and documentation review.",115,https://rubinoxmetal.com/material-location/inconel-718-round-bars-pune.html,1,,WebPage|BreadcrumbList|ListItem|Organization|PostalAddress|FAQPage|Question|Answer,pass,,none
/material-location/hastelloy-c276-fittings-chennai.html,material-location/hastelloy-c276-fittings-chennai.html,Hastelloy C276 Fittings in Chennai | RFQ Support | Rubinox,58,Hastelloy C276 Fittings Supplier in Chennai,1,"Hastelloy C276 fittings supplier in Chennai. Rubinox supports RFQs with size, quantity, grade and documentation review.",119,https://rubinoxmetal.com/material-location/hastelloy-c276-fittings-chennai.html,1,,WebPage|BreadcrumbList|ListItem|Organization|PostalAddress|FAQPage|Question|Answer,pass,,none
/material-location/duplex-2205-plates-ahmedabad.html,material-location/duplex-2205-plates-ahmedabad.html,Duplex 2205 Plates in Ahmedabad | RFQ Support | Rubinox,55,Duplex 2205 Plates Supplier in Ahmedabad,1,"Duplex 2205 plates supplier in Ahmedabad. Rubinox supports RFQs with size, quantity, grade and documentation review.",116,https://rubinoxmetal.com/material-location/duplex-2205-plates-ahmedabad.html,1,,WebPage|BreadcrumbList|ListItem|Organization|PostalAddress|FAQPage|Question|Answer,pass,,none
/material-location/super-duplex-2507-pipes-chennai.html,material-location/super-duplex-2507-pipes-chennai.html,Super Duplex 2507 Pipes in Chennai | RFQ Support | Rubinox,58,Super Duplex 2507 Pipes Supplier in Chennai,1,"Super Duplex 2507 pipes supplier in Chennai. Rubinox supports RFQs with size, quantity, grade and documentation review.",119,https://rubinoxmetal.com/material-location/super-duplex-2507-pipes-chennai.html,1,,WebPage|BreadcrumbList|ListItem|Organization|PostalAddress|FAQPage|Question|Answer,pass,,none
/material-location/super-duplex-2507-flanges-mumbai.html,material-location/super-duplex-2507-flanges-mumbai.html,Super Duplex 2507 Flanges in Mumbai | RFQ Support | Rubinox,59,Super Duplex 2507 Flanges Supplier in Mumbai,1,"Super Duplex 2507 flanges supplier in Mumbai. Rubinox supports RFQs with size, quantity, grade and documentation review.",120,https://rubinoxmetal.com/material-location/super-duplex-2507-flanges-mumbai.html,1,,WebPage|BreadcrumbList|ListItem|Organization|PostalAddress|FAQPage|Question|Answer,pass,,none
/export-material/duplex-2205-pipes-saudi-arabia.html,export-material/duplex-2205-pipes-saudi-arabia.html,Duplex 2205 Pipes for Saudi Arabia | RFQ Support | Rubinox,58,Duplex 2205 Pipes Supplier for Saudi Arabia,1,"Duplex 2205 pipes supplier for Saudi Arabia. Rubinox supports RFQs with size, quantity, grade and documentation review.",119,https://rubinoxmetal.com/export-material/duplex-2205-pipes-saudi-arabia.html,1,,WebPage|BreadcrumbList|ListItem|Organization|PostalAddress|FAQPage|Question|Answer,pass,,none
/export-material/super-duplex-2507-flanges-qatar.html,export-material/super-duplex-2507-flanges-qatar.html,Super Duplex 2507 Flanges for Qatar | RFQ Support | Rubinox,59,Super Duplex 2507 Flanges Supplier for Qatar,1,"Super Duplex 2507 flanges supplier for Qatar. Rubinox supports RFQs with size, quantity, grade and documentation review.",120,https://rubinoxmetal.com/export-material/super-duplex-2507-flanges-qatar.html,1,,WebPage|BreadcrumbList|ListItem|Organization|PostalAddress|FAQPage|Question|Answer,pass,,none
/export-material/hastelloy-c276-plates-singapore.html,export-material/hastelloy-c276-plates-singapore.html,Hastelloy C276 Plates for Singapore | RFQ Support | Rubinox,59,Hastelloy C276 Plates Supplier for Singapore,1,"Hastelloy C276 plates supplier for Singapore. Rubinox supports RFQs with size, quantity, grade and documentation review.",120,https://rubinoxmetal.com/export-material/hastelloy-c276-plates-singapore.html,1,,WebPage|BreadcrumbList|ListItem|Organization|PostalAddress|FAQPage|Question|Answer,pass,,none
/export-material/inconel-625-plates-oman.html,export-material/inconel-625-plates-oman.html,Inconel 625 Plates for Oman | RFQ Support | Rubinox,51,Inconel 625 Plates Supplier for Oman,1,"Inconel 625 plates supplier for Oman. Rubinox supports RFQs with size, quantity, grade and documentation review.",112,https://rubinoxmetal.com/export-material/inconel-625-plates-oman.html,1,,WebPage|BreadcrumbList|ListItem|Organization|PostalAddress|FAQPage|Question|Answer,pass,,none
/material-location/inconel-625-plates-pune.html,material-location/inconel-625-plates-pune.html,Inconel 625 Plates in Pune | RFQ Support | Rubinox,50,Inconel 625 Plates Supplier in Pune,1,"Inconel 625 plates supplier in Pune. Rubinox supports RFQs with size, quantity, grade and documentation review.",111,https://rubinoxmetal.com/material-location/inconel-625-plates-pune.html,1,,WebPage|BreadcrumbList|ListItem|Organization|PostalAddress|FAQPage|Question|Answer,pass,,none
/material-location/inconel-718-round-bars-bengaluru.html,material-location/inconel-718-round-bars-bengaluru.html,Inconel 718 Round Bars in Bengaluru | RFQ Support | Rubinox,59,Inconel 718 Round Bars Supplier in Bengaluru,1,"Inconel 718 round bars supplier in Bengaluru. Rubinox supports RFQs with size, quantity, grade and documentation review.",120,https://rubinoxmetal.com/material-location/inconel-718-round-bars-bengaluru.html,1,,WebPage|BreadcrumbList|ListItem|Organization|PostalAddress|FAQPage|Question|Answer,pass,,none
/material-location/hastelloy-c276-fittings-ankleshwar.html,material-location/hastelloy-c276-fittings-ankleshwar.html,Hastelloy C276 Fittings in Ankleshwar | RFQ Support | Rubinox,61,Hastelloy C276 Fittings Supplier in Ankleshwar,1,"Hastelloy C276 fittings supplier in Ankleshwar. Rubinox supports RFQs with size, quantity, grade and documentation review.",122,https://rubinoxmetal.com/material-location/hastelloy-c276-fittings-ankleshwar.html,1,,WebPage|BreadcrumbList|ListItem|Organization|PostalAddress|FAQPage|Question|Answer,pass,,none
/material-location/duplex-2205-plates-mumbai.html,material-location/duplex-2205-plates-mumbai.html,Duplex 2205 Plates in Mumbai | RFQ Support | Rubinox,52,Duplex 2205 Plates Supplier in Mumbai,1,"Duplex 2205 plates supplier in Mumbai. Rubinox supports RFQs with size, quantity, grade and documentation review.",113,https://rubinoxmetal.com/material-location/duplex-2205-plates-mumbai.html,1,,WebPage|BreadcrumbList|ListItem|Organization|PostalAddress|FAQPage|Question|Answer,pass,,none
/material-location/super-duplex-2507-pipes-mumbai.html,material-location/super-duplex-2507-pipes-mumbai.html,Super Duplex 2507 Pipes in Mumbai | RFQ Support | Rubinox,57,Super Duplex 2507 Pipes Supplier in Mumbai,1,"Super Duplex 2507 pipes supplier in Mumbai. Rubinox supports RFQs with size, quantity, grade and documentation review.",118,https://rubinoxmetal.com/material-location/super-duplex-2507-pipes-mumbai.html,1,,WebPage|BreadcrumbList|ListItem|Organization|PostalAddress|FAQPage|Question|Answer,pass,,none
/material-location/super-duplex-2507-flanges-vadodara.html,material-location/super-duplex-2507-flanges-vadodara.html,Super Duplex 2507 Flanges in Vadodara | RFQ Support | Rubinox,61,Super Duplex 2507 Flanges Supplier in Vadodara,1,"Super Duplex 2507 flanges supplier in Vadodara. Rubinox supports RFQs with size, quantity, grade and documentation review.",122,https://rubinoxmetal.com/material-location/super-duplex-2507-flanges-vadodara.html,1,,WebPage|BreadcrumbList|ListItem|Organization|PostalAddress|FAQPage|Question|Answer,pass,,none
/export-material/duplex-2205-pipes-uae.html,export-material/duplex-2205-pipes-uae.html,Duplex 2205 Pipes for UAE | RFQ Support | Rubinox,49,Duplex 2205 Pipes Supplier for UAE,1,"Duplex 2205 pipes supplier for UAE. Rubinox supports RFQs with size, quantity, grade and documentation review.",110,https://rubinoxmetal.com/export-material/duplex-2205-pipes-uae.html,1,,WebPage|BreadcrumbList|ListItem|Organization|PostalAddress|FAQPage|Question|Answer,pass,,none
/export-material/super-duplex-2507-flanges-saudi-arabia.html,export-material/super-duplex-2507-flanges-saudi-arabia.html,Super Duplex 2507 Flanges for Saudi Arabia | RFQ Support | Rubinox,66,Super Duplex 2507 Flanges Supplier for Saudi Arabia,1,"Super Duplex 2507 flanges supplier for Saudi Arabia. Rubinox supports RFQs with size, quantity, grade and documentation review.",127,https://rubinoxmetal.com/export-material/super-duplex-2507-flanges-saudi-arabia.html,1,,WebPage|BreadcrumbList|ListItem|Organization|PostalAddress|FAQPage|Question|Answer,pass,,none
/export-material/hastelloy-c276-plates-germany.html,export-material/hastelloy-c276-plates-germany.html,Hastelloy C276 Plates for Germany | RFQ Support | Rubinox,57,Hastelloy C276 Plates Supplier for Germany,1,"Hastelloy C276 plates supplier for Germany. Rubinox supports RFQs with size, quantity, grade and documentation review.",118,https://rubinoxmetal.com/export-material/hastelloy-c276-plates-germany.html,1,,WebPage|BreadcrumbList|ListItem|Organization|PostalAddress|FAQPage|Question|Answer,pass,,none
/export-material/inconel-625-plates-saudi-arabia.html,export-material/inconel-625-plates-saudi-arabia.html,Inconel 625 Plates for Saudi Arabia | RFQ Support | Rubinox,59,Inconel 625 Plates Supplier for Saudi Arabia,1,"Inconel 625 plates supplier for Saudi Arabia. Rubinox supports RFQs with size, quantity, grade and documentation review.",120,https://rubinoxmetal.com/export-material/inconel-625-plates-saudi-arabia.html,1,,WebPage|BreadcrumbList|ListItem|Organization|PostalAddress|FAQPage|Question|Answer,pass,,none
/material-location/inconel-625-plates-chennai.html,material-location/inconel-625-plates-chennai.html,Inconel 625 Plates in Chennai | RFQ Support | Rubinox,53,Inconel 625 Plates Supplier in Chennai,1,"Inconel 625 plates supplier in Chennai. Rubinox supports RFQs with size, quantity, grade and documentation review.",114,https://rubinoxmetal.com/material-location/inconel-625-plates-chennai.html,1,,WebPage|BreadcrumbList|ListItem|Organization|PostalAddress|FAQPage|Question|Answer,pass,,none
/material-location/inconel-718-round-bars-chennai.html,material-location/inconel-718-round-bars-chennai.html,Inconel 718 Round Bars in Chennai | RFQ Support | Rubinox,57,Inconel 718 Round Bars Supplier in Chennai,1,"Inconel 718 round bars supplier in Chennai. Rubinox supports RFQs with size, quantity, grade and documentation review.",118,https://rubinoxmetal.com/material-location/inconel-718-round-bars-chennai.html,1,,WebPage|BreadcrumbList|ListItem|Organization|PostalAddress|FAQPage|Question|Answer,pass,,none
/material-location/hastelloy-c276-fittings-vadodara.html,material-location/hastelloy-c276-fittings-vadodara.html,Hastelloy C276 Fittings in Vadodara | RFQ Support | Rubinox,59,Hastelloy C276 Fittings Supplier in Vadodara,1,"Hastelloy C276 fittings supplier in Vadodara. Rubinox supports RFQs with size, quantity, grade and documentation review.",120,https://rubinoxmetal.com/material-location/hastelloy-c276-fittings-vadodara.html,1,,WebPage|BreadcrumbList|ListItem|Organization|PostalAddress|FAQPage|Question|Answer,pass,,none
/material-location/duplex-2205-plates-bharuch.html,material-location/duplex-2205-plates-bharuch.html,Duplex 2205 Plates in Bharuch | RFQ Support | Rubinox,53,Duplex 2205 Plates Supplier in Bharuch,1,"Duplex 2205 plates supplier in Bharuch. Rubinox supports RFQs with size, quantity, grade and documentation review.",114,https://rubinoxmetal.com/material-location/duplex-2205-plates-bharuch.html,1,,WebPage|BreadcrumbList|ListItem|Organization|PostalAddress|FAQPage|Question|Answer,pass,,none
/material-location/super-duplex-2507-pipes-vadodara.html,material-location/super-duplex-2507-pipes-vadodara.html,Super Duplex 2507 Pipes in Vadodara | RFQ Support | Rubinox,59,Super Duplex 2507 Pipes Supplier in Vadodara,1,"Super Duplex 2507 pipes supplier in Vadodara. Rubinox supports RFQs with size, quantity, grade and documentation review.",120,https://rubinoxmetal.com/material-location/super-duplex-2507-pipes-vadodara.html,1,,WebPage|BreadcrumbList|ListItem|Organization|PostalAddress|FAQPage|Question|Answer,pass,,none
/material-location/super-duplex-2507-flanges-chennai.html,material-location/super-duplex-2507-flanges-chennai.html,Super Duplex 2507 Flanges in Chennai | RFQ Support | Rubinox,60,Super Duplex 2507 Flanges Supplier in Chennai,1,"Super Duplex 2507 flanges supplier in Chennai. Rubinox supports RFQs with size, quantity, grade and documentation review.",121,https://rubinoxmetal.com/material-location/super-duplex-2507-flanges-chennai.html,1,,WebPage|BreadcrumbList|ListItem|Organization|PostalAddress|FAQPage|Question|Answer,pass,,none
/export-material/duplex-2205-pipes-qatar.html,export-material/duplex-2205-pipes-qatar.html,Duplex 2205 Pipes for Qatar | RFQ Support | Rubinox,51,Duplex 2205 Pipes Supplier for Qatar,1,"Duplex 2205 pipes supplier for Qatar. Rubinox supports RFQs with size, quantity, grade and documentation review.",112,https://rubinoxmetal.com/export-material/duplex-2205-pipes-qatar.html,1,,WebPage|BreadcrumbList|ListItem|Organization|PostalAddress|FAQPage|Question|Answer,pass,,none
/export-material/super-duplex-2507-flanges-oman.html,export-material/super-duplex-2507-flanges-oman.html,Super Duplex 2507 Flanges for Oman | RFQ Support | Rubinox,58,Super Duplex 2507 Flanges Supplier for Oman,1,"Super Duplex 2507 flanges supplier for Oman. Rubinox supports RFQs with size, quantity, grade and documentation review.",119,https://rubinoxmetal.com/export-material/super-duplex-2507-flanges-oman.html,1,,WebPage|BreadcrumbList|ListItem|Organization|PostalAddress|FAQPage|Question|Answer,pass,,none
/export-material/hastelloy-c276-plates-uae.html,export-material/hastelloy-c276-plates-uae.html,Hastelloy C276 Plates for UAE | RFQ Support | Rubinox,53,Hastelloy C276 Plates Supplier for UAE,1,"Hastelloy C276 plates supplier for UAE. Rubinox supports RFQs with size, quantity, grade and documentation review.",114,https://rubinoxmetal.com/export-material/hastelloy-c276-plates-uae.html,1,,WebPage|BreadcrumbList|ListItem|Organization|PostalAddress|FAQPage|Question|Answer,pass,,none
/export-material/inconel-625-plates-qatar.html,export-material/inconel-625-plates-qatar.html,Inconel 625 Plates for Qatar | RFQ Support | Rubinox,52,Inconel 625 Plates Supplier for Qatar,1,"Inconel 625 plates supplier for Qatar. Rubinox supports RFQs with size, quantity, grade and documentation review.",113,https://rubinoxmetal.com/export-material/inconel-625-plates-qatar.html,1,,WebPage|BreadcrumbList|ListItem|Organization|PostalAddress|FAQPage|Question|Answer,pass,,none
/material-location/inconel-625-plates-hyderabad.html,material-location/inconel-625-plates-hyderabad.html,Inconel 625 Plates in Hyderabad | RFQ Support | Rubinox,55,Inconel 625 Plates Supplier in Hyderabad,1,"Inconel 625 plates supplier in Hyderabad. Rubinox supports RFQs with size, quantity, grade and documentation review.",116,https://rubinoxmetal.com/material-location/inconel-625-plates-hyderabad.html,1,,WebPage|BreadcrumbList|ListItem|Organization|PostalAddress|FAQPage|Question|Answer,pass,,none
/material-location/inconel-718-round-bars-hyderabad.html,material-location/inconel-718-round-bars-hyderabad.html,Inconel 718 Round Bars in Hyderabad | RFQ Support | Rubinox,59,Inconel 718 Round Bars Supplier in Hyderabad,1,"Inconel 718 round bars supplier in Hyderabad. Rubinox supports RFQs with size, quantity, grade and documentation review.",120,https://rubinoxmetal.com/material-location/inconel-718-round-bars-hyderabad.html,1,,WebPage|BreadcrumbList|ListItem|Organization|PostalAddress|FAQPage|Question|Answer,pass,,none
/material-location/hastelloy-c276-fittings-hyderabad.html,material-location/hastelloy-c276-fittings-hyderabad.html,Hastelloy C276 Fittings in Hyderabad | RFQ Support | Rubinox,60,Hastelloy C276 Fittings Supplier in Hyderabad,1,"Hastelloy C276 fittings supplier in Hyderabad. Rubinox supports RFQs with size, quantity, grade and documentation review.",121,https://rubinoxmetal.com/material-location/hastelloy-c276-fittings-hyderabad.html,1,,WebPage|BreadcrumbList|ListItem|Organization|PostalAddress|FAQPage|Question|Answer,pass,,none
/material-location/duplex-2205-plates-jamnagar.html,material-location/duplex-2205-plates-jamnagar.html,Duplex 2205 Plates in Jamnagar | RFQ Support | Rubinox,54,Duplex 2205 Plates Supplier in Jamnagar,1,"Duplex 2205 plates supplier in Jamnagar. Rubinox supports RFQs with size, quantity, grade and documentation review.",115,https://rubinoxmetal.com/material-location/duplex-2205-plates-jamnagar.html,1,,WebPage|BreadcrumbList|ListItem|Organization|PostalAddress|FAQPage|Question|Answer,pass,,none
/material-location/super-duplex-2507-pipes-kakinada.html,material-location/super-duplex-2507-pipes-kakinada.html,Super Duplex 2507 Pipes in Kakinada | RFQ Support | Rubinox,59,Super Duplex 2507 Pipes Supplier in Kakinada,1,"Super Duplex 2507 pipes supplier in Kakinada. Rubinox supports RFQs with size, quantity, grade and documentation review.",120,https://rubinoxmetal.com/material-location/super-duplex-2507-pipes-kakinada.html,1,,WebPage|BreadcrumbList|ListItem|Organization|PostalAddress|FAQPage|Question|Answer,pass,,none
/material-location/super-duplex-2507-flanges-bharuch.html,material-location/super-duplex-2507-flanges-bharuch.html,Super Duplex 2507 Flanges in Bharuch | RFQ Support | Rubinox,60,Super Duplex 2507 Flanges Supplier in Bharuch,1,"Super Duplex 2507 flanges supplier in Bharuch. Rubinox supports RFQs with size, quantity, grade and documentation review.",121,https://rubinoxmetal.com/material-location/super-duplex-2507-flanges-bharuch.html,1,,WebPage|BreadcrumbList|ListItem|Organization|PostalAddress|FAQPage|Question|Answer,pass,,none
/material-location/hss-m35-round-bars-pune.html,material-location/hss-m35-round-bars-pune.html,HSS M35 Round Bars in Pune | RFQ Support | Rubinox,50,HSS M35 Round Bars Supplier in Pune,1,"HSS M35 round bars supplier in Pune. Rubinox supports RFQs with size, quantity, grade and documentation review.",111,https://rubinoxmetal.com/material-location/hss-m35-round-bars-pune.html,1,,WebPage|BreadcrumbList|ListItem|Organization|PostalAddress|FAQPage|Question|Answer,pass,,none
/material-location/hss-m42-tool-steel-bars-chennai.html,material-location/hss-m42-tool-steel-bars-chennai.html,HSS M42 Tool Steel Bars in Chennai | RFQ Support | Rubinox,58,HSS M42 Tool Steel Bars Supplier in Chennai,1,"HSS M42 tool steel bars supplier in Chennai. Rubinox supports RFQs with size, quantity, grade and documentation review.",119,https://rubinoxmetal.com/material-location/hss-m42-tool-steel-bars-chennai.html,1,,WebPage|BreadcrumbList|ListItem|Organization|PostalAddress|FAQPage|Question|Answer,pass,,none
/material-location/hss-m2-flats-coimbatore.html,material-location/hss-m2-flats-coimbatore.html,HSS M2 Flats in Coimbatore | RFQ Support | Rubinox,50,HSS M2 Flats Supplier in Coimbatore,1,"HSS M2 flats supplier in Coimbatore. Rubinox supports RFQs with size, quantity, grade and documentation review.",111,https://rubinoxmetal.com/material-location/hss-m2-flats-coimbatore.html,1,,WebPage|BreadcrumbList|ListItem|Organization|PostalAddress|FAQPage|Question|Answer,pass,,none
/material-location/aluminium-6061-plates-chennai.html,material-location/aluminium-6061-plates-chennai.html,Aluminium 6061 Plates in Chennai | RFQ Support | Rubinox,56,Aluminium 6061 Plates Supplier in Chennai,1,"Aluminium 6061 plates supplier in Chennai. Rubinox supports RFQs with size, quantity, grade and documentation review.",117,https://rubinoxmetal.com/material-location/aluminium-6061-plates-chennai.html,1,,WebPage|BreadcrumbList|ListItem|Organization|PostalAddress|FAQPage|Question|Answer,pass,,none
/material-location/hss-m35-round-bars-bengaluru.html,material-location/hss-m35-round-bars-bengaluru.html,HSS M35 Round Bars in Bengaluru | RFQ Support | Rubinox,55,HSS M35 Round Bars Supplier in Bengaluru,1,"HSS M35 round bars supplier in Bengaluru. Rubinox supports RFQs with size, quantity, grade and documentation review.",116,https://rubinoxmetal.com/material-location/hss-m35-round-bars-bengaluru.html,1,,WebPage|BreadcrumbList|ListItem|Organization|PostalAddress|FAQPage|Question|Answer,pass,,none
/material-location/hss-m42-tool-steel-bars-pune.html,material-location/hss-m42-tool-steel-bars-pune.html,HSS M42 Tool Steel Bars in Pune | RFQ Support | Rubinox,55,HSS M42 Tool Steel Bars Supplier in Pune,1,"HSS M42 tool steel bars supplier in Pune. Rubinox supports RFQs with size, quantity, grade and documentation review.",116,https://rubinoxmetal.com/material-location/hss-m42-tool-steel-bars-pune.html,1,,WebPage|BreadcrumbList|ListItem|Organization|PostalAddress|FAQPage|Question|Answer,pass,,none
/material-location/aluminium-6061-plates-mumbai.html,material-location/aluminium-6061-plates-mumbai.html,Aluminium 6061 Plates in Mumbai | RFQ Support | Rubinox,55,Aluminium 6061 Plates Supplier in Mumbai,1,"Aluminium 6061 plates supplier in Mumbai. Rubinox supports RFQs with size, quantity, grade and documentation review.",116,https://rubinoxmetal.com/material-location/aluminium-6061-plates-mumbai.html,1,,WebPage|BreadcrumbList|ListItem|Organization|PostalAddress|FAQPage|Question|Answer,pass,,none
/material-location/hss-m35-round-bars-chennai.html,material-location/hss-m35-round-bars-chennai.html,HSS M35 Round Bars in Chennai | RFQ Support | Rubinox,53,HSS M35 Round Bars Supplier in Chennai,1,"HSS M35 round bars supplier in Chennai. Rubinox supports RFQs with size, quantity, grade and documentation review.",114,https://rubinoxmetal.com/material-location/hss-m35-round-bars-chennai.html,1,,WebPage|BreadcrumbList|ListItem|Organization|PostalAddress|FAQPage|Question|Answer,pass,,none
/material-location/hss-m42-tool-steel-bars-faridabad.html,material-location/hss-m42-tool-steel-bars-faridabad.html,HSS M42 Tool Steel Bars in Faridabad | RFQ Support | Rubinox,60,HSS M42 Tool Steel Bars Supplier in Faridabad,1,"HSS M42 tool steel bars supplier in Faridabad. Rubinox supports RFQs with size, quantity, grade and documentation review.",121,https://rubinoxmetal.com/material-location/hss-m42-tool-steel-bars-faridabad.html,1,,WebPage|BreadcrumbList|ListItem|Organization|PostalAddress|FAQPage|Question|Answer,pass,,none
/material-location/hss-m2-flats-pune.html,material-location/hss-m2-flats-pune.html,HSS M2 Flats in Pune | RFQ Support | Rubinox,44,HSS M2 Flats Supplier in Pune,1,"HSS M2 flats supplier in Pune. Rubinox supports RFQs with size, quantity, grade and documentation review.",105,https://rubinoxmetal.com/material-location/hss-m2-flats-pune.html,1,,WebPage|BreadcrumbList|ListItem|Organization|PostalAddress|FAQPage|Question|Answer,pass,,none
/material-location/aluminium-6061-plates-bengaluru.html,material-location/aluminium-6061-plates-bengaluru.html,Aluminium 6061 Plates in Bengaluru | RFQ Support | Rubinox,58,Aluminium 6061 Plates Supplier in Bengaluru,1,"Aluminium 6061 plates supplier in Bengaluru. Rubinox supports RFQs with size, quantity, grade and documentation review.",119,https://rubinoxmetal.com/material-location/aluminium-6061-plates-bengaluru.html,1,,WebPage|BreadcrumbList|ListItem|Organization|PostalAddress|FAQPage|Question|Answer,pass,,none
/material-location/hss-m35-round-bars-coimbatore.html,material-location/hss-m35-round-bars-coimbatore.html,HSS M35 Round Bars in Coimbatore | RFQ Support | Rubinox,56,HSS M35 Round Bars Supplier in Coimbatore,1,"HSS M35 round bars supplier in Coimbatore. Rubinox supports RFQs with size, quantity, grade and documentation review.",117,https://rubinoxmetal.com/material-location/hss-m35-round-bars-coimbatore.html,1,,WebPage|BreadcrumbList|ListItem|Organization|PostalAddress|FAQPage|Question|Answer,pass,,none
