url,file_path,page_type,material,grade,form,city,state,country,h1,title,canonical,primary_internal_links,status
/material-location/ss-304-fittings-mumbai.html,material-location/ss-304-fittings-mumbai.html,india_city,Stainless Steel,SS 304,Fittings,Mumbai,Maharashtra,,SS 304 Fittings Supplier in Mumbai,SS 304 Fittings Supplier in Mumbai | Rubinox,https://rubinoxmetal.com/material-location/ss-304-fittings-mumbai.html,/material-location.html; /materials.html; /locations.html; /quotation.html; /contact.html,created
/material-location/ss-304-fittings-pune.html,material-location/ss-304-fittings-pune.html,india_city,Stainless Steel,SS 304,Fittings,Pune,Maharashtra,,SS 304 Fittings Supplier in Pune,SS 304 Fittings Supplier in Pune | Rubinox,https://rubinoxmetal.com/material-location/ss-304-fittings-pune.html,/material-location.html; /materials.html; /locations.html; /quotation.html; /contact.html,created
/material-location/ss-304-fittings-ahmedabad.html,material-location/ss-304-fittings-ahmedabad.html,india_city,Stainless Steel,SS 304,Fittings,Ahmedabad,Gujarat,,SS 304 Fittings Supplier in Ahmedabad,SS 304 Fittings Supplier in Ahmedabad | Rubinox,https://rubinoxmetal.com/material-location/ss-304-fittings-ahmedabad.html,/material-location.html; /materials.html; /locations.html; /quotation.html; /contact.html,created
/material-location/ss-304-fittings-bengaluru.html,material-location/ss-304-fittings-bengaluru.html,india_city,Stainless Steel,SS 304,Fittings,Bengaluru,Karnataka,,SS 304 Fittings Supplier in Bengaluru,SS 304 Fittings Supplier in Bengaluru | Rubinox,https://rubinoxmetal.com/material-location/ss-304-fittings-bengaluru.html,/material-location.html; /materials.html; /locations.html; /quotation.html; /contact.html,created
/material-location/ss-304-fittings-chakan-pimpri-chinchwad.html,material-location/ss-304-fittings-chakan-pimpri-chinchwad.html,india_city,Stainless Steel,SS 304,Fittings,Chakan and Pimpri-Chinchwad,Maharashtra,,SS 304 Fittings Supplier in Chakan and Pimpri-Chinchwad,SS 304 Fittings Supplier in Chakan and Pimpri-Chinchwad | Rubinox,https://rubinoxmetal.com/material-location/ss-304-fittings-chakan-pimpri-chinchwad.html,/material-location.html; /materials.html; /locations.html; /quotation.html; /contact.html,created
/material-location/ss-304-fittings-chennai.html,material-location/ss-304-fittings-chennai.html,india_city,Stainless Steel,SS 304,Fittings,Chennai,Tamil Nadu,,SS 304 Fittings Supplier in Chennai,SS 304 Fittings Supplier in Chennai | Rubinox,https://rubinoxmetal.com/material-location/ss-304-fittings-chennai.html,/material-location.html; /materials.html; /locations.html; /quotation.html; /contact.html,created
/material-location/ss-304-fittings-hyderabad.html,material-location/ss-304-fittings-hyderabad.html,india_city,Stainless Steel,SS 304,Fittings,Hyderabad,Telangana,,SS 304 Fittings Supplier in Hyderabad,SS 304 Fittings Supplier in Hyderabad | Rubinox,https://rubinoxmetal.com/material-location/ss-304-fittings-hyderabad.html,/material-location.html; /materials.html; /locations.html; /quotation.html; /contact.html,created
/material-location/ss-304-fittings-vadodara.html,material-location/ss-304-fittings-vadodara.html,india_city,Stainless Steel,SS 304,Fittings,Vadodara,Gujarat,,SS 304 Fittings Supplier in Vadodara,SS 304 Fittings Supplier in Vadodara | Rubinox,https://rubinoxmetal.com/material-location/ss-304-fittings-vadodara.html,/material-location.html; /materials.html; /locations.html; /quotation.html; /contact.html,created
/material-location/ss-304-fittings-ankleshwar.html,material-location/ss-304-fittings-ankleshwar.html,india_city,Stainless Steel,SS 304,Fittings,Ankleshwar,Gujarat,,SS 304 Fittings Supplier in Ankleshwar,SS 304 Fittings Supplier in Ankleshwar | Rubinox,https://rubinoxmetal.com/material-location/ss-304-fittings-ankleshwar.html,/material-location.html; /materials.html; /locations.html; /quotation.html; /contact.html,created
/material-location/ss-304-fittings-delhi.html,material-location/ss-304-fittings-delhi.html,india_city,Stainless Steel,SS 304,Fittings,Delhi NCR,Delhi NCR,,SS 304 Fittings Supplier in Delhi NCR,SS 304 Fittings Supplier in Delhi NCR | Rubinox,https://rubinoxmetal.com/material-location/ss-304-fittings-delhi.html,/material-location.html; /materials.html; /locations.html; /quotation.html; /contact.html,created
/material-location/ss-304-fittings-bharuch.html,material-location/ss-304-fittings-bharuch.html,india_city,Stainless Steel,SS 304,Fittings,Bharuch,Gujarat,,SS 304 Fittings Supplier in Bharuch,SS 304 Fittings Supplier in Bharuch | Rubinox,https://rubinoxmetal.com/material-location/ss-304-fittings-bharuch.html,/material-location.html; /materials.html; /locations.html; /quotation.html; /contact.html,created
/material-location/ss-304-fittings-coimbatore.html,material-location/ss-304-fittings-coimbatore.html,india_city,Stainless Steel,SS 304,Fittings,Coimbatore,Tamil Nadu,,SS 304 Fittings Supplier in Coimbatore,SS 304 Fittings Supplier in Coimbatore | Rubinox,https://rubinoxmetal.com/material-location/ss-304-fittings-coimbatore.html,/material-location.html; /materials.html; /locations.html; /quotation.html; /contact.html,created
/material-location/ss-304-fittings-faridabad.html,material-location/ss-304-fittings-faridabad.html,india_city,Stainless Steel,SS 304,Fittings,Faridabad,Haryana,,SS 304 Fittings Supplier in Faridabad,SS 304 Fittings Supplier in Faridabad | Rubinox,https://rubinoxmetal.com/material-location/ss-304-fittings-faridabad.html,/material-location.html; /materials.html; /locations.html; /quotation.html; /contact.html,created
/material-location/ss-304-fittings-gurugram-manesar.html,material-location/ss-304-fittings-gurugram-manesar.html,india_city,Stainless Steel,SS 304,Fittings,Gurugram and Manesar,Haryana,,SS 304 Fittings Supplier in Gurugram and Manesar,SS 304 Fittings Supplier in Gurugram and Manesar | Rubinox,https://rubinoxmetal.com/material-location/ss-304-fittings-gurugram-manesar.html,/material-location.html; /materials.html; /locations.html; /quotation.html; /contact.html,created
/material-location/ss-304-fittings-vapi.html,material-location/ss-304-fittings-vapi.html,india_city,Stainless Steel,SS 304,Fittings,Vapi,Gujarat,,SS 304 Fittings Supplier in Vapi,SS 304 Fittings Supplier in Vapi | Rubinox,https://rubinoxmetal.com/material-location/ss-304-fittings-vapi.html,/material-location.html; /materials.html; /locations.html; /quotation.html; /contact.html,created
/material-location/ss-304-fittings-visakhapatnam.html,material-location/ss-304-fittings-visakhapatnam.html,india_city,Stainless Steel,SS 304,Fittings,Visakhapatnam,Andhra Pradesh,,SS 304 Fittings Supplier in Visakhapatnam,SS 304 Fittings Supplier in Visakhapatnam | Rubinox,https://rubinoxmetal.com/material-location/ss-304-fittings-visakhapatnam.html,/material-location.html; /materials.html; /locations.html; /quotation.html; /contact.html,created
/material-location/ss-304-fittings-hosur.html,material-location/ss-304-fittings-hosur.html,india_city,Stainless Steel,SS 304,Fittings,Hosur,Tamil Nadu,,SS 304 Fittings Supplier in Hosur,SS 304 Fittings Supplier in Hosur | Rubinox,https://rubinoxmetal.com/material-location/ss-304-fittings-hosur.html,/material-location.html; /materials.html; /locations.html; /quotation.html; /contact.html,created
/material-location/ss-304-fittings-indore-pithampur.html,material-location/ss-304-fittings-indore-pithampur.html,india_city,Stainless Steel,SS 304,Fittings,Indore and Pithampur,Madhya Pradesh,,SS 304 Fittings Supplier in Indore and Pithampur,SS 304 Fittings Supplier in Indore and Pithampur | Rubinox,https://rubinoxmetal.com/material-location/ss-304-fittings-indore-pithampur.html,/material-location.html; /materials.html; /locations.html; /quotation.html; /contact.html,created
/material-location/ss-304-fittings-jamnagar.html,material-location/ss-304-fittings-jamnagar.html,india_city,Stainless Steel,SS 304,Fittings,Jamnagar,Gujarat,,SS 304 Fittings Supplier in Jamnagar,SS 304 Fittings Supplier in Jamnagar | Rubinox,https://rubinoxmetal.com/material-location/ss-304-fittings-jamnagar.html,/material-location.html; /materials.html; /locations.html; /quotation.html; /contact.html,created
/material-location/ss-304-fittings-jamshedpur.html,material-location/ss-304-fittings-jamshedpur.html,india_city,Stainless Steel,SS 304,Fittings,Jamshedpur,Jharkhand,,SS 304 Fittings Supplier in Jamshedpur,SS 304 Fittings Supplier in Jamshedpur | Rubinox,https://rubinoxmetal.com/material-location/ss-304-fittings-jamshedpur.html,/material-location.html; /materials.html; /locations.html; /quotation.html; /contact.html,created
/material-location/ss-304-fittings-navi-mumbai.html,material-location/ss-304-fittings-navi-mumbai.html,india_city,Stainless Steel,SS 304,Fittings,Navi Mumbai,Maharashtra,,SS 304 Fittings Supplier in Navi Mumbai,SS 304 Fittings Supplier in Navi Mumbai | Rubinox,https://rubinoxmetal.com/material-location/ss-304-fittings-navi-mumbai.html,/material-location.html; /materials.html; /locations.html; /quotation.html; /contact.html,created
/material-location/ss-304-fittings-noida.html,material-location/ss-304-fittings-noida.html,india_city,Stainless Steel,SS 304,Fittings,Noida,Uttar Pradesh,,SS 304 Fittings Supplier in Noida,SS 304 Fittings Supplier in Noida | Rubinox,https://rubinoxmetal.com/material-location/ss-304-fittings-noida.html,/material-location.html; /materials.html; /locations.html; /quotation.html; /contact.html,created
/material-location/ss-304-fittings-sriperumbudur-oragadam.html,material-location/ss-304-fittings-sriperumbudur-oragadam.html,india_city,Stainless Steel,SS 304,Fittings,Sriperumbudur and Oragadam,Tamil Nadu,,SS 304 Fittings Supplier in Sriperumbudur and Oragadam,SS 304 Fittings Supplier in Sriperumbudur and Oragadam | Rubinox,https://rubinoxmetal.com/material-location/ss-304-fittings-sriperumbudur-oragadam.html,/material-location.html; /materials.html; /locations.html; /quotation.html; /contact.html,created
/material-location/ss-304-fittings-surat.html,material-location/ss-304-fittings-surat.html,india_city,Stainless Steel,SS 304,Fittings,Surat,Gujarat,,SS 304 Fittings Supplier in Surat,SS 304 Fittings Supplier in Surat | Rubinox,https://rubinoxmetal.com/material-location/ss-304-fittings-surat.html,/material-location.html; /materials.html; /locations.html; /quotation.html; /contact.html,created
/material-location/ss-304-fittings-dholera-sanand.html,material-location/ss-304-fittings-dholera-sanand.html,india_city,Stainless Steel,SS 304,Fittings,Dholera and Sanand,Gujarat,,SS 304 Fittings Supplier in Dholera and Sanand,SS 304 Fittings Supplier in Dholera and Sanand | Rubinox,https://rubinoxmetal.com/material-location/ss-304-fittings-dholera-sanand.html,/material-location.html; /materials.html; /locations.html; /quotation.html; /contact.html,created
/material-location/ss-304-fittings-greater-noida.html,material-location/ss-304-fittings-greater-noida.html,india_city,Stainless Steel,SS 304,Fittings,Greater Noida,Uttar Pradesh,,SS 304 Fittings Supplier in Greater Noida,SS 304 Fittings Supplier in Greater Noida | Rubinox,https://rubinoxmetal.com/material-location/ss-304-fittings-greater-noida.html,/material-location.html; /materials.html; /locations.html; /quotation.html; /contact.html,created
/material-location/ss-304-fittings-kolkata-howrah-durgapur.html,material-location/ss-304-fittings-kolkata-howrah-durgapur.html,india_city,Stainless Steel,SS 304,Fittings,"Kolkata, Howrah and Durgapur",West Bengal,,"SS 304 Fittings Supplier in Kolkata, Howrah and Durgapur","SS 304 Fittings Supplier in Kolkata, Howrah and Durgapur | Rubinox",https://rubinoxmetal.com/material-location/ss-304-fittings-kolkata-howrah-durgapur.html,/material-location.html; /materials.html; /locations.html; /quotation.html; /contact.html,created
/material-location/ss-304-fittings-ludhiana.html,material-location/ss-304-fittings-ludhiana.html,india_city,Stainless Steel,SS 304,Fittings,Ludhiana,Punjab,,SS 304 Fittings Supplier in Ludhiana,SS 304 Fittings Supplier in Ludhiana | Rubinox,https://rubinoxmetal.com/material-location/ss-304-fittings-ludhiana.html,/material-location.html; /materials.html; /locations.html; /quotation.html; /contact.html,created
/material-location/ss-304-fittings-thane.html,material-location/ss-304-fittings-thane.html,india_city,Stainless Steel,SS 304,Fittings,Thane,Maharashtra,,SS 304 Fittings Supplier in Thane,SS 304 Fittings Supplier in Thane | Rubinox,https://rubinoxmetal.com/material-location/ss-304-fittings-thane.html,/material-location.html; /materials.html; /locations.html; /quotation.html; /contact.html,created
/material-location/ss-304-fittings-kakinada.html,material-location/ss-304-fittings-kakinada.html,india_city,Stainless Steel,SS 304,Fittings,Kakinada,Andhra Pradesh,,SS 304 Fittings Supplier in Kakinada,SS 304 Fittings Supplier in Kakinada | Rubinox,https://rubinoxmetal.com/material-location/ss-304-fittings-kakinada.html,/material-location.html; /materials.html; /locations.html; /quotation.html; /contact.html,created
/material-location/ss-304-fittings-rajkot.html,material-location/ss-304-fittings-rajkot.html,india_city,Stainless Steel,SS 304,Fittings,Rajkot,Gujarat,,SS 304 Fittings Supplier in Rajkot,SS 304 Fittings Supplier in Rajkot | Rubinox,https://rubinoxmetal.com/material-location/ss-304-fittings-rajkot.html,/material-location.html; /materials.html; /locations.html; /quotation.html; /contact.html,created
/material-location/ss-304-fittings-ghaziabad.html,material-location/ss-304-fittings-ghaziabad.html,india_city,Stainless Steel,SS 304,Fittings,Ghaziabad,Uttar Pradesh,,SS 304 Fittings Supplier in Ghaziabad,SS 304 Fittings Supplier in Ghaziabad | Rubinox,https://rubinoxmetal.com/material-location/ss-304-fittings-ghaziabad.html,/material-location.html; /materials.html; /locations.html; /quotation.html; /contact.html,created
/material-location/ss-304-fittings-nashik.html,material-location/ss-304-fittings-nashik.html,india_city,Stainless Steel,SS 304,Fittings,Nashik,Maharashtra,,SS 304 Fittings Supplier in Nashik,SS 304 Fittings Supplier in Nashik | Rubinox,https://rubinoxmetal.com/material-location/ss-304-fittings-nashik.html,/material-location.html; /materials.html; /locations.html; /quotation.html; /contact.html,created
/material-location/ss-304-fittings-salem.html,material-location/ss-304-fittings-salem.html,india_city,Stainless Steel,SS 304,Fittings,Salem,Tamil Nadu,,SS 304 Fittings Supplier in Salem,SS 304 Fittings Supplier in Salem | Rubinox,https://rubinoxmetal.com/material-location/ss-304-fittings-salem.html,/material-location.html; /materials.html; /locations.html; /quotation.html; /contact.html,created
/material-location/ss-304-fittings-tiruchirappalli.html,material-location/ss-304-fittings-tiruchirappalli.html,india_city,Stainless Steel,SS 304,Fittings,Tiruchirappalli / Trichy,Tamil Nadu,,SS 304 Fittings Supplier in Tiruchirappalli / Trichy,SS 304 Fittings Supplier in Tiruchirappalli / Trichy | Rubinox,https://rubinoxmetal.com/material-location/ss-304-fittings-tiruchirappalli.html,/material-location.html; /materials.html; /locations.html; /quotation.html; /contact.html,created
/material-location/ss-304-fittings-chhatrapati-sambhajinagar-aurangabad.html,material-location/ss-304-fittings-chhatrapati-sambhajinagar-aurangabad.html,india_city,Stainless Steel,SS 304,Fittings,Chhatrapati Sambhajinagar / Aurangabad,Maharashtra,,SS 304 Fittings Supplier in Chhatrapati Sambhajinagar / Aurangabad,SS 304 Fittings in Aurangabad | Rubinox,https://rubinoxmetal.com/material-location/ss-304-fittings-chhatrapati-sambhajinagar-aurangabad.html,/material-location.html; /materials.html; /locations.html; /quotation.html; /contact.html,created
/material-location/ss-304-fittings-jaipur.html,material-location/ss-304-fittings-jaipur.html,india_city,Stainless Steel,SS 304,Fittings,Jaipur,Rajasthan,,SS 304 Fittings Supplier in Jaipur,SS 304 Fittings Supplier in Jaipur | Rubinox,https://rubinoxmetal.com/material-location/ss-304-fittings-jaipur.html,/material-location.html; /materials.html; /locations.html; /quotation.html; /contact.html,created
/material-location/ss-304-fittings-mangaluru.html,material-location/ss-304-fittings-mangaluru.html,india_city,Stainless Steel,SS 304,Fittings,Mangaluru,Karnataka,,SS 304 Fittings Supplier in Mangaluru,SS 304 Fittings Supplier in Mangaluru | Rubinox,https://rubinoxmetal.com/material-location/ss-304-fittings-mangaluru.html,/material-location.html; /materials.html; /locations.html; /quotation.html; /contact.html,created
/material-location/ss-304-fittings-mysuru.html,material-location/ss-304-fittings-mysuru.html,india_city,Stainless Steel,SS 304,Fittings,Mysuru,Karnataka,,SS 304 Fittings Supplier in Mysuru,SS 304 Fittings Supplier in Mysuru | Rubinox,https://rubinoxmetal.com/material-location/ss-304-fittings-mysuru.html,/material-location.html; /materials.html; /locations.html; /quotation.html; /contact.html,created
/material-location/ss-304-fittings-nagpur.html,material-location/ss-304-fittings-nagpur.html,india_city,Stainless Steel,SS 304,Fittings,Nagpur / Butibori,Maharashtra,,SS 304 Fittings Supplier in Nagpur / Butibori,SS 304 Fittings Supplier in Nagpur / Butibori | Rubinox,https://rubinoxmetal.com/material-location/ss-304-fittings-nagpur.html,/material-location.html; /materials.html; /locations.html; /quotation.html; /contact.html,created
/material-location/ss-304-fittings-bhopal-mandideep.html,material-location/ss-304-fittings-bhopal-mandideep.html,india_city,Stainless Steel,SS 304,Fittings,Bhopal and Mandideep,Madhya Pradesh,,SS 304 Fittings Supplier in Bhopal and Mandideep,SS 304 Fittings Supplier in Bhopal and Mandideep | Rubinox,https://rubinoxmetal.com/material-location/ss-304-fittings-bhopal-mandideep.html,/material-location.html; /materials.html; /locations.html; /quotation.html; /contact.html,created
/material-location/ss-304-fittings-vijayawada.html,material-location/ss-304-fittings-vijayawada.html,india_city,Stainless Steel,SS 304,Fittings,Vijayawada,Andhra Pradesh,,SS 304 Fittings Supplier in Vijayawada,SS 304 Fittings Supplier in Vijayawada | Rubinox,https://rubinoxmetal.com/material-location/ss-304-fittings-vijayawada.html,/material-location.html; /materials.html; /locations.html; /quotation.html; /contact.html,created
/material-location/ss-304-fittings-zaheerabad.html,material-location/ss-304-fittings-zaheerabad.html,india_city,Stainless Steel,SS 304,Fittings,Zaheerabad,Telangana,,SS 304 Fittings Supplier in Zaheerabad,SS 304 Fittings Supplier in Zaheerabad | Rubinox,https://rubinoxmetal.com/material-location/ss-304-fittings-zaheerabad.html,/material-location.html; /materials.html; /locations.html; /quotation.html; /contact.html,created
/material-location/ss-304-flanges-mumbai.html,material-location/ss-304-flanges-mumbai.html,india_city,Stainless Steel,SS 304,Flanges,Mumbai,Maharashtra,,SS 304 Flanges Supplier in Mumbai,SS 304 Flanges Supplier in Mumbai | Rubinox,https://rubinoxmetal.com/material-location/ss-304-flanges-mumbai.html,/material-location.html; /materials.html; /locations.html; /quotation.html; /contact.html,created
/material-location/ss-304-flanges-pune.html,material-location/ss-304-flanges-pune.html,india_city,Stainless Steel,SS 304,Flanges,Pune,Maharashtra,,SS 304 Flanges Supplier in Pune,SS 304 Flanges Supplier in Pune | Rubinox,https://rubinoxmetal.com/material-location/ss-304-flanges-pune.html,/material-location.html; /materials.html; /locations.html; /quotation.html; /contact.html,created
/material-location/ss-304-flanges-ahmedabad.html,material-location/ss-304-flanges-ahmedabad.html,india_city,Stainless Steel,SS 304,Flanges,Ahmedabad,Gujarat,,SS 304 Flanges Supplier in Ahmedabad,SS 304 Flanges Supplier in Ahmedabad | Rubinox,https://rubinoxmetal.com/material-location/ss-304-flanges-ahmedabad.html,/material-location.html; /materials.html; /locations.html; /quotation.html; /contact.html,created
/material-location/ss-304-flanges-bengaluru.html,material-location/ss-304-flanges-bengaluru.html,india_city,Stainless Steel,SS 304,Flanges,Bengaluru,Karnataka,,SS 304 Flanges Supplier in Bengaluru,SS 304 Flanges Supplier in Bengaluru | Rubinox,https://rubinoxmetal.com/material-location/ss-304-flanges-bengaluru.html,/material-location.html; /materials.html; /locations.html; /quotation.html; /contact.html,created
/material-location/ss-304-flanges-chakan-pimpri-chinchwad.html,material-location/ss-304-flanges-chakan-pimpri-chinchwad.html,india_city,Stainless Steel,SS 304,Flanges,Chakan and Pimpri-Chinchwad,Maharashtra,,SS 304 Flanges Supplier in Chakan and Pimpri-Chinchwad,SS 304 Flanges Supplier in Chakan and Pimpri-Chinchwad | Rubinox,https://rubinoxmetal.com/material-location/ss-304-flanges-chakan-pimpri-chinchwad.html,/material-location.html; /materials.html; /locations.html; /quotation.html; /contact.html,created
/material-location/ss-304-flanges-chennai.html,material-location/ss-304-flanges-chennai.html,india_city,Stainless Steel,SS 304,Flanges,Chennai,Tamil Nadu,,SS 304 Flanges Supplier in Chennai,SS 304 Flanges Supplier in Chennai | Rubinox,https://rubinoxmetal.com/material-location/ss-304-flanges-chennai.html,/material-location.html; /materials.html; /locations.html; /quotation.html; /contact.html,created
/material-location/ss-304-flanges-hyderabad.html,material-location/ss-304-flanges-hyderabad.html,india_city,Stainless Steel,SS 304,Flanges,Hyderabad,Telangana,,SS 304 Flanges Supplier in Hyderabad,SS 304 Flanges Supplier in Hyderabad | Rubinox,https://rubinoxmetal.com/material-location/ss-304-flanges-hyderabad.html,/material-location.html; /materials.html; /locations.html; /quotation.html; /contact.html,created
/material-location/ss-304-flanges-vadodara.html,material-location/ss-304-flanges-vadodara.html,india_city,Stainless Steel,SS 304,Flanges,Vadodara,Gujarat,,SS 304 Flanges Supplier in Vadodara,SS 304 Flanges Supplier in Vadodara | Rubinox,https://rubinoxmetal.com/material-location/ss-304-flanges-vadodara.html,/material-location.html; /materials.html; /locations.html; /quotation.html; /contact.html,created
/material-location/ss-304-flanges-ankleshwar.html,material-location/ss-304-flanges-ankleshwar.html,india_city,Stainless Steel,SS 304,Flanges,Ankleshwar,Gujarat,,SS 304 Flanges Supplier in Ankleshwar,SS 304 Flanges Supplier in Ankleshwar | Rubinox,https://rubinoxmetal.com/material-location/ss-304-flanges-ankleshwar.html,/material-location.html; /materials.html; /locations.html; /quotation.html; /contact.html,created
/material-location/ss-304-flanges-delhi.html,material-location/ss-304-flanges-delhi.html,india_city,Stainless Steel,SS 304,Flanges,Delhi NCR,Delhi NCR,,SS 304 Flanges Supplier in Delhi NCR,SS 304 Flanges Supplier in Delhi NCR | Rubinox,https://rubinoxmetal.com/material-location/ss-304-flanges-delhi.html,/material-location.html; /materials.html; /locations.html; /quotation.html; /contact.html,created
/material-location/ss-304-flanges-bharuch.html,material-location/ss-304-flanges-bharuch.html,india_city,Stainless Steel,SS 304,Flanges,Bharuch,Gujarat,,SS 304 Flanges Supplier in Bharuch,SS 304 Flanges Supplier in Bharuch | Rubinox,https://rubinoxmetal.com/material-location/ss-304-flanges-bharuch.html,/material-location.html; /materials.html; /locations.html; /quotation.html; /contact.html,created
/material-location/ss-304-flanges-coimbatore.html,material-location/ss-304-flanges-coimbatore.html,india_city,Stainless Steel,SS 304,Flanges,Coimbatore,Tamil Nadu,,SS 304 Flanges Supplier in Coimbatore,SS 304 Flanges Supplier in Coimbatore | Rubinox,https://rubinoxmetal.com/material-location/ss-304-flanges-coimbatore.html,/material-location.html; /materials.html; /locations.html; /quotation.html; /contact.html,created
/material-location/ss-304-flanges-faridabad.html,material-location/ss-304-flanges-faridabad.html,india_city,Stainless Steel,SS 304,Flanges,Faridabad,Haryana,,SS 304 Flanges Supplier in Faridabad,SS 304 Flanges Supplier in Faridabad | Rubinox,https://rubinoxmetal.com/material-location/ss-304-flanges-faridabad.html,/material-location.html; /materials.html; /locations.html; /quotation.html; /contact.html,created
/material-location/ss-304-flanges-gurugram-manesar.html,material-location/ss-304-flanges-gurugram-manesar.html,india_city,Stainless Steel,SS 304,Flanges,Gurugram and Manesar,Haryana,,SS 304 Flanges Supplier in Gurugram and Manesar,SS 304 Flanges Supplier in Gurugram and Manesar | Rubinox,https://rubinoxmetal.com/material-location/ss-304-flanges-gurugram-manesar.html,/material-location.html; /materials.html; /locations.html; /quotation.html; /contact.html,created
/material-location/ss-304-flanges-vapi.html,material-location/ss-304-flanges-vapi.html,india_city,Stainless Steel,SS 304,Flanges,Vapi,Gujarat,,SS 304 Flanges Supplier in Vapi,SS 304 Flanges Supplier in Vapi | Rubinox,https://rubinoxmetal.com/material-location/ss-304-flanges-vapi.html,/material-location.html; /materials.html; /locations.html; /quotation.html; /contact.html,created
/material-location/ss-304-flanges-visakhapatnam.html,material-location/ss-304-flanges-visakhapatnam.html,india_city,Stainless Steel,SS 304,Flanges,Visakhapatnam,Andhra Pradesh,,SS 304 Flanges Supplier in Visakhapatnam,SS 304 Flanges Supplier in Visakhapatnam | Rubinox,https://rubinoxmetal.com/material-location/ss-304-flanges-visakhapatnam.html,/material-location.html; /materials.html; /locations.html; /quotation.html; /contact.html,created
/material-location/ss-304-flanges-hosur.html,material-location/ss-304-flanges-hosur.html,india_city,Stainless Steel,SS 304,Flanges,Hosur,Tamil Nadu,,SS 304 Flanges Supplier in Hosur,SS 304 Flanges Supplier in Hosur | Rubinox,https://rubinoxmetal.com/material-location/ss-304-flanges-hosur.html,/material-location.html; /materials.html; /locations.html; /quotation.html; /contact.html,created
/material-location/ss-304-flanges-indore-pithampur.html,material-location/ss-304-flanges-indore-pithampur.html,india_city,Stainless Steel,SS 304,Flanges,Indore and Pithampur,Madhya Pradesh,,SS 304 Flanges Supplier in Indore and Pithampur,SS 304 Flanges Supplier in Indore and Pithampur | Rubinox,https://rubinoxmetal.com/material-location/ss-304-flanges-indore-pithampur.html,/material-location.html; /materials.html; /locations.html; /quotation.html; /contact.html,created
/material-location/ss-304-flanges-jamnagar.html,material-location/ss-304-flanges-jamnagar.html,india_city,Stainless Steel,SS 304,Flanges,Jamnagar,Gujarat,,SS 304 Flanges Supplier in Jamnagar,SS 304 Flanges Supplier in Jamnagar | Rubinox,https://rubinoxmetal.com/material-location/ss-304-flanges-jamnagar.html,/material-location.html; /materials.html; /locations.html; /quotation.html; /contact.html,created
/material-location/ss-304-flanges-jamshedpur.html,material-location/ss-304-flanges-jamshedpur.html,india_city,Stainless Steel,SS 304,Flanges,Jamshedpur,Jharkhand,,SS 304 Flanges Supplier in Jamshedpur,SS 304 Flanges Supplier in Jamshedpur | Rubinox,https://rubinoxmetal.com/material-location/ss-304-flanges-jamshedpur.html,/material-location.html; /materials.html; /locations.html; /quotation.html; /contact.html,created
/material-location/ss-304-flanges-navi-mumbai.html,material-location/ss-304-flanges-navi-mumbai.html,india_city,Stainless Steel,SS 304,Flanges,Navi Mumbai,Maharashtra,,SS 304 Flanges Supplier in Navi Mumbai,SS 304 Flanges Supplier in Navi Mumbai | Rubinox,https://rubinoxmetal.com/material-location/ss-304-flanges-navi-mumbai.html,/material-location.html; /materials.html; /locations.html; /quotation.html; /contact.html,created
/material-location/ss-304-flanges-noida.html,material-location/ss-304-flanges-noida.html,india_city,Stainless Steel,SS 304,Flanges,Noida,Uttar Pradesh,,SS 304 Flanges Supplier in Noida,SS 304 Flanges Supplier in Noida | Rubinox,https://rubinoxmetal.com/material-location/ss-304-flanges-noida.html,/material-location.html; /materials.html; /locations.html; /quotation.html; /contact.html,created
/material-location/ss-304-flanges-sriperumbudur-oragadam.html,material-location/ss-304-flanges-sriperumbudur-oragadam.html,india_city,Stainless Steel,SS 304,Flanges,Sriperumbudur and Oragadam,Tamil Nadu,,SS 304 Flanges Supplier in Sriperumbudur and Oragadam,SS 304 Flanges Supplier in Sriperumbudur and Oragadam | Rubinox,https://rubinoxmetal.com/material-location/ss-304-flanges-sriperumbudur-oragadam.html,/material-location.html; /materials.html; /locations.html; /quotation.html; /contact.html,created
/material-location/ss-304-flanges-surat.html,material-location/ss-304-flanges-surat.html,india_city,Stainless Steel,SS 304,Flanges,Surat,Gujarat,,SS 304 Flanges Supplier in Surat,SS 304 Flanges Supplier in Surat | Rubinox,https://rubinoxmetal.com/material-location/ss-304-flanges-surat.html,/material-location.html; /materials.html; /locations.html; /quotation.html; /contact.html,created
/material-location/ss-304-flanges-dholera-sanand.html,material-location/ss-304-flanges-dholera-sanand.html,india_city,Stainless Steel,SS 304,Flanges,Dholera and Sanand,Gujarat,,SS 304 Flanges Supplier in Dholera and Sanand,SS 304 Flanges Supplier in Dholera and Sanand | Rubinox,https://rubinoxmetal.com/material-location/ss-304-flanges-dholera-sanand.html,/material-location.html; /materials.html; /locations.html; /quotation.html; /contact.html,created
/material-location/ss-304-flanges-greater-noida.html,material-location/ss-304-flanges-greater-noida.html,india_city,Stainless Steel,SS 304,Flanges,Greater Noida,Uttar Pradesh,,SS 304 Flanges Supplier in Greater Noida,SS 304 Flanges Supplier in Greater Noida | Rubinox,https://rubinoxmetal.com/material-location/ss-304-flanges-greater-noida.html,/material-location.html; /materials.html; /locations.html; /quotation.html; /contact.html,created
/material-location/ss-304-flanges-kolkata-howrah-durgapur.html,material-location/ss-304-flanges-kolkata-howrah-durgapur.html,india_city,Stainless Steel,SS 304,Flanges,"Kolkata, Howrah and Durgapur",West Bengal,,"SS 304 Flanges Supplier in Kolkata, Howrah and Durgapur","SS 304 Flanges Supplier in Kolkata, Howrah and Durgapur | Rubinox",https://rubinoxmetal.com/material-location/ss-304-flanges-kolkata-howrah-durgapur.html,/material-location.html; /materials.html; /locations.html; /quotation.html; /contact.html,created
/material-location/ss-304-flanges-ludhiana.html,material-location/ss-304-flanges-ludhiana.html,india_city,Stainless Steel,SS 304,Flanges,Ludhiana,Punjab,,SS 304 Flanges Supplier in Ludhiana,SS 304 Flanges Supplier in Ludhiana | Rubinox,https://rubinoxmetal.com/material-location/ss-304-flanges-ludhiana.html,/material-location.html; /materials.html; /locations.html; /quotation.html; /contact.html,created
/material-location/ss-304-flanges-thane.html,material-location/ss-304-flanges-thane.html,india_city,Stainless Steel,SS 304,Flanges,Thane,Maharashtra,,SS 304 Flanges Supplier in Thane,SS 304 Flanges Supplier in Thane | Rubinox,https://rubinoxmetal.com/material-location/ss-304-flanges-thane.html,/material-location.html; /materials.html; /locations.html; /quotation.html; /contact.html,created
/material-location/ss-304-flanges-kakinada.html,material-location/ss-304-flanges-kakinada.html,india_city,Stainless Steel,SS 304,Flanges,Kakinada,Andhra Pradesh,,SS 304 Flanges Supplier in Kakinada,SS 304 Flanges Supplier in Kakinada | Rubinox,https://rubinoxmetal.com/material-location/ss-304-flanges-kakinada.html,/material-location.html; /materials.html; /locations.html; /quotation.html; /contact.html,created
/material-location/ss-304-flanges-rajkot.html,material-location/ss-304-flanges-rajkot.html,india_city,Stainless Steel,SS 304,Flanges,Rajkot,Gujarat,,SS 304 Flanges Supplier in Rajkot,SS 304 Flanges Supplier in Rajkot | Rubinox,https://rubinoxmetal.com/material-location/ss-304-flanges-rajkot.html,/material-location.html; /materials.html; /locations.html; /quotation.html; /contact.html,created
/material-location/ss-304-flanges-ghaziabad.html,material-location/ss-304-flanges-ghaziabad.html,india_city,Stainless Steel,SS 304,Flanges,Ghaziabad,Uttar Pradesh,,SS 304 Flanges Supplier in Ghaziabad,SS 304 Flanges Supplier in Ghaziabad | Rubinox,https://rubinoxmetal.com/material-location/ss-304-flanges-ghaziabad.html,/material-location.html; /materials.html; /locations.html; /quotation.html; /contact.html,created
/material-location/ss-304-flanges-nashik.html,material-location/ss-304-flanges-nashik.html,india_city,Stainless Steel,SS 304,Flanges,Nashik,Maharashtra,,SS 304 Flanges Supplier in Nashik,SS 304 Flanges Supplier in Nashik | Rubinox,https://rubinoxmetal.com/material-location/ss-304-flanges-nashik.html,/material-location.html; /materials.html; /locations.html; /quotation.html; /contact.html,created
/material-location/ss-304-flanges-salem.html,material-location/ss-304-flanges-salem.html,india_city,Stainless Steel,SS 304,Flanges,Salem,Tamil Nadu,,SS 304 Flanges Supplier in Salem,SS 304 Flanges Supplier in Salem | Rubinox,https://rubinoxmetal.com/material-location/ss-304-flanges-salem.html,/material-location.html; /materials.html; /locations.html; /quotation.html; /contact.html,created
/material-location/ss-304-flanges-tiruchirappalli.html,material-location/ss-304-flanges-tiruchirappalli.html,india_city,Stainless Steel,SS 304,Flanges,Tiruchirappalli / Trichy,Tamil Nadu,,SS 304 Flanges Supplier in Tiruchirappalli / Trichy,SS 304 Flanges Supplier in Tiruchirappalli / Trichy | Rubinox,https://rubinoxmetal.com/material-location/ss-304-flanges-tiruchirappalli.html,/material-location.html; /materials.html; /locations.html; /quotation.html; /contact.html,created
/material-location/ss-304-flanges-chhatrapati-sambhajinagar-aurangabad.html,material-location/ss-304-flanges-chhatrapati-sambhajinagar-aurangabad.html,india_city,Stainless Steel,SS 304,Flanges,Chhatrapati Sambhajinagar / Aurangabad,Maharashtra,,SS 304 Flanges Supplier in Chhatrapati Sambhajinagar / Aurangabad,SS 304 Flanges in Aurangabad | Rubinox,https://rubinoxmetal.com/material-location/ss-304-flanges-chhatrapati-sambhajinagar-aurangabad.html,/material-location.html; /materials.html; /locations.html; /quotation.html; /contact.html,created
/material-location/ss-304-flanges-jaipur.html,material-location/ss-304-flanges-jaipur.html,india_city,Stainless Steel,SS 304,Flanges,Jaipur,Rajasthan,,SS 304 Flanges Supplier in Jaipur,SS 304 Flanges Supplier in Jaipur | Rubinox,https://rubinoxmetal.com/material-location/ss-304-flanges-jaipur.html,/material-location.html; /materials.html; /locations.html; /quotation.html; /contact.html,created
/material-location/ss-304-flanges-mangaluru.html,material-location/ss-304-flanges-mangaluru.html,india_city,Stainless Steel,SS 304,Flanges,Mangaluru,Karnataka,,SS 304 Flanges Supplier in Mangaluru,SS 304 Flanges Supplier in Mangaluru | Rubinox,https://rubinoxmetal.com/material-location/ss-304-flanges-mangaluru.html,/material-location.html; /materials.html; /locations.html; /quotation.html; /contact.html,created
/material-location/ss-304-flanges-mysuru.html,material-location/ss-304-flanges-mysuru.html,india_city,Stainless Steel,SS 304,Flanges,Mysuru,Karnataka,,SS 304 Flanges Supplier in Mysuru,SS 304 Flanges Supplier in Mysuru | Rubinox,https://rubinoxmetal.com/material-location/ss-304-flanges-mysuru.html,/material-location.html; /materials.html; /locations.html; /quotation.html; /contact.html,created
/material-location/ss-304-flanges-nagpur.html,material-location/ss-304-flanges-nagpur.html,india_city,Stainless Steel,SS 304,Flanges,Nagpur / Butibori,Maharashtra,,SS 304 Flanges Supplier in Nagpur / Butibori,SS 304 Flanges Supplier in Nagpur / Butibori | Rubinox,https://rubinoxmetal.com/material-location/ss-304-flanges-nagpur.html,/material-location.html; /materials.html; /locations.html; /quotation.html; /contact.html,created
/material-location/ss-304-flanges-bhopal-mandideep.html,material-location/ss-304-flanges-bhopal-mandideep.html,india_city,Stainless Steel,SS 304,Flanges,Bhopal and Mandideep,Madhya Pradesh,,SS 304 Flanges Supplier in Bhopal and Mandideep,SS 304 Flanges Supplier in Bhopal and Mandideep | Rubinox,https://rubinoxmetal.com/material-location/ss-304-flanges-bhopal-mandideep.html,/material-location.html; /materials.html; /locations.html; /quotation.html; /contact.html,created
/material-location/ss-304-flanges-vijayawada.html,material-location/ss-304-flanges-vijayawada.html,india_city,Stainless Steel,SS 304,Flanges,Vijayawada,Andhra Pradesh,,SS 304 Flanges Supplier in Vijayawada,SS 304 Flanges Supplier in Vijayawada | Rubinox,https://rubinoxmetal.com/material-location/ss-304-flanges-vijayawada.html,/material-location.html; /materials.html; /locations.html; /quotation.html; /contact.html,created
/material-location/ss-304-flanges-zaheerabad.html,material-location/ss-304-flanges-zaheerabad.html,india_city,Stainless Steel,SS 304,Flanges,Zaheerabad,Telangana,,SS 304 Flanges Supplier in Zaheerabad,SS 304 Flanges Supplier in Zaheerabad | Rubinox,https://rubinoxmetal.com/material-location/ss-304-flanges-zaheerabad.html,/material-location.html; /materials.html; /locations.html; /quotation.html; /contact.html,created
/material-location/ss-304-pipes-mumbai.html,material-location/ss-304-pipes-mumbai.html,india_city,Stainless Steel,SS 304,Pipes,Mumbai,Maharashtra,,SS 304 Pipes Supplier in Mumbai,SS 304 Pipes Supplier in Mumbai | Rubinox,https://rubinoxmetal.com/material-location/ss-304-pipes-mumbai.html,/material-location.html; /materials.html; /locations.html; /quotation.html; /contact.html,created
/material-location/ss-304-pipes-pune.html,material-location/ss-304-pipes-pune.html,india_city,Stainless Steel,SS 304,Pipes,Pune,Maharashtra,,SS 304 Pipes Supplier in Pune,SS 304 Pipes Supplier in Pune | Rubinox,https://rubinoxmetal.com/material-location/ss-304-pipes-pune.html,/material-location.html; /materials.html; /locations.html; /quotation.html; /contact.html,created
/material-location/ss-304-pipes-ahmedabad.html,material-location/ss-304-pipes-ahmedabad.html,india_city,Stainless Steel,SS 304,Pipes,Ahmedabad,Gujarat,,SS 304 Pipes Supplier in Ahmedabad,SS 304 Pipes Supplier in Ahmedabad | Rubinox,https://rubinoxmetal.com/material-location/ss-304-pipes-ahmedabad.html,/material-location.html; /materials.html; /locations.html; /quotation.html; /contact.html,created
/material-location/ss-304-pipes-bengaluru.html,material-location/ss-304-pipes-bengaluru.html,india_city,Stainless Steel,SS 304,Pipes,Bengaluru,Karnataka,,SS 304 Pipes Supplier in Bengaluru,SS 304 Pipes Supplier in Bengaluru | Rubinox,https://rubinoxmetal.com/material-location/ss-304-pipes-bengaluru.html,/material-location.html; /materials.html; /locations.html; /quotation.html; /contact.html,created
/material-location/ss-304-pipes-chakan-pimpri-chinchwad.html,material-location/ss-304-pipes-chakan-pimpri-chinchwad.html,india_city,Stainless Steel,SS 304,Pipes,Chakan and Pimpri-Chinchwad,Maharashtra,,SS 304 Pipes Supplier in Chakan and Pimpri-Chinchwad,SS 304 Pipes Supplier in Chakan and Pimpri-Chinchwad | Rubinox,https://rubinoxmetal.com/material-location/ss-304-pipes-chakan-pimpri-chinchwad.html,/material-location.html; /materials.html; /locations.html; /quotation.html; /contact.html,created
/material-location/ss-304-pipes-chennai.html,material-location/ss-304-pipes-chennai.html,india_city,Stainless Steel,SS 304,Pipes,Chennai,Tamil Nadu,,SS 304 Pipes Supplier in Chennai,SS 304 Pipes Supplier in Chennai | Rubinox,https://rubinoxmetal.com/material-location/ss-304-pipes-chennai.html,/material-location.html; /materials.html; /locations.html; /quotation.html; /contact.html,created
/material-location/ss-304-pipes-hyderabad.html,material-location/ss-304-pipes-hyderabad.html,india_city,Stainless Steel,SS 304,Pipes,Hyderabad,Telangana,,SS 304 Pipes Supplier in Hyderabad,SS 304 Pipes Supplier in Hyderabad | Rubinox,https://rubinoxmetal.com/material-location/ss-304-pipes-hyderabad.html,/material-location.html; /materials.html; /locations.html; /quotation.html; /contact.html,created
/material-location/ss-304-pipes-vadodara.html,material-location/ss-304-pipes-vadodara.html,india_city,Stainless Steel,SS 304,Pipes,Vadodara,Gujarat,,SS 304 Pipes Supplier in Vadodara,SS 304 Pipes Supplier in Vadodara | Rubinox,https://rubinoxmetal.com/material-location/ss-304-pipes-vadodara.html,/material-location.html; /materials.html; /locations.html; /quotation.html; /contact.html,created
/material-location/ss-304-pipes-ankleshwar.html,material-location/ss-304-pipes-ankleshwar.html,india_city,Stainless Steel,SS 304,Pipes,Ankleshwar,Gujarat,,SS 304 Pipes Supplier in Ankleshwar,SS 304 Pipes Supplier in Ankleshwar | Rubinox,https://rubinoxmetal.com/material-location/ss-304-pipes-ankleshwar.html,/material-location.html; /materials.html; /locations.html; /quotation.html; /contact.html,created
/material-location/ss-304-pipes-delhi.html,material-location/ss-304-pipes-delhi.html,india_city,Stainless Steel,SS 304,Pipes,Delhi NCR,Delhi NCR,,SS 304 Pipes Supplier in Delhi NCR,SS 304 Pipes Supplier in Delhi NCR | Rubinox,https://rubinoxmetal.com/material-location/ss-304-pipes-delhi.html,/material-location.html; /materials.html; /locations.html; /quotation.html; /contact.html,created
/material-location/ss-304-pipes-bharuch.html,material-location/ss-304-pipes-bharuch.html,india_city,Stainless Steel,SS 304,Pipes,Bharuch,Gujarat,,SS 304 Pipes Supplier in Bharuch,SS 304 Pipes Supplier in Bharuch | Rubinox,https://rubinoxmetal.com/material-location/ss-304-pipes-bharuch.html,/material-location.html; /materials.html; /locations.html; /quotation.html; /contact.html,created
/material-location/ss-304-pipes-coimbatore.html,material-location/ss-304-pipes-coimbatore.html,india_city,Stainless Steel,SS 304,Pipes,Coimbatore,Tamil Nadu,,SS 304 Pipes Supplier in Coimbatore,SS 304 Pipes Supplier in Coimbatore | Rubinox,https://rubinoxmetal.com/material-location/ss-304-pipes-coimbatore.html,/material-location.html; /materials.html; /locations.html; /quotation.html; /contact.html,created
/material-location/ss-304-pipes-faridabad.html,material-location/ss-304-pipes-faridabad.html,india_city,Stainless Steel,SS 304,Pipes,Faridabad,Haryana,,SS 304 Pipes Supplier in Faridabad,SS 304 Pipes Supplier in Faridabad | Rubinox,https://rubinoxmetal.com/material-location/ss-304-pipes-faridabad.html,/material-location.html; /materials.html; /locations.html; /quotation.html; /contact.html,created
/material-location/ss-304-pipes-gurugram-manesar.html,material-location/ss-304-pipes-gurugram-manesar.html,india_city,Stainless Steel,SS 304,Pipes,Gurugram and Manesar,Haryana,,SS 304 Pipes Supplier in Gurugram and Manesar,SS 304 Pipes Supplier in Gurugram and Manesar | Rubinox,https://rubinoxmetal.com/material-location/ss-304-pipes-gurugram-manesar.html,/material-location.html; /materials.html; /locations.html; /quotation.html; /contact.html,created
/material-location/ss-304-pipes-vapi.html,material-location/ss-304-pipes-vapi.html,india_city,Stainless Steel,SS 304,Pipes,Vapi,Gujarat,,SS 304 Pipes Supplier in Vapi,SS 304 Pipes Supplier in Vapi | Rubinox,https://rubinoxmetal.com/material-location/ss-304-pipes-vapi.html,/material-location.html; /materials.html; /locations.html; /quotation.html; /contact.html,created
/material-location/ss-304-pipes-visakhapatnam.html,material-location/ss-304-pipes-visakhapatnam.html,india_city,Stainless Steel,SS 304,Pipes,Visakhapatnam,Andhra Pradesh,,SS 304 Pipes Supplier in Visakhapatnam,SS 304 Pipes Supplier in Visakhapatnam | Rubinox,https://rubinoxmetal.com/material-location/ss-304-pipes-visakhapatnam.html,/material-location.html; /materials.html; /locations.html; /quotation.html; /contact.html,created
/material-location/ss-304-pipes-hosur.html,material-location/ss-304-pipes-hosur.html,india_city,Stainless Steel,SS 304,Pipes,Hosur,Tamil Nadu,,SS 304 Pipes Supplier in Hosur,SS 304 Pipes Supplier in Hosur | Rubinox,https://rubinoxmetal.com/material-location/ss-304-pipes-hosur.html,/material-location.html; /materials.html; /locations.html; /quotation.html; /contact.html,created
/material-location/ss-304-pipes-indore-pithampur.html,material-location/ss-304-pipes-indore-pithampur.html,india_city,Stainless Steel,SS 304,Pipes,Indore and Pithampur,Madhya Pradesh,,SS 304 Pipes Supplier in Indore and Pithampur,SS 304 Pipes Supplier in Indore and Pithampur | Rubinox,https://rubinoxmetal.com/material-location/ss-304-pipes-indore-pithampur.html,/material-location.html; /materials.html; /locations.html; /quotation.html; /contact.html,created
/material-location/ss-304-pipes-jamnagar.html,material-location/ss-304-pipes-jamnagar.html,india_city,Stainless Steel,SS 304,Pipes,Jamnagar,Gujarat,,SS 304 Pipes Supplier in Jamnagar,SS 304 Pipes Supplier in Jamnagar | Rubinox,https://rubinoxmetal.com/material-location/ss-304-pipes-jamnagar.html,/material-location.html; /materials.html; /locations.html; /quotation.html; /contact.html,created
/material-location/ss-304-pipes-jamshedpur.html,material-location/ss-304-pipes-jamshedpur.html,india_city,Stainless Steel,SS 304,Pipes,Jamshedpur,Jharkhand,,SS 304 Pipes Supplier in Jamshedpur,SS 304 Pipes Supplier in Jamshedpur | Rubinox,https://rubinoxmetal.com/material-location/ss-304-pipes-jamshedpur.html,/material-location.html; /materials.html; /locations.html; /quotation.html; /contact.html,created
/material-location/ss-304-pipes-navi-mumbai.html,material-location/ss-304-pipes-navi-mumbai.html,india_city,Stainless Steel,SS 304,Pipes,Navi Mumbai,Maharashtra,,SS 304 Pipes Supplier in Navi Mumbai,SS 304 Pipes Supplier in Navi Mumbai | Rubinox,https://rubinoxmetal.com/material-location/ss-304-pipes-navi-mumbai.html,/material-location.html; /materials.html; /locations.html; /quotation.html; /contact.html,created
/material-location/ss-304-pipes-noida.html,material-location/ss-304-pipes-noida.html,india_city,Stainless Steel,SS 304,Pipes,Noida,Uttar Pradesh,,SS 304 Pipes Supplier in Noida,SS 304 Pipes Supplier in Noida | Rubinox,https://rubinoxmetal.com/material-location/ss-304-pipes-noida.html,/material-location.html; /materials.html; /locations.html; /quotation.html; /contact.html,created
/material-location/ss-304-pipes-sriperumbudur-oragadam.html,material-location/ss-304-pipes-sriperumbudur-oragadam.html,india_city,Stainless Steel,SS 304,Pipes,Sriperumbudur and Oragadam,Tamil Nadu,,SS 304 Pipes Supplier in Sriperumbudur and Oragadam,SS 304 Pipes Supplier in Sriperumbudur and Oragadam | Rubinox,https://rubinoxmetal.com/material-location/ss-304-pipes-sriperumbudur-oragadam.html,/material-location.html; /materials.html; /locations.html; /quotation.html; /contact.html,created
/material-location/ss-304-pipes-surat.html,material-location/ss-304-pipes-surat.html,india_city,Stainless Steel,SS 304,Pipes,Surat,Gujarat,,SS 304 Pipes Supplier in Surat,SS 304 Pipes Supplier in Surat | Rubinox,https://rubinoxmetal.com/material-location/ss-304-pipes-surat.html,/material-location.html; /materials.html; /locations.html; /quotation.html; /contact.html,created
/material-location/ss-304-pipes-dholera-sanand.html,material-location/ss-304-pipes-dholera-sanand.html,india_city,Stainless Steel,SS 304,Pipes,Dholera and Sanand,Gujarat,,SS 304 Pipes Supplier in Dholera and Sanand,SS 304 Pipes Supplier in Dholera and Sanand | Rubinox,https://rubinoxmetal.com/material-location/ss-304-pipes-dholera-sanand.html,/material-location.html; /materials.html; /locations.html; /quotation.html; /contact.html,created
/material-location/ss-304-pipes-greater-noida.html,material-location/ss-304-pipes-greater-noida.html,india_city,Stainless Steel,SS 304,Pipes,Greater Noida,Uttar Pradesh,,SS 304 Pipes Supplier in Greater Noida,SS 304 Pipes Supplier in Greater Noida | Rubinox,https://rubinoxmetal.com/material-location/ss-304-pipes-greater-noida.html,/material-location.html; /materials.html; /locations.html; /quotation.html; /contact.html,created
/material-location/ss-304-pipes-kolkata-howrah-durgapur.html,material-location/ss-304-pipes-kolkata-howrah-durgapur.html,india_city,Stainless Steel,SS 304,Pipes,"Kolkata, Howrah and Durgapur",West Bengal,,"SS 304 Pipes Supplier in Kolkata, Howrah and Durgapur","SS 304 Pipes Supplier in Kolkata, Howrah and Durgapur | Rubinox",https://rubinoxmetal.com/material-location/ss-304-pipes-kolkata-howrah-durgapur.html,/material-location.html; /materials.html; /locations.html; /quotation.html; /contact.html,created
/material-location/ss-304-pipes-ludhiana.html,material-location/ss-304-pipes-ludhiana.html,india_city,Stainless Steel,SS 304,Pipes,Ludhiana,Punjab,,SS 304 Pipes Supplier in Ludhiana,SS 304 Pipes Supplier in Ludhiana | Rubinox,https://rubinoxmetal.com/material-location/ss-304-pipes-ludhiana.html,/material-location.html; /materials.html; /locations.html; /quotation.html; /contact.html,created
/material-location/ss-304-pipes-thane.html,material-location/ss-304-pipes-thane.html,india_city,Stainless Steel,SS 304,Pipes,Thane,Maharashtra,,SS 304 Pipes Supplier in Thane,SS 304 Pipes Supplier in Thane | Rubinox,https://rubinoxmetal.com/material-location/ss-304-pipes-thane.html,/material-location.html; /materials.html; /locations.html; /quotation.html; /contact.html,created
/material-location/ss-304-pipes-kakinada.html,material-location/ss-304-pipes-kakinada.html,india_city,Stainless Steel,SS 304,Pipes,Kakinada,Andhra Pradesh,,SS 304 Pipes Supplier in Kakinada,SS 304 Pipes Supplier in Kakinada | Rubinox,https://rubinoxmetal.com/material-location/ss-304-pipes-kakinada.html,/material-location.html; /materials.html; /locations.html; /quotation.html; /contact.html,created
/material-location/ss-304-pipes-rajkot.html,material-location/ss-304-pipes-rajkot.html,india_city,Stainless Steel,SS 304,Pipes,Rajkot,Gujarat,,SS 304 Pipes Supplier in Rajkot,SS 304 Pipes Supplier in Rajkot | Rubinox,https://rubinoxmetal.com/material-location/ss-304-pipes-rajkot.html,/material-location.html; /materials.html; /locations.html; /quotation.html; /contact.html,created
/material-location/ss-304-pipes-ghaziabad.html,material-location/ss-304-pipes-ghaziabad.html,india_city,Stainless Steel,SS 304,Pipes,Ghaziabad,Uttar Pradesh,,SS 304 Pipes Supplier in Ghaziabad,SS 304 Pipes Supplier in Ghaziabad | Rubinox,https://rubinoxmetal.com/material-location/ss-304-pipes-ghaziabad.html,/material-location.html; /materials.html; /locations.html; /quotation.html; /contact.html,created
/material-location/ss-304-pipes-nashik.html,material-location/ss-304-pipes-nashik.html,india_city,Stainless Steel,SS 304,Pipes,Nashik,Maharashtra,,SS 304 Pipes Supplier in Nashik,SS 304 Pipes Supplier in Nashik | Rubinox,https://rubinoxmetal.com/material-location/ss-304-pipes-nashik.html,/material-location.html; /materials.html; /locations.html; /quotation.html; /contact.html,created
/material-location/ss-304-pipes-salem.html,material-location/ss-304-pipes-salem.html,india_city,Stainless Steel,SS 304,Pipes,Salem,Tamil Nadu,,SS 304 Pipes Supplier in Salem,SS 304 Pipes Supplier in Salem | Rubinox,https://rubinoxmetal.com/material-location/ss-304-pipes-salem.html,/material-location.html; /materials.html; /locations.html; /quotation.html; /contact.html,created
/material-location/ss-304-pipes-tiruchirappalli.html,material-location/ss-304-pipes-tiruchirappalli.html,india_city,Stainless Steel,SS 304,Pipes,Tiruchirappalli / Trichy,Tamil Nadu,,SS 304 Pipes Supplier in Tiruchirappalli / Trichy,SS 304 Pipes Supplier in Tiruchirappalli / Trichy | Rubinox,https://rubinoxmetal.com/material-location/ss-304-pipes-tiruchirappalli.html,/material-location.html; /materials.html; /locations.html; /quotation.html; /contact.html,created
/material-location/ss-304-pipes-chhatrapati-sambhajinagar-aurangabad.html,material-location/ss-304-pipes-chhatrapati-sambhajinagar-aurangabad.html,india_city,Stainless Steel,SS 304,Pipes,Chhatrapati Sambhajinagar / Aurangabad,Maharashtra,,SS 304 Pipes Supplier in Chhatrapati Sambhajinagar / Aurangabad,SS 304 Pipes in Aurangabad | Rubinox,https://rubinoxmetal.com/material-location/ss-304-pipes-chhatrapati-sambhajinagar-aurangabad.html,/material-location.html; /materials.html; /locations.html; /quotation.html; /contact.html,created
/material-location/ss-304-pipes-jaipur.html,material-location/ss-304-pipes-jaipur.html,india_city,Stainless Steel,SS 304,Pipes,Jaipur,Rajasthan,,SS 304 Pipes Supplier in Jaipur,SS 304 Pipes Supplier in Jaipur | Rubinox,https://rubinoxmetal.com/material-location/ss-304-pipes-jaipur.html,/material-location.html; /materials.html; /locations.html; /quotation.html; /contact.html,created
/material-location/ss-304-pipes-mangaluru.html,material-location/ss-304-pipes-mangaluru.html,india_city,Stainless Steel,SS 304,Pipes,Mangaluru,Karnataka,,SS 304 Pipes Supplier in Mangaluru,SS 304 Pipes Supplier in Mangaluru | Rubinox,https://rubinoxmetal.com/material-location/ss-304-pipes-mangaluru.html,/material-location.html; /materials.html; /locations.html; /quotation.html; /contact.html,created
/material-location/ss-304-pipes-mysuru.html,material-location/ss-304-pipes-mysuru.html,india_city,Stainless Steel,SS 304,Pipes,Mysuru,Karnataka,,SS 304 Pipes Supplier in Mysuru,SS 304 Pipes Supplier in Mysuru | Rubinox,https://rubinoxmetal.com/material-location/ss-304-pipes-mysuru.html,/material-location.html; /materials.html; /locations.html; /quotation.html; /contact.html,created
/material-location/ss-304-pipes-nagpur.html,material-location/ss-304-pipes-nagpur.html,india_city,Stainless Steel,SS 304,Pipes,Nagpur / Butibori,Maharashtra,,SS 304 Pipes Supplier in Nagpur / Butibori,SS 304 Pipes Supplier in Nagpur / Butibori | Rubinox,https://rubinoxmetal.com/material-location/ss-304-pipes-nagpur.html,/material-location.html; /materials.html; /locations.html; /quotation.html; /contact.html,created
/material-location/ss-304-pipes-bhopal-mandideep.html,material-location/ss-304-pipes-bhopal-mandideep.html,india_city,Stainless Steel,SS 304,Pipes,Bhopal and Mandideep,Madhya Pradesh,,SS 304 Pipes Supplier in Bhopal and Mandideep,SS 304 Pipes Supplier in Bhopal and Mandideep | Rubinox,https://rubinoxmetal.com/material-location/ss-304-pipes-bhopal-mandideep.html,/material-location.html; /materials.html; /locations.html; /quotation.html; /contact.html,created
/material-location/ss-304-pipes-vijayawada.html,material-location/ss-304-pipes-vijayawada.html,india_city,Stainless Steel,SS 304,Pipes,Vijayawada,Andhra Pradesh,,SS 304 Pipes Supplier in Vijayawada,SS 304 Pipes Supplier in Vijayawada | Rubinox,https://rubinoxmetal.com/material-location/ss-304-pipes-vijayawada.html,/material-location.html; /materials.html; /locations.html; /quotation.html; /contact.html,created
/material-location/ss-304-pipes-zaheerabad.html,material-location/ss-304-pipes-zaheerabad.html,india_city,Stainless Steel,SS 304,Pipes,Zaheerabad,Telangana,,SS 304 Pipes Supplier in Zaheerabad,SS 304 Pipes Supplier in Zaheerabad | Rubinox,https://rubinoxmetal.com/material-location/ss-304-pipes-zaheerabad.html,/material-location.html; /materials.html; /locations.html; /quotation.html; /contact.html,created
/material-location/ss-304-plates-mumbai.html,material-location/ss-304-plates-mumbai.html,india_city,Stainless Steel,SS 304,Plates,Mumbai,Maharashtra,,SS 304 Plates Supplier in Mumbai,SS 304 Plates Supplier in Mumbai | Rubinox,https://rubinoxmetal.com/material-location/ss-304-plates-mumbai.html,/material-location.html; /materials.html; /locations.html; /quotation.html; /contact.html,created
/material-location/ss-304-plates-pune.html,material-location/ss-304-plates-pune.html,india_city,Stainless Steel,SS 304,Plates,Pune,Maharashtra,,SS 304 Plates Supplier in Pune,SS 304 Plates Supplier in Pune | Rubinox,https://rubinoxmetal.com/material-location/ss-304-plates-pune.html,/material-location.html; /materials.html; /locations.html; /quotation.html; /contact.html,created
/material-location/ss-304-plates-ahmedabad.html,material-location/ss-304-plates-ahmedabad.html,india_city,Stainless Steel,SS 304,Plates,Ahmedabad,Gujarat,,SS 304 Plates Supplier in Ahmedabad,SS 304 Plates Supplier in Ahmedabad | Rubinox,https://rubinoxmetal.com/material-location/ss-304-plates-ahmedabad.html,/material-location.html; /materials.html; /locations.html; /quotation.html; /contact.html,created
/material-location/ss-304-round-bars-bengaluru.html,material-location/ss-304-round-bars-bengaluru.html,india_city,Stainless Steel,SS 304,Round Bars,Bengaluru,Karnataka,,SS 304 Round Bars Supplier in Bengaluru,SS 304 Round Bars Supplier in Bengaluru | Rubinox,https://rubinoxmetal.com/material-location/ss-304-round-bars-bengaluru.html,/material-location.html; /materials.html; /locations.html; /quotation.html; /contact.html,created
/material-location/ss-304-plates-chakan-pimpri-chinchwad.html,material-location/ss-304-plates-chakan-pimpri-chinchwad.html,india_city,Stainless Steel,SS 304,Plates,Chakan and Pimpri-Chinchwad,Maharashtra,,SS 304 Plates Supplier in Chakan and Pimpri-Chinchwad,SS 304 Plates Supplier in Chakan and Pimpri-Chinchwad | Rubinox,https://rubinoxmetal.com/material-location/ss-304-plates-chakan-pimpri-chinchwad.html,/material-location.html; /materials.html; /locations.html; /quotation.html; /contact.html,created
/material-location/ss-304-plates-chennai.html,material-location/ss-304-plates-chennai.html,india_city,Stainless Steel,SS 304,Plates,Chennai,Tamil Nadu,,SS 304 Plates Supplier in Chennai,SS 304 Plates Supplier in Chennai | Rubinox,https://rubinoxmetal.com/material-location/ss-304-plates-chennai.html,/material-location.html; /materials.html; /locations.html; /quotation.html; /contact.html,created
/material-location/ss-304-plates-hyderabad.html,material-location/ss-304-plates-hyderabad.html,india_city,Stainless Steel,SS 304,Plates,Hyderabad,Telangana,,SS 304 Plates Supplier in Hyderabad,SS 304 Plates Supplier in Hyderabad | Rubinox,https://rubinoxmetal.com/material-location/ss-304-plates-hyderabad.html,/material-location.html; /materials.html; /locations.html; /quotation.html; /contact.html,created
/material-location/ss-304-plates-vadodara.html,material-location/ss-304-plates-vadodara.html,india_city,Stainless Steel,SS 304,Plates,Vadodara,Gujarat,,SS 304 Plates Supplier in Vadodara,SS 304 Plates Supplier in Vadodara | Rubinox,https://rubinoxmetal.com/material-location/ss-304-plates-vadodara.html,/material-location.html; /materials.html; /locations.html; /quotation.html; /contact.html,created
/material-location/ss-304-plates-ankleshwar.html,material-location/ss-304-plates-ankleshwar.html,india_city,Stainless Steel,SS 304,Plates,Ankleshwar,Gujarat,,SS 304 Plates Supplier in Ankleshwar,SS 304 Plates Supplier in Ankleshwar | Rubinox,https://rubinoxmetal.com/material-location/ss-304-plates-ankleshwar.html,/material-location.html; /materials.html; /locations.html; /quotation.html; /contact.html,created
/material-location/ss-304-plates-delhi.html,material-location/ss-304-plates-delhi.html,india_city,Stainless Steel,SS 304,Plates,Delhi NCR,Delhi NCR,,SS 304 Plates Supplier in Delhi NCR,SS 304 Plates Supplier in Delhi NCR | Rubinox,https://rubinoxmetal.com/material-location/ss-304-plates-delhi.html,/material-location.html; /materials.html; /locations.html; /quotation.html; /contact.html,created
/material-location/ss-304-plates-bharuch.html,material-location/ss-304-plates-bharuch.html,india_city,Stainless Steel,SS 304,Plates,Bharuch,Gujarat,,SS 304 Plates Supplier in Bharuch,SS 304 Plates Supplier in Bharuch | Rubinox,https://rubinoxmetal.com/material-location/ss-304-plates-bharuch.html,/material-location.html; /materials.html; /locations.html; /quotation.html; /contact.html,created
/material-location/ss-304-plates-coimbatore.html,material-location/ss-304-plates-coimbatore.html,india_city,Stainless Steel,SS 304,Plates,Coimbatore,Tamil Nadu,,SS 304 Plates Supplier in Coimbatore,SS 304 Plates Supplier in Coimbatore | Rubinox,https://rubinoxmetal.com/material-location/ss-304-plates-coimbatore.html,/material-location.html; /materials.html; /locations.html; /quotation.html; /contact.html,created
/material-location/ss-304-plates-faridabad.html,material-location/ss-304-plates-faridabad.html,india_city,Stainless Steel,SS 304,Plates,Faridabad,Haryana,,SS 304 Plates Supplier in Faridabad,SS 304 Plates Supplier in Faridabad | Rubinox,https://rubinoxmetal.com/material-location/ss-304-plates-faridabad.html,/material-location.html; /materials.html; /locations.html; /quotation.html; /contact.html,created
/material-location/ss-304-plates-gurugram-manesar.html,material-location/ss-304-plates-gurugram-manesar.html,india_city,Stainless Steel,SS 304,Plates,Gurugram and Manesar,Haryana,,SS 304 Plates Supplier in Gurugram and Manesar,SS 304 Plates Supplier in Gurugram and Manesar | Rubinox,https://rubinoxmetal.com/material-location/ss-304-plates-gurugram-manesar.html,/material-location.html; /materials.html; /locations.html; /quotation.html; /contact.html,created
/material-location/ss-304-plates-vapi.html,material-location/ss-304-plates-vapi.html,india_city,Stainless Steel,SS 304,Plates,Vapi,Gujarat,,SS 304 Plates Supplier in Vapi,SS 304 Plates Supplier in Vapi | Rubinox,https://rubinoxmetal.com/material-location/ss-304-plates-vapi.html,/material-location.html; /materials.html; /locations.html; /quotation.html; /contact.html,created
/material-location/inconel-625-fittings-mumbai.html,material-location/inconel-625-fittings-mumbai.html,india_city,Nickel Alloys,Inconel 625,Fittings,Mumbai,Maharashtra,,Inconel 625 Fittings Supplier in Mumbai,Inconel 625 Fittings Supplier in Mumbai | Rubinox,https://rubinoxmetal.com/material-location/inconel-625-fittings-mumbai.html,/material-location.html; /materials.html; /locations.html; /quotation.html; /contact.html,created
/material-location/inconel-625-fittings-bengaluru.html,material-location/inconel-625-fittings-bengaluru.html,india_city,Nickel Alloys,Inconel 625,Fittings,Bengaluru,Karnataka,,Inconel 625 Fittings Supplier in Bengaluru,Inconel 625 Fittings Supplier in Bengaluru | Rubinox,https://rubinoxmetal.com/material-location/inconel-625-fittings-bengaluru.html,/material-location.html; /materials.html; /locations.html; /quotation.html; /contact.html,created
/material-location/inconel-625-fittings-chennai.html,material-location/inconel-625-fittings-chennai.html,india_city,Nickel Alloys,Inconel 625,Fittings,Chennai,Tamil Nadu,,Inconel 625 Fittings Supplier in Chennai,Inconel 625 Fittings Supplier in Chennai | Rubinox,https://rubinoxmetal.com/material-location/inconel-625-fittings-chennai.html,/material-location.html; /materials.html; /locations.html; /quotation.html; /contact.html,created
/material-location/inconel-625-fittings-pune.html,material-location/inconel-625-fittings-pune.html,india_city,Nickel Alloys,Inconel 625,Fittings,Pune,Maharashtra,,Inconel 625 Fittings Supplier in Pune,Inconel 625 Fittings Supplier in Pune | Rubinox,https://rubinoxmetal.com/material-location/inconel-625-fittings-pune.html,/material-location.html; /materials.html; /locations.html; /quotation.html; /contact.html,created
/material-location/inconel-625-fittings-vadodara.html,material-location/inconel-625-fittings-vadodara.html,india_city,Nickel Alloys,Inconel 625,Fittings,Vadodara,Gujarat,,Inconel 625 Fittings Supplier in Vadodara,Inconel 625 Fittings Supplier in Vadodara | Rubinox,https://rubinoxmetal.com/material-location/inconel-625-fittings-vadodara.html,/material-location.html; /materials.html; /locations.html; /quotation.html; /contact.html,created
/material-location/inconel-625-fittings-hyderabad.html,material-location/inconel-625-fittings-hyderabad.html,india_city,Nickel Alloys,Inconel 625,Fittings,Hyderabad,Telangana,,Inconel 625 Fittings Supplier in Hyderabad,Inconel 625 Fittings Supplier in Hyderabad | Rubinox,https://rubinoxmetal.com/material-location/inconel-625-fittings-hyderabad.html,/material-location.html; /materials.html; /locations.html; /quotation.html; /contact.html,created
/material-location/inconel-625-fittings-ankleshwar.html,material-location/inconel-625-fittings-ankleshwar.html,india_city,Nickel Alloys,Inconel 625,Fittings,Ankleshwar,Gujarat,,Inconel 625 Fittings Supplier in Ankleshwar,Inconel 625 Fittings Supplier in Ankleshwar | Rubinox,https://rubinoxmetal.com/material-location/inconel-625-fittings-ankleshwar.html,/material-location.html; /materials.html; /locations.html; /quotation.html; /contact.html,created
/material-location/inconel-625-fittings-delhi.html,material-location/inconel-625-fittings-delhi.html,india_city,Nickel Alloys,Inconel 625,Fittings,Delhi NCR,Delhi NCR,,Inconel 625 Fittings Supplier in Delhi NCR,Inconel 625 Fittings Supplier in Delhi NCR | Rubinox,https://rubinoxmetal.com/material-location/inconel-625-fittings-delhi.html,/material-location.html; /materials.html; /locations.html; /quotation.html; /contact.html,created
/material-location/duplex-2205-fittings-bharuch.html,material-location/duplex-2205-fittings-bharuch.html,india_city,Duplex and Super Duplex Stainless Steel,Duplex 2205,Fittings,Bharuch,Gujarat,,Duplex 2205 Fittings Supplier in Bharuch,Duplex 2205 Fittings Supplier in Bharuch | Rubinox,https://rubinoxmetal.com/material-location/duplex-2205-fittings-bharuch.html,/material-location.html; /materials.html; /locations.html; /quotation.html; /contact.html,created
/material-location/duplex-2205-fittings-coimbatore.html,material-location/duplex-2205-fittings-coimbatore.html,india_city,Duplex and Super Duplex Stainless Steel,Duplex 2205,Fittings,Coimbatore,Tamil Nadu,,Duplex 2205 Fittings Supplier in Coimbatore,Duplex 2205 Fittings Supplier in Coimbatore | Rubinox,https://rubinoxmetal.com/material-location/duplex-2205-fittings-coimbatore.html,/material-location.html; /materials.html; /locations.html; /quotation.html; /contact.html,created
/material-location/inconel-625-fittings-faridabad.html,material-location/inconel-625-fittings-faridabad.html,india_city,Nickel Alloys,Inconel 625,Fittings,Faridabad,Haryana,,Inconel 625 Fittings Supplier in Faridabad,Inconel 625 Fittings Supplier in Faridabad | Rubinox,https://rubinoxmetal.com/material-location/inconel-625-fittings-faridabad.html,/material-location.html; /materials.html; /locations.html; /quotation.html; /contact.html,created
/material-location/inconel-625-fittings-vapi.html,material-location/inconel-625-fittings-vapi.html,india_city,Nickel Alloys,Inconel 625,Fittings,Vapi,Gujarat,,Inconel 625 Fittings Supplier in Vapi,Inconel 625 Fittings Supplier in Vapi | Rubinox,https://rubinoxmetal.com/material-location/inconel-625-fittings-vapi.html,/material-location.html; /materials.html; /locations.html; /quotation.html; /contact.html,created
/material-location/duplex-2205-fittings-visakhapatnam.html,material-location/duplex-2205-fittings-visakhapatnam.html,india_city,Duplex and Super Duplex Stainless Steel,Duplex 2205,Fittings,Visakhapatnam,Andhra Pradesh,,Duplex 2205 Fittings Supplier in Visakhapatnam,Duplex 2205 Fittings Supplier in Visakhapatnam | Rubinox,https://rubinoxmetal.com/material-location/duplex-2205-fittings-visakhapatnam.html,/material-location.html; /materials.html; /locations.html; /quotation.html; /contact.html,created
/material-location/inconel-625-fittings-indore-pithampur.html,material-location/inconel-625-fittings-indore-pithampur.html,india_city,Nickel Alloys,Inconel 625,Fittings,Indore and Pithampur,Madhya Pradesh,,Inconel 625 Fittings Supplier in Indore and Pithampur,Inconel 625 Fittings Supplier in Indore and Pithampur | Rubinox,https://rubinoxmetal.com/material-location/inconel-625-fittings-indore-pithampur.html,/material-location.html; /materials.html; /locations.html; /quotation.html; /contact.html,created
/material-location/inconel-625-fittings-jamnagar.html,material-location/inconel-625-fittings-jamnagar.html,india_city,Nickel Alloys,Inconel 625,Fittings,Jamnagar,Gujarat,,Inconel 625 Fittings Supplier in Jamnagar,Inconel 625 Fittings Supplier in Jamnagar | Rubinox,https://rubinoxmetal.com/material-location/inconel-625-fittings-jamnagar.html,/material-location.html; /materials.html; /locations.html; /quotation.html; /contact.html,created
/material-location/inconel-625-fittings-jamshedpur.html,material-location/inconel-625-fittings-jamshedpur.html,india_city,Nickel Alloys,Inconel 625,Fittings,Jamshedpur,Jharkhand,,Inconel 625 Fittings Supplier in Jamshedpur,Inconel 625 Fittings Supplier in Jamshedpur | Rubinox,https://rubinoxmetal.com/material-location/inconel-625-fittings-jamshedpur.html,/material-location.html; /materials.html; /locations.html; /quotation.html; /contact.html,created
/material-location/duplex-2205-fittings-kakinada.html,material-location/duplex-2205-fittings-kakinada.html,india_city,Duplex and Super Duplex Stainless Steel,Duplex 2205,Fittings,Kakinada,Andhra Pradesh,,Duplex 2205 Fittings Supplier in Kakinada,Duplex 2205 Fittings Supplier in Kakinada | Rubinox,https://rubinoxmetal.com/material-location/duplex-2205-fittings-kakinada.html,/material-location.html; /materials.html; /locations.html; /quotation.html; /contact.html,created
/material-location/inconel-625-fittings-mangaluru.html,material-location/inconel-625-fittings-mangaluru.html,india_city,Nickel Alloys,Inconel 625,Fittings,Mangaluru,Karnataka,,Inconel 625 Fittings Supplier in Mangaluru,Inconel 625 Fittings Supplier in Mangaluru | Rubinox,https://rubinoxmetal.com/material-location/inconel-625-fittings-mangaluru.html,/material-location.html; /materials.html; /locations.html; /quotation.html; /contact.html,created
/material-location/inconel-625-flanges-mumbai.html,material-location/inconel-625-flanges-mumbai.html,india_city,Nickel Alloys,Inconel 625,Flanges,Mumbai,Maharashtra,,Inconel 625 Flanges Supplier in Mumbai,Inconel 625 Flanges Supplier in Mumbai | Rubinox,https://rubinoxmetal.com/material-location/inconel-625-flanges-mumbai.html,/material-location.html; /materials.html; /locations.html; /quotation.html; /contact.html,created
/material-location/inconel-625-flanges-bengaluru.html,material-location/inconel-625-flanges-bengaluru.html,india_city,Nickel Alloys,Inconel 625,Flanges,Bengaluru,Karnataka,,Inconel 625 Flanges Supplier in Bengaluru,Inconel 625 Flanges Supplier in Bengaluru | Rubinox,https://rubinoxmetal.com/material-location/inconel-625-flanges-bengaluru.html,/material-location.html; /materials.html; /locations.html; /quotation.html; /contact.html,created
/material-location/inconel-625-flanges-chennai.html,material-location/inconel-625-flanges-chennai.html,india_city,Nickel Alloys,Inconel 625,Flanges,Chennai,Tamil Nadu,,Inconel 625 Flanges Supplier in Chennai,Inconel 625 Flanges Supplier in Chennai | Rubinox,https://rubinoxmetal.com/material-location/inconel-625-flanges-chennai.html,/material-location.html; /materials.html; /locations.html; /quotation.html; /contact.html,created
/material-location/inconel-625-flanges-pune.html,material-location/inconel-625-flanges-pune.html,india_city,Nickel Alloys,Inconel 625,Flanges,Pune,Maharashtra,,Inconel 625 Flanges Supplier in Pune,Inconel 625 Flanges Supplier in Pune | Rubinox,https://rubinoxmetal.com/material-location/inconel-625-flanges-pune.html,/material-location.html; /materials.html; /locations.html; /quotation.html; /contact.html,created
/material-location/inconel-625-flanges-vadodara.html,material-location/inconel-625-flanges-vadodara.html,india_city,Nickel Alloys,Inconel 625,Flanges,Vadodara,Gujarat,,Inconel 625 Flanges Supplier in Vadodara,Inconel 625 Flanges Supplier in Vadodara | Rubinox,https://rubinoxmetal.com/material-location/inconel-625-flanges-vadodara.html,/material-location.html; /materials.html; /locations.html; /quotation.html; /contact.html,created
/material-location/inconel-625-flanges-hyderabad.html,material-location/inconel-625-flanges-hyderabad.html,india_city,Nickel Alloys,Inconel 625,Flanges,Hyderabad,Telangana,,Inconel 625 Flanges Supplier in Hyderabad,Inconel 625 Flanges Supplier in Hyderabad | Rubinox,https://rubinoxmetal.com/material-location/inconel-625-flanges-hyderabad.html,/material-location.html; /materials.html; /locations.html; /quotation.html; /contact.html,created
/material-location/inconel-625-flanges-ankleshwar.html,material-location/inconel-625-flanges-ankleshwar.html,india_city,Nickel Alloys,Inconel 625,Flanges,Ankleshwar,Gujarat,,Inconel 625 Flanges Supplier in Ankleshwar,Inconel 625 Flanges Supplier in Ankleshwar | Rubinox,https://rubinoxmetal.com/material-location/inconel-625-flanges-ankleshwar.html,/material-location.html; /materials.html; /locations.html; /quotation.html; /contact.html,created
/material-location/inconel-625-flanges-delhi.html,material-location/inconel-625-flanges-delhi.html,india_city,Nickel Alloys,Inconel 625,Flanges,Delhi NCR,Delhi NCR,,Inconel 625 Flanges Supplier in Delhi NCR,Inconel 625 Flanges Supplier in Delhi NCR | Rubinox,https://rubinoxmetal.com/material-location/inconel-625-flanges-delhi.html,/material-location.html; /materials.html; /locations.html; /quotation.html; /contact.html,created
/material-location/duplex-2205-flanges-bharuch.html,material-location/duplex-2205-flanges-bharuch.html,india_city,Duplex and Super Duplex Stainless Steel,Duplex 2205,Flanges,Bharuch,Gujarat,,Duplex 2205 Flanges Supplier in Bharuch,Duplex 2205 Flanges Supplier in Bharuch | Rubinox,https://rubinoxmetal.com/material-location/duplex-2205-flanges-bharuch.html,/material-location.html; /materials.html; /locations.html; /quotation.html; /contact.html,created
/material-location/duplex-2205-flanges-coimbatore.html,material-location/duplex-2205-flanges-coimbatore.html,india_city,Duplex and Super Duplex Stainless Steel,Duplex 2205,Flanges,Coimbatore,Tamil Nadu,,Duplex 2205 Flanges Supplier in Coimbatore,Duplex 2205 Flanges Supplier in Coimbatore | Rubinox,https://rubinoxmetal.com/material-location/duplex-2205-flanges-coimbatore.html,/material-location.html; /materials.html; /locations.html; /quotation.html; /contact.html,created
/material-location/inconel-625-flanges-faridabad.html,material-location/inconel-625-flanges-faridabad.html,india_city,Nickel Alloys,Inconel 625,Flanges,Faridabad,Haryana,,Inconel 625 Flanges Supplier in Faridabad,Inconel 625 Flanges Supplier in Faridabad | Rubinox,https://rubinoxmetal.com/material-location/inconel-625-flanges-faridabad.html,/material-location.html; /materials.html; /locations.html; /quotation.html; /contact.html,created
/material-location/inconel-625-flanges-vapi.html,material-location/inconel-625-flanges-vapi.html,india_city,Nickel Alloys,Inconel 625,Flanges,Vapi,Gujarat,,Inconel 625 Flanges Supplier in Vapi,Inconel 625 Flanges Supplier in Vapi | Rubinox,https://rubinoxmetal.com/material-location/inconel-625-flanges-vapi.html,/material-location.html; /materials.html; /locations.html; /quotation.html; /contact.html,created
/material-location/duplex-2205-flanges-visakhapatnam.html,material-location/duplex-2205-flanges-visakhapatnam.html,india_city,Duplex and Super Duplex Stainless Steel,Duplex 2205,Flanges,Visakhapatnam,Andhra Pradesh,,Duplex 2205 Flanges Supplier in Visakhapatnam,Duplex 2205 Flanges Supplier in Visakhapatnam | Rubinox,https://rubinoxmetal.com/material-location/duplex-2205-flanges-visakhapatnam.html,/material-location.html; /materials.html; /locations.html; /quotation.html; /contact.html,created
/material-location/inconel-625-flanges-indore-pithampur.html,material-location/inconel-625-flanges-indore-pithampur.html,india_city,Nickel Alloys,Inconel 625,Flanges,Indore and Pithampur,Madhya Pradesh,,Inconel 625 Flanges Supplier in Indore and Pithampur,Inconel 625 Flanges Supplier in Indore and Pithampur | Rubinox,https://rubinoxmetal.com/material-location/inconel-625-flanges-indore-pithampur.html,/material-location.html; /materials.html; /locations.html; /quotation.html; /contact.html,created
/material-location/inconel-625-flanges-jamnagar.html,material-location/inconel-625-flanges-jamnagar.html,india_city,Nickel Alloys,Inconel 625,Flanges,Jamnagar,Gujarat,,Inconel 625 Flanges Supplier in Jamnagar,Inconel 625 Flanges Supplier in Jamnagar | Rubinox,https://rubinoxmetal.com/material-location/inconel-625-flanges-jamnagar.html,/material-location.html; /materials.html; /locations.html; /quotation.html; /contact.html,created
/material-location/inconel-625-flanges-jamshedpur.html,material-location/inconel-625-flanges-jamshedpur.html,india_city,Nickel Alloys,Inconel 625,Flanges,Jamshedpur,Jharkhand,,Inconel 625 Flanges Supplier in Jamshedpur,Inconel 625 Flanges Supplier in Jamshedpur | Rubinox,https://rubinoxmetal.com/material-location/inconel-625-flanges-jamshedpur.html,/material-location.html; /materials.html; /locations.html; /quotation.html; /contact.html,created
/material-location/duplex-2205-flanges-kakinada.html,material-location/duplex-2205-flanges-kakinada.html,india_city,Duplex and Super Duplex Stainless Steel,Duplex 2205,Flanges,Kakinada,Andhra Pradesh,,Duplex 2205 Flanges Supplier in Kakinada,Duplex 2205 Flanges Supplier in Kakinada | Rubinox,https://rubinoxmetal.com/material-location/duplex-2205-flanges-kakinada.html,/material-location.html; /materials.html; /locations.html; /quotation.html; /contact.html,created
/material-location/inconel-625-flanges-mangaluru.html,material-location/inconel-625-flanges-mangaluru.html,india_city,Nickel Alloys,Inconel 625,Flanges,Mangaluru,Karnataka,,Inconel 625 Flanges Supplier in Mangaluru,Inconel 625 Flanges Supplier in Mangaluru | Rubinox,https://rubinoxmetal.com/material-location/inconel-625-flanges-mangaluru.html,/material-location.html; /materials.html; /locations.html; /quotation.html; /contact.html,created
/export-material/inconel-625-fittings-uae.html,export-material/inconel-625-fittings-uae.html,export_country,Nickel Alloys,Inconel 625,Fittings,,,UAE,Inconel 625 Fittings Supplier for UAE,Inconel 625 Fittings Supplier for UAE | Rubinox,https://rubinoxmetal.com/export-material/inconel-625-fittings-uae.html,/export-material.html; /export.html; /quotation.html; /contact.html,created
/export-material/inconel-625-fittings-saudi-arabia.html,export-material/inconel-625-fittings-saudi-arabia.html,export_country,Nickel Alloys,Inconel 625,Fittings,,,Saudi Arabia,Inconel 625 Fittings Supplier for Saudi Arabia,Inconel 625 Fittings Supplier for Saudi Arabia | Rubinox,https://rubinoxmetal.com/export-material/inconel-625-fittings-saudi-arabia.html,/export-material.html; /export.html; /quotation.html; /contact.html,created
/export-material/inconel-625-fittings-qatar.html,export-material/inconel-625-fittings-qatar.html,export_country,Nickel Alloys,Inconel 625,Fittings,,,Qatar,Inconel 625 Fittings Supplier for Qatar,Inconel 625 Fittings Supplier for Qatar | Rubinox,https://rubinoxmetal.com/export-material/inconel-625-fittings-qatar.html,/export-material.html; /export.html; /quotation.html; /contact.html,created
/export-material/inconel-625-fittings-singapore.html,export-material/inconel-625-fittings-singapore.html,export_country,Nickel Alloys,Inconel 625,Fittings,,,Singapore,Inconel 625 Fittings Supplier for Singapore,Inconel 625 Fittings Supplier for Singapore | Rubinox,https://rubinoxmetal.com/export-material/inconel-625-fittings-singapore.html,/export-material.html; /export.html; /quotation.html; /contact.html,created
/export-material/duplex-2205-fittings-oman.html,export-material/duplex-2205-fittings-oman.html,export_country,Duplex and Super Duplex Stainless Steel,Duplex 2205,Fittings,,,Oman,Duplex 2205 Fittings Supplier for Oman,Duplex 2205 Fittings Supplier for Oman | Rubinox,https://rubinoxmetal.com/export-material/duplex-2205-fittings-oman.html,/export-material.html; /export.html; /quotation.html; /contact.html,created
/export-material/inconel-625-fittings-germany.html,export-material/inconel-625-fittings-germany.html,export_country,Nickel Alloys,Inconel 625,Fittings,,,Germany,Inconel 625 Fittings Supplier for Germany,Inconel 625 Fittings Supplier for Germany | Rubinox,https://rubinoxmetal.com/export-material/inconel-625-fittings-germany.html,/export-material.html; /export.html; /quotation.html; /contact.html,created
/export-material/duplex-2205-fittings-kuwait.html,export-material/duplex-2205-fittings-kuwait.html,export_country,Duplex and Super Duplex Stainless Steel,Duplex 2205,Fittings,,,Kuwait,Duplex 2205 Fittings Supplier for Kuwait,Duplex 2205 Fittings Supplier for Kuwait | Rubinox,https://rubinoxmetal.com/export-material/duplex-2205-fittings-kuwait.html,/export-material.html; /export.html; /quotation.html; /contact.html,created
/export-material/duplex-2205-fittings-malaysia.html,export-material/duplex-2205-fittings-malaysia.html,export_country,Duplex and Super Duplex Stainless Steel,Duplex 2205,Fittings,,,Malaysia,Duplex 2205 Fittings Supplier for Malaysia,Duplex 2205 Fittings Supplier for Malaysia | Rubinox,https://rubinoxmetal.com/export-material/duplex-2205-fittings-malaysia.html,/export-material.html; /export.html; /quotation.html; /contact.html,created
/export-material/inconel-625-fittings-united-states.html,export-material/inconel-625-fittings-united-states.html,export_country,Nickel Alloys,Inconel 625,Fittings,,,United States,Inconel 625 Fittings Supplier for United States,Inconel 625 Fittings Supplier for United States | Rubinox,https://rubinoxmetal.com/export-material/inconel-625-fittings-united-states.html,/export-material.html; /export.html; /quotation.html; /contact.html,created
/export-material/inconel-625-fittings-australia.html,export-material/inconel-625-fittings-australia.html,export_country,Nickel Alloys,Inconel 625,Fittings,,,Australia,Inconel 625 Fittings Supplier for Australia,Inconel 625 Fittings Supplier for Australia | Rubinox,https://rubinoxmetal.com/export-material/inconel-625-fittings-australia.html,/export-material.html; /export.html; /quotation.html; /contact.html,created
/export-material/duplex-2205-fittings-netherlands.html,export-material/duplex-2205-fittings-netherlands.html,export_country,Duplex and Super Duplex Stainless Steel,Duplex 2205,Fittings,,,Netherlands,Duplex 2205 Fittings Supplier for Netherlands,Duplex 2205 Fittings Supplier for Netherlands | Rubinox,https://rubinoxmetal.com/export-material/duplex-2205-fittings-netherlands.html,/export-material.html; /export.html; /quotation.html; /contact.html,created
/export-material/duplex-2205-fittings-thailand.html,export-material/duplex-2205-fittings-thailand.html,export_country,Duplex and Super Duplex Stainless Steel,Duplex 2205,Fittings,,,Thailand,Duplex 2205 Fittings Supplier for Thailand,Duplex 2205 Fittings Supplier for Thailand | Rubinox,https://rubinoxmetal.com/export-material/duplex-2205-fittings-thailand.html,/export-material.html; /export.html; /quotation.html; /contact.html,created
/export-material/inconel-625-fittings-united-kingdom.html,export-material/inconel-625-fittings-united-kingdom.html,export_country,Nickel Alloys,Inconel 625,Fittings,,,United Kingdom,Inconel 625 Fittings Supplier for United Kingdom,Inconel 625 Fittings Supplier for United Kingdom | Rubinox,https://rubinoxmetal.com/export-material/inconel-625-fittings-united-kingdom.html,/export-material.html; /export.html; /quotation.html; /contact.html,created
/export-material/inconel-625-fittings-vietnam.html,export-material/inconel-625-fittings-vietnam.html,export_country,Nickel Alloys,Inconel 625,Fittings,,,Vietnam,Inconel 625 Fittings Supplier for Vietnam,Inconel 625 Fittings Supplier for Vietnam | Rubinox,https://rubinoxmetal.com/export-material/inconel-625-fittings-vietnam.html,/export-material.html; /export.html; /quotation.html; /contact.html,created
/export-material/duplex-2205-fittings-bahrain.html,export-material/duplex-2205-fittings-bahrain.html,export_country,Duplex and Super Duplex Stainless Steel,Duplex 2205,Fittings,,,Bahrain,Duplex 2205 Fittings Supplier for Bahrain,Duplex 2205 Fittings Supplier for Bahrain | Rubinox,https://rubinoxmetal.com/export-material/duplex-2205-fittings-bahrain.html,/export-material.html; /export.html; /quotation.html; /contact.html,created
/export-material/inconel-625-fittings-indonesia.html,export-material/inconel-625-fittings-indonesia.html,export_country,Nickel Alloys,Inconel 625,Fittings,,,Indonesia,Inconel 625 Fittings Supplier for Indonesia,Inconel 625 Fittings Supplier for Indonesia | Rubinox,https://rubinoxmetal.com/export-material/inconel-625-fittings-indonesia.html,/export-material.html; /export.html; /quotation.html; /contact.html,created
/export-material/duplex-2205-fittings-canada.html,export-material/duplex-2205-fittings-canada.html,export_country,Duplex and Super Duplex Stainless Steel,Duplex 2205,Fittings,,,Canada,Duplex 2205 Fittings Supplier for Canada,Duplex 2205 Fittings Supplier for Canada | Rubinox,https://rubinoxmetal.com/export-material/duplex-2205-fittings-canada.html,/export-material.html; /export.html; /quotation.html; /contact.html,created
/export-material/inconel-625-fittings-japan.html,export-material/inconel-625-fittings-japan.html,export_country,Nickel Alloys,Inconel 625,Fittings,,,Japan,Inconel 625 Fittings Supplier for Japan,Inconel 625 Fittings Supplier for Japan | Rubinox,https://rubinoxmetal.com/export-material/inconel-625-fittings-japan.html,/export-material.html; /export.html; /quotation.html; /contact.html,created
/export-material/duplex-2205-fittings-south-africa.html,export-material/duplex-2205-fittings-south-africa.html,export_country,Duplex and Super Duplex Stainless Steel,Duplex 2205,Fittings,,,South Africa,Duplex 2205 Fittings Supplier for South Africa,Duplex 2205 Fittings Supplier for South Africa | Rubinox,https://rubinoxmetal.com/export-material/duplex-2205-fittings-south-africa.html,/export-material.html; /export.html; /quotation.html; /contact.html,created
/export-material/duplex-2205-fittings-south-korea.html,export-material/duplex-2205-fittings-south-korea.html,export_country,Duplex and Super Duplex Stainless Steel,Duplex 2205,Fittings,,,South Korea,Duplex 2205 Fittings Supplier for South Korea,Duplex 2205 Fittings Supplier for South Korea | Rubinox,https://rubinoxmetal.com/export-material/duplex-2205-fittings-south-korea.html,/export-material.html; /export.html; /quotation.html; /contact.html,created
/export-material/duplex-2205-fittings-italy.html,export-material/duplex-2205-fittings-italy.html,export_country,Duplex and Super Duplex Stainless Steel,Duplex 2205,Fittings,,,Italy,Duplex 2205 Fittings Supplier for Italy,Duplex 2205 Fittings Supplier for Italy | Rubinox,https://rubinoxmetal.com/export-material/duplex-2205-fittings-italy.html,/export-material.html; /export.html; /quotation.html; /contact.html,created
/export-material/inconel-625-fittings-mexico.html,export-material/inconel-625-fittings-mexico.html,export_country,Nickel Alloys,Inconel 625,Fittings,,,Mexico,Inconel 625 Fittings Supplier for Mexico,Inconel 625 Fittings Supplier for Mexico | Rubinox,https://rubinoxmetal.com/export-material/inconel-625-fittings-mexico.html,/export-material.html; /export.html; /quotation.html; /contact.html,created
/export-material/duplex-2205-fittings-philippines.html,export-material/duplex-2205-fittings-philippines.html,export_country,Duplex and Super Duplex Stainless Steel,Duplex 2205,Fittings,,,Philippines,Duplex 2205 Fittings Supplier for Philippines,Duplex 2205 Fittings Supplier for Philippines | Rubinox,https://rubinoxmetal.com/export-material/duplex-2205-fittings-philippines.html,/export-material.html; /export.html; /quotation.html; /contact.html,created
/export-material/inconel-625-fittings-spain.html,export-material/inconel-625-fittings-spain.html,export_country,Nickel Alloys,Inconel 625,Fittings,,,Spain,Inconel 625 Fittings Supplier for Spain,Inconel 625 Fittings Supplier for Spain | Rubinox,https://rubinoxmetal.com/export-material/inconel-625-fittings-spain.html,/export-material.html; /export.html; /quotation.html; /contact.html,created
/export-material/duplex-2205-fittings-egypt.html,export-material/duplex-2205-fittings-egypt.html,export_country,Duplex and Super Duplex Stainless Steel,Duplex 2205,Fittings,,,Egypt,Duplex 2205 Fittings Supplier for Egypt,Duplex 2205 Fittings Supplier for Egypt | Rubinox,https://rubinoxmetal.com/export-material/duplex-2205-fittings-egypt.html,/export-material.html; /export.html; /quotation.html; /contact.html,created
/export-material/inconel-625-flanges-uae.html,export-material/inconel-625-flanges-uae.html,export_country,Nickel Alloys,Inconel 625,Flanges,,,UAE,Inconel 625 Flanges Supplier for UAE,Inconel 625 Flanges Supplier for UAE | Rubinox,https://rubinoxmetal.com/export-material/inconel-625-flanges-uae.html,/export-material.html; /export.html; /quotation.html; /contact.html,created
/export-material/inconel-625-flanges-saudi-arabia.html,export-material/inconel-625-flanges-saudi-arabia.html,export_country,Nickel Alloys,Inconel 625,Flanges,,,Saudi Arabia,Inconel 625 Flanges Supplier for Saudi Arabia,Inconel 625 Flanges Supplier for Saudi Arabia | Rubinox,https://rubinoxmetal.com/export-material/inconel-625-flanges-saudi-arabia.html,/export-material.html; /export.html; /quotation.html; /contact.html,created
/export-material/inconel-625-flanges-qatar.html,export-material/inconel-625-flanges-qatar.html,export_country,Nickel Alloys,Inconel 625,Flanges,,,Qatar,Inconel 625 Flanges Supplier for Qatar,Inconel 625 Flanges Supplier for Qatar | Rubinox,https://rubinoxmetal.com/export-material/inconel-625-flanges-qatar.html,/export-material.html; /export.html; /quotation.html; /contact.html,created
/export-material/inconel-625-flanges-singapore.html,export-material/inconel-625-flanges-singapore.html,export_country,Nickel Alloys,Inconel 625,Flanges,,,Singapore,Inconel 625 Flanges Supplier for Singapore,Inconel 625 Flanges Supplier for Singapore | Rubinox,https://rubinoxmetal.com/export-material/inconel-625-flanges-singapore.html,/export-material.html; /export.html; /quotation.html; /contact.html,created
/export-material/duplex-2205-flanges-oman.html,export-material/duplex-2205-flanges-oman.html,export_country,Duplex and Super Duplex Stainless Steel,Duplex 2205,Flanges,,,Oman,Duplex 2205 Flanges Supplier for Oman,Duplex 2205 Flanges Supplier for Oman | Rubinox,https://rubinoxmetal.com/export-material/duplex-2205-flanges-oman.html,/export-material.html; /export.html; /quotation.html; /contact.html,created
/export-material/inconel-625-flanges-germany.html,export-material/inconel-625-flanges-germany.html,export_country,Nickel Alloys,Inconel 625,Flanges,,,Germany,Inconel 625 Flanges Supplier for Germany,Inconel 625 Flanges Supplier for Germany | Rubinox,https://rubinoxmetal.com/export-material/inconel-625-flanges-germany.html,/export-material.html; /export.html; /quotation.html; /contact.html,created
/export-material/duplex-2205-flanges-kuwait.html,export-material/duplex-2205-flanges-kuwait.html,export_country,Duplex and Super Duplex Stainless Steel,Duplex 2205,Flanges,,,Kuwait,Duplex 2205 Flanges Supplier for Kuwait,Duplex 2205 Flanges Supplier for Kuwait | Rubinox,https://rubinoxmetal.com/export-material/duplex-2205-flanges-kuwait.html,/export-material.html; /export.html; /quotation.html; /contact.html,created
/export-material/duplex-2205-flanges-malaysia.html,export-material/duplex-2205-flanges-malaysia.html,export_country,Duplex and Super Duplex Stainless Steel,Duplex 2205,Flanges,,,Malaysia,Duplex 2205 Flanges Supplier for Malaysia,Duplex 2205 Flanges Supplier for Malaysia | Rubinox,https://rubinoxmetal.com/export-material/duplex-2205-flanges-malaysia.html,/export-material.html; /export.html; /quotation.html; /contact.html,created
/export-material/inconel-625-flanges-united-states.html,export-material/inconel-625-flanges-united-states.html,export_country,Nickel Alloys,Inconel 625,Flanges,,,United States,Inconel 625 Flanges Supplier for United States,Inconel 625 Flanges Supplier for United States | Rubinox,https://rubinoxmetal.com/export-material/inconel-625-flanges-united-states.html,/export-material.html; /export.html; /quotation.html; /contact.html,created
/export-material/inconel-625-flanges-australia.html,export-material/inconel-625-flanges-australia.html,export_country,Nickel Alloys,Inconel 625,Flanges,,,Australia,Inconel 625 Flanges Supplier for Australia,Inconel 625 Flanges Supplier for Australia | Rubinox,https://rubinoxmetal.com/export-material/inconel-625-flanges-australia.html,/export-material.html; /export.html; /quotation.html; /contact.html,created
/export-material/duplex-2205-flanges-netherlands.html,export-material/duplex-2205-flanges-netherlands.html,export_country,Duplex and Super Duplex Stainless Steel,Duplex 2205,Flanges,,,Netherlands,Duplex 2205 Flanges Supplier for Netherlands,Duplex 2205 Flanges Supplier for Netherlands | Rubinox,https://rubinoxmetal.com/export-material/duplex-2205-flanges-netherlands.html,/export-material.html; /export.html; /quotation.html; /contact.html,created
/material-location/hss-m2-round-bars-pune.html,material-location/hss-m2-round-bars-pune.html,india_city,High Speed Steel,HSS M2,Round Bars,Pune,Maharashtra,,HSS M2 Round Bars Supplier in Pune,HSS M2 Round Bars Supplier in Pune | Rubinox,https://rubinoxmetal.com/material-location/hss-m2-round-bars-pune.html,/material-location.html; /materials.html; /locations.html; /quotation.html; /contact.html,created
/material-location/hss-m2-round-bars-ahmedabad.html,material-location/hss-m2-round-bars-ahmedabad.html,india_city,High Speed Steel,HSS M2,Round Bars,Ahmedabad,Gujarat,,HSS M2 Round Bars Supplier in Ahmedabad,HSS M2 Round Bars Supplier in Ahmedabad | Rubinox,https://rubinoxmetal.com/material-location/hss-m2-round-bars-ahmedabad.html,/material-location.html; /materials.html; /locations.html; /quotation.html; /contact.html,created
/material-location/hss-m2-round-bars-bengaluru.html,material-location/hss-m2-round-bars-bengaluru.html,india_city,High Speed Steel,HSS M2,Round Bars,Bengaluru,Karnataka,,HSS M2 Round Bars Supplier in Bengaluru,HSS M2 Round Bars Supplier in Bengaluru | Rubinox,https://rubinoxmetal.com/material-location/hss-m2-round-bars-bengaluru.html,/material-location.html; /materials.html; /locations.html; /quotation.html; /contact.html,created
/material-location/hss-m2-round-bars-chakan-pimpri-chinchwad.html,material-location/hss-m2-round-bars-chakan-pimpri-chinchwad.html,india_city,High Speed Steel,HSS M2,Round Bars,Chakan and Pimpri-Chinchwad,Maharashtra,,HSS M2 Round Bars Supplier in Chakan and Pimpri-Chinchwad,HSS M2 Round Bars Supplier in Chakan and Pimpri-Chinchwad | Rubinox,https://rubinoxmetal.com/material-location/hss-m2-round-bars-chakan-pimpri-chinchwad.html,/material-location.html; /materials.html; /locations.html; /quotation.html; /contact.html,created
/material-location/hss-m2-round-bars-chennai.html,material-location/hss-m2-round-bars-chennai.html,india_city,High Speed Steel,HSS M2,Round Bars,Chennai,Tamil Nadu,,HSS M2 Round Bars Supplier in Chennai,HSS M2 Round Bars Supplier in Chennai | Rubinox,https://rubinoxmetal.com/material-location/hss-m2-round-bars-chennai.html,/material-location.html; /materials.html; /locations.html; /quotation.html; /contact.html,created
/material-location/hss-m2-round-bars-hyderabad.html,material-location/hss-m2-round-bars-hyderabad.html,india_city,High Speed Steel,HSS M2,Round Bars,Hyderabad,Telangana,,HSS M2 Round Bars Supplier in Hyderabad,HSS M2 Round Bars Supplier in Hyderabad | Rubinox,https://rubinoxmetal.com/material-location/hss-m2-round-bars-hyderabad.html,/material-location.html; /materials.html; /locations.html; /quotation.html; /contact.html,created
/material-location/hss-m2-round-bars-coimbatore.html,material-location/hss-m2-round-bars-coimbatore.html,india_city,High Speed Steel,HSS M2,Round Bars,Coimbatore,Tamil Nadu,,HSS M2 Round Bars Supplier in Coimbatore,HSS M2 Round Bars Supplier in Coimbatore | Rubinox,https://rubinoxmetal.com/material-location/hss-m2-round-bars-coimbatore.html,/material-location.html; /materials.html; /locations.html; /quotation.html; /contact.html,created
/material-location/hss-m2-round-bars-faridabad.html,material-location/hss-m2-round-bars-faridabad.html,india_city,High Speed Steel,HSS M2,Round Bars,Faridabad,Haryana,,HSS M2 Round Bars Supplier in Faridabad,HSS M2 Round Bars Supplier in Faridabad | Rubinox,https://rubinoxmetal.com/material-location/hss-m2-round-bars-faridabad.html,/material-location.html; /materials.html; /locations.html; /quotation.html; /contact.html,created
/material-location/hss-m2-round-bars-gurugram-manesar.html,material-location/hss-m2-round-bars-gurugram-manesar.html,india_city,High Speed Steel,HSS M2,Round Bars,Gurugram and Manesar,Haryana,,HSS M2 Round Bars Supplier in Gurugram and Manesar,HSS M2 Round Bars Supplier in Gurugram and Manesar | Rubinox,https://rubinoxmetal.com/material-location/hss-m2-round-bars-gurugram-manesar.html,/material-location.html; /materials.html; /locations.html; /quotation.html; /contact.html,created
/material-location/hss-m2-round-bars-jamshedpur.html,material-location/hss-m2-round-bars-jamshedpur.html,india_city,High Speed Steel,HSS M2,Round Bars,Jamshedpur,Jharkhand,,HSS M2 Round Bars Supplier in Jamshedpur,HSS M2 Round Bars Supplier in Jamshedpur | Rubinox,https://rubinoxmetal.com/material-location/hss-m2-round-bars-jamshedpur.html,/material-location.html; /materials.html; /locations.html; /quotation.html; /contact.html,created
/material-location/aluminium-6061-fittings-mumbai.html,material-location/aluminium-6061-fittings-mumbai.html,india_city,Aluminium,Aluminium 6061,Fittings,Mumbai,Maharashtra,,Aluminium 6061 Fittings Supplier in Mumbai,Aluminium 6061 Fittings Supplier in Mumbai | Rubinox,https://rubinoxmetal.com/material-location/aluminium-6061-fittings-mumbai.html,/material-location.html; /materials.html; /locations.html; /quotation.html; /contact.html,created
/material-location/aluminium-6061-fittings-bengaluru.html,material-location/aluminium-6061-fittings-bengaluru.html,india_city,Aluminium,Aluminium 6061,Fittings,Bengaluru,Karnataka,,Aluminium 6061 Fittings Supplier in Bengaluru,Aluminium 6061 Fittings Supplier in Bengaluru | Rubinox,https://rubinoxmetal.com/material-location/aluminium-6061-fittings-bengaluru.html,/material-location.html; /materials.html; /locations.html; /quotation.html; /contact.html,created
/material-location/aluminium-6061-fittings-chennai.html,material-location/aluminium-6061-fittings-chennai.html,india_city,Aluminium,Aluminium 6061,Fittings,Chennai,Tamil Nadu,,Aluminium 6061 Fittings Supplier in Chennai,Aluminium 6061 Fittings Supplier in Chennai | Rubinox,https://rubinoxmetal.com/material-location/aluminium-6061-fittings-chennai.html,/material-location.html; /materials.html; /locations.html; /quotation.html; /contact.html,created
/material-location/aluminium-6061-fittings-pune.html,material-location/aluminium-6061-fittings-pune.html,india_city,Aluminium,Aluminium 6061,Fittings,Pune,Maharashtra,,Aluminium 6061 Fittings Supplier in Pune,Aluminium 6061 Fittings Supplier in Pune | Rubinox,https://rubinoxmetal.com/material-location/aluminium-6061-fittings-pune.html,/material-location.html; /materials.html; /locations.html; /quotation.html; /contact.html,created
/material-location/aluminium-6061-fittings-vadodara.html,material-location/aluminium-6061-fittings-vadodara.html,india_city,Aluminium,Aluminium 6061,Fittings,Vadodara,Gujarat,,Aluminium 6061 Fittings Supplier in Vadodara,Aluminium 6061 Fittings Supplier in Vadodara | Rubinox,https://rubinoxmetal.com/material-location/aluminium-6061-fittings-vadodara.html,/material-location.html; /materials.html; /locations.html; /quotation.html; /contact.html,created
/material-location/aluminium-6061-fittings-ahmedabad.html,material-location/aluminium-6061-fittings-ahmedabad.html,india_city,Aluminium,Aluminium 6061,Fittings,Ahmedabad,Gujarat,,Aluminium 6061 Fittings Supplier in Ahmedabad,Aluminium 6061 Fittings Supplier in Ahmedabad | Rubinox,https://rubinoxmetal.com/material-location/aluminium-6061-fittings-ahmedabad.html,/material-location.html; /materials.html; /locations.html; /quotation.html; /contact.html,created
/material-location/aluminium-6061-fittings-hyderabad.html,material-location/aluminium-6061-fittings-hyderabad.html,india_city,Aluminium,Aluminium 6061,Fittings,Hyderabad,Telangana,,Aluminium 6061 Fittings Supplier in Hyderabad,Aluminium 6061 Fittings Supplier in Hyderabad | Rubinox,https://rubinoxmetal.com/material-location/aluminium-6061-fittings-hyderabad.html,/material-location.html; /materials.html; /locations.html; /quotation.html; /contact.html,created
/material-location/aluminium-6061-fittings-delhi.html,material-location/aluminium-6061-fittings-delhi.html,india_city,Aluminium,Aluminium 6061,Fittings,Delhi NCR,Delhi NCR,,Aluminium 6061 Fittings Supplier in Delhi NCR,Aluminium 6061 Fittings Supplier in Delhi NCR | Rubinox,https://rubinoxmetal.com/material-location/aluminium-6061-fittings-delhi.html,/material-location.html; /materials.html; /locations.html; /quotation.html; /contact.html,created
/material-location/aluminium-6061-fittings-coimbatore.html,material-location/aluminium-6061-fittings-coimbatore.html,india_city,Aluminium,Aluminium 6061,Fittings,Coimbatore,Tamil Nadu,,Aluminium 6061 Fittings Supplier in Coimbatore,Aluminium 6061 Fittings Supplier in Coimbatore | Rubinox,https://rubinoxmetal.com/material-location/aluminium-6061-fittings-coimbatore.html,/material-location.html; /materials.html; /locations.html; /quotation.html; /contact.html,created
/material-location/aluminium-6061-fittings-faridabad.html,material-location/aluminium-6061-fittings-faridabad.html,india_city,Aluminium,Aluminium 6061,Fittings,Faridabad,Haryana,,Aluminium 6061 Fittings Supplier in Faridabad,Aluminium 6061 Fittings Supplier in Faridabad | Rubinox,https://rubinoxmetal.com/material-location/aluminium-6061-fittings-faridabad.html,/material-location.html; /materials.html; /locations.html; /quotation.html; /contact.html,created
/export-material/aluminium-6061-flanges-uae.html,export-material/aluminium-6061-flanges-uae.html,export_country,Aluminium,Aluminium 6061,Flanges,,,UAE,Aluminium 6061 Flanges Supplier for UAE,Aluminium 6061 Flanges Supplier for UAE | Rubinox,https://rubinoxmetal.com/export-material/aluminium-6061-flanges-uae.html,/export-material.html; /export.html; /quotation.html; /contact.html,created
/export-material/aluminium-6061-flanges-saudi-arabia.html,export-material/aluminium-6061-flanges-saudi-arabia.html,export_country,Aluminium,Aluminium 6061,Flanges,,,Saudi Arabia,Aluminium 6061 Flanges Supplier for Saudi Arabia,Aluminium 6061 Flanges Supplier for Saudi Arabia | Rubinox,https://rubinoxmetal.com/export-material/aluminium-6061-flanges-saudi-arabia.html,/export-material.html; /export.html; /quotation.html; /contact.html,created
/export-material/aluminium-6061-flanges-qatar.html,export-material/aluminium-6061-flanges-qatar.html,export_country,Aluminium,Aluminium 6061,Flanges,,,Qatar,Aluminium 6061 Flanges Supplier for Qatar,Aluminium 6061 Flanges Supplier for Qatar | Rubinox,https://rubinoxmetal.com/export-material/aluminium-6061-flanges-qatar.html,/export-material.html; /export.html; /quotation.html; /contact.html,created
/export-material/aluminium-6061-flanges-singapore.html,export-material/aluminium-6061-flanges-singapore.html,export_country,Aluminium,Aluminium 6061,Flanges,,,Singapore,Aluminium 6061 Flanges Supplier for Singapore,Aluminium 6061 Flanges Supplier for Singapore | Rubinox,https://rubinoxmetal.com/export-material/aluminium-6061-flanges-singapore.html,/export-material.html; /export.html; /quotation.html; /contact.html,created
