url,file_path,page_type,h1,title,description,material,grade,form,city,state,country,canonical,schema_types,notes
https://rubinoxmetal.com/,index.html,homepage,"Stainless Steel Supplier, Stockist & Exporter in Mumbai, India | Nickel Alloy & Duplex Metals","Stainless Steel Supplier in Mumbai, India | Rubinox","Rubinox is a Mumbai stockist and supplier of stainless steel, nickel alloys, duplex, titanium and industrial metals across India and worldwide.",Stainless Steel | Duplex & Super Duplex | Nickel Alloys | Titanium,,,,,,https://rubinoxmetal.com/,Organization | LocalBusiness | WebSite | WebPage | FAQPage,Existing public page in sitemap.
https://rubinoxmetal.com/about-us.html,about-us.html,company page,About Rubinox Metal and Alloys,About Rubinox Metal and Alloys | Industrial Metal Supplier in India,"Learn about Rubinox Metal and Alloys, a Mumbai-based stockist, supplier, importer, exporter and project supplier for stainless steel, nickel alloys and industrial metals.",Stainless Steel | Nickel Alloys,,,,,,https://rubinoxmetal.com/about-us.html,WebPage | BreadcrumbList | FAQPage,Existing public page in sitemap.
https://rubinoxmetal.com/industries.html,industries.html,industry hub,Industries We Serve,Industries We Serve | Industrial Metal Supplier | Rubinox,"Metals for oil and gas, chemical, marine, power, fabrication and infrastructure projects. PAN India supply, export support and fast quotations.",,,,,,,https://rubinoxmetal.com/industries.html,WebPage | BreadcrumbList | FAQPage,Existing public page in sitemap.
https://rubinoxmetal.com/quotation.html,quotation.html,RFQ page,Request an Industrial Metal Quotation,Request Metal Quotation | Industrial Metals RFQ | Rubinox,"Send an RFQ to Rubinox for stainless steel, nickel alloys, duplex, titanium and industrial metals. Share grade, form, size, quantity, standard, documentation and delivery details.",Stainless Steel | Duplex & Super Duplex | Nickel Alloys | Titanium,,,,,,https://rubinoxmetal.com/quotation.html,WebPage | BreadcrumbList | FAQPage,Existing public page in sitemap.
https://rubinoxmetal.com/contact.html,contact.html,contact page,Contact Rubinox Metal and Alloys,"Contact Rubinox Metal and Alloys | Metal Supplier in Mumbai, India","Contact Rubinox Metal and Alloys in Mumbai for stainless steel, nickel alloys, duplex, titanium, SMO 254 and industrial metal RFQs with PAN India and export enquiry support.",Stainless Steel | Duplex & Super Duplex | Nickel Alloys | Titanium | SMO 254,,,,,,https://rubinoxmetal.com/contact.html,ContactPage | WebPage | BreadcrumbList | FAQPage,Existing public page in sitemap.
https://rubinoxmetal.com/locations.html,locations.html,supporting page,PAN India Metal Supply Locations,PAN India Metal Supply Locations | Rubinox Metal and Alloys,"Rubinox Metal and Alloys supports PAN India RFQs for stainless steel, duplex, nickel alloys, titanium, SMO 254, aluminium, copper, brass, carbon steel, mild steel and industrial metal products.",Stainless Steel | Duplex & Super Duplex | Nickel Alloys | Carbon Steel | Mild Steel | Aluminium | Copper | Brass | Titanium | SMO 254,,,,,,https://rubinoxmetal.com/locations.html,WebPage | BreadcrumbList | FAQPage,Existing public page in sitemap.
https://rubinoxmetal.com/export.html,export.html,supporting page,Metal Export Enquiry Support from India,Metal Export Enquiry Support from India | Rubinox Metal and Alloys,"Rubinox Metal and Alloys supports export RFQs from India for stainless steel, duplex, nickel alloys, titanium, SMO 254, aluminium, copper, brass, carbon steel, mild steel and industrial metal products.",Stainless Steel | Duplex & Super Duplex | Nickel Alloys | Carbon Steel | Mild Steel | Aluminium | Copper | Brass | Titanium | SMO 254,,,,,,https://rubinoxmetal.com/export.html,WebPage | BreadcrumbList | FAQPage,Existing public page in sitemap.
https://rubinoxmetal.com/materials/stainless-steel.html,materials/stainless-steel.html,material family page,Stainless Steel Supplier in India,Stainless Steel Supplier in India | Grades & Forms | Rubinox,"Stainless steel supplier for 200, 300 and 400 series, duplex, PH and specialty grades in pipes, plates, sheets, coils, bars and fittings.",Stainless Steel | Duplex & Super Duplex,,pipes | sheets | plates | coils | bars | fittings,,,,https://rubinoxmetal.com/materials/stainless-steel.html,WebPage | BreadcrumbList | Product | FAQPage,Existing public page in sitemap.
https://rubinoxmetal.com/materials/stainless-steel-supplier-mumbai.html,materials/stainless-steel-supplier-mumbai.html,material family page,"Stainless Steel Supplier, Dealer & Stockist in Mumbai",Stainless Steel Supplier Mumbai | SS 304 & 316 | Rubinox,"Mumbai stainless steel stockist supplying SS 304, 316 and 316L pipes, sheets, plates, coils, bars, flanges and fittings across India.",Stainless Steel,SS 304,pipes | sheets | plates | coils | bars | flanges | fittings,,,,https://rubinoxmetal.com/materials/stainless-steel-supplier-mumbai.html,WebPage | BreadcrumbList | Product,Existing public page in sitemap.
https://rubinoxmetal.com/materials/ss-201-supplier-india.html,materials/ss-201-supplier-india.html,grade/material detail page,SS 201 Supplier in India,SS 201 Supplier in India | Rubinox,"Rubinox supplies SS 201 stainless steel sheets, coils, plates, strips, pipes, tubes across India, with export support, MTC documentation and fast quotations.",Stainless Steel,SS 201,pipes | tubes | sheets | plates | coils,,,,https://rubinoxmetal.com/materials/ss-201-supplier-india.html,WebPage | BreadcrumbList | Product,Existing public page in sitemap.
https://rubinoxmetal.com/materials/ss-202-supplier-india.html,materials/ss-202-supplier-india.html,grade/material detail page,SS 202 Supplier in India,SS 202 Supplier in India | Rubinox,"Rubinox supplies SS 202 stainless steel sheets, plates, coils, pipes, tubes, rods, bars, angles, flats, fasteners, fittings and flanges across India.",Stainless Steel,SS 202,pipes | tubes | sheets | plates | coils | bars | rods | flats | angles | flanges | fittings | fasteners,,,,https://rubinoxmetal.com/materials/ss-202-supplier-india.html,WebPage | BreadcrumbList | Product,Existing public page in sitemap.
https://rubinoxmetal.com/materials/ss-304-supplier-india.html,materials/ss-304-supplier-india.html,grade/material detail page,SS 304 Supplier in India,"SS 304 Supplier in India | Pipes, Sheets, Coils, Bars","Rubinox supplies SS 304 pipes, tubes, sheets, plates, coils, bars, rods, angles, flats, flanges, fittings and fasteners across India.",Stainless Steel,SS 304,pipes | tubes | sheets | plates | coils | bars | rods | flats | angles | flanges | fittings | fasteners,,,,https://rubinoxmetal.com/materials/ss-304-supplier-india.html,WebPage | BreadcrumbList | Product,Existing public page in sitemap.
https://rubinoxmetal.com/materials/ss-304l-supplier-india.html,materials/ss-304l-supplier-india.html,grade/material detail page,SS 304L Supplier in India,SS 304L Supplier in India | Rubinox,"Rubinox supplies SS 304L stainless steel pipes, tubes, sheets, plates, coils, bars across India, with export support, MTC documentation and fast quotations.",Stainless Steel,SS 304L,pipes | tubes | sheets | plates | coils | bars,,,,https://rubinoxmetal.com/materials/ss-304l-supplier-india.html,WebPage | BreadcrumbList | Product,Existing public page in sitemap.
https://rubinoxmetal.com/materials/ss-309-supplier-india.html,materials/ss-309-supplier-india.html,grade/material detail page,SS 309 / 309S Supplier in India,SS 309 / 309S Supplier in India | Rubinox,"Rubinox supplies SS 309 and SS 309S pipes, tubes, sheets, plates, coils, bars, rods across India, with export support, MTC documentation and fast quotations.",Stainless Steel,SS 309 | SS 309S,pipes | tubes | sheets | plates | coils | bars | rods,,,,https://rubinoxmetal.com/materials/ss-309-supplier-india.html,WebPage | BreadcrumbList | Product,Existing public page in sitemap.
https://rubinoxmetal.com/materials/ss-309s-supplier-india.html,materials/ss-309s-supplier-india.html,grade/material detail page,Stainless Steel 309S Supplier in India,"SS 309S Supplier in India | SS 309S Pipes, Sheets, Plates","Rubinox supplies Stainless Steel 309S and SS 309S pipes, tubes, sheets, plates, coils across India, with export support, MTC documentation and fast quotations.",Stainless Steel,SS 309S,pipes | tubes | sheets | plates | coils,,,,https://rubinoxmetal.com/materials/ss-309s-supplier-india.html,WebPage | BreadcrumbList | Product,Existing public page in sitemap.
https://rubinoxmetal.com/materials/ss-310-supplier-india.html,materials/ss-310-supplier-india.html,grade/material detail page,SS 310 Supplier in India,SS 310 Supplier in India | Rubinox,"Rubinox supplies SS 310 stainless steel sheets, plates, coils, pipes, tubes, rods, bars, angles, flats, fasteners, fittings and flanges across India.",Stainless Steel,SS 310,pipes | tubes | sheets | plates | coils | bars | rods | flats | angles | flanges | fittings | fasteners,,,,https://rubinoxmetal.com/materials/ss-310-supplier-india.html,WebPage | BreadcrumbList | Product,Existing public page in sitemap.
https://rubinoxmetal.com/materials/ss-310s-supplier-india.html,materials/ss-310s-supplier-india.html,grade/material detail page,Stainless Steel 310S Supplier in India,"SS 310S Supplier in India | SS 310S Pipes, Tubes, Plates","Rubinox supplies Stainless Steel 310S and SS 310S pipes, tubes, sheets, plates, coils across India, with export support, MTC documentation and fast quotations.",Stainless Steel,SS 310S,pipes | tubes | sheets | plates | coils,,,,https://rubinoxmetal.com/materials/ss-310s-supplier-india.html,WebPage | BreadcrumbList | Product,Existing public page in sitemap.
https://rubinoxmetal.com/materials/ss-321-supplier-india.html,materials/ss-321-supplier-india.html,grade/material detail page,SS 321 Supplier in India,SS 321 Supplier in India | Rubinox,"Rubinox supplies SS 321 stainless steel sheets, plates, coils, pipes, tubes, rods, bars, angles, flats, fasteners, fittings and flanges across India.",Stainless Steel,SS 321,pipes | tubes | sheets | plates | coils | bars | rods | flats | angles | flanges | fittings | fasteners,,,,https://rubinoxmetal.com/materials/ss-321-supplier-india.html,WebPage | BreadcrumbList | Product,Existing public page in sitemap.
https://rubinoxmetal.com/materials/ss-321h-supplier-india.html,materials/ss-321h-supplier-india.html,grade/material detail page,Stainless Steel 321H Supplier in India,"SS 321H Supplier in India | SS 321H Pipes, Tubes, Plates","Rubinox supplies Stainless Steel 321H and SS 321H pipes, tubes, sheets, plates, coils across India, with export support, MTC documentation and fast quotations.",Stainless Steel,SS 321H,pipes | tubes | sheets | plates | coils,,,,https://rubinoxmetal.com/materials/ss-321h-supplier-india.html,WebPage | BreadcrumbList | Product,Existing public page in sitemap.
https://rubinoxmetal.com/materials/ss-347-supplier-india.html,materials/ss-347-supplier-india.html,grade/material detail page,Stainless Steel 347 Supplier in India,"SS 347 Supplier in India | SS 347 Pipes, Tubes, Plates","Rubinox supplies Stainless Steel 347 and SS 347 pipes, tubes, sheets, plates, coils across India, with export support, MTC documentation and fast quotations.",Stainless Steel,SS 347,pipes | tubes | sheets | plates | coils,,,,https://rubinoxmetal.com/materials/ss-347-supplier-india.html,WebPage | BreadcrumbList | Product,Existing public page in sitemap.
https://rubinoxmetal.com/materials/ss-347h-supplier-india.html,materials/ss-347h-supplier-india.html,grade/material detail page,Stainless Steel 347H Supplier in India,"SS 347H Supplier in India | SS 347H Pipes, Tubes, Plates","Rubinox supplies Stainless Steel 347H and SS 347H pipes, tubes, sheets, plates, coils across India, with export support, MTC documentation and fast quotations.",Stainless Steel,SS 347H,pipes | tubes | sheets | plates | coils,,,,https://rubinoxmetal.com/materials/ss-347h-supplier-india.html,WebPage | BreadcrumbList | Product,Existing public page in sitemap.
https://rubinoxmetal.com/materials/ss-253ma-supplier-india.html,materials/ss-253ma-supplier-india.html,grade/material detail page,Stainless Steel 253MA Supplier in India,"SS 253MA Supplier in India | SS 253MA Pipes, Tubes, Plates","Rubinox supplies Stainless Steel 253MA and SS 253MA pipes, tubes, sheets, plates across India, with export support, MTC documentation and fast quotations.",Stainless Steel,SS 253MA,pipes | tubes | sheets | plates,,,,https://rubinoxmetal.com/materials/ss-253ma-supplier-india.html,WebPage | BreadcrumbList | Product,Existing public page in sitemap.
https://rubinoxmetal.com/materials/ss-316-supplier-india.html,materials/ss-316-supplier-india.html,grade/material detail page,SS 316 Supplier in India,"SS 316 Supplier in India | Pipes, Sheets, Plates, Bars","Rubinox supplies SS 316 pipes, tubes, sheets, plates, coils, bars, rods, angles, flats, flanges, fittings and fasteners across India.",Stainless Steel,SS 316,pipes | tubes | sheets | plates | coils | bars | rods | flats | angles | flanges | fittings | fasteners,,,,https://rubinoxmetal.com/materials/ss-316-supplier-india.html,WebPage | BreadcrumbList | Product,Existing public page in sitemap.
https://rubinoxmetal.com/materials/ss-316l-supplier-india.html,materials/ss-316l-supplier-india.html,grade/material detail page,SS 316L Supplier in India,"SS 316L Supplier in India | Tubes, Sheets, Coils, Fittings","Rubinox supplies SS 316L pipes, tubes, sheets, plates, coils, bars, flanges, fittings and fasteners across India with export support.",Stainless Steel,SS 316L,pipes | tubes | sheets | plates | coils | bars | flanges | fittings | fasteners,,,,https://rubinoxmetal.com/materials/ss-316l-supplier-india.html,WebPage | BreadcrumbList | Product,Existing public page in sitemap.
https://rubinoxmetal.com/materials/ss-316ti-supplier-india.html,materials/ss-316ti-supplier-india.html,grade/material detail page,Stainless Steel 316Ti Supplier in India,"SS 316Ti Supplier in India | SS 316Ti Pipes, Tubes, Plates","Rubinox supplies Stainless Steel 316Ti and SS 316Ti pipes, tubes, sheets, plates across India, with export support, MTC documentation and fast quotations.",Stainless Steel,SS 316Ti,pipes | tubes | sheets | plates,,,,https://rubinoxmetal.com/materials/ss-316ti-supplier-india.html,WebPage | BreadcrumbList | Product,Existing public page in sitemap.
https://rubinoxmetal.com/materials/ss-317l-supplier-india.html,materials/ss-317l-supplier-india.html,grade/material detail page,SS 317L Supplier in India,SS 317L Supplier in India | Rubinox,"Rubinox supplies SS 317L pipes, tubes, sheets, plates, coils, bars, rods, flanges across India, with export support, MTC documentation and fast quotations.",Stainless Steel,SS 317L,pipes | tubes | sheets | plates | coils | bars | rods | flanges,,,,https://rubinoxmetal.com/materials/ss-317l-supplier-india.html,WebPage | BreadcrumbList | Product,Existing public page in sitemap.
https://rubinoxmetal.com/materials/ss-904l-supplier-india.html,materials/ss-904l-supplier-india.html,grade/material detail page,SS 904L Supplier in India,SS 904L Supplier in India | Rubinox,"Rubinox supplies SS 904L pipes, tubes, sheets, plates, coils, bars, rods, flanges across India, with export support, MTC documentation and fast quotations.",Stainless Steel,SS 904L,pipes | tubes | sheets | plates | coils | bars | rods | flanges,,,,https://rubinoxmetal.com/materials/ss-904l-supplier-india.html,WebPage | BreadcrumbList | Product,Existing public page in sitemap.
https://rubinoxmetal.com/materials/ss-409-supplier-india.html,materials/ss-409-supplier-india.html,grade/material detail page,SS 409 Supplier in India,SS 409 Supplier in India | Rubinox,"Rubinox supplies SS 409 stainless steel sheets, coils, plates, strips, pipes, tubes across India, with export support, MTC documentation and fast quotations.",Stainless Steel,SS 409,pipes | tubes | sheets | plates | coils,,,,https://rubinoxmetal.com/materials/ss-409-supplier-india.html,WebPage | BreadcrumbList | Product,Existing public page in sitemap.
https://rubinoxmetal.com/materials/ss-410-supplier-india.html,materials/ss-410-supplier-india.html,grade/material detail page,SS 410 Supplier in India,SS 410 Supplier in India | Rubinox,"Rubinox supplies SS 410 stainless steel bars, rods, sheets, plates, pipes, tubes across India, with export support, MTC documentation and fast quotations.",Stainless Steel,SS 410,pipes | tubes | sheets | plates | bars | rods,,,,https://rubinoxmetal.com/materials/ss-410-supplier-india.html,WebPage | BreadcrumbList | Product,Existing public page in sitemap.
https://rubinoxmetal.com/materials/ss-420-supplier-india.html,materials/ss-420-supplier-india.html,grade/material detail page,SS 420 Supplier in India,SS 420 Supplier in India | Rubinox,"Rubinox supplies SS 420 stainless steel bars, rods, sheets, plates, pipes, tubes across India, with export support, MTC documentation and fast quotations.",Stainless Steel,SS 420,pipes | tubes | sheets | plates | bars | rods,,,,https://rubinoxmetal.com/materials/ss-420-supplier-india.html,WebPage | BreadcrumbList | Product,Existing public page in sitemap.
https://rubinoxmetal.com/materials/ss-430-supplier-india.html,materials/ss-430-supplier-india.html,grade/material detail page,SS 430 Supplier in India,SS 430 Supplier in India | Rubinox,"Rubinox supplies SS 430 stainless steel sheets, coils, plates, strips, flats, angles across India, with export support, MTC documentation and fast quotations.",Stainless Steel,SS 430,sheets | plates | coils | flats | angles,,,,https://rubinoxmetal.com/materials/ss-430-supplier-india.html,WebPage | BreadcrumbList | Product,Existing public page in sitemap.
https://rubinoxmetal.com/materials/ss-17-4-ph-supplier-india.html,materials/ss-17-4-ph-supplier-india.html,grade/material detail page,Stainless Steel 17-4 PH Supplier in India,"SS 17-4 PH Supplier in India | SS 17-4 PH Bars, Rods, Plates","Rubinox supplies Stainless Steel 17-4 PH and SS 17-4 PH round bars, rods, plates across India, with export support, MTC documentation and fast quotations.",Stainless Steel,17-4 PH,plates | round bars | bars | rods,,,,https://rubinoxmetal.com/materials/ss-17-4-ph-supplier-india.html,WebPage | BreadcrumbList | Product,Existing public page in sitemap.
https://rubinoxmetal.com/materials/nitronic-60-supplier-india.html,materials/nitronic-60-supplier-india.html,grade/material detail page,Nitronic 60 Supplier in India,Nitronic 60 Supplier in India | Rubinox,"Rubinox supplies Nitronic 60 stainless steel round bars, rods, shafts, hex bars across India, with export support, MTC documentation and fast quotations.",Stainless Steel,Nitronic 60,round bars | bars | rods,,,,https://rubinoxmetal.com/materials/nitronic-60-supplier-india.html,WebPage | BreadcrumbList | Product,Existing public page in sitemap.
https://rubinoxmetal.com/materials/smo-254-supplier-india.html,materials/smo-254-supplier-india.html,grade/material detail page,SMO 254 Supplier in India,SMO 254 Supplier in India | Rubinox,"Rubinox supplies SMO 254 and 6Mo stainless steel pipes, tubes, sheets, plates, coils across India, with export support, MTC documentation and fast quotations.",Stainless Steel | SMO 254,,pipes | tubes | sheets | plates | coils,,,,https://rubinoxmetal.com/materials/smo-254-supplier-india.html,WebPage | BreadcrumbList | Product,Existing public page in sitemap.
https://rubinoxmetal.com/materials/duplex-2205-supplier-india.html,materials/duplex-2205-supplier-india.html,grade/material detail page,Duplex 2205 Supplier in India,Duplex 2205 Supplier in India | Rubinox,"Rubinox supplies Duplex 2205 stainless steel pipes, tubes, plates, sheets, coils, bars across India, with export support, MTC documentation and fast quotations.",Stainless Steel | Duplex & Super Duplex,Duplex 2205,pipes | tubes | sheets | plates | coils | bars,,,,https://rubinoxmetal.com/materials/duplex-2205-supplier-india.html,WebPage | BreadcrumbList | Product | FAQPage,Existing public page in sitemap.
https://rubinoxmetal.com/materials/super-duplex-2507-supplier-india.html,materials/super-duplex-2507-supplier-india.html,grade/material detail page,Super Duplex 2507 Supplier in India,Super Duplex 2507 Supplier in India | Rubinox,"Rubinox supplies Super Duplex 2507 pipes, tubes, plates, sheets, coils, bars, rods across India, with export support, MTC documentation and fast quotations.",Duplex & Super Duplex,Super Duplex 2507,pipes | tubes | sheets | plates | coils | bars | rods,,,,https://rubinoxmetal.com/materials/super-duplex-2507-supplier-india.html,WebPage | BreadcrumbList | Product | FAQPage,Existing public page in sitemap.
https://rubinoxmetal.com/materials/zeron-100-supplier-india.html,materials/zeron-100-supplier-india.html,grade/material detail page,Zeron 100 Supplier in India,Zeron 100 Supplier in India | UNS S32760 | Rubinox,"Zeron 100 / UNS S32760 supplier in India for project-specific super duplex pipes, plates, bars, flanges, fittings and components with RFQ and documentation support.",Duplex & Super Duplex,Zeron 100,pipes | plates | bars | flanges | fittings,,,,https://rubinoxmetal.com/materials/zeron-100-supplier-india.html,WebPage | BreadcrumbList | Product | FAQPage,Existing public page in sitemap.
https://rubinoxmetal.com/materials/stainless-steel-pipes-supplier-india.html,materials/stainless-steel-pipes-supplier-india.html,grade/material detail page,Stainless Steel Pipes Supplier in India,SS Pipes Supplier in India | SS Seamless & Welded Pipes,"Rubinox supplies stainless steel seamless, welded and ERW pipes in SS 304, 316, 316L, 202, 310, 321 and more across India.",Stainless Steel,SS 304,welded pipes | pipes,,,,https://rubinoxmetal.com/materials/stainless-steel-pipes-supplier-india.html,WebPage | BreadcrumbList | Product,Existing public page in sitemap.
https://rubinoxmetal.com/materials/stainless-steel-tubes-supplier-india.html,materials/stainless-steel-tubes-supplier-india.html,grade/material detail page,Stainless Steel Tubes Supplier in India,SS Tubes Supplier in India | SS Seamless & Welded Tubes,"Rubinox supplies stainless steel seamless, welded, square, rectangular and instrumentation tubes in SS 304, 316, 316L and more across India.",Stainless Steel,SS 304,tubes,,,,https://rubinoxmetal.com/materials/stainless-steel-tubes-supplier-india.html,WebPage | BreadcrumbList | Product,Existing public page in sitemap.
https://rubinoxmetal.com/materials/stainless-steel-sheets-supplier-india.html,materials/stainless-steel-sheets-supplier-india.html,grade/material detail page,Stainless Steel Sheets Supplier in India,"SS Sheets Supplier in India | SS 304, 316, 316L Sheets","Buy Stainless Steel Sheets products from Rubinox with PAN India delivery, export support, material documentation and fast quotations.",Stainless Steel,SS 304,sheets,,,,https://rubinoxmetal.com/materials/stainless-steel-sheets-supplier-india.html,WebPage | BreadcrumbList | Product,Existing public page in sitemap.
https://rubinoxmetal.com/materials/stainless-steel-plates-supplier-india.html,materials/stainless-steel-plates-supplier-india.html,grade/material detail page,Stainless Steel Plates Supplier in India,"SS Plates Supplier in India | SS 304, 316, 316L Plates","Buy Stainless Steel Plates products from Rubinox with PAN India delivery, export support, material documentation and fast quotations.",Stainless Steel,SS 304,plates,,,,https://rubinoxmetal.com/materials/stainless-steel-plates-supplier-india.html,WebPage | BreadcrumbList | Product,Existing public page in sitemap.
https://rubinoxmetal.com/materials/stainless-steel-coils-supplier-india.html,materials/stainless-steel-coils-supplier-india.html,grade/material detail page,Stainless Steel Coils Supplier in India,"SS Coils Supplier in India | SS 304, 316, 316L Coils","Buy Stainless Steel Coils products from Rubinox with PAN India delivery, export support, material documentation and fast quotations.",Stainless Steel,SS 304,coils,,,,https://rubinoxmetal.com/materials/stainless-steel-coils-supplier-india.html,WebPage | BreadcrumbList | Product,Existing public page in sitemap.
https://rubinoxmetal.com/materials/stainless-steel-flanges-supplier-india.html,materials/stainless-steel-flanges-supplier-india.html,grade/material detail page,Stainless Steel Flanges Supplier in India,"SS Flanges Supplier in India | SS 304, 316, 316L Flanges","Buy Stainless Steel Flanges products from Rubinox with PAN India delivery, export support, material documentation and fast quotations.",Stainless Steel,SS 304,flanges,,,,https://rubinoxmetal.com/materials/stainless-steel-flanges-supplier-india.html,WebPage | BreadcrumbList | Product,Existing public page in sitemap.
https://rubinoxmetal.com/materials/stainless-steel-fittings-supplier-india.html,materials/stainless-steel-fittings-supplier-india.html,grade/material detail page,Stainless Steel Fittings Supplier in India,SS Fittings Supplier in India | SS Pipe Fittings,"Rubinox supplies stainless steel pipe fittings including elbows, tees, reducers, caps, couplings and stub ends across India.",Stainless Steel,,pipes | fittings,,,,https://rubinoxmetal.com/materials/stainless-steel-fittings-supplier-india.html,WebPage | BreadcrumbList | Product,Existing public page in sitemap.
https://rubinoxmetal.com/materials/stainless-steel-fasteners-supplier-india.html,materials/stainless-steel-fasteners-supplier-india.html,grade/material detail page,Stainless Steel Fasteners Supplier in India,"SS Fasteners Supplier in India | SS Bolts, Nuts, Washers","Rubinox supplies stainless steel fasteners including bolts, nuts, washers, screws, studs and threaded rods across India.",Stainless Steel,,rods | fasteners,,,,https://rubinoxmetal.com/materials/stainless-steel-fasteners-supplier-india.html,WebPage | BreadcrumbList | Product,Existing public page in sitemap.
https://rubinoxmetal.com/materials/stainless-steel-angles-supplier-india.html,materials/stainless-steel-angles-supplier-india.html,grade/material detail page,Stainless Steel Angles Supplier in India,"SS Angles Supplier in India | SS 304, 316, 316L Angles","Rubinox supplies stainless steel angles including equal angles, unequal angles and L angles in SS 304, 316, 316L and other grades across India.",Stainless Steel,SS 304,angles,,,,https://rubinoxmetal.com/materials/stainless-steel-angles-supplier-india.html,WebPage | BreadcrumbList | Product,Existing public page in sitemap.
https://rubinoxmetal.com/materials/stainless-steel-bars-rods-supplier-india.html,materials/stainless-steel-bars-rods-supplier-india.html,grade/material detail page,Stainless Steel Bars & Rods Supplier in India,"SS Bars & Rods Supplier in India | SS 304, 316, 316L Bars","Rubinox supplies stainless steel bars and rods including round bars, square bars across India, with export support, MTC documentation and fast quotations.",Stainless Steel,SS 304,round bars | bars | rods,,,,https://rubinoxmetal.com/materials/stainless-steel-bars-rods-supplier-india.html,WebPage | BreadcrumbList | Product,Existing public page in sitemap.
https://rubinoxmetal.com/materials/stainless-steel-bars-supplier-india.html,materials/stainless-steel-bars-supplier-india.html,grade/material detail page,Stainless Steel Bars Supplier in India,Stainless Steel Bars Supplier in India | SS Square & Hex Bars,"Rubinox supplies stainless steel bars in square, hex, rectangular and flat solid sections across India, with export enquiry and RFQ support.",Stainless Steel,,bars | flats,,,,https://rubinoxmetal.com/materials/stainless-steel-bars-supplier-india.html,WebPage | BreadcrumbList | Product,Existing public page in sitemap.
https://rubinoxmetal.com/materials/stainless-steel-rods-supplier-india.html,materials/stainless-steel-rods-supplier-india.html,grade/material detail page,Stainless Steel Rods Supplier in India,Stainless Steel Rods Supplier in India | SS Round Rods,"Rubinox supplies stainless steel rods and round solid sections across India for machining, shafts, fasteners and industrial applications.",Stainless Steel,,rods | fasteners,,,,https://rubinoxmetal.com/materials/stainless-steel-rods-supplier-india.html,WebPage | BreadcrumbList | Product,Existing public page in sitemap.
https://rubinoxmetal.com/materials/stainless-steel-flats-supplier-india.html,materials/stainless-steel-flats-supplier-india.html,grade/material detail page,Stainless Steel Flats Supplier in India,"SS Flats Supplier in India | SS 304, 316, 316L Flat Bars","Rubinox supplies stainless steel flats and flat bars in SS 304, 316, 316L, 202, 310, 321 and other grades with PAN India delivery and export support.",Stainless Steel,SS 304,bars | flats,,,,https://rubinoxmetal.com/materials/stainless-steel-flats-supplier-india.html,WebPage | BreadcrumbList | Product,Existing public page in sitemap.
https://rubinoxmetal.com/materials/stainless-steel-circles-supplier-india.html,materials/stainless-steel-circles-supplier-india.html,grade/material detail page,Stainless Steel Circles Supplier in India,"SS Circles Supplier in India | SS 304, 316, 316L Circles","Rubinox supplies stainless steel circles, discs and round blanks in SS 304, 316, 316L, 202, 310, 321 and other grades across India.",Stainless Steel,SS 304,,,,,https://rubinoxmetal.com/materials/stainless-steel-circles-supplier-india.html,WebPage | BreadcrumbList | Product,Existing public page in sitemap.
https://rubinoxmetal.com/materials/stainless-steel-wire-mesh-supplier-india.html,materials/stainless-steel-wire-mesh-supplier-india.html,grade/material detail page,Stainless Steel Wire Mesh Supplier in India,"SS Wire Mesh Supplier in India | SS 304, 316 Wire Mesh","Rubinox supplies stainless steel wire mesh, woven mesh, welded mesh, filter mesh and screen mesh in SS 304, 316, 316L and other grades across India.",Stainless Steel,SS 304,wire mesh,,,,https://rubinoxmetal.com/materials/stainless-steel-wire-mesh-supplier-india.html,WebPage | BreadcrumbList | Product,Existing public page in sitemap.
https://rubinoxmetal.com/materials/aluminium.html,materials/aluminium.html,material family page,"Aluminium 6061, 6063 & 7075 Supplier in India","Aluminium Supplier in India | 6061, 6063 & 7075 | Rubinox","Aluminium supplier for 6061, 6063, 7075 and other alloys in sheets, plates, bars, rods, pipes and tubes with PAN India delivery.",Aluminium,Aluminium 6061,pipes | tubes | sheets | plates | bars | rods,,,,https://rubinoxmetal.com/materials/aluminium.html,WebPage | BreadcrumbList | FAQPage | Product,Existing public page in sitemap.
https://rubinoxmetal.com/materials/aluminium-6061-supplier-india.html,materials/aluminium-6061-supplier-india.html,grade/material detail page,Aluminium 6061 Supplier in India,Aluminium 6061 Supplier in India | 6061-T6 & T651,"Aluminium 6061 supplier in India for sheets, plates, bars, rods, tubes and sections in T6/T651 temper with RFQ and documentation support.",Aluminium,Aluminium 6061,tubes | sheets | plates | bars | rods,,,,https://rubinoxmetal.com/materials/aluminium-6061-supplier-india.html,WebPage | BreadcrumbList | FAQPage | Product,Existing public page in sitemap.
https://rubinoxmetal.com/materials/aluminium-6063-supplier-india.html,materials/aluminium-6063-supplier-india.html,grade/material detail page,Aluminium 6063 Supplier in India,Aluminium 6063 Supplier in India | Extrusion Alloy,"Aluminium 6063 supplier in India for sections, tubes, bars, channels, angles and architectural extrusion requirements with RFQ support.",Aluminium,Aluminium 6063,tubes | bars | angles | channels,,,,https://rubinoxmetal.com/materials/aluminium-6063-supplier-india.html,WebPage | BreadcrumbList | FAQPage | Product,Existing public page in sitemap.
https://rubinoxmetal.com/materials/aluminium-7075-supplier-india.html,materials/aluminium-7075-supplier-india.html,grade/material detail page,Aluminium 7075 Supplier in India,Aluminium 7075 Supplier in India | High Strength Alloy,"Aluminium 7075 supplier in India for high-strength plates, sheets, bars and rods in T6/T651 temper for engineering RFQs.",Aluminium,Aluminium 7075,sheets | plates | bars | rods,,,,https://rubinoxmetal.com/materials/aluminium-7075-supplier-india.html,WebPage | BreadcrumbList | FAQPage | Product,Existing public page in sitemap.
https://rubinoxmetal.com/materials/aluminium-5083-supplier-india.html,materials/aluminium-5083-supplier-india.html,grade/material detail page,Aluminium 5083 Supplier in India,Aluminium 5083 Supplier in India | Marine Plates,"Aluminium 5083 supplier in India for marine plates, sheets and fabrication requirements in H111/H116/H321 temper with RFQ support.",Aluminium,Aluminium 5083,sheets | plates,,,,https://rubinoxmetal.com/materials/aluminium-5083-supplier-india.html,WebPage | BreadcrumbList | FAQPage | Product,Existing public page in sitemap.
https://rubinoxmetal.com/materials/aluminium-5052-supplier-india.html,materials/aluminium-5052-supplier-india.html,grade/material detail page,Aluminium 5052 Supplier in India,Aluminium 5052 Supplier in India | Sheet & Plate,"Aluminium 5052 supplier in India for sheets, plates, coils and formed fabrication requirements in H32/H34 temper with RFQ support.",Aluminium,Aluminium 5052,sheets | plates | coils,,,,https://rubinoxmetal.com/materials/aluminium-5052-supplier-india.html,WebPage | BreadcrumbList | FAQPage | Product,Existing public page in sitemap.
https://rubinoxmetal.com/materials/aluminium-6082-supplier-india.html,materials/aluminium-6082-supplier-india.html,grade/material detail page,Aluminium 6082 Supplier in India,Aluminium 6082 Supplier in India | Structural Alloy,"Aluminium 6082 supplier in India for structural plates, bars, rods, tubes, sections and profiles with RFQ support for temper, standards and documentation.",Aluminium,Aluminium 6082,tubes | plates | bars | rods,,,,https://rubinoxmetal.com/materials/aluminium-6082-supplier-india.html,WebPage | BreadcrumbList | FAQPage | Product,Existing public page in sitemap.
https://rubinoxmetal.com/materials/copper.html,materials/copper.html,material family page,"Copper C101, C110 & C122 Supplier in India","Copper Supplier in India | C101, C110 & C122 | Rubinox","Copper supplier for C101, C110 and C122 sheets, plates, pipes, tubes, bars and coils with PAN India supply and export support.",Copper,Copper C101,pipes | tubes | sheets | plates | coils | bars,,,,https://rubinoxmetal.com/materials/copper.html,WebPage | BreadcrumbList | FAQPage | Product,Existing public page in sitemap.
https://rubinoxmetal.com/materials/copper-c101-supplier-india.html,materials/copper-c101-supplier-india.html,grade/material detail page,Copper C101 Supplier in India,Copper C101 Supplier in India | OFE Copper,"Copper C101 supplier in India for oxygen-free copper sheets, plates, rods, bars, strips, busbars and electrical RFQs.",Copper,Copper C101,sheets | plates | bars | rods,,,,https://rubinoxmetal.com/materials/copper-c101-supplier-india.html,WebPage | BreadcrumbList | FAQPage | Product,Existing public page in sitemap.
https://rubinoxmetal.com/materials/copper-c110-supplier-india.html,materials/copper-c110-supplier-india.html,grade/material detail page,Copper C110 Supplier in India,Copper C110 Supplier in India | ETP Copper,"Copper C110 supplier in India for ETP copper sheets, plates, busbars, rods, bars, pipes, tubes and electrical applications.",Copper,Copper C110,pipes | tubes | sheets | plates | bars | rods,,,,https://rubinoxmetal.com/materials/copper-c110-supplier-india.html,WebPage | BreadcrumbList | FAQPage | Product,Existing public page in sitemap.
https://rubinoxmetal.com/materials/copper-c122-supplier-india.html,materials/copper-c122-supplier-india.html,grade/material detail page,Copper C122 Supplier in India,Copper C122 Supplier in India | DHP Copper,"Copper C122 supplier in India for DHP copper tubes, pipes, sheets, coils and heat exchanger or plumbing RFQs.",Copper,Copper C122,pipes | tubes | sheets | coils,,,,https://rubinoxmetal.com/materials/copper-c122-supplier-india.html,WebPage | BreadcrumbList | FAQPage | Product,Existing public page in sitemap.
https://rubinoxmetal.com/materials/copper-c145-supplier-india.html,materials/copper-c145-supplier-india.html,grade/material detail page,Copper C145 Supplier in India,Copper C145 Supplier in India | Tellurium Copper,"Copper C145 supplier in India for tellurium copper rods, bars, plates and machined electrical component RFQs.",Copper,Copper C145,plates | bars | rods,,,,https://rubinoxmetal.com/materials/copper-c145-supplier-india.html,WebPage | BreadcrumbList | FAQPage | Product,Existing public page in sitemap.
https://rubinoxmetal.com/materials/copper-c172-supplier-india.html,materials/copper-c172-supplier-india.html,grade/material detail page,Copper C172 Supplier in India,Copper C172 Supplier in India | Beryllium Copper,"Copper C172 supplier in India for beryllium copper rods, bars, strips, sheets and high-strength spring or contact RFQs.",Copper,Copper C172,sheets | bars | rods,,,,https://rubinoxmetal.com/materials/copper-c172-supplier-india.html,WebPage | BreadcrumbList | FAQPage | Product,Existing public page in sitemap.
https://rubinoxmetal.com/materials/brass.html,materials/brass.html,material family page,"Brass C260, C360 & C464 Supplier in India","Brass Supplier in India | C260, C360 & C464 | Rubinox","Brass supplier for C260, C360 and C464 rods, sheets, plates, pipes, tubes and fittings with PAN India delivery and export support.",Brass,Brass C260,pipes | tubes | sheets | plates | rods | fittings,,,,https://rubinoxmetal.com/materials/brass.html,WebPage | BreadcrumbList | FAQPage | Product,Existing public page in sitemap.
https://rubinoxmetal.com/materials/brass-c260-supplier-india.html,materials/brass-c260-supplier-india.html,grade/material detail page,Brass C260 Supplier in India,Brass C260 Supplier in India | Cartridge Brass,"Brass C260 supplier in India for cartridge brass sheets, strips, plates, coils and formed component RFQs.",Brass,Brass C260,sheets | plates | coils,,,,https://rubinoxmetal.com/materials/brass-c260-supplier-india.html,WebPage | BreadcrumbList | FAQPage | Product,Existing public page in sitemap.
https://rubinoxmetal.com/materials/brass-c360-supplier-india.html,materials/brass-c360-supplier-india.html,grade/material detail page,Brass C360 Supplier in India,Brass C360 Supplier in India | Free Cutting Brass,"Brass C360 supplier in India for free cutting brass rods, bars, hex bars, flats and precision machined component RFQs.",Brass,Brass C360,bars | rods | flats,,,,https://rubinoxmetal.com/materials/brass-c360-supplier-india.html,WebPage | BreadcrumbList | FAQPage | Product,Existing public page in sitemap.
https://rubinoxmetal.com/materials/brass-c464-supplier-india.html,materials/brass-c464-supplier-india.html,grade/material detail page,Brass C464 Supplier in India,Brass C464 Supplier in India | Naval Brass,"Brass C464 supplier in India for naval brass rods, bars, plates, sheets, tubes and marine hardware RFQs.",Brass,Brass C464,tubes | sheets | plates | bars | rods,,,,https://rubinoxmetal.com/materials/brass-c464-supplier-india.html,WebPage | BreadcrumbList | FAQPage | Product,Existing public page in sitemap.
https://rubinoxmetal.com/materials/brass-c280-supplier-india.html,materials/brass-c280-supplier-india.html,grade/material detail page,Brass C280 Supplier in India,Brass C280 Supplier in India | Muntz Brass,"Brass C280 supplier in India for Muntz brass sheets, plates, rods and fabrication component RFQs.",Brass,Brass C280,sheets | plates | rods,,,,https://rubinoxmetal.com/materials/brass-c280-supplier-india.html,WebPage | BreadcrumbList | FAQPage | Product,Existing public page in sitemap.
https://rubinoxmetal.com/materials/brass-c385-supplier-india.html,materials/brass-c385-supplier-india.html,grade/material detail page,Brass C385 Supplier in India,Brass C385 Supplier in India | Architectural Brass,"Brass C385 supplier in India for architectural brass rods, bars, profiles, shapes and machined hardware RFQs.",Brass,Brass C385,bars | rods,,,,https://rubinoxmetal.com/materials/brass-c385-supplier-india.html,WebPage | BreadcrumbList | FAQPage | Product,Existing public page in sitemap.
https://rubinoxmetal.com/materials/carbon-steel.html,materials/carbon-steel.html,material family page,"Carbon Steel A36, 1018, 1045 & A516 Gr 70 Supplier in India","Carbon Steel Supplier India | Plates, Pipes & Bars","Carbon steel supplier for A36, 1018, 1045 and A516 Grade 70 plates, pipes, sheets and bars with PAN India project supply.",Carbon Steel,,pipes | sheets | plates | bars,,,,https://rubinoxmetal.com/materials/carbon-steel.html,WebPage | BreadcrumbList | FAQPage | Product,Existing public page in sitemap.
https://rubinoxmetal.com/materials/carbon-steel-a36-supplier-india.html,materials/carbon-steel-a36-supplier-india.html,grade/material detail page,ASTM A36 Carbon Steel Supplier in India,ASTM A36 Carbon Steel Supplier India | Plates & Structural Steel,"ASTM A36 carbon steel supplier in India for plates, sheets, angles, channels, flats and structural fabrication RFQs with documentation support.",Carbon Steel,,sheets | plates | flats | angles | channels,,,,https://rubinoxmetal.com/materials/carbon-steel-a36-supplier-india.html,WebPage | BreadcrumbList | FAQPage | Product,Existing public page in sitemap.
https://rubinoxmetal.com/materials/carbon-steel-1018-supplier-india.html,materials/carbon-steel-1018-supplier-india.html,grade/material detail page,Carbon Steel 1018 Supplier in India,"Carbon Steel 1018 Supplier India | Bars, Rods & Machining Steel","Carbon Steel 1018 supplier in India for bars, rods, flats, squares and machining requirements with RFQ support for size, tolerance and documentation.",Carbon Steel,,bars | rods | flats,,,,https://rubinoxmetal.com/materials/carbon-steel-1018-supplier-india.html,WebPage | BreadcrumbList | FAQPage | Product,Existing public page in sitemap.
https://rubinoxmetal.com/materials/carbon-steel-1045-supplier-india.html,materials/carbon-steel-1045-supplier-india.html,grade/material detail page,Carbon Steel 1045 Supplier in India,"Carbon Steel 1045 Supplier India | Shafts, Bars & Rods","Carbon Steel 1045 supplier in India for round bars, rods, shafts, flats and higher-strength machining components with RFQ and documentation support.",Carbon Steel,,round bars | bars | rods | flats,,,,https://rubinoxmetal.com/materials/carbon-steel-1045-supplier-india.html,WebPage | BreadcrumbList | FAQPage | Product,Existing public page in sitemap.
https://rubinoxmetal.com/materials/carbon-steel-a516-grade-70-supplier-india.html,materials/carbon-steel-a516-grade-70-supplier-india.html,grade/material detail page,ASTM A516 Grade 70 Supplier in India,ASTM A516 Grade 70 Supplier India | Carbon Steel Pressure Vessel Plate,"ASTM A516 Grade 70 carbon steel plate supplier in India for pressure vessel, boiler and tank fabrication RFQs with documentation and inspection support where applicable.",Carbon Steel,,plates,,,,https://rubinoxmetal.com/materials/carbon-steel-a516-grade-70-supplier-india.html,WebPage | BreadcrumbList | FAQPage | Product,Existing public page in sitemap.
https://rubinoxmetal.com/materials/mild-steel.html,materials/mild-steel.html,material family page,"Mild Steel A36, A500, 1018, 1020, S235 & S355 Supplier in India","Mild Steel Supplier India | Plates, Pipes & Bars","Mild steel supplier for A36, A500, 1018, 1020, S235 and S355 plates, pipes, sheets, bars and structural products across India.",Carbon Steel | Mild Steel,,pipes | sheets | plates | bars,,,,https://rubinoxmetal.com/materials/mild-steel.html,WebPage | BreadcrumbList | FAQPage | Product,Existing public page in sitemap.
https://rubinoxmetal.com/materials/nickel-alloys.html,materials/nickel-alloys.html,material family page,Nickel Alloys Supplier in India,"Nickel Alloy Supplier in India | Inconel, Monel & Hastelloy","Nickel alloy supplier for Inconel, Monel, Hastelloy, Incoloy and Nickel 200/201 pipes, plates, bars, flanges and fittings across India.",Nickel Alloys,Nickel 200,pipes | plates | bars | flanges | fittings,,,,https://rubinoxmetal.com/materials/nickel-alloys.html,WebPage | BreadcrumbList | FAQPage | Product,Existing public page in sitemap.
https://rubinoxmetal.com/materials/inconel-600-supplier-india.html,materials/inconel-600-supplier-india.html,grade/material detail page,Inconel 600 Supplier in India,Inconel 600 Supplier in India | Rubinox,"Rubinox supplies Inconel 600 and Alloy 600 pipes, tubes, sheets, plates, coils across India, with export support, MTC documentation and fast quotations.",Nickel Alloys,Inconel 600,pipes | tubes | sheets | plates | coils,,,,https://rubinoxmetal.com/materials/inconel-600-supplier-india.html,WebPage | BreadcrumbList | Product,Existing public page in sitemap.
https://rubinoxmetal.com/materials/inconel-625-supplier-india.html,materials/inconel-625-supplier-india.html,grade/material detail page,Inconel 625 Supplier in India,Inconel 625 Supplier in India | Rubinox,"Rubinox supplies Inconel 625 and Alloy 625 pipes, tubes, sheets, plates, coils across India, with export support, MTC documentation and fast quotations.",Nickel Alloys,Inconel 625,pipes | tubes | sheets | plates | coils,,,,https://rubinoxmetal.com/materials/inconel-625-supplier-india.html,WebPage | BreadcrumbList | Product,Existing public page in sitemap.
https://rubinoxmetal.com/materials/inconel-718-supplier-india.html,materials/inconel-718-supplier-india.html,grade/material detail page,Inconel 718 Supplier in India,Inconel 718 Supplier in India | Rubinox,"Rubinox supplies Inconel 718 and Alloy 718 round bars, rods, plates, sheets, pipes across India, with export support, MTC documentation and fast quotations.",Nickel Alloys,Inconel 718,pipes | sheets | plates | round bars | bars | rods,,,,https://rubinoxmetal.com/materials/inconel-718-supplier-india.html,WebPage | BreadcrumbList | Product,Existing public page in sitemap.
https://rubinoxmetal.com/materials/monel-400-supplier-india.html,materials/monel-400-supplier-india.html,grade/material detail page,Monel 400 Supplier in India,"Monel 400 Supplier in India | Alloy 400 Pipes, Plates, Bars","Rubinox supplies Monel 400 and Alloy 400 pipes, tubes, sheets, plates, coils across India, with export support, MTC documentation and fast quotations.",Nickel Alloys,Monel 400,pipes | tubes | sheets | plates | coils | bars,,,,https://rubinoxmetal.com/materials/monel-400-supplier-india.html,WebPage | BreadcrumbList | Product,Existing public page in sitemap.
https://rubinoxmetal.com/materials/monel-k-500-supplier-india.html,materials/monel-k-500-supplier-india.html,grade/material detail page,Monel K-500 Supplier in India,Monel K-500 Supplier in India | Rubinox,"Rubinox supplies Monel K-500 and Alloy K-500 round bars, rods, sheets, plates, pipes across India, with export support, MTC documentation and fast quotations.",Nickel Alloys,Monel K500,pipes | sheets | plates | round bars | bars | rods,,,,https://rubinoxmetal.com/materials/monel-k-500-supplier-india.html,WebPage | BreadcrumbList | Product,Existing public page in sitemap.
https://rubinoxmetal.com/materials/hastelloy-b-2-supplier-india.html,materials/hastelloy-b-2-supplier-india.html,grade/material detail page,Hastelloy B-2 Supplier in India,Hastelloy B-2 Supplier in India | Rubinox,"Rubinox supplies Hastelloy B-2 and Alloy B2 pipes, tubes, sheets, plates, round bars across India, with export support, MTC documentation and fast quotations.",Nickel Alloys,Hastelloy B2,pipes | tubes | sheets | plates | round bars | bars,,,,https://rubinoxmetal.com/materials/hastelloy-b-2-supplier-india.html,WebPage | BreadcrumbList | Product,Existing public page in sitemap.
https://rubinoxmetal.com/materials/hastelloy-b-3-supplier-india.html,materials/hastelloy-b-3-supplier-india.html,grade/material detail page,Hastelloy B-3 Supplier in India,Hastelloy B-3 Supplier in India | Rubinox,"Rubinox supplies Hastelloy B-3 and Alloy B3 pipes, tubes, sheets, plates, bars across India, with export support, MTC documentation and fast quotations.",Nickel Alloys,Hastelloy B3,pipes | tubes | sheets | plates | bars,,,,https://rubinoxmetal.com/materials/hastelloy-b-3-supplier-india.html,WebPage | BreadcrumbList | Product,Existing public page in sitemap.
https://rubinoxmetal.com/materials/hastelloy-c-4-supplier-india.html,materials/hastelloy-c-4-supplier-india.html,grade/material detail page,Hastelloy C-4 Supplier in India,Hastelloy C-4 Supplier in India | Rubinox,"Rubinox supplies Hastelloy C-4 and Alloy C4 pipes, tubes, sheets, plates, bars across India, with export support, MTC documentation and fast quotations.",Nickel Alloys,Hastelloy C-4,pipes | tubes | sheets | plates | bars,,,,https://rubinoxmetal.com/materials/hastelloy-c-4-supplier-india.html,WebPage | BreadcrumbList | Product,Existing public page in sitemap.
https://rubinoxmetal.com/materials/hastelloy-c-22-supplier-india.html,materials/hastelloy-c-22-supplier-india.html,grade/material detail page,Hastelloy C-22 Supplier in India,Hastelloy C-22 Supplier in India | Rubinox,"Rubinox supplies Hastelloy C-22 and Alloy C22 pipes, tubes, sheets, plates, round bars across India, with export support, MTC documentation and fast quotations.",Nickel Alloys,Hastelloy C22,pipes | tubes | sheets | plates | round bars | bars,,,,https://rubinoxmetal.com/materials/hastelloy-c-22-supplier-india.html,WebPage | BreadcrumbList | Product,Existing public page in sitemap.
https://rubinoxmetal.com/materials/hastelloy-c-276-supplier-india.html,materials/hastelloy-c-276-supplier-india.html,grade/material detail page,Hastelloy C-276 Supplier in India,Hastelloy C-276 Supplier in India | Rubinox,"Rubinox supplies Hastelloy C-276 and Alloy C276 pipes, tubes, sheets, plates across India, with export support, MTC documentation and fast quotations.",Nickel Alloys,Hastelloy C276,pipes | tubes | sheets | plates,,,,https://rubinoxmetal.com/materials/hastelloy-c-276-supplier-india.html,WebPage | BreadcrumbList | Product,Existing public page in sitemap.
https://rubinoxmetal.com/materials/hastelloy-x-supplier-india.html,materials/hastelloy-x-supplier-india.html,grade/material detail page,Hastelloy X Supplier in India,Hastelloy X Supplier in India | Rubinox,"Rubinox supplies Hastelloy X and Alloy X sheets, plates, tubes, pipes, bars, rings across India, with export support, MTC documentation and fast quotations.",Nickel Alloys,Hastelloy X,pipes | tubes | sheets | plates | bars,,,,https://rubinoxmetal.com/materials/hastelloy-x-supplier-india.html,WebPage | BreadcrumbList | Product,Existing public page in sitemap.
https://rubinoxmetal.com/materials/incoloy-800-supplier-india.html,materials/incoloy-800-supplier-india.html,grade/material detail page,Incoloy 800 Supplier in India,Incoloy 800 Supplier in India | Rubinox,"Rubinox supplies Incoloy 800 and Alloy 800 pipes, tubes, heat exchanger tubes, sheets across India, with export support, MTC documentation and fast quotations.",Nickel Alloys,Incoloy 800,pipes | tubes | sheets,,,,https://rubinoxmetal.com/materials/incoloy-800-supplier-india.html,WebPage | BreadcrumbList | Product,Existing public page in sitemap.
https://rubinoxmetal.com/materials/incoloy-825-supplier-india.html,materials/incoloy-825-supplier-india.html,grade/material detail page,Incoloy 825 Supplier in India,Incoloy 825 Supplier in India | Rubinox,"Rubinox supplies Incoloy 825 and Alloy 825 pipes, tubes, sheets, plates, round bars across India, with export support, MTC documentation and fast quotations.",Nickel Alloys,Incoloy 825,pipes | tubes | sheets | plates | round bars | bars,,,,https://rubinoxmetal.com/materials/incoloy-825-supplier-india.html,WebPage | BreadcrumbList | Product,Existing public page in sitemap.
https://rubinoxmetal.com/materials/nickel-200-supplier-india.html,materials/nickel-200-supplier-india.html,grade/material detail page,Nickel 200 Supplier in India,Nickel 200 Supplier in India | Rubinox,"Rubinox supplies Nickel 200 commercially pure nickel pipes, tubes, sheets, plates across India, with export support, MTC documentation and fast quotations.",Nickel Alloys,Nickel 200,pipes | tubes | sheets | plates,,,,https://rubinoxmetal.com/materials/nickel-200-supplier-india.html,WebPage | BreadcrumbList | Product,Existing public page in sitemap.
https://rubinoxmetal.com/materials/nickel-201-supplier-india.html,materials/nickel-201-supplier-india.html,grade/material detail page,Nickel 201 Supplier in India,Nickel 201 Supplier in India | Rubinox,"Rubinox supplies Nickel 201 low carbon commercially pure nickel pipes, tubes, sheets across India, with export support, MTC documentation and fast quotations.",Nickel Alloys,Nickel 201,pipes | tubes | sheets,,,,https://rubinoxmetal.com/materials/nickel-201-supplier-india.html,WebPage | BreadcrumbList | Product,Existing public page in sitemap.
https://rubinoxmetal.com/materials/duplex-super-duplex.html,materials/duplex-super-duplex.html,material family page,Duplex 2205 & Super Duplex 2507 Supplier in India,Duplex & Super Duplex Steel Supplier in India | Rubinox,"Duplex 2205 and Super Duplex 2507 supplier for pipes, plates, sheets, bars, flanges and fittings with PAN India project delivery.",Duplex & Super Duplex,Duplex 2205 | Super Duplex 2507,pipes | sheets | plates | bars | flanges | fittings,,,,https://rubinoxmetal.com/materials/duplex-super-duplex.html,WebPage | BreadcrumbList | Product | FAQPage,Existing public page in sitemap.
https://rubinoxmetal.com/materials/smo-254.html,materials/smo-254.html,material family page,SMO 254 (UNS S31254 / 6Mo) Supplier in India,SMO 254 Supplier in India | UNS S31254 / 6Mo | Rubinox,"SMO 254 and UNS S31254 supplier for pipes, plates, sheets, bars, flanges and fittings for chloride and seawater service.",SMO 254,,pipes | sheets | plates | bars | flanges | fittings,,,,https://rubinoxmetal.com/materials/smo-254.html,WebPage | BreadcrumbList | Product | FAQPage,Existing public page in sitemap.
https://rubinoxmetal.com/materials/titanium.html,materials/titanium.html,material family page,"Titanium Grade 1, 2 & Grade 5 Supplier in India","Titanium Supplier India | Grades 1, 2, 5 & 23 | Rubinox","Titanium supplier for Grades 1, 2, 5 and 23 sheets, plates, pipes, tubes and bars with PAN India delivery and export support.",Titanium,Titanium Grade 1,pipes | tubes | sheets | plates | bars,,,,https://rubinoxmetal.com/materials/titanium.html,WebPage | BreadcrumbList | Product | FAQPage,Existing public page in sitemap.
https://rubinoxmetal.com/materials/titanium-grade-1-supplier-india.html,materials/titanium-grade-1-supplier-india.html,grade/material detail page,Titanium Grade 1 Supplier in India,Titanium Grade 1 Supplier in India | Rubinox,"Rubinox supplies Titanium Grade 1 sheets, plates, strips, tubes, pipes, bars, rods across India, with export support, MTC documentation and fast quotations.",Titanium,Titanium Grade 1,pipes | tubes | sheets | plates | bars | rods,,,,https://rubinoxmetal.com/materials/titanium-grade-1-supplier-india.html,WebPage | BreadcrumbList | Product,Existing public page in sitemap.
https://rubinoxmetal.com/materials/titanium-grade-2-supplier-india.html,materials/titanium-grade-2-supplier-india.html,grade/material detail page,Titanium Grade 2 Supplier in India,Titanium Grade 2 Supplier in India | Rubinox,"Rubinox supplies Titanium Grade 2 pipes, tubes, sheets, plates, round bars, rods across India, with export support, MTC documentation and fast quotations.",Titanium,Titanium Grade 2,pipes | tubes | sheets | plates | round bars | bars | rods,,,,https://rubinoxmetal.com/materials/titanium-grade-2-supplier-india.html,WebPage | BreadcrumbList | Product,Existing public page in sitemap.
https://rubinoxmetal.com/materials/titanium-grade-5-supplier-india.html,materials/titanium-grade-5-supplier-india.html,grade/material detail page,Titanium Grade 5 Supplier in India,Titanium Grade 5 Supplier in India | Rubinox,"Rubinox supplies Titanium Grade 5 Ti-6Al-4V round bars, rods, sheets, plates, tubes across India, with export support, MTC documentation and fast quotations.",Titanium,Titanium Grade 5,tubes | sheets | plates | round bars | bars | rods,,,,https://rubinoxmetal.com/materials/titanium-grade-5-supplier-india.html,WebPage | BreadcrumbList | Product,Existing public page in sitemap.
https://rubinoxmetal.com/materials/titanium-grade-23-supplier-india.html,materials/titanium-grade-23-supplier-india.html,grade/material detail page,Titanium Grade 23 Supplier in India,Titanium Grade 23 Supplier in India | Rubinox,"Rubinox supplies Titanium Grade 23 Ti-6Al-4V ELI bars, rods, sheets, plates, tubes across India, with export support, MTC documentation and fast quotations.",Titanium,Titanium Grade 23,tubes | sheets | plates | bars | rods,,,,https://rubinoxmetal.com/materials/titanium-grade-23-supplier-india.html,WebPage | BreadcrumbList | Product,Existing public page in sitemap.
https://rubinoxmetal.com/materials/mild-steel-a500-supplier-india.html,materials/mild-steel-a500-supplier-india.html,grade/material detail page,ASTM A500 Mild Steel Supplier in India,ASTM A500 Mild Steel Supplier India | Structural Hollow Sections,"ASTM A500 mild steel supplier in India for structural hollow sections, square tubes, rectangular tubes and round HSS RFQs with documentation support.",Mild Steel | High Speed Steel,,tubes,,,,https://rubinoxmetal.com/materials/mild-steel-a500-supplier-india.html,WebPage | BreadcrumbList | FAQPage | Product,Existing public page in sitemap.
https://rubinoxmetal.com/materials/mild-steel-a513-supplier-india.html,materials/mild-steel-a513-supplier-india.html,grade/material detail page,ASTM A513 Mild Steel Supplier in India,ASTM A513 Mild Steel Supplier India | Mechanical Tubing,"ASTM A513 mild steel supplier in India for mechanical tubing, ERW tube and fabrication tube RFQs with size, tolerance and documentation guidance.",Mild Steel,,tubes,,,,https://rubinoxmetal.com/materials/mild-steel-a513-supplier-india.html,WebPage | BreadcrumbList | FAQPage | Product,Existing public page in sitemap.
https://rubinoxmetal.com/materials/mild-steel-1020-supplier-india.html,materials/mild-steel-1020-supplier-india.html,grade/material detail page,Mild Steel 1020 Supplier in India,"Mild Steel 1020 Supplier India | Bars, Rods & Engineering Steel","Mild Steel 1020 supplier in India for bars, rods, flats, machined blanks and general engineering RFQs with documentation and size guidance.",Mild Steel,,bars | rods | flats,,,,https://rubinoxmetal.com/materials/mild-steel-1020-supplier-india.html,WebPage | BreadcrumbList | FAQPage | Product,Existing public page in sitemap.
https://rubinoxmetal.com/materials/mild-steel-is-2062-supplier-india.html,materials/mild-steel-is-2062-supplier-india.html,grade/material detail page,IS 2062 Mild Steel Supplier in India,IS 2062 Mild Steel Supplier India | Structural Plates & Sections,"IS 2062 mild steel supplier in India for structural plates, sheets, flats, angles, channels and project fabrication RFQs with documentation support.",Mild Steel,IS 2062,sheets | plates | flats | angles | channels,,,,https://rubinoxmetal.com/materials/mild-steel-is-2062-supplier-india.html,WebPage | BreadcrumbList | FAQPage | Product,Existing public page in sitemap.
https://rubinoxmetal.com/materials/mild-steel-s235-supplier-india.html,materials/mild-steel-s235-supplier-india.html,grade/material detail page,EN S235 Mild Steel Supplier in India,EN S235 Mild Steel Supplier India | Structural Plates & Sections,"EN S235 mild steel supplier in India for structural plates, sheets, sections, angles, channels and fabrication RFQs with standard guidance.",Mild Steel,,sheets | plates | angles | channels,,,,https://rubinoxmetal.com/materials/mild-steel-s235-supplier-india.html,WebPage | BreadcrumbList | FAQPage | Product,Existing public page in sitemap.
https://rubinoxmetal.com/materials/mild-steel-s275-supplier-india.html,materials/mild-steel-s275-supplier-india.html,grade/material detail page,EN S275 Mild Steel Supplier in India,EN S275 Mild Steel Supplier India | Structural Plates & Sections,"EN S275 mild steel supplier in India for structural plates, sheets, sections, angles, channels and fabrication RFQs with documentation support.",Mild Steel,,sheets | plates | angles | channels,,,,https://rubinoxmetal.com/materials/mild-steel-s275-supplier-india.html,WebPage | BreadcrumbList | FAQPage | Product,Existing public page in sitemap.
https://rubinoxmetal.com/materials/mild-steel-s355-supplier-india.html,materials/mild-steel-s355-supplier-india.html,grade/material detail page,EN S355 Mild Steel Supplier in India,EN S355 Mild Steel Supplier India | Higher Strength Structural Steel,"EN S355 mild steel supplier in India for higher-strength structural plates, sections, angles, channels and fabrication RFQs with documentation support.",Mild Steel,,plates | angles | channels,,,,https://rubinoxmetal.com/materials/mild-steel-s355-supplier-india.html,WebPage | BreadcrumbList | FAQPage | Product,Existing public page in sitemap.
https://rubinoxmetal.com/materials/phosphor-bronze-c510-supplier-india.html,materials/phosphor-bronze-c510-supplier-india.html,grade/material detail page,Phosphor Bronze C510 Supplier in India,Phosphor Bronze C510 Supplier in India | Spring Grade,"Phosphor Bronze C510 supplier in India for sheets, strips, coils, rods and spring or electrical contact RFQs.",Phosphor Bronze,Phosphor Bronze C510,sheets | coils | rods,,,,https://rubinoxmetal.com/materials/phosphor-bronze-c510-supplier-india.html,WebPage | BreadcrumbList | FAQPage | Product,Existing public page in sitemap.
https://rubinoxmetal.com/materials/phosphor-bronze-c521-supplier-india.html,materials/phosphor-bronze-c521-supplier-india.html,grade/material detail page,Phosphor Bronze C521 Supplier in India,Phosphor Bronze C521 Supplier in India | High Strength,"Phosphor Bronze C521 supplier in India for high-strength strips, sheets, coils, rods and spring component RFQs.",Phosphor Bronze,Phosphor Bronze C521,sheets | coils | rods,,,,https://rubinoxmetal.com/materials/phosphor-bronze-c521-supplier-india.html,WebPage | BreadcrumbList | FAQPage | Product,Existing public page in sitemap.
https://rubinoxmetal.com/materials/phosphor-bronze-c544-supplier-india.html,materials/phosphor-bronze-c544-supplier-india.html,grade/material detail page,Phosphor Bronze C544 Supplier in India,Phosphor Bronze C544 Supplier in India | Free Cutting,"Phosphor Bronze C544 supplier in India for free-cutting rods, bars, bushings, bearings and machined component RFQs.",Phosphor Bronze,Phosphor Bronze C544,bars | rods,,,,https://rubinoxmetal.com/materials/phosphor-bronze-c544-supplier-india.html,WebPage | BreadcrumbList | FAQPage | Product,Existing public page in sitemap.
https://rubinoxmetal.com/materials/phosphor-bronze.html,materials/phosphor-bronze.html,material family page,Phosphor Bronze Supplier in India,"Phosphor Bronze Supplier in India | C510, C521 & C544","Phosphor bronze supplier for C510, C521 and C544 sheets, strips, coils, rods and bars with PAN India supply and export support.",Phosphor Bronze,,sheets | coils | bars | rods,,,,https://rubinoxmetal.com/materials/phosphor-bronze.html,WebPage | BreadcrumbList | FAQPage | Product,Existing public page in sitemap.
https://rubinoxmetal.com/materials/other-metals.html,materials/other-metals.html,material family page,Special Engineering Alloys Supplier in India,Special Engineering Alloys Supplier in India | Rubinox,"Special engineering alloys supplier in India for specification-based ferrous and non-ferrous metal enquiries, project grades, product forms and RFQs.",,,,,,,https://rubinoxmetal.com/materials/other-metals.html,WebPage | BreadcrumbList | Product | FAQPage,Existing public page in sitemap.
https://rubinoxmetal.com/locations/mumbai.html,locations/mumbai.html,city/location page,Metal Supplier in Mumbai,Metal Supplier in Mumbai | Stainless Steel & Alloys | Rubinox,"Rubinox supports Mumbai RFQs for stainless steel, duplex, nickel alloys, carbon steel and non-ferrous metals as a stockist, supplier, importer, exporter and project supplier.",Stainless Steel | Duplex & Super Duplex | Nickel Alloys | Carbon Steel,,,Mumbai,Maharashtra,,https://rubinoxmetal.com/locations/mumbai.html,WebPage | BreadcrumbList | FAQPage,Existing public page in sitemap.
https://rubinoxmetal.com/locations/pune.html,locations/pune.html,city/location page,Metal Supplier in Pune,Metal Supplier in Pune | Stainless Steel & Alloys | Rubinox,"Rubinox supports Pune RFQs for stainless steel, duplex, nickel alloys, carbon steel and non-ferrous metals as a stockist, supplier, importer, exporter and project supplier.",Stainless Steel | Duplex & Super Duplex | Nickel Alloys | Carbon Steel,,,Pune,Maharashtra,,https://rubinoxmetal.com/locations/pune.html,WebPage | BreadcrumbList | FAQPage,Existing public page in sitemap.
https://rubinoxmetal.com/locations/chennai.html,locations/chennai.html,city/location page,Metal Supplier in Chennai,Metal Supplier in Chennai | Stainless Steel & Alloys | Rubinox,"Rubinox supports Chennai RFQs for stainless steel, duplex, nickel alloys, carbon steel and non-ferrous metals as a stockist, supplier, importer, exporter and project supplier.",Stainless Steel | Duplex & Super Duplex | Nickel Alloys | Carbon Steel,,,Chennai,Tamil Nadu,,https://rubinoxmetal.com/locations/chennai.html,WebPage | BreadcrumbList | FAQPage,Existing public page in sitemap.
https://rubinoxmetal.com/locations/ahmedabad.html,locations/ahmedabad.html,city/location page,Metal Supplier in Ahmedabad,Metal Supplier in Ahmedabad | Stainless Steel & Alloys | Rubinox,"Rubinox supports Ahmedabad RFQs for stainless steel, duplex, nickel alloys, carbon steel and non-ferrous metals as a stockist, supplier, importer, exporter and project supplier.",Stainless Steel | Duplex & Super Duplex | Nickel Alloys | Carbon Steel,,,Ahmedabad,Gujarat,,https://rubinoxmetal.com/locations/ahmedabad.html,WebPage | BreadcrumbList | FAQPage,Existing public page in sitemap.
https://rubinoxmetal.com/locations/vadodara.html,locations/vadodara.html,city/location page,Metal Supplier in Vadodara,Metal Supplier in Vadodara | Stainless Steel & Alloys | Rubinox,"Rubinox supports Vadodara RFQs for stainless steel, duplex, nickel alloys, carbon steel and non-ferrous metals as a stockist, supplier, importer, exporter and project supplier.",Stainless Steel | Duplex & Super Duplex | Nickel Alloys | Carbon Steel,,,Vadodara,Gujarat,,https://rubinoxmetal.com/locations/vadodara.html,WebPage | BreadcrumbList | FAQPage,Existing public page in sitemap.
https://rubinoxmetal.com/locations/hyderabad.html,locations/hyderabad.html,city/location page,Metal Supplier in Hyderabad,Metal Supplier in Hyderabad | Stainless Steel & Alloys | Rubinox,"Rubinox supports Hyderabad RFQs for pharma, aerospace, engineering, fabrication, EPC and infrastructure with stainless steel, duplex steel, nickel alloys, carbon steel and non-ferrous metal quotation support from Mumbai for PAN India enquiries.",Stainless Steel | Duplex & Super Duplex | Nickel Alloys | Carbon Steel,,,Hyderabad,Telangana,,https://rubinoxmetal.com/locations/hyderabad.html,WebPage | BreadcrumbList | FAQPage,Existing public page in sitemap.
https://rubinoxmetal.com/locations/bengaluru.html,locations/bengaluru.html,city/location page,Metal Supplier in Bengaluru,Metal Supplier in Bengaluru | Stainless Steel & Alloys | Rubinox,"Rubinox supports Bengaluru RFQs for stainless steel, duplex, nickel alloys, carbon steel and non-ferrous metals as a stockist, supplier, importer, exporter and project supplier.",Stainless Steel | Duplex & Super Duplex | Nickel Alloys | Carbon Steel,,,Bengaluru,Karnataka,,https://rubinoxmetal.com/locations/bengaluru.html,WebPage | BreadcrumbList | FAQPage,Existing public page in sitemap.
https://rubinoxmetal.com/locations/navi-mumbai.html,locations/navi-mumbai.html,city/location page,Metal Supplier in Navi Mumbai,Metal Supplier in Navi Mumbai | Stainless Steel & Alloys | Rubinox,"Rubinox supports Navi Mumbai RFQs for EPC, logistics, fabrication, chemical and port-linked projects with stainless steel, duplex steel, nickel alloys, carbon steel and non-ferrous metal quotation support from Mumbai for PAN India enquiries.",Stainless Steel | Duplex & Super Duplex | Nickel Alloys | Carbon Steel,,,Navi Mumbai,Maharashtra,,https://rubinoxmetal.com/locations/navi-mumbai.html,WebPage | BreadcrumbList | FAQPage,Existing public page in sitemap.
https://rubinoxmetal.com/locations/coimbatore.html,locations/coimbatore.html,city/location page,Metal Supplier in Coimbatore,Metal Supplier in Coimbatore | Stainless Steel & Alloys | Rubinox,"Rubinox supports Coimbatore RFQs for pumps, textile machinery, engineering, foundry, fabrication and equipment with stainless steel, duplex steel, nickel alloys, carbon steel and non-ferrous metal quotation support from Mumbai for PAN India enquiries.",Stainless Steel | Duplex & Super Duplex | Nickel Alloys | Carbon Steel,,,Coimbatore,Tamil Nadu,,https://rubinoxmetal.com/locations/coimbatore.html,WebPage | BreadcrumbList | FAQPage,Existing public page in sitemap.
https://rubinoxmetal.com/locations/delhi.html,locations/delhi.html,city/location page,Metal Supplier in Delhi NCR,Metal Supplier in Delhi NCR | Stainless Steel & Alloys | Rubinox,"Rubinox supports Delhi NCR RFQs for stainless steel, duplex, nickel alloys, carbon steel and non-ferrous metals as a stockist, supplier, importer, exporter and project supplier.",Stainless Steel | Duplex & Super Duplex | Nickel Alloys | Carbon Steel,,,Delhi,Delhi NCR,,https://rubinoxmetal.com/locations/delhi.html,WebPage | BreadcrumbList | FAQPage,Existing public page in sitemap.
https://rubinoxmetal.com/locations/thane.html,locations/thane.html,city/location page,Metal Supplier in Thane,Metal Supplier in Thane | Stainless Steel & Alloys | Rubinox,"Rubinox supports Thane RFQs for engineering, pharma, chemical, fabrication, MRO and infrastructure with stainless steel, duplex steel, nickel alloys, carbon steel and non-ferrous metal quotation support from Mumbai for PAN India enquiries.",Stainless Steel | Duplex & Super Duplex | Nickel Alloys | Carbon Steel,,,Thane,Maharashtra,,https://rubinoxmetal.com/locations/thane.html,WebPage | BreadcrumbList | FAQPage,Existing public page in sitemap.
https://rubinoxmetal.com/locations/chakan-pimpri-chinchwad.html,locations/chakan-pimpri-chinchwad.html,city/location page,Metal Supplier in Chakan / Pimpri-Chinchwad,Metal Supplier in Chakan / Pimpri-Chinchwad | Rubinox,"Rubinox supports Chakan / Pimpri-Chinchwad RFQs for automotive, engineering, fabrication, machinery and project buying with stainless steel, duplex steel, nickel alloys, carbon steel and non-ferrous metal quotation support from Mumbai for PAN India enquiries.",Stainless Steel | Duplex & Super Duplex | Nickel Alloys | Carbon Steel,,,Chakan / Pimpri-Chinchwad,Maharashtra,,https://rubinoxmetal.com/locations/chakan-pimpri-chinchwad.html,WebPage | BreadcrumbList | FAQPage,Existing public page in sitemap.
https://rubinoxmetal.com/locations/nashik.html,locations/nashik.html,city/location page,Metal Supplier in Nashik,Metal Supplier in Nashik | Stainless Steel & Alloys | Rubinox,"Rubinox supports Nashik RFQs for engineering, automotive, food processing, pharma, fabrication and infrastructure with stainless steel, duplex steel, nickel alloys, carbon steel and non-ferrous metal quotation support from Mumbai for PAN India enquiries.",Stainless Steel | Duplex & Super Duplex | Nickel Alloys | Carbon Steel,,,Nashik,Maharashtra,,https://rubinoxmetal.com/locations/nashik.html,WebPage | BreadcrumbList | FAQPage,Existing public page in sitemap.
https://rubinoxmetal.com/locations/surat.html,locations/surat.html,city/location page,Metal Supplier in Surat,Metal Supplier in Surat | Stainless Steel & Alloys | Rubinox,"Rubinox supports Surat RFQs for stainless steel, duplex, nickel alloys, carbon steel and non-ferrous metals as a stockist, supplier, importer, exporter and project supplier.",Stainless Steel | Duplex & Super Duplex | Nickel Alloys | Carbon Steel,,,Surat,Gujarat,,https://rubinoxmetal.com/locations/surat.html,WebPage | BreadcrumbList | FAQPage,Existing public page in sitemap.
https://rubinoxmetal.com/locations/bharuch.html,locations/bharuch.html,city/location page,Metal Supplier in Bharuch,Metal Supplier in Bharuch | Stainless Steel & Alloys | Rubinox,"Rubinox supports Bharuch RFQs for chemical, petrochemical, fertilizer, process projects, EPC and maintenance with stainless steel, duplex steel, nickel alloys, carbon steel and non-ferrous metal quotation support from Mumbai for PAN India enquiries.",Stainless Steel | Duplex & Super Duplex | Nickel Alloys | Carbon Steel,,,Bharuch,Gujarat,,https://rubinoxmetal.com/locations/bharuch.html,WebPage | BreadcrumbList | FAQPage,Existing public page in sitemap.
https://rubinoxmetal.com/locations/ankleshwar.html,locations/ankleshwar.html,city/location page,Metal Supplier in Ankleshwar,Metal Supplier in Ankleshwar | Stainless Steel & Alloys | Rubinox,"Rubinox supports Ankleshwar RFQs for chemical, pharma, process equipment, utilities, fabrication and maintenance with stainless steel, duplex steel, nickel alloys, carbon steel and non-ferrous metal quotation support from Mumbai for PAN India enquiries.",Stainless Steel | Duplex & Super Duplex | Nickel Alloys | Carbon Steel,,,Ankleshwar,Gujarat,,https://rubinoxmetal.com/locations/ankleshwar.html,WebPage | BreadcrumbList | FAQPage,Existing public page in sitemap.
https://rubinoxmetal.com/locations/vapi.html,locations/vapi.html,city/location page,Metal Supplier in Vapi,Metal Supplier in Vapi | Stainless Steel & Alloys | Rubinox,"Rubinox supports Vapi RFQs for chemical, pharma, process projects, fabrication, utilities and maintenance with stainless steel, duplex steel, nickel alloys, carbon steel and non-ferrous metal quotation support from Mumbai for PAN India enquiries.",Stainless Steel | Duplex & Super Duplex | Nickel Alloys | Carbon Steel,,,Vapi,Gujarat,,https://rubinoxmetal.com/locations/vapi.html,WebPage | BreadcrumbList | FAQPage,Existing public page in sitemap.
https://rubinoxmetal.com/locations/rajkot.html,locations/rajkot.html,city/location page,Metal Supplier in Rajkot,Metal Supplier in Rajkot | Stainless Steel & Alloys | Rubinox,"Rubinox supports Rajkot RFQs for engineering, casting, machine tools, fabrication, pumps and project buying with stainless steel, duplex steel, nickel alloys, carbon steel and non-ferrous metal quotation support from Mumbai for PAN India enquiries.",Stainless Steel | Duplex & Super Duplex | Nickel Alloys | Carbon Steel,,,Rajkot,Gujarat,,https://rubinoxmetal.com/locations/rajkot.html,WebPage | BreadcrumbList | FAQPage,Existing public page in sitemap.
https://rubinoxmetal.com/locations/jamnagar.html,locations/jamnagar.html,city/location page,Metal Supplier in Jamnagar,Metal Supplier in Jamnagar | Stainless Steel & Alloys | Rubinox,"Rubinox supports Jamnagar RFQs for stainless steel, duplex, nickel alloys, carbon steel and non-ferrous metals as a stockist, supplier, importer, exporter and project supplier.",Stainless Steel | Duplex & Super Duplex | Nickel Alloys | Carbon Steel,,,Jamnagar,Gujarat,,https://rubinoxmetal.com/locations/jamnagar.html,WebPage | BreadcrumbList | FAQPage,Existing public page in sitemap.
https://rubinoxmetal.com/locations/hosur.html,locations/hosur.html,city/location page,Metal Supplier in Hosur,Metal Supplier in Hosur | Stainless Steel & Alloys | Rubinox,"Rubinox supports Hosur RFQs for automotive, engineering, fabrication, electronics, machinery and project buying with stainless steel, duplex steel, nickel alloys, carbon steel and non-ferrous metal quotation support from Mumbai for PAN India enquiries.",Stainless Steel | Duplex & Super Duplex | Nickel Alloys | Carbon Steel,,,Hosur,Tamil Nadu,,https://rubinoxmetal.com/locations/hosur.html,WebPage | BreadcrumbList | FAQPage,Existing public page in sitemap.
https://rubinoxmetal.com/locations/sriperumbudur-oragadam.html,locations/sriperumbudur-oragadam.html,city/location page,Metal Supplier in Sriperumbudur / Oragadam,Metal Supplier in Sriperumbudur / Oragadam | Rubinox,"Rubinox supports Sriperumbudur / Oragadam RFQs for automotive, electronics, engineering, fabrication and project buying with stainless steel, duplex steel, nickel alloys, carbon steel and non-ferrous metal quotation support from Mumbai for PAN India enquiries.",Stainless Steel | Duplex & Super Duplex | Nickel Alloys | Carbon Steel,,,Sriperumbudur / Oragadam,Tamil Nadu,,https://rubinoxmetal.com/locations/sriperumbudur-oragadam.html,WebPage | BreadcrumbList | FAQPage,Existing public page in sitemap.
https://rubinoxmetal.com/locations/visakhapatnam.html,locations/visakhapatnam.html,city/location page,Metal Supplier in Visakhapatnam,Metal Supplier in Visakhapatnam | Rubinox,"Rubinox supports Visakhapatnam RFQs for marine, steel, shipyard, port, power, EPC and fabrication with stainless steel, duplex steel, nickel alloys, carbon steel and non-ferrous metal quotation support from Mumbai for PAN India enquiries.",Stainless Steel | Duplex & Super Duplex | Nickel Alloys | Carbon Steel,,,Visakhapatnam,Andhra Pradesh,,https://rubinoxmetal.com/locations/visakhapatnam.html,WebPage | BreadcrumbList | FAQPage,Existing public page in sitemap.
https://rubinoxmetal.com/locations/gurugram-manesar.html,locations/gurugram-manesar.html,city/location page,Metal Supplier in Gurugram / Manesar,Metal Supplier in Gurugram / Manesar | Rubinox,"Rubinox supports Gurugram / Manesar RFQs for automotive, engineering, fabrication, machinery, EPC and maintenance with stainless steel, duplex steel, nickel alloys, carbon steel and non-ferrous metal quotation support from Mumbai for PAN India enquiries.",Stainless Steel | Duplex & Super Duplex | Nickel Alloys | Carbon Steel,,,Gurugram / Manesar,Haryana,,https://rubinoxmetal.com/locations/gurugram-manesar.html,WebPage | BreadcrumbList | FAQPage,Existing public page in sitemap.
https://rubinoxmetal.com/locations/faridabad.html,locations/faridabad.html,city/location page,Metal Supplier in Faridabad,Metal Supplier in Faridabad | Stainless Steel & Alloys | Rubinox,"Rubinox supports Faridabad RFQs for fabrication, machinery, engineering, automotive, power and EPC with stainless steel, duplex steel, nickel alloys, carbon steel and non-ferrous metal quotation support from Mumbai for PAN India enquiries.",Stainless Steel | Duplex & Super Duplex | Nickel Alloys | Carbon Steel,,,Faridabad,Haryana,,https://rubinoxmetal.com/locations/faridabad.html,WebPage | BreadcrumbList | FAQPage,Existing public page in sitemap.
https://rubinoxmetal.com/locations/noida.html,locations/noida.html,city/location page,Metal Supplier in Noida,Metal Supplier in Noida | Stainless Steel & Alloys | Rubinox,"Rubinox supports Noida RFQs for electronics, fabrication, engineering, HVAC, infrastructure and EPC with stainless steel, duplex steel, nickel alloys, carbon steel and non-ferrous metal quotation support from Mumbai for PAN India enquiries.",Stainless Steel | Duplex & Super Duplex | Nickel Alloys | Carbon Steel,,,Noida,Uttar Pradesh,,https://rubinoxmetal.com/locations/noida.html,WebPage | BreadcrumbList | FAQPage,Existing public page in sitemap.
https://rubinoxmetal.com/locations/greater-noida.html,locations/greater-noida.html,city/location page,Metal Supplier in Greater Noida,Metal Supplier in Greater Noida | Rubinox,"Rubinox supports Greater Noida RFQs for electronics, automotive, engineering, fabrication and project buying with stainless steel, duplex steel, nickel alloys, carbon steel and non-ferrous metal quotation support from Mumbai for PAN India enquiries.",Stainless Steel | Duplex & Super Duplex | Nickel Alloys | Carbon Steel,,,Greater Noida,Uttar Pradesh,,https://rubinoxmetal.com/locations/greater-noida.html,WebPage | BreadcrumbList | FAQPage,Existing public page in sitemap.
https://rubinoxmetal.com/locations/ghaziabad.html,locations/ghaziabad.html,city/location page,Metal Supplier in Ghaziabad,Metal Supplier in Ghaziabad | Stainless Steel & Alloys | Rubinox,"Rubinox supports Ghaziabad RFQs for engineering, fabrication, construction, rail, machinery and infrastructure with stainless steel, duplex steel, nickel alloys, carbon steel and non-ferrous metal quotation support from Mumbai for PAN India enquiries.",Stainless Steel | Duplex & Super Duplex | Nickel Alloys | Carbon Steel,,,Ghaziabad,Uttar Pradesh,,https://rubinoxmetal.com/locations/ghaziabad.html,WebPage | BreadcrumbList | FAQPage,Existing public page in sitemap.
https://rubinoxmetal.com/locations/ludhiana.html,locations/ludhiana.html,city/location page,Metal Supplier in Ludhiana,Metal Supplier in Ludhiana | Stainless Steel & Alloys | Rubinox,"Rubinox supports Ludhiana RFQs for auto components, machine tools, fabrication, fasteners, engineering and agricultural equipment with stainless steel, duplex steel, nickel alloys, carbon steel and non-ferrous metal quotation support from Mumbai for PAN India enquiries.",Stainless Steel | Duplex & Super Duplex | Nickel Alloys | Carbon Steel,,fasteners,Ludhiana,Punjab,,https://rubinoxmetal.com/locations/ludhiana.html,WebPage | BreadcrumbList | FAQPage,Existing public page in sitemap.
https://rubinoxmetal.com/locations/indore-pithampur.html,locations/indore-pithampur.html,city/location page,Metal Supplier in Indore / Pithampur,Metal Supplier in Indore / Pithampur | Rubinox,"Rubinox supports Indore / Pithampur RFQs for automotive, pharma, engineering, fabrication, food processing and infrastructure with stainless steel, duplex steel, nickel alloys, carbon steel and non-ferrous metal quotation support from Mumbai for PAN India enquiries.",Stainless Steel | Duplex & Super Duplex | Nickel Alloys | Carbon Steel,,,Indore / Pithampur,Madhya Pradesh,,https://rubinoxmetal.com/locations/indore-pithampur.html,WebPage | BreadcrumbList | FAQPage,Existing public page in sitemap.
https://rubinoxmetal.com/locations/jamshedpur.html,locations/jamshedpur.html,city/location page,Metal Supplier in Jamshedpur,Metal Supplier in Jamshedpur | Stainless Steel & Alloys | Rubinox,"Rubinox supports Jamshedpur RFQs for steel, automotive, engineering, fabrication, power and maintenance with stainless steel, duplex steel, nickel alloys, carbon steel and non-ferrous metal quotation support from Mumbai for PAN India enquiries.",Stainless Steel | Duplex & Super Duplex | Nickel Alloys | Carbon Steel,,,Jamshedpur,Jharkhand,,https://rubinoxmetal.com/locations/jamshedpur.html,WebPage | BreadcrumbList | FAQPage,Existing public page in sitemap.
https://rubinoxmetal.com/locations/chhatrapati-sambhajinagar-aurangabad.html,locations/chhatrapati-sambhajinagar-aurangabad.html,city/location page,Metal Supplier in Chhatrapati Sambhajinagar / Aurangabad,Metal Supplier in Sambhajinagar / Aurangabad | Rubinox,"Rubinox supports Chhatrapati Sambhajinagar / Aurangabad RFQs for automotive, engineering, pharma, beverage processing, fabrication and infrastructure with stainless steel, duplex steel, nickel alloys, carbon steel and non-ferrous metal quotation support from Mumbai for PAN India enquiries.",Stainless Steel | Duplex & Super Duplex | Nickel Alloys | Carbon Steel,,,Chhatrapati Sambhajinagar / Aurangabad,Maharashtra,,https://rubinoxmetal.com/locations/chhatrapati-sambhajinagar-aurangabad.html,WebPage | BreadcrumbList | FAQPage,Existing public page in sitemap.
https://rubinoxmetal.com/locations/nagpur.html,locations/nagpur.html,city/location page,Metal Supplier in Nagpur,Metal Supplier in Nagpur | Stainless Steel & Alloys | Rubinox,"Rubinox supports Nagpur RFQs for infrastructure, power, mining, fabrication, engineering and rail and MRO with stainless steel, duplex steel, nickel alloys, carbon steel and non-ferrous metal quotation support from Mumbai for PAN India enquiries.",Stainless Steel | Duplex & Super Duplex | Nickel Alloys | Carbon Steel,,,Nagpur / Butibori,Maharashtra,,https://rubinoxmetal.com/locations/nagpur.html,WebPage | BreadcrumbList | FAQPage,Existing public page in sitemap.
https://rubinoxmetal.com/locations/dholera-sanand.html,locations/dholera-sanand.html,city/location page,Metal Supplier in Dholera / Sanand,Metal Supplier in Dholera / Sanand | Rubinox,"Rubinox supports Dholera / Sanand RFQs for automotive, engineering, infrastructure, industrial parks and project buying with stainless steel, duplex steel, nickel alloys, carbon steel and non-ferrous metal quotation support from Mumbai for PAN India enquiries.",Stainless Steel | Duplex & Super Duplex | Nickel Alloys | Carbon Steel,,,Dholera / Sanand,Gujarat,,https://rubinoxmetal.com/locations/dholera-sanand.html,WebPage | BreadcrumbList | FAQPage,Existing public page in sitemap.
https://rubinoxmetal.com/locations/salem.html,locations/salem.html,city/location page,Metal Supplier in Salem,Metal Supplier in Salem | Rubinox,"Rubinox supports Salem RFQs for steel, foundry, textile machinery, fabrication and project buying with stainless steel, duplex steel, nickel alloys, carbon steel and non-ferrous metal quotation support from Mumbai for PAN India enquiries.",Stainless Steel | Duplex & Super Duplex | Nickel Alloys | Carbon Steel,,,Salem,Tamil Nadu,,https://rubinoxmetal.com/locations/salem.html,WebPage | BreadcrumbList | FAQPage,Existing public page in sitemap.
https://rubinoxmetal.com/locations/tiruchirappalli.html,locations/tiruchirappalli.html,city/location page,Metal Supplier in Tiruchirappalli,Metal Supplier in Tiruchirappalli | Rubinox,"Rubinox supports Tiruchirappalli RFQs for fabrication, boiler equipment, engineering, power and project buying with stainless steel, duplex steel, nickel alloys, carbon steel and non-ferrous metal quotation support from Mumbai for PAN India enquiries.",Stainless Steel | Duplex & Super Duplex | Nickel Alloys | Carbon Steel,,,Tiruchirappalli / Trichy,Tamil Nadu,,https://rubinoxmetal.com/locations/tiruchirappalli.html,WebPage | BreadcrumbList | FAQPage,Existing public page in sitemap.
https://rubinoxmetal.com/locations/thoothukudi.html,locations/thoothukudi.html,city/location page,Metal Supplier in Thoothukudi,Metal Supplier in Thoothukudi | Rubinox,"Rubinox supports Thoothukudi RFQs for port, marine, chemical, fertilizer and project buying with stainless steel, duplex steel, nickel alloys, carbon steel and non-ferrous metal quotation support from Mumbai for PAN India enquiries.",Stainless Steel | Duplex & Super Duplex | Nickel Alloys | Carbon Steel,,,Thoothukudi,Tamil Nadu,,https://rubinoxmetal.com/locations/thoothukudi.html,WebPage | BreadcrumbList | FAQPage,Existing public page in sitemap.
https://rubinoxmetal.com/locations/tumakuru.html,locations/tumakuru.html,city/location page,Metal Supplier in Tumakuru,Metal Supplier in Tumakuru | Rubinox,"Rubinox supports Tumakuru RFQs for automotive, engineering, fabrication, industrial parks and project buying with stainless steel, duplex steel, nickel alloys, carbon steel and non-ferrous metal quotation support from Mumbai for PAN India enquiries.",Stainless Steel | Duplex & Super Duplex | Nickel Alloys | Carbon Steel,,,Tumakuru,Karnataka,,https://rubinoxmetal.com/locations/tumakuru.html,WebPage | BreadcrumbList | FAQPage,Existing public page in sitemap.
https://rubinoxmetal.com/locations/mysuru.html,locations/mysuru.html,city/location page,Metal Supplier in Mysuru,Metal Supplier in Mysuru | Rubinox,"Rubinox supports Mysuru RFQs for engineering, food processing, automotive, fabrication and project buying with stainless steel, duplex steel, nickel alloys, carbon steel and non-ferrous metal quotation support from Mumbai for PAN India enquiries.",Stainless Steel | Duplex & Super Duplex | Nickel Alloys | Carbon Steel,,,Mysuru,Karnataka,,https://rubinoxmetal.com/locations/mysuru.html,WebPage | BreadcrumbList | FAQPage,Existing public page in sitemap.
https://rubinoxmetal.com/locations/mangaluru.html,locations/mangaluru.html,city/location page,Metal Supplier in Mangaluru / Mangalore,Metal Supplier in Mangaluru / Mangalore | Rubinox,"Rubinox supports Mangaluru / Mangalore RFQs for refinery, petrochemical, marine, port, fertilizer and fabrication with stainless steel, duplex steel, nickel alloys, carbon steel and non-ferrous metal quotation support from Mumbai for PAN India enquiries.",Stainless Steel | Duplex & Super Duplex | Nickel Alloys | Carbon Steel,,,Mangaluru,Karnataka,,https://rubinoxmetal.com/locations/mangaluru.html,WebPage | BreadcrumbList | FAQPage,Existing public page in sitemap.
https://rubinoxmetal.com/locations/zaheerabad.html,locations/zaheerabad.html,city/location page,Metal Supplier in Zaheerabad,Metal Supplier in Zaheerabad | Rubinox,"Rubinox supports Zaheerabad RFQs for automotive, fabrication, engineering, pharma and project buying with stainless steel, duplex steel, nickel alloys, carbon steel and non-ferrous metal quotation support from Mumbai for PAN India enquiries.",Stainless Steel | Duplex & Super Duplex | Nickel Alloys | Carbon Steel,,,Zaheerabad,Telangana,,https://rubinoxmetal.com/locations/zaheerabad.html,WebPage | BreadcrumbList | FAQPage,Existing public page in sitemap.
https://rubinoxmetal.com/locations/vijayawada.html,locations/vijayawada.html,city/location page,Metal Supplier in Vijayawada,Metal Supplier in Vijayawada | Rubinox,"Rubinox supports Vijayawada RFQs for infrastructure, fabrication, food processing, engineering and project buying with stainless steel, duplex steel, nickel alloys, carbon steel and non-ferrous metal quotation support from Mumbai for PAN India enquiries.",Stainless Steel | Duplex & Super Duplex | Nickel Alloys | Carbon Steel,,,Vijayawada,Andhra Pradesh,,https://rubinoxmetal.com/locations/vijayawada.html,WebPage | BreadcrumbList | FAQPage,Existing public page in sitemap.
https://rubinoxmetal.com/locations/nellore-krishnapatnam.html,locations/nellore-krishnapatnam.html,city/location page,Metal Supplier in Nellore / Krishnapatnam,Metal Supplier in Nellore / Krishnapatnam | Rubinox,"Rubinox supports Nellore / Krishnapatnam RFQs for port, marine, power, process industries and project buying with stainless steel, duplex steel, nickel alloys, carbon steel and non-ferrous metal quotation support from Mumbai for PAN India enquiries.",Stainless Steel | Duplex & Super Duplex | Nickel Alloys | Carbon Steel,,,Nellore / Krishnapatnam,Andhra Pradesh,,https://rubinoxmetal.com/locations/nellore-krishnapatnam.html,WebPage | BreadcrumbList | FAQPage,Existing public page in sitemap.
https://rubinoxmetal.com/locations/kakinada.html,locations/kakinada.html,city/location page,Metal Supplier in Kakinada,Metal Supplier in Kakinada | Rubinox,"Rubinox supports Kakinada RFQs for port, marine, fertilizer, oil and gas support and project buying with stainless steel, duplex steel, nickel alloys, carbon steel and non-ferrous metal quotation support from Mumbai for PAN India enquiries.",Stainless Steel | Duplex & Super Duplex | Nickel Alloys | Carbon Steel,,,Kakinada,Andhra Pradesh,,https://rubinoxmetal.com/locations/kakinada.html,WebPage | BreadcrumbList | FAQPage,Existing public page in sitemap.
https://rubinoxmetal.com/locations/haridwar-rudrapur.html,locations/haridwar-rudrapur.html,city/location page,Metal Supplier in Haridwar / Rudrapur,Metal Supplier in Haridwar / Rudrapur | Rubinox,"Rubinox supports Haridwar / Rudrapur RFQs for automotive, engineering, fabrication, pharma and project buying with stainless steel, duplex steel, nickel alloys, carbon steel and non-ferrous metal quotation support from Mumbai for PAN India enquiries.",Stainless Steel | Duplex & Super Duplex | Nickel Alloys | Carbon Steel,,,Haridwar / Rudrapur,Uttarakhand,,https://rubinoxmetal.com/locations/haridwar-rudrapur.html,WebPage | BreadcrumbList | FAQPage,Existing public page in sitemap.
https://rubinoxmetal.com/locations/jaipur.html,locations/jaipur.html,city/location page,Metal Supplier in Jaipur,Metal Supplier in Jaipur | Stainless Steel & Alloys | Rubinox,"Rubinox supports Jaipur RFQs for infrastructure, stone processing, engineering, fabrication, process equipment and project buying with stainless steel, duplex steel, nickel alloys, carbon steel and non-ferrous metal quotation support from Mumbai for PAN India enquiries.",Stainless Steel | Duplex & Super Duplex | Nickel Alloys | Carbon Steel,,,Jaipur,Rajasthan,,https://rubinoxmetal.com/locations/jaipur.html,WebPage | BreadcrumbList | FAQPage,Existing public page in sitemap.
https://rubinoxmetal.com/locations/jodhpur-pali.html,locations/jodhpur-pali.html,city/location page,Metal Supplier in Jodhpur / Pali,Metal Supplier in Jodhpur / Pali | Rubinox,"Rubinox supports Jodhpur / Pali RFQs for textile processing, stone processing, fabrication, engineering and project buying with stainless steel, duplex steel, nickel alloys, carbon steel and non-ferrous metal quotation support from Mumbai for PAN India enquiries.",Stainless Steel | Duplex & Super Duplex | Nickel Alloys | Carbon Steel,,,Jodhpur / Pali,Rajasthan,,https://rubinoxmetal.com/locations/jodhpur-pali.html,WebPage | BreadcrumbList | FAQPage,Existing public page in sitemap.
https://rubinoxmetal.com/locations/bhopal-mandideep.html,locations/bhopal-mandideep.html,city/location page,Metal Supplier in Bhopal / Mandideep,Metal Supplier in Bhopal / Mandideep | Rubinox,"Rubinox supports Bhopal / Mandideep RFQs for pharma, engineering, fabrication, process equipment and project buying with stainless steel, duplex steel, nickel alloys, carbon steel and non-ferrous metal quotation support from Mumbai for PAN India enquiries.",Stainless Steel | Duplex & Super Duplex | Nickel Alloys | Carbon Steel,,,Bhopal / Mandideep,Madhya Pradesh,,https://rubinoxmetal.com/locations/bhopal-mandideep.html,WebPage | BreadcrumbList | FAQPage,Existing public page in sitemap.
https://rubinoxmetal.com/locations/raipur.html,locations/raipur.html,city/location page,Metal Supplier in Raipur,Metal Supplier in Raipur | Stainless Steel & Alloys | Rubinox,"Rubinox supports Raipur RFQs for steel, power, cement, mining, fabrication and project buying with stainless steel, duplex steel, nickel alloys, carbon steel and non-ferrous metal quotation support from Mumbai for PAN India enquiries.",Stainless Steel | Duplex & Super Duplex | Nickel Alloys | Carbon Steel,,,Raipur,Chhattisgarh,,https://rubinoxmetal.com/locations/raipur.html,WebPage | BreadcrumbList | FAQPage,Existing public page in sitemap.
https://rubinoxmetal.com/locations/bhilai.html,locations/bhilai.html,city/location page,Metal Supplier in Bhilai,Metal Supplier in Bhilai | Stainless Steel & Alloys | Rubinox,"Rubinox supports Bhilai RFQs for steel, fabrication, power, rail, mining and maintenance with stainless steel, duplex steel, nickel alloys, carbon steel and non-ferrous metal quotation support from Mumbai for PAN India enquiries.",Stainless Steel | Duplex & Super Duplex | Nickel Alloys | Carbon Steel,,,Bhilai,Chhattisgarh,,https://rubinoxmetal.com/locations/bhilai.html,WebPage | BreadcrumbList | FAQPage,Existing public page in sitemap.
https://rubinoxmetal.com/locations/kolkata-howrah-durgapur.html,locations/kolkata-howrah-durgapur.html,city/location page,Metal Supplier in Kolkata / Howrah / Durgapur,Metal Supplier in Kolkata / Howrah / Durgapur | Rubinox,"Rubinox supports Kolkata / Howrah / Durgapur RFQs for engineering, steel, fabrication, power, rail and infrastructure with stainless steel, duplex steel, nickel alloys, carbon steel and non-ferrous metal quotation support from Mumbai for PAN India enquiries.",Stainless Steel | Duplex & Super Duplex | Nickel Alloys | Carbon Steel,,,Kolkata / Howrah / Durgapur,West Bengal,,https://rubinoxmetal.com/locations/kolkata-howrah-durgapur.html,WebPage | BreadcrumbList | FAQPage,Existing public page in sitemap.
https://rubinoxmetal.com/export/uae.html,export/uae.html,export country page,Industrial Metal Exporter from India for UAE / Dubai Enquiries,Industrial Metal Exporter from India for UAE / Dubai RFQs | Rubinox,"Rubinox supports UAE and Dubai export enquiries from India for stainless steel, duplex steel, nickel alloys, carbon steel and non-ferrous metal RFQs with documentation and packing review where applicable.",Stainless Steel | Duplex & Super Duplex | Nickel Alloys | Carbon Steel,,,,,UAE,https://rubinoxmetal.com/export/uae.html,WebPage | BreadcrumbList | FAQPage,Existing public page in sitemap.
https://rubinoxmetal.com/export/saudi-arabia.html,export/saudi-arabia.html,export country page,Industrial Metal Exporter from India for Saudi Arabia Enquiries,Industrial Metal Exporter from India for Saudi Arabia RFQs | Rubinox,"Rubinox supports Saudi Arabia export RFQs from India for stainless steel, duplex steel, nickel alloys, carbon steel and non-ferrous metals with packing and documentation review where applicable.",Stainless Steel | Duplex & Super Duplex | Nickel Alloys | Carbon Steel,,,,,Saudi Arabia,https://rubinoxmetal.com/export/saudi-arabia.html,WebPage | BreadcrumbList | FAQPage,Existing public page in sitemap.
https://rubinoxmetal.com/export/qatar.html,export/qatar.html,export country page,Industrial Metal Exporter from India for Qatar Enquiries,Industrial Metal Exporter from India for Qatar RFQs | Rubinox,"Rubinox supports Qatar export RFQs from India for stainless steel, duplex steel, nickel alloys, carbon steel and non-ferrous metals with packing and documentation review where applicable.",Stainless Steel | Duplex & Super Duplex | Nickel Alloys | Carbon Steel,,,,,Qatar,https://rubinoxmetal.com/export/qatar.html,WebPage | BreadcrumbList | FAQPage,Existing public page in sitemap.
https://rubinoxmetal.com/export/oman.html,export/oman.html,export country page,Industrial Metal Exporter from India for Oman Enquiries,Industrial Metal Exporter from India for Oman RFQs | Rubinox,"Rubinox supports Oman export RFQs from India for stainless steel, duplex steel, nickel alloys, carbon steel and non-ferrous metals with packing and documentation review where applicable.",Stainless Steel | Duplex & Super Duplex | Nickel Alloys | Carbon Steel,,,,,Oman,https://rubinoxmetal.com/export/oman.html,WebPage | BreadcrumbList | FAQPage,Existing public page in sitemap.
https://rubinoxmetal.com/export/kuwait.html,export/kuwait.html,export country page,Industrial Metal Exporter from India for Kuwait Enquiries,Industrial Metal Exporter from India for Kuwait RFQs | Rubinox,"Rubinox supports Kuwait export RFQs from India for stainless steel, duplex steel, nickel alloys, carbon steel and non-ferrous metals with packing and documentation review where applicable.",Stainless Steel | Duplex & Super Duplex | Nickel Alloys | Carbon Steel,,,,,Kuwait,https://rubinoxmetal.com/export/kuwait.html,WebPage | BreadcrumbList | FAQPage,Existing public page in sitemap.
https://rubinoxmetal.com/export/bahrain.html,export/bahrain.html,export country page,Industrial Metal Exporter from India for Bahrain Enquiries,Industrial Metal Exporter from India for Bahrain RFQs | Rubinox,"Rubinox supports Bahrain export RFQs from India for stainless steel, duplex steel, nickel alloys, carbon steel and non-ferrous metals with packing and documentation review where applicable.",Stainless Steel | Duplex & Super Duplex | Nickel Alloys | Carbon Steel,,,,,Bahrain,https://rubinoxmetal.com/export/bahrain.html,WebPage | BreadcrumbList | FAQPage,Existing public page in sitemap.
https://rubinoxmetal.com/export/singapore.html,export/singapore.html,export country page,Industrial Metal Exporter from India for Singapore Enquiries,Industrial Metal Exporter from India for Singapore RFQs | Rubinox,"Rubinox supports Singapore export RFQs from India for stainless steel, duplex steel, nickel alloys, carbon steel and non-ferrous metals with packing and documentation review where applicable.",Stainless Steel | Duplex & Super Duplex | Nickel Alloys | Carbon Steel,,,,,Singapore,https://rubinoxmetal.com/export/singapore.html,WebPage | BreadcrumbList | FAQPage,Existing public page in sitemap.
https://rubinoxmetal.com/export/malaysia.html,export/malaysia.html,export country page,Industrial Metal Exporter from India for Malaysia Enquiries,Industrial Metal Exporter from India for Malaysia RFQs | Rubinox,"Rubinox supports Malaysia export RFQs from India for stainless steel, duplex steel, nickel alloys, carbon steel and non-ferrous metals with packing and documentation review where applicable.",Stainless Steel | Duplex & Super Duplex | Nickel Alloys | Carbon Steel,,,,,Malaysia,https://rubinoxmetal.com/export/malaysia.html,WebPage | BreadcrumbList | FAQPage,Existing public page in sitemap.
https://rubinoxmetal.com/export/thailand.html,export/thailand.html,export country page,Industrial Metal Exporter from India for Thailand Enquiries,Exporter from India for Thailand RFQs | Rubinox,"Rubinox supports Thailand export RFQs from India for stainless steel, duplex steel, nickel alloys, carbon steel and non-ferrous metals with packing and documentation review where applicable.",Stainless Steel | Duplex & Super Duplex | Nickel Alloys | Carbon Steel,,,,,Thailand,https://rubinoxmetal.com/export/thailand.html,WebPage | BreadcrumbList | FAQPage,Existing public page in sitemap.
https://rubinoxmetal.com/export/vietnam.html,export/vietnam.html,export country page,Industrial Metal Exporter from India for Vietnam Enquiries,Exporter from India for Vietnam RFQs | Rubinox,"Rubinox supports Vietnam export RFQs from India for stainless steel, duplex steel, nickel alloys, carbon steel and non-ferrous metals with packing and documentation review where applicable.",Stainless Steel | Duplex & Super Duplex | Nickel Alloys | Carbon Steel,,,,,Vietnam,https://rubinoxmetal.com/export/vietnam.html,WebPage | BreadcrumbList | FAQPage,Existing public page in sitemap.
https://rubinoxmetal.com/export/usa.html,export/usa.html,export country page,Industrial Metal Exporter from India for USA Enquiries,Exporter from India for USA RFQs | Rubinox,"Rubinox supports USA export RFQs from India for stainless steel, duplex steel, nickel alloys, carbon steel and non-ferrous metals with packing and documentation review where applicable.",Stainless Steel | Duplex & Super Duplex | Nickel Alloys | Carbon Steel,,,,,United States,https://rubinoxmetal.com/export/usa.html,WebPage | BreadcrumbList | FAQPage,Existing public page in sitemap.
https://rubinoxmetal.com/export/uk.html,export/uk.html,export country page,Industrial Metal Exporter from India for UK Enquiries,Industrial Metal Exporter from India for UK RFQs | Rubinox,"Rubinox supports UK export RFQs from India for stainless steel, duplex steel, nickel alloys, carbon steel and non-ferrous metals with packing and documentation review where applicable.",Stainless Steel | Duplex & Super Duplex | Nickel Alloys | Carbon Steel,,,,,United Kingdom,https://rubinoxmetal.com/export/uk.html,WebPage | BreadcrumbList | FAQPage,Existing public page in sitemap.
https://rubinoxmetal.com/export/germany.html,export/germany.html,export country page,Industrial Metal Exporter from India for Germany Enquiries,Industrial Metal Exporter from India for Germany RFQs | Rubinox,"Rubinox supports Germany export RFQs from India for stainless steel, duplex steel, nickel alloys, carbon steel and non-ferrous metals with packing and documentation review where applicable.",Stainless Steel | Duplex & Super Duplex | Nickel Alloys | Carbon Steel,,,,,Germany,https://rubinoxmetal.com/export/germany.html,WebPage | BreadcrumbList | FAQPage,Existing public page in sitemap.
https://rubinoxmetal.com/export/netherlands.html,export/netherlands.html,export country page,Industrial Metal Exporter from India for Netherlands Enquiries,Exporter from India for Netherlands RFQs | Rubinox,"Rubinox supports Netherlands export RFQs from India for stainless steel, duplex steel, nickel alloys, carbon steel and non-ferrous metals with packing and documentation review where applicable.",Stainless Steel | Duplex & Super Duplex | Nickel Alloys | Carbon Steel,,,,,Netherlands,https://rubinoxmetal.com/export/netherlands.html,WebPage | BreadcrumbList | FAQPage,Existing public page in sitemap.
https://rubinoxmetal.com/export/australia.html,export/australia.html,export country page,Industrial Metal Exporter from India for Australia Enquiries,Industrial Metal Exporter from India for Australia RFQs | Rubinox,"Rubinox supports Australia export RFQs from India for stainless steel, duplex steel, nickel alloys, carbon steel and non-ferrous metals with packing and documentation review where applicable.",Stainless Steel | Duplex & Super Duplex | Nickel Alloys | Carbon Steel,,,,,Australia,https://rubinoxmetal.com/export/australia.html,WebPage | BreadcrumbList | FAQPage,Existing public page in sitemap.
https://rubinoxmetal.com/materials/high-speed-steel.html,materials/high-speed-steel.html,material family page,High Speed Steel Supplier in India,"High Speed Steel Supplier in India | HSS M2, M35, M42","High speed steel supplier for HSS M2, M35, M42 and T1 bars, flats, plates and tool steel blanks with RFQ and documentation support.",High Speed Steel,,plates | bars | flats,,,,https://rubinoxmetal.com/materials/high-speed-steel.html,WebPage | BreadcrumbList | Product | FAQPage,Existing public page in sitemap.
https://rubinoxmetal.com/materials/stainless-steel-channels-supplier-india.html,materials/stainless-steel-channels-supplier-india.html,grade/material detail page,Stainless Steel Channels Supplier in India,Stainless Steel Channels Supplier in India | SS Channels,"Stainless steel channels supplier for SS 304, 316 and 316L C channels and U channels with RFQ, MTC and project supply support.",Stainless Steel,SS 304,channels,,,,https://rubinoxmetal.com/materials/stainless-steel-channels-supplier-india.html,WebPage | BreadcrumbList | Product | FAQPage,Existing public page in sitemap.
https://rubinoxmetal.com/materials/stainless-steel-perforated-sheets-supplier-india.html,materials/stainless-steel-perforated-sheets-supplier-india.html,grade/material detail page,Stainless Steel Perforated Sheets Supplier in India,Stainless Steel Perforated Sheets Supplier India | Rubinox,"Stainless steel perforated sheets supplier for SS 304 and 316 sheets with round, square or slotted hole RFQ and documentation support.",Stainless Steel,SS 304,sheets | perforated sheets,,,,https://rubinoxmetal.com/materials/stainless-steel-perforated-sheets-supplier-india.html,WebPage | BreadcrumbList | Product | FAQPage,Existing public page in sitemap.
https://rubinoxmetal.com/blog.html,blog.html,knowledge hub,Rubinox Metal Buyer Knowledge Hub,Rubinox Knowledge Hub | Metal Buyer Guides,"Rubinox Metal and Alloys Knowledge Hub with buyer guides for stainless steel, duplex, nickel alloys, titanium, SMO 254, aluminium, RFQ documentation and export enquiries.",Stainless Steel | Duplex & Super Duplex | Nickel Alloys | Aluminium | Titanium | SMO 254,,,,,,https://rubinoxmetal.com/blog.html,WebPage | BreadcrumbList,Existing public page in sitemap.
https://rubinoxmetal.com/blog/stainless-steel-304-vs-316-vs-316l.html,blog/stainless-steel-304-vs-316-vs-316l.html,knowledge hub article,SS 304 vs SS 316 vs SS 316L: Buyer Selection Guide,SS 304 vs 316 vs 316L Guide | Rubinox,"Compare SS 304, SS 316 and SS 316L for industrial procurement, pharma, food, marine, fabrication and RFQ preparation.",Stainless Steel,SS 304 | SS 316 | SS 316L,,,,,https://rubinoxmetal.com/blog/stainless-steel-304-vs-316-vs-316l.html,BlogPosting | BreadcrumbList | FAQPage,Existing public page in sitemap.
https://rubinoxmetal.com/blog/duplex-2205-vs-super-duplex-2507.html,blog/duplex-2205-vs-super-duplex-2507.html,knowledge hub article,Duplex 2205 vs Super Duplex 2507: Which Grade Should Buyers Review?,Duplex 2205 vs Super Duplex 2507 Guide | Rubinox,"Compare Duplex 2205 and Super Duplex 2507 for chloride, marine, desalination, offshore and chemical RFQs.",Duplex & Super Duplex,Duplex 2205 | Super Duplex 2507,,,,,https://rubinoxmetal.com/blog/duplex-2205-vs-super-duplex-2507.html,BlogPosting | BreadcrumbList | FAQPage,Existing public page in sitemap.
https://rubinoxmetal.com/blog/inconel-monel-hastelloy-selection-guide.html,blog/inconel-monel-hastelloy-selection-guide.html,knowledge hub article,Inconel vs Monel vs Hastelloy: Nickel Alloy Selection Guide,Inconel vs Monel vs Hastelloy Guide | Rubinox,"Review Inconel, Monel and Hastelloy alloy families for high-temperature, corrosion, marine, chemical and heat exchanger RFQs.",Nickel Alloys,,,,,,https://rubinoxmetal.com/blog/inconel-monel-hastelloy-selection-guide.html,BlogPosting | BreadcrumbList | FAQPage,Existing public page in sitemap.
https://rubinoxmetal.com/blog/titanium-grade-2-vs-grade-5.html,blog/titanium-grade-2-vs-grade-5.html,knowledge hub article,Titanium Grade 2 vs Grade 5: Industrial Buyer Guide,Titanium Grade 2 vs Grade 5 Guide | Rubinox,"Compare Titanium Grade 2 and Grade 5 for chemical, marine, aerospace, precision and medical-component RFQs with safe buyer guidance.",Titanium,Titanium Grade 2,,,,,https://rubinoxmetal.com/blog/titanium-grade-2-vs-grade-5.html,BlogPosting | BreadcrumbList | FAQPage,Existing public page in sitemap.
https://rubinoxmetal.com/blog/smo-254-vs-904l-vs-316l.html,blog/smo-254-vs-904l-vs-316l.html,knowledge hub article,SMO 254 vs 904L vs 316L for Chloride Service,SMO 254 vs 904L vs 316L Guide | Rubinox,"Compare SMO 254, 904L and 316L for chloride, seawater, desalination, marine and process RFQs with buyer checklist guidance.",SMO 254,,,,,,https://rubinoxmetal.com/blog/smo-254-vs-904l-vs-316l.html,BlogPosting | BreadcrumbList | FAQPage,Existing public page in sitemap.
https://rubinoxmetal.com/blog/metal-rfq-checklist-for-buyers.html,blog/metal-rfq-checklist-for-buyers.html,knowledge hub article,Metal RFQ Checklist: What Buyers Should Share for a Faster Quote,Metal RFQ Checklist for Buyers | Rubinox,"A practical metal RFQ checklist covering grade, form, standard, size, quantity, MTC, inspection and delivery location for procurement buyers.",,,,,,,https://rubinoxmetal.com/blog/metal-rfq-checklist-for-buyers.html,BlogPosting | BreadcrumbList | FAQPage,Existing public page in sitemap.
https://rubinoxmetal.com/blog/mtc-pmi-third-party-inspection-guide.html,blog/mtc-pmi-third-party-inspection-guide.html,knowledge hub article,"MTC, PMI and Third-Party Inspection: What Metal Buyers Should Know",MTC PMI Third Party Inspection Guide | Rubinox,"Understand MTC, PMI and third-party inspection terms for industrial metal RFQs, with documentation assistance guidance where applicable.",,,,,,,https://rubinoxmetal.com/blog/mtc-pmi-third-party-inspection-guide.html,BlogPosting | BreadcrumbList | FAQPage,Existing public page in sitemap.
https://rubinoxmetal.com/blog/stainless-steel-for-pharma-food-processing.html,blog/stainless-steel-for-pharma-food-processing.html,knowledge hub article,Stainless Steel for Pharma and Food Processing Equipment,Stainless Steel for Pharma and Food | Rubinox,"Review stainless steel grades and forms for pharma and food processing equipment RFQs, including SS 304, SS 316L, tubes, sheets and fittings.",Stainless Steel,SS 304 | SS 316L,tubes | sheets | fittings,,,,https://rubinoxmetal.com/blog/stainless-steel-for-pharma-food-processing.html,BlogPosting | BreadcrumbList | FAQPage,Existing public page in sitemap.
https://rubinoxmetal.com/blog/metals-for-automotive-ev-components.html,blog/metals-for-automotive-ev-components.html,knowledge hub article,Metals for Automotive and EV Component Buyers,Metals for Automotive and EV Buyers | Rubinox,"Metal selection guide for automotive and EV component buyers reviewing aluminium, stainless steel, carbon steel, mild steel, copper, brass and phosphor bronze RFQs.",Stainless Steel | Carbon Steel | Mild Steel | Aluminium | Copper | Brass | Phosphor Bronze,,,,,,https://rubinoxmetal.com/blog/metals-for-automotive-ev-components.html,BlogPosting | BreadcrumbList | FAQPage,Existing public page in sitemap.
https://rubinoxmetal.com/blog/metals-for-chemical-petrochemical-industries.html,blog/metals-for-chemical-petrochemical-industries.html,knowledge hub article,Metals for Chemical and Petrochemical Industry RFQs,Chemical Petrochemical Metal RFQ Guide | Rubinox,"Procurement guide for chemical and petrochemical RFQs covering SS 316L, duplex, SMO 254, Hastelloy, Inconel, Monel and titanium.",Stainless Steel | Duplex & Super Duplex | Nickel Alloys | Titanium | SMO 254,SS 316L,,,,,https://rubinoxmetal.com/blog/metals-for-chemical-petrochemical-industries.html,BlogPosting | BreadcrumbList | FAQPage,Existing public page in sitemap.
https://rubinoxmetal.com/blog/marine-desalination-material-selection.html,blog/marine-desalination-material-selection.html,knowledge hub article,"Material Selection for Marine, Offshore and Desalination Projects",Marine Desalination Material Guide | Rubinox,"Review SS 316L, Duplex, Super Duplex, SMO 254, Monel, Inconel and Titanium for marine, offshore and desalination RFQs.",Stainless Steel | Duplex & Super Duplex | Nickel Alloys | Titanium | SMO 254,SS 316L,,,,,https://rubinoxmetal.com/blog/marine-desalination-material-selection.html,BlogPosting | BreadcrumbList | FAQPage,Existing public page in sitemap.
https://rubinoxmetal.com/blog/aluminium-6061-6063-7075-guide.html,blog/aluminium-6061-6063-7075-guide.html,knowledge hub article,"Aluminium 6061, 6063 and 7075: Buyer Comparison Guide",Aluminium 6061 vs 6063 vs 7075 Guide | Rubinox,"Compare aluminium 6061, 6063 and 7075 for automotive, fabrication, aerospace or precision and structural RFQs with buyer checklist guidance.",Aluminium,Aluminium 6061,,,,,https://rubinoxmetal.com/blog/aluminium-6061-6063-7075-guide.html,BlogPosting | BreadcrumbList | FAQPage,Existing public page in sitemap.
https://rubinoxmetal.com/blog/copper-brass-phosphor-bronze-guide.html,blog/copper-brass-phosphor-bronze-guide.html,knowledge hub article,"Copper, Brass and Phosphor Bronze: Industrial Buyer Guide",Copper Brass Phosphor Bronze Guide | Rubinox,"Compare copper, brass and phosphor bronze for electrical, machining, wear, spring, connector, marine and engineering RFQs.",Copper | Brass | Phosphor Bronze,,,,,,https://rubinoxmetal.com/blog/copper-brass-phosphor-bronze-guide.html,BlogPosting | BreadcrumbList | FAQPage,Existing public page in sitemap.
https://rubinoxmetal.com/blog/high-speed-steel-sourcing-guide.html,blog/high-speed-steel-sourcing-guide.html,knowledge hub article,High Speed Steel Sourcing Guide for Tooling and Machining Buyers,High Speed Steel Sourcing Guide | Rubinox,"High speed steel sourcing guide for HSS M2, M35, M42, tool steel, cutting tools, punches, dies and RFQ preparation.",High Speed Steel,,,,,,https://rubinoxmetal.com/blog/high-speed-steel-sourcing-guide.html,BlogPosting | BreadcrumbList | FAQPage,Existing public page in sitemap.
https://rubinoxmetal.com/blog/export-metal-rfq-from-india.html,blog/export-metal-rfq-from-india.html,knowledge hub article,Export Metal RFQ from India: What Overseas Buyers Should Share,Export Metal RFQ from India Guide | Rubinox,"Export metal RFQ guide for overseas buyers covering packing, MTC, destination country, port, documentation assistance and procurement enquiry details.",,,,,,,https://rubinoxmetal.com/blog/export-metal-rfq-from-india.html,BlogPosting | BreadcrumbList | FAQPage,Existing public page in sitemap.
https://rubinoxmetal.com/mission-vision.html,mission-vision.html,company page,Mission & Vision,Mission & Vision | Rubinox Metal and Alloys,"Read the mission, vision and values of Rubinox Metal and Alloys, a Mumbai-based stockist, supplier, importer, exporter and project supplier of stainless steel, alloys and industrial metals.",Stainless Steel,,,,,,https://rubinoxmetal.com/mission-vision.html,WebPage | BreadcrumbList | FAQPage,Existing public page in sitemap.
https://rubinoxmetal.com/registrations-compliance.html,registrations-compliance.html,technical/support page,Registrations & Compliance,Registrations & Compliance | Rubinox Metal and Alloys,"Rubinox Metal and Alloys can share relevant business registration and compliance details such as GST, IEC and MSME/Udyam information where required for buyer onboarding, vendor registration and export RFQs.",,,,,,,https://rubinoxmetal.com/registrations-compliance.html,WebPage | BreadcrumbList | FAQPage,Existing public page in sitemap.
https://rubinoxmetal.com/product-portfolio.html,product-portfolio.html,product form hub,Product Portfolio,"Product Portfolio | Industrial Metals, Grades and Forms | Rubinox","Explore the Rubinox Metal and Alloys product portfolio covering stainless steel, duplex, nickel alloys, titanium, SMO 254, aluminium, copper, brass, carbon steel, mild steel, high speed steel, grades and product forms.",Stainless Steel | Duplex & Super Duplex | Nickel Alloys | Carbon Steel | Mild Steel | High Speed Steel | Aluminium | Copper | Brass | Titanium | SMO 254,,,,,,https://rubinoxmetal.com/product-portfolio.html,WebPage | BreadcrumbList | FAQPage,Existing public page in sitemap.
https://rubinoxmetal.com/materials.html,materials.html,supporting page,Materials We Supply,"Materials We Supply | Stainless Steel, Alloys and Metals | Rubinox","Browse material families supplied by Rubinox Metal and Alloys, including stainless steel, duplex, nickel alloys, titanium, SMO 254, aluminium, copper, brass, carbon steel, mild steel, phosphor bronze and high speed steel.",Stainless Steel | Duplex & Super Duplex | Nickel Alloys | Carbon Steel | Mild Steel | High Speed Steel | Aluminium | Copper | Brass | Titanium | SMO 254 | Phosphor Bronze,,,,,,https://rubinoxmetal.com/materials.html,WebPage | BreadcrumbList | FAQPage,Existing public page in sitemap.
https://rubinoxmetal.com/product-forms.html,product-forms.html,product form hub,Product Forms,"Product Forms | Pipes, Tubes, Plates and More | Rubinox","Browse industrial metal product forms from Rubinox Metal and Alloys, including pipes, tubes, sheets, plates, coils, flanges, fittings, fasteners, bars, rods, angles, channels, flats, circles, wire mesh and perforated sheets.",,,pipes | tubes | sheets | plates | coils | bars | rods | flats | angles | channels | flanges | fittings | fasteners | wire mesh | perforated sheets,,,,https://rubinoxmetal.com/product-forms.html,WebPage | BreadcrumbList | FAQPage,Existing public page in sitemap.
https://rubinoxmetal.com/grades.html,grades.html,supporting page,Material Grades,"Material Grades | Stainless, Duplex, Nickel and Titanium | Rubinox","Browse material grades available for RFQ review at Rubinox Metal and Alloys, including SS 304, 316L, 904L, Duplex 2205, Super Duplex 2507, Inconel, Monel, Hastelloy, Nickel, Titanium and SMO 254 grades.",Stainless Steel | Duplex & Super Duplex | Nickel Alloys | Titanium | SMO 254,SS 304 | Duplex 2205 | Super Duplex 2507,,,,,https://rubinoxmetal.com/grades.html,WebPage | BreadcrumbList | FAQPage,Existing public page in sitemap.
https://rubinoxmetal.com/privacy-policy.html,privacy-policy.html,legal page,Privacy Policy,Privacy Policy | Rubinox Metal and Alloys,"Read the Privacy Policy for Rubinox Metal and Alloys, covering enquiry data, RFQ communication, website analytics, cookies, third-party links and contact information.",,,,,,,https://rubinoxmetal.com/privacy-policy.html,WebPage | BreadcrumbList | FAQPage,Existing public page in sitemap.
https://rubinoxmetal.com/terms-and-conditions.html,terms-and-conditions.html,legal page,Terms & Conditions,Terms & Conditions | Rubinox Metal and Alloys,"Read the Terms & Conditions for using the Rubinox Metal and Alloys website, including RFQ communication, technical content, quotation limitations, external links and buyer responsibility.",,,,,,,https://rubinoxmetal.com/terms-and-conditions.html,WebPage | BreadcrumbList | FAQPage,Existing public page in sitemap.
https://rubinoxmetal.com/blog/stainless-steel-304l-vs-316l.html,blog/stainless-steel-304l-vs-316l.html,knowledge hub article,Stainless Steel 304L vs 316L: Buyer Comparison Guide,Stainless Steel 304L vs 316L: Buyer Comparison Guide | Rubinox,"Compare SS 304L and SS 316L for welded fabrication, pharma, food, process equipment and RFQ preparation.",Stainless Steel,SS 304L | SS 316L,,,,,https://rubinoxmetal.com/blog/stainless-steel-304l-vs-316l.html,BlogPosting | BreadcrumbList | FAQPage,Existing public page in sitemap.
https://rubinoxmetal.com/blog/stainless-steel-310-vs-321-vs-347.html,blog/stainless-steel-310-vs-321-vs-347.html,knowledge hub article,Stainless Steel 310 vs 321 vs 347: High Temperature Grade Guide,SS 310 vs 321 vs 347 Guide | Rubinox,"Review SS 310, SS 321 and SS 347 for high-temperature stainless steel RFQs, fabrication and buyer specification checks.",Stainless Steel,SS 310 | SS 321 | SS 347,,,,,https://rubinoxmetal.com/blog/stainless-steel-310-vs-321-vs-347.html,BlogPosting | BreadcrumbList | FAQPage,Existing public page in sitemap.
https://rubinoxmetal.com/blog/duplex-stainless-steel-for-chemical-processing.html,blog/duplex-stainless-steel-for-chemical-processing.html,knowledge hub article,Duplex Stainless Steel for Chemical Processing RFQs,Duplex Stainless Steel for Chemical Processing RFQs | Rubinox,"Buyer guide for reviewing Duplex 2205, Super Duplex 2507 and related grades for chemical processing RFQs.",Stainless Steel | Duplex & Super Duplex,Duplex 2205 | Super Duplex 2507,,,,,https://rubinoxmetal.com/blog/duplex-stainless-steel-for-chemical-processing.html,BlogPosting | BreadcrumbList | FAQPage,Existing public page in sitemap.
https://rubinoxmetal.com/blog/super-duplex-for-seawater-desalination.html,blog/super-duplex-for-seawater-desalination.html,knowledge hub article,Super Duplex for Seawater and Desalination Projects,Super Duplex for Seawater and Desalination Projects | Rubinox,"Review Super Duplex, Duplex, SMO 254 and nickel alloy considerations for seawater and desalination project RFQs.",Duplex & Super Duplex | Nickel Alloys | SMO 254,,,,,,https://rubinoxmetal.com/blog/super-duplex-for-seawater-desalination.html,BlogPosting | BreadcrumbList | FAQPage,Existing public page in sitemap.
https://rubinoxmetal.com/blog/nickel-alloy-625-vs-718.html,blog/nickel-alloy-625-vs-718.html,knowledge hub article,Inconel 625 vs Inconel 718: Nickel Alloy Buyer Guide,Inconel 625 vs Inconel 718: Nickel Alloy Buyer Guide | Rubinox,"Compare Inconel 625 and Inconel 718 for corrosion, strength, heat, aerospace, marine and chemical RFQ review.",Nickel Alloys,Inconel 625 | Inconel 718,,,,,https://rubinoxmetal.com/blog/nickel-alloy-625-vs-718.html,BlogPosting | BreadcrumbList | FAQPage,Existing public page in sitemap.
https://rubinoxmetal.com/blog/monel-400-vs-k500.html,blog/monel-400-vs-k500.html,knowledge hub article,Monel 400 vs Monel K-500: Buyer Comparison Guide,Monel 400 vs Monel K-500: Buyer Comparison Guide | Rubinox,"Compare Monel 400 and Monel K-500 for marine, chemical, fastener, pump and engineered component RFQs.",Nickel Alloys,Monel 400 | Monel K500,fasteners,,,,https://rubinoxmetal.com/blog/monel-400-vs-k500.html,BlogPosting | BreadcrumbList | FAQPage,Existing public page in sitemap.
https://rubinoxmetal.com/blog/hastelloy-c276-vs-c22.html,blog/hastelloy-c276-vs-c22.html,knowledge hub article,Hastelloy C276 vs C22: Corrosion Alloy Buyer Guide,Hastelloy C276 vs C22: Corrosion Alloy Buyer Guide | Rubinox,"Review Hastelloy C276 and C22 for chemical processing, corrosion-resistant equipment and RFQ preparation.",Nickel Alloys,Hastelloy C276,,,,,https://rubinoxmetal.com/blog/hastelloy-c276-vs-c22.html,BlogPosting | BreadcrumbList | FAQPage,Existing public page in sitemap.
https://rubinoxmetal.com/blog/titanium-vs-stainless-steel.html,blog/titanium-vs-stainless-steel.html,knowledge hub article,Titanium vs Stainless Steel: Buyer Selection Guide,Titanium vs Stainless Steel: Buyer Selection Guide | Rubinox,"Compare titanium and stainless steel for corrosion, weight, strength, chemical, marine and precision component RFQs.",Stainless Steel | Titanium,,,,,,https://rubinoxmetal.com/blog/titanium-vs-stainless-steel.html,BlogPosting | BreadcrumbList | FAQPage,Existing public page in sitemap.
https://rubinoxmetal.com/blog/aluminium-vs-stainless-steel.html,blog/aluminium-vs-stainless-steel.html,knowledge hub article,Aluminium vs Stainless Steel: Procurement Comparison Guide,Aluminium vs Stainless Steel: Procurement Comparison Guide | Rubinox,"Compare aluminium and stainless steel for weight, corrosion, fabrication, machining and industrial RFQ preparation.",Stainless Steel | Aluminium,,,,,,https://rubinoxmetal.com/blog/aluminium-vs-stainless-steel.html,BlogPosting | BreadcrumbList | FAQPage,Existing public page in sitemap.
https://rubinoxmetal.com/blog/carbon-steel-vs-mild-steel.html,blog/carbon-steel-vs-mild-steel.html,knowledge hub article,Carbon Steel vs Mild Steel: Industrial Buyer Guide,Carbon Steel vs Mild Steel: Industrial Buyer Guide | Rubinox,"Compare carbon steel and mild steel for plates, bars, structural work, fabrication and project RFQs.",Carbon Steel | Mild Steel,,plates | bars,,,,https://rubinoxmetal.com/blog/carbon-steel-vs-mild-steel.html,BlogPosting | BreadcrumbList | FAQPage,Existing public page in sitemap.
https://rubinoxmetal.com/blog/mild-steel-is-2062-vs-astm-a36.html,blog/mild-steel-is-2062-vs-astm-a36.html,knowledge hub article,IS 2062 vs ASTM A36: Mild Steel Buyer Comparison,IS 2062 vs ASTM A36: Mild Steel Buyer Comparison | Rubinox,"Compare IS 2062 and ASTM A36 for mild steel structural, fabrication and project supply RFQs.",Carbon Steel | Mild Steel,IS 2062,,,,,https://rubinoxmetal.com/blog/mild-steel-is-2062-vs-astm-a36.html,BlogPosting | BreadcrumbList | FAQPage,Existing public page in sitemap.
https://rubinoxmetal.com/blog/copper-c101-vs-c110-vs-c122.html,blog/copper-c101-vs-c110-vs-c122.html,knowledge hub article,Copper C101 vs C110 vs C122: Buyer Comparison Guide,Copper C101 vs C110 vs C122: Buyer Comparison Guide | Rubinox,"Compare copper C101, C110 and C122 for electrical, heat exchanger, fabrication and industrial RFQs.",Copper,Copper C101,,,,,https://rubinoxmetal.com/blog/copper-c101-vs-c110-vs-c122.html,BlogPosting | BreadcrumbList | FAQPage,Existing public page in sitemap.
https://rubinoxmetal.com/blog/brass-c260-vs-c360.html,blog/brass-c260-vs-c360.html,knowledge hub article,Brass C260 vs C360: Buyer Comparison Guide,Brass C260 vs C360: Buyer Comparison Guide | Rubinox,"Compare Brass C260 and C360 for sheet, plate, bar, machining, fabrication and industrial RFQs.",Brass,Brass C260,sheets | plates | bars,,,,https://rubinoxmetal.com/blog/brass-c260-vs-c360.html,BlogPosting | BreadcrumbList | FAQPage,Existing public page in sitemap.
https://rubinoxmetal.com/blog/phosphor-bronze-c510-vs-c521.html,blog/phosphor-bronze-c510-vs-c521.html,knowledge hub article,Phosphor Bronze C510 vs C521: Buyer Comparison Guide,Phosphor Bronze C510 vs C521: Buyer Comparison Guide | Rubinox,"Compare Phosphor Bronze C510 and C521 for spring, connector, wear, electrical and engineering RFQs.",Phosphor Bronze,Phosphor Bronze C510,,,,,https://rubinoxmetal.com/blog/phosphor-bronze-c510-vs-c521.html,BlogPosting | BreadcrumbList | FAQPage,Existing public page in sitemap.
https://rubinoxmetal.com/blog/industrial-metal-product-forms-guide.html,blog/industrial-metal-product-forms-guide.html,knowledge hub article,Industrial Metal Product Forms Guide for RFQ Buyers,Industrial Metal Product Forms Guide for RFQ Buyers | Rubinox,"Guide to pipes, tubes, sheets, plates, coils, bars, rods, flanges, fittings, fasteners, channels and perforated sheets for RFQs.",,,pipes | tubes | sheets | plates | coils | bars | rods | channels | flanges | fittings | fasteners | perforated sheets,,,,https://rubinoxmetal.com/blog/industrial-metal-product-forms-guide.html,BlogPosting | BreadcrumbList | FAQPage,Existing public page in sitemap.
https://rubinoxmetal.com/materials/copper-nickel-90-10-c70600-supplier-india.html,materials/copper-nickel-90-10-c70600-supplier-india.html,grade/material detail page,Copper Nickel 90/10 C70600 Supplier in India,Copper Nickel 90/10 C70600 Supplier India | Cu-Ni RFQs,"Copper Nickel 90/10 C70600 supplier in India for pipes, tubes, sheets, plates, flanges and fittings RFQs with documentation support.",Copper,,pipes | tubes | sheets | plates | flanges | fittings,,,,https://rubinoxmetal.com/materials/copper-nickel-90-10-c70600-supplier-india.html,WebPage | BreadcrumbList | FAQPage | Product,Existing public page in sitemap.
https://rubinoxmetal.com/materials/copper-nickel-70-30-c71500-supplier-india.html,materials/copper-nickel-70-30-c71500-supplier-india.html,grade/material detail page,Copper Nickel 70/30 C71500 Supplier in India,Copper Nickel 70/30 C71500 Supplier India | Cu-Ni RFQs,"Copper Nickel 70/30 C71500 supplier in India for marine, condenser, seawater piping and heat exchanger RFQs with documentation support.",Copper,,,,,,https://rubinoxmetal.com/materials/copper-nickel-70-30-c71500-supplier-india.html,WebPage | BreadcrumbList | FAQPage | Product,Existing public page in sitemap.
https://rubinoxmetal.com/materials/alloy-20-uns-n08020-supplier-india.html,materials/alloy-20-uns-n08020-supplier-india.html,grade/material detail page,Alloy 20 UNS N08020 Supplier in India,Alloy 20 UNS N08020 Supplier India | Carpenter 20 RFQs,"Alloy 20 UNS N08020 supplier in India for pipes, tubes, sheets, plates, bars, flanges and fittings RFQs with documentation support.",,,pipes | tubes | sheets | plates | bars | flanges | fittings,,,,https://rubinoxmetal.com/materials/alloy-20-uns-n08020-supplier-india.html,WebPage | BreadcrumbList | FAQPage | Product,Existing public page in sitemap.
https://rubinoxmetal.com/materials/inconel-601-supplier-india.html,materials/inconel-601-supplier-india.html,grade/material detail page,Inconel 601 Supplier in India,Inconel 601 Supplier India | Nickel Alloy 601 RFQs,"Inconel 601 supplier in India for nickel alloy pipes, tubes, sheets, plates, bars, flanges, fittings and high-temperature RFQs.",Nickel Alloys,Inconel 601,pipes | tubes | sheets | plates | bars | flanges | fittings,,,,https://rubinoxmetal.com/materials/inconel-601-supplier-india.html,WebPage | BreadcrumbList | FAQPage | Product,Existing public page in sitemap.
https://rubinoxmetal.com/materials/incoloy-800h-supplier-india.html,materials/incoloy-800h-supplier-india.html,grade/material detail page,Incoloy 800H Supplier in India,Incoloy 800H Supplier India | Alloy 800H RFQs,"Incoloy 800H supplier in India for nickel alloy pipes, tubes, sheets, plates, bars, flanges and fittings RFQs with documentation support.",Nickel Alloys,Incoloy 800H,pipes | tubes | sheets | plates | bars | flanges | fittings,,,,https://rubinoxmetal.com/materials/incoloy-800h-supplier-india.html,WebPage | BreadcrumbList | FAQPage | Product,Existing public page in sitemap.
https://rubinoxmetal.com/materials/astm-a335-p11-pipe-supplier-india.html,materials/astm-a335-p11-pipe-supplier-india.html,grade/material detail page,ASTM A335 P11 Pipe Supplier in India,ASTM A335 P11 Pipe Supplier India | ASME SA335 P11 RFQs,"ASTM A335 P11 pipe supplier in India for alloy steel seamless pipe RFQs with size, schedule, MTC and inspection requirements reviewed.",,ASTM A335 P11,seamless pipes | pipes,,,,https://rubinoxmetal.com/materials/astm-a335-p11-pipe-supplier-india.html,WebPage | BreadcrumbList | FAQPage | Product,Existing public page in sitemap.
https://rubinoxmetal.com/materials/astm-a335-p22-pipe-supplier-india.html,materials/astm-a335-p22-pipe-supplier-india.html,grade/material detail page,ASTM A335 P22 Pipe Supplier in India,ASTM A335 P22 Pipe Supplier India | ASME SA335 P22 RFQs,"ASTM A335 P22 pipe supplier in India for alloy steel seamless pipe RFQs with size, schedule, MTC and inspection requirements reviewed.",,ASTM A335 P22,seamless pipes | pipes,,,,https://rubinoxmetal.com/materials/astm-a335-p22-pipe-supplier-india.html,WebPage | BreadcrumbList | FAQPage | Product,Existing public page in sitemap.
https://rubinoxmetal.com/materials/astm-a335-p91-pipe-supplier-india.html,materials/astm-a335-p91-pipe-supplier-india.html,grade/material detail page,ASTM A335 P91 Pipe Supplier in India,ASTM A335 P91 Pipe Supplier India | ASME SA335 P91 RFQs,"ASTM A335 P91 pipe supplier in India for alloy steel seamless pipe RFQs with size, schedule, MTC and inspection requirements reviewed.",,ASTM A335 P91,seamless pipes | pipes,,,,https://rubinoxmetal.com/materials/astm-a335-p91-pipe-supplier-india.html,WebPage | BreadcrumbList | FAQPage | Product,Existing public page in sitemap.
https://rubinoxmetal.com/materials/api-5l-grade-b-pipe-supplier-india.html,materials/api-5l-grade-b-pipe-supplier-india.html,grade/material detail page,API 5L Grade B Pipe Supplier in India,API 5L Grade B Pipe Supplier India | Line Pipe RFQs,"API 5L Grade B pipe supplier in India for line pipe RFQs with PSL, size, wall thickness, coating, MTC and inspection requirements reviewed.",Carbon Steel,API 5L Grade B,pipes,,,,https://rubinoxmetal.com/materials/api-5l-grade-b-pipe-supplier-india.html,WebPage | BreadcrumbList | FAQPage | Product,Existing public page in sitemap.
https://rubinoxmetal.com/materials/api-5l-x52-pipe-supplier-india.html,materials/api-5l-x52-pipe-supplier-india.html,grade/material detail page,API 5L X52 Pipe Supplier in India,API 5L X52 Pipe Supplier India | Line Pipe RFQs,"API 5L X52 pipe supplier in India for line pipe RFQs with PSL, size, wall thickness, coating, MTC and inspection requirements reviewed.",Carbon Steel,API 5L X52,pipes,,,,https://rubinoxmetal.com/materials/api-5l-x52-pipe-supplier-india.html,WebPage | BreadcrumbList | FAQPage | Product,Existing public page in sitemap.
https://rubinoxmetal.com/materials/api-5l-x65-pipe-supplier-india.html,materials/api-5l-x65-pipe-supplier-india.html,grade/material detail page,API 5L X65 Pipe Supplier in India,API 5L X65 Pipe Supplier India | Line Pipe RFQs,"API 5L X65 pipe supplier in India for line pipe RFQs with PSL, size, wall thickness, coating, MTC and inspection requirements reviewed.",Carbon Steel,API 5L X65,pipes,,,,https://rubinoxmetal.com/materials/api-5l-x65-pipe-supplier-india.html,WebPage | BreadcrumbList | FAQPage | Product,Existing public page in sitemap.
https://rubinoxmetal.com/materials/is-2062-steel-supplier-india.html,materials/is-2062-steel-supplier-india.html,grade/material detail page,IS 2062 Steel Supplier in India,IS 2062 Steel Supplier India | Structural Steel RFQs,"IS 2062 steel supplier in India for plates, sheets, angles, channels, flats, bars and structural fabrication RFQs with documentation support.",Mild Steel,IS 2062,sheets | plates | bars | flats | angles | channels,,,,https://rubinoxmetal.com/materials/is-2062-steel-supplier-india.html,WebPage | BreadcrumbList | FAQPage | Product,Existing public page in sitemap.
https://rubinoxmetal.com/materials/is-1239-pipe-supplier-india.html,materials/is-1239-pipe-supplier-india.html,grade/material detail page,IS 1239 Pipe Supplier in India,IS 1239 Pipe Supplier India | MS Pipe RFQs,"IS 1239 pipe supplier in India for mild steel pipe and tube RFQs with class, size, end finish, galvanizing and documentation details reviewed.",Carbon Steel | Mild Steel,IS 1239,pipes | tubes,,,,https://rubinoxmetal.com/materials/is-1239-pipe-supplier-india.html,WebPage | BreadcrumbList | FAQPage | Product,Existing public page in sitemap.
https://rubinoxmetal.com/materials/is-3589-pipe-supplier-india.html,materials/is-3589-pipe-supplier-india.html,grade/material detail page,IS 3589 Pipe Supplier in India,IS 3589 Pipe Supplier India | Project Pipe RFQs,"IS 3589 pipe supplier in India for project pipe RFQs with size, wall thickness, class, coating, testing and documentation requirements reviewed.",Carbon Steel,IS 3589,pipes,,,,https://rubinoxmetal.com/materials/is-3589-pipe-supplier-india.html,WebPage | BreadcrumbList | FAQPage | Product,Existing public page in sitemap.
https://rubinoxmetal.com/materials/astm-a106-grade-b-pipe-supplier-india.html,materials/astm-a106-grade-b-pipe-supplier-india.html,grade/material detail page,ASTM A106 Grade B Pipe Supplier in India,ASTM A106 Grade B Pipe Supplier India | Seamless CS Pipe RFQs,"ASTM A106 Grade B pipe supplier in India for seamless carbon steel pipe RFQs with schedule, size, MTC and inspection details reviewed.",Carbon Steel,ASTM A106 Grade B,pipes,,,,https://rubinoxmetal.com/materials/astm-a106-grade-b-pipe-supplier-india.html,WebPage | BreadcrumbList | FAQPage | Product,Existing public page in sitemap.
https://rubinoxmetal.com/materials/astm-a53-grade-b-pipe-supplier-india.html,materials/astm-a53-grade-b-pipe-supplier-india.html,grade/material detail page,ASTM A53 Grade B Pipe Supplier in India,ASTM A53 Grade B Pipe Supplier India | CS Pipe RFQs,"ASTM A53 Grade B pipe supplier in India for carbon steel pipe RFQs with type, grade, schedule, size, MTC and inspection review.",Carbon Steel,ASTM A53 Grade B,pipes,,,,https://rubinoxmetal.com/materials/astm-a53-grade-b-pipe-supplier-india.html,WebPage | BreadcrumbList | FAQPage | Product,Existing public page in sitemap.
https://rubinoxmetal.com/materials/astm-a333-grade-6-pipe-supplier-india.html,materials/astm-a333-grade-6-pipe-supplier-india.html,grade/material detail page,ASTM A333 Grade 6 Pipe Supplier in India,ASTM A333 Grade 6 Pipe Supplier India | Low Temperature CS Pipe RFQs,"ASTM A333 Grade 6 pipe supplier in India for low temperature carbon steel pipe RFQs with size, schedule, impact testing and MTC details.",Carbon Steel,ASTM A333 Grade 6,pipes,,,,https://rubinoxmetal.com/materials/astm-a333-grade-6-pipe-supplier-india.html,WebPage | BreadcrumbList | FAQPage | Product,Existing public page in sitemap.
https://rubinoxmetal.com/technical-resources.html,technical-resources.html,technical/support page,Technical Resources & Standards Charts,Technical Resources & Standards Charts | Rubinox Metal and Alloys,"Technical resources for metal RFQs, including pipe schedule guidance, MTC notes, PMI testing, API 5L comparison and quotation checklist.",Carbon Steel,,pipes,,,,https://rubinoxmetal.com/technical-resources.html,WebPage | BreadcrumbList | FAQPage | ItemList,Existing public page in sitemap.
https://rubinoxmetal.com/quality-documentation-support.html,quality-documentation-support.html,technical/support page,Quality & Documentation Support,Quality & Documentation Support | Rubinox Metal and Alloys,"Quality and documentation support for metal RFQs, including MTC, EN 10204 3.1/3.2, PMI, third-party inspection, packing and export documents.",Mild Steel,,,,,,https://rubinoxmetal.com/quality-documentation-support.html,WebPage | BreadcrumbList | FAQPage,Existing public page in sitemap.
https://rubinoxmetal.com/knowledge-hub-author.html,knowledge-hub-author.html,supporting page,Rubinox Metal and Alloys Procurement Team,Rubinox Metal and Alloys Procurement Team | Editorial Review,"Editorial review information for Rubinox Metal and Alloys Knowledge Hub buyer guides, RFQ guidance, material standards and documentation support content.",,,,,,,https://rubinoxmetal.com/knowledge-hub-author.html,ProfilePage | BreadcrumbList,Existing public page in sitemap.
https://rubinoxmetal.com/materials/astm-a335-p5-pipe-supplier-india.html,materials/astm-a335-p5-pipe-supplier-india.html,grade/material detail page,ASTM A335 P5 Pipe Supplier in India,ASTM A335 P5 Pipe Supplier in India | Rubinox,"ASTM A335 P5 Pipe Supplier in India for specification-led RFQs with grade, size, quantity, MTC, inspection, documentation and delivery details reviewed by Rubinox Metal and Alloys.",,ASTM A335 P5,pipes,,,,https://rubinoxmetal.com/materials/astm-a335-p5-pipe-supplier-india.html,WebPage | BreadcrumbList | Product | FAQPage,Existing public page in sitemap.
https://rubinoxmetal.com/materials/astm-a335-p9-pipe-supplier-india.html,materials/astm-a335-p9-pipe-supplier-india.html,grade/material detail page,ASTM A335 P9 Pipe Supplier in India,ASTM A335 P9 Pipe Supplier in India | Rubinox,"ASTM A335 P9 Pipe Supplier in India for specification-led RFQs with grade, size, quantity, MTC, inspection, documentation and delivery details reviewed by Rubinox Metal and Alloys.",,ASTM A335 P9,pipes,,,,https://rubinoxmetal.com/materials/astm-a335-p9-pipe-supplier-india.html,WebPage | BreadcrumbList | Product | FAQPage,Existing public page in sitemap.
https://rubinoxmetal.com/materials/sa-210-grade-a1-boiler-tube-supplier-india.html,materials/sa-210-grade-a1-boiler-tube-supplier-india.html,grade/material detail page,SA 210 Grade A1 Boiler Tube Supplier in India,SA 210 Grade A1 Boiler Tube Supplier in India | Rubinox,"SA 210 Grade A1 Boiler Tube Supplier in India for specification-led RFQs with grade, size, quantity, MTC, inspection, documentation and delivery details reviewed by Rubinox Metal and Alloys.",,SA 210 Grade A1,tubes,,,,https://rubinoxmetal.com/materials/sa-210-grade-a1-boiler-tube-supplier-india.html,WebPage | BreadcrumbList | Product | FAQPage,Existing public page in sitemap.
https://rubinoxmetal.com/materials/sa-213-t11-tube-supplier-india.html,materials/sa-213-t11-tube-supplier-india.html,grade/material detail page,SA 213 T11 Tube Supplier in India,SA 213 T11 Tube Supplier in India | Rubinox,"SA 213 T11 Tube Supplier in India for specification-led RFQs with grade, size, quantity, MTC, inspection, documentation and delivery details reviewed by Rubinox Metal and Alloys.",,SA 213 T11,tubes,,,,https://rubinoxmetal.com/materials/sa-213-t11-tube-supplier-india.html,WebPage | BreadcrumbList | Product | FAQPage,Existing public page in sitemap.
https://rubinoxmetal.com/materials/sa-213-t22-tube-supplier-india.html,materials/sa-213-t22-tube-supplier-india.html,grade/material detail page,SA 213 T22 Tube Supplier in India,SA 213 T22 Tube Supplier in India | Rubinox,"SA 213 T22 Tube Supplier in India for specification-led RFQs with grade, size, quantity, MTC, inspection, documentation and delivery details reviewed by Rubinox Metal and Alloys.",,SA 213 T22,tubes,,,,https://rubinoxmetal.com/materials/sa-213-t22-tube-supplier-india.html,WebPage | BreadcrumbList | Product | FAQPage,Existing public page in sitemap.
https://rubinoxmetal.com/materials/sa-213-t91-tube-supplier-india.html,materials/sa-213-t91-tube-supplier-india.html,grade/material detail page,SA 213 T91 Tube Supplier in India,SA 213 T91 Tube Supplier in India | Rubinox,"SA 213 T91 Tube Supplier in India for specification-led RFQs with grade, size, quantity, MTC, inspection, documentation and delivery details reviewed by Rubinox Metal and Alloys.",,SA 213 T91,tubes,,,,https://rubinoxmetal.com/materials/sa-213-t91-tube-supplier-india.html,WebPage | BreadcrumbList | Product | FAQPage,Existing public page in sitemap.
https://rubinoxmetal.com/materials/en-10216-seamless-pipe-supplier-india.html,materials/en-10216-seamless-pipe-supplier-india.html,grade/material detail page,EN 10216 Seamless Pipe Supplier in India,EN 10216 Seamless Pipe Supplier in India | Rubinox,"EN 10216 Seamless Pipe Supplier in India for specification-led RFQs with grade, size, quantity, MTC, inspection, documentation and delivery details reviewed by Rubinox Metal and Alloys.",,,seamless pipes | pipes,,,,https://rubinoxmetal.com/materials/en-10216-seamless-pipe-supplier-india.html,WebPage | BreadcrumbList | Product | FAQPage,Existing public page in sitemap.
https://rubinoxmetal.com/materials/en-10217-welded-pipe-supplier-india.html,materials/en-10217-welded-pipe-supplier-india.html,grade/material detail page,EN 10217 Welded Pipe Supplier in India,EN 10217 Welded Pipe Supplier in India | Rubinox,"EN 10217 Welded Pipe Supplier in India for specification-led RFQs with grade, size, quantity, MTC, inspection, documentation and delivery details reviewed by Rubinox Metal and Alloys.",,,welded pipes | pipes,,,,https://rubinoxmetal.com/materials/en-10217-welded-pipe-supplier-india.html,WebPage | BreadcrumbList | Product | FAQPage,Existing public page in sitemap.
https://rubinoxmetal.com/materials/en-10305-1-precision-tube-supplier-india.html,materials/en-10305-1-precision-tube-supplier-india.html,grade/material detail page,EN 10305-1 Precision Tube Supplier in India,EN 10305-1 Precision Tube Supplier in India | Rubinox,"EN 10305-1 Precision Tube Supplier in India for specification-led RFQs with grade, size, quantity, MTC, inspection, documentation and delivery details reviewed by Rubinox Metal and Alloys.",,,tubes,,,,https://rubinoxmetal.com/materials/en-10305-1-precision-tube-supplier-india.html,WebPage | BreadcrumbList | Product | FAQPage,Existing public page in sitemap.
https://rubinoxmetal.com/materials/din-2448-seamless-pipe-supplier-india.html,materials/din-2448-seamless-pipe-supplier-india.html,grade/material detail page,DIN 2448 Seamless Pipe Supplier in India,DIN 2448 Seamless Pipe Supplier in India | Rubinox,"DIN 2448 Seamless Pipe Supplier in India for specification-led RFQs with grade, size, quantity, MTC, inspection, documentation and delivery details reviewed by Rubinox Metal and Alloys.",,,seamless pipes | pipes,,,,https://rubinoxmetal.com/materials/din-2448-seamless-pipe-supplier-india.html,WebPage | BreadcrumbList | Product | FAQPage,Existing public page in sitemap.
https://rubinoxmetal.com/materials/din-2391-precision-tube-supplier-india.html,materials/din-2391-precision-tube-supplier-india.html,grade/material detail page,DIN 2391 Precision Tube Supplier in India,DIN 2391 Precision Tube Supplier in India | Rubinox,"DIN 2391 Precision Tube Supplier in India for specification-led RFQs with grade, size, quantity, MTC, inspection, documentation and delivery details reviewed by Rubinox Metal and Alloys.",,,tubes,,,,https://rubinoxmetal.com/materials/din-2391-precision-tube-supplier-india.html,WebPage | BreadcrumbList | Product | FAQPage,Existing public page in sitemap.
https://rubinoxmetal.com/materials/schedule-40-pipe-supplier-india.html,materials/schedule-40-pipe-supplier-india.html,grade/material detail page,Schedule 40 Pipe Supplier in India,Schedule 40 Pipe Supplier in India | Rubinox,"Schedule 40 Pipe Supplier in India for specification-led RFQs with grade, size, quantity, MTC, inspection, documentation and delivery details reviewed by Rubinox Metal and Alloys.",Carbon Steel,,pipes,,,,https://rubinoxmetal.com/materials/schedule-40-pipe-supplier-india.html,WebPage | BreadcrumbList | Product | FAQPage,Existing public page in sitemap.
https://rubinoxmetal.com/materials/schedule-80-pipe-supplier-india.html,materials/schedule-80-pipe-supplier-india.html,grade/material detail page,Schedule 80 Pipe Supplier in India,Schedule 80 Pipe Supplier in India | Rubinox,"Schedule 80 Pipe Supplier in India for specification-led RFQs with grade, size, quantity, MTC, inspection, documentation and delivery details reviewed by Rubinox Metal and Alloys.",Carbon Steel,,pipes,,,,https://rubinoxmetal.com/materials/schedule-80-pipe-supplier-india.html,WebPage | BreadcrumbList | Product | FAQPage,Existing public page in sitemap.
https://rubinoxmetal.com/materials/seamless-pipe-supplier-india.html,materials/seamless-pipe-supplier-india.html,grade/material detail page,Seamless Pipe Supplier in India,Seamless Pipe Supplier in India | Rubinox,"Seamless Pipe Supplier in India for specification-led RFQs with grade, size, quantity, MTC, inspection, documentation and delivery details reviewed by Rubinox Metal and Alloys.",,,seamless pipes | pipes,,,,https://rubinoxmetal.com/materials/seamless-pipe-supplier-india.html,WebPage | BreadcrumbList | Product | FAQPage,Existing public page in sitemap.
https://rubinoxmetal.com/materials/welded-pipe-supplier-india.html,materials/welded-pipe-supplier-india.html,grade/material detail page,Welded Pipe Supplier in India,Welded Pipe Supplier in India | Rubinox,"Welded Pipe Supplier in India for specification-led RFQs with grade, size, quantity, MTC, inspection, documentation and delivery details reviewed by Rubinox Metal and Alloys.",,,welded pipes | pipes,,,,https://rubinoxmetal.com/materials/welded-pipe-supplier-india.html,WebPage | BreadcrumbList | Product | FAQPage,Existing public page in sitemap.
https://rubinoxmetal.com/stainless-steel-price-factors-india.html,stainless-steel-price-factors-india.html,price-factor guide,Stainless Steel Price Factors in India,Stainless Steel Price Factors in India | RFQ Guide | Rubinox,"Stainless Steel Price Factors in India explained for RFQ buyers without fixed public pricing, covering grade, form, size, quantity, documentation, testing, packing and logistics factors.",Stainless Steel,,,,,,https://rubinoxmetal.com/stainless-steel-price-factors-india.html,WebPage | BreadcrumbList | Article | FAQPage,Existing public page in sitemap.
https://rubinoxmetal.com/stainless-steel-pipe-price-factors-india.html,stainless-steel-pipe-price-factors-india.html,price-factor guide,Stainless Steel Pipe Price Factors in India,Stainless Steel Pipe Price Factors in India | RFQ Guide | Rubinox,"Stainless Steel Pipe Price Factors in India explained for RFQ buyers without fixed public pricing, covering grade, form, size, quantity, documentation, testing, packing and logistics factors.",Stainless Steel,,pipes,,,,https://rubinoxmetal.com/stainless-steel-pipe-price-factors-india.html,WebPage | BreadcrumbList | Article | FAQPage,Existing public page in sitemap.
https://rubinoxmetal.com/ss-304-price-factors-india.html,ss-304-price-factors-india.html,price-factor guide,SS 304 Price Factors in India,SS 304 Price Factors in India | RFQ Guide | Rubinox,"SS 304 Price Factors in India explained for RFQ buyers without fixed public pricing, covering grade, form, size, quantity, documentation, testing, packing and logistics factors.",Stainless Steel,SS 304,,,,,https://rubinoxmetal.com/ss-304-price-factors-india.html,WebPage | BreadcrumbList | Article | FAQPage,Existing public page in sitemap.
https://rubinoxmetal.com/ss-316l-price-factors-india.html,ss-316l-price-factors-india.html,price-factor guide,SS 316L Price Factors in India,SS 316L Price Factors in India | RFQ Guide | Rubinox,"SS 316L Price Factors in India explained for RFQ buyers without fixed public pricing, covering grade, form, size, quantity, documentation, testing, packing and logistics factors.",Stainless Steel,SS 316L,,,,,https://rubinoxmetal.com/ss-316l-price-factors-india.html,WebPage | BreadcrumbList | Article | FAQPage,Existing public page in sitemap.
https://rubinoxmetal.com/inconel-625-price-factors-india.html,inconel-625-price-factors-india.html,price-factor guide,Inconel 625 Price Factors in India,Inconel 625 Price Factors in India | RFQ Guide | Rubinox,"Inconel 625 Price Factors in India explained for RFQ buyers without fixed public pricing, covering grade, form, size, quantity, documentation, testing, packing and logistics factors.",Nickel Alloys,Inconel 625,,,,,https://rubinoxmetal.com/inconel-625-price-factors-india.html,WebPage | BreadcrumbList | Article | FAQPage,Existing public page in sitemap.
https://rubinoxmetal.com/duplex-2205-price-factors-india.html,duplex-2205-price-factors-india.html,price-factor guide,Duplex 2205 Price Factors in India,Duplex 2205 Price Factors in India | RFQ Guide | Rubinox,"Duplex 2205 Price Factors in India explained for RFQ buyers without fixed public pricing, covering grade, form, size, quantity, documentation, testing, packing and logistics factors.",Duplex & Super Duplex,Duplex 2205,,,,,https://rubinoxmetal.com/duplex-2205-price-factors-india.html,WebPage | BreadcrumbList | Article | FAQPage,Existing public page in sitemap.
https://rubinoxmetal.com/company-profile.html,company-profile.html,company page,Rubinox Metal and Alloys Company Profile,Company Profile | Rubinox Metal and Alloys,"Verified Rubinox Metal and Alloys company profile for vendor onboarding, RFQ review, materials supplied, product forms and contact details.",,,,,,,https://rubinoxmetal.com/company-profile.html,WebPage | BreadcrumbList | Organization,Existing public page in sitemap.
