url,http_status,final_url,redirect_count,response_time_ms,content_type,title,h1,canonical,robots_meta,noindex,ga4_present,final_css_present,sitewide_body_class,notes
https://rubinoxmetal.com/,200,https://rubinoxmetal.com/,0,372,text/html; charset=utf-8,"Stainless Steel Supplier in Mumbai, India | Rubinox","Stainless Steel Supplier, Stockist & Exporter in Mumbai, India | Nickel Alloy & Duplex Metals",https://rubinoxmetal.com/,,false,true,true,true,
https://rubinoxmetal.com/about-us.html,200,https://rubinoxmetal.com/about-us.html,0,303,text/html; charset=utf-8,About Rubinox Metal and Alloys | Industrial Metal Supplier in India,About Rubinox Metal and Alloys,https://rubinoxmetal.com/about-us.html,"index,follow",false,true,true,true,
https://rubinoxmetal.com/industries.html,200,https://rubinoxmetal.com/industries.html,0,361,text/html; charset=utf-8,Industries We Serve | Industrial Metal Supplier | Rubinox,Industries We Serve,https://rubinoxmetal.com/industries.html,"index,follow",false,true,true,true,
https://rubinoxmetal.com/quotation.html,200,https://rubinoxmetal.com/quotation.html,0,344,text/html; charset=utf-8,Request Metal Quotation | Industrial Metals RFQ | Rubinox,Request an Industrial Metal Quotation,https://rubinoxmetal.com/quotation.html,"index,follow",false,true,true,true,
https://rubinoxmetal.com/contact.html,200,https://rubinoxmetal.com/contact.html,0,311,text/html; charset=utf-8,"Contact Rubinox Metal and Alloys | Metal Supplier in Mumbai, India",Contact Rubinox Metal and Alloys,https://rubinoxmetal.com/contact.html,"index,follow",false,true,true,true,
https://rubinoxmetal.com/locations.html,200,https://rubinoxmetal.com/locations.html,0,318,text/html; charset=utf-8,PAN India Metal Supply Locations | Rubinox Metal and Alloys,PAN India Metal Supply Locations,https://rubinoxmetal.com/locations.html,"index,follow",false,true,true,true,
https://rubinoxmetal.com/export.html,200,https://rubinoxmetal.com/export.html,0,46,text/html; charset=utf-8,Metal Export Enquiry Support from India | Rubinox Metal and Alloys,Metal Export Enquiry Support from India,https://rubinoxmetal.com/export.html,"index,follow",false,true,true,true,
https://rubinoxmetal.com/materials/stainless-steel.html,200,https://rubinoxmetal.com/materials/stainless-steel.html,0,64,text/html; charset=utf-8,Stainless Steel Supplier in India | Grades & Forms | Rubinox,Stainless Steel Supplier in India,https://rubinoxmetal.com/materials/stainless-steel.html,"index,follow",false,true,true,true,
https://rubinoxmetal.com/materials/stainless-steel-supplier-mumbai.html,200,https://rubinoxmetal.com/materials/stainless-steel-supplier-mumbai.html,0,46,text/html; charset=utf-8,Stainless Steel Supplier Mumbai | SS 304 & 316 | Rubinox,"Stainless Steel Supplier, Dealer & Stockist in Mumbai",https://rubinoxmetal.com/materials/stainless-steel-supplier-mumbai.html,"index,follow",false,true,true,true,
https://rubinoxmetal.com/materials/ss-201-supplier-india.html,200,https://rubinoxmetal.com/materials/ss-201-supplier-india.html,0,62,text/html; charset=utf-8,SS 201 Supplier in India | Rubinox,SS 201 Supplier in India,https://rubinoxmetal.com/materials/ss-201-supplier-india.html,"index,follow",false,true,true,true,
https://rubinoxmetal.com/materials/ss-202-supplier-india.html,200,https://rubinoxmetal.com/materials/ss-202-supplier-india.html,0,38,text/html; charset=utf-8,SS 202 Supplier in India | Rubinox,SS 202 Supplier in India,https://rubinoxmetal.com/materials/ss-202-supplier-india.html,"index,follow",false,true,true,true,
https://rubinoxmetal.com/materials/ss-304-supplier-india.html,200,https://rubinoxmetal.com/materials/ss-304-supplier-india.html,0,42,text/html; charset=utf-8,"SS 304 Supplier in India | Pipes, Sheets, Coils, Bars",SS 304 Supplier in India,https://rubinoxmetal.com/materials/ss-304-supplier-india.html,"index,follow",false,true,true,true,
https://rubinoxmetal.com/materials/ss-304l-supplier-india.html,200,https://rubinoxmetal.com/materials/ss-304l-supplier-india.html,0,64,text/html; charset=utf-8,SS 304L Supplier in India | Rubinox,SS 304L Supplier in India,https://rubinoxmetal.com/materials/ss-304l-supplier-india.html,"index,follow",false,true,true,true,
https://rubinoxmetal.com/materials/ss-309-supplier-india.html,200,https://rubinoxmetal.com/materials/ss-309-supplier-india.html,0,54,text/html; charset=utf-8,SS 309 / 309S Supplier in India | Rubinox,SS 309 / 309S Supplier in India,https://rubinoxmetal.com/materials/ss-309-supplier-india.html,"index,follow",false,true,true,true,
https://rubinoxmetal.com/materials/ss-309s-supplier-india.html,200,https://rubinoxmetal.com/materials/ss-309s-supplier-india.html,0,60,text/html; charset=utf-8,"SS 309S Supplier in India | SS 309S Pipes, Sheets, Plates",Stainless Steel 309S Supplier in India,https://rubinoxmetal.com/materials/ss-309s-supplier-india.html,"index,follow",false,true,true,true,
https://rubinoxmetal.com/materials/ss-310-supplier-india.html,200,https://rubinoxmetal.com/materials/ss-310-supplier-india.html,0,48,text/html; charset=utf-8,SS 310 Supplier in India | Rubinox,SS 310 Supplier in India,https://rubinoxmetal.com/materials/ss-310-supplier-india.html,"index,follow",false,true,true,true,
https://rubinoxmetal.com/materials/ss-310s-supplier-india.html,200,https://rubinoxmetal.com/materials/ss-310s-supplier-india.html,0,43,text/html; charset=utf-8,"SS 310S Supplier in India | SS 310S Pipes, Tubes, Plates",Stainless Steel 310S Supplier in India,https://rubinoxmetal.com/materials/ss-310s-supplier-india.html,"index,follow",false,true,true,true,
https://rubinoxmetal.com/materials/ss-321-supplier-india.html,200,https://rubinoxmetal.com/materials/ss-321-supplier-india.html,0,69,text/html; charset=utf-8,SS 321 Supplier in India | Rubinox,SS 321 Supplier in India,https://rubinoxmetal.com/materials/ss-321-supplier-india.html,"index,follow",false,true,true,true,
https://rubinoxmetal.com/materials/ss-321h-supplier-india.html,200,https://rubinoxmetal.com/materials/ss-321h-supplier-india.html,0,45,text/html; charset=utf-8,"SS 321H Supplier in India | SS 321H Pipes, Tubes, Plates",Stainless Steel 321H Supplier in India,https://rubinoxmetal.com/materials/ss-321h-supplier-india.html,"index,follow",false,true,true,true,
https://rubinoxmetal.com/materials/ss-347-supplier-india.html,200,https://rubinoxmetal.com/materials/ss-347-supplier-india.html,0,68,text/html; charset=utf-8,"SS 347 Supplier in India | SS 347 Pipes, Tubes, Plates",Stainless Steel 347 Supplier in India,https://rubinoxmetal.com/materials/ss-347-supplier-india.html,"index,follow",false,true,true,true,
https://rubinoxmetal.com/materials/ss-347h-supplier-india.html,200,https://rubinoxmetal.com/materials/ss-347h-supplier-india.html,0,53,text/html; charset=utf-8,"SS 347H Supplier in India | SS 347H Pipes, Tubes, Plates",Stainless Steel 347H Supplier in India,https://rubinoxmetal.com/materials/ss-347h-supplier-india.html,"index,follow",false,true,true,true,
https://rubinoxmetal.com/materials/ss-253ma-supplier-india.html,200,https://rubinoxmetal.com/materials/ss-253ma-supplier-india.html,0,60,text/html; charset=utf-8,"SS 253MA Supplier in India | SS 253MA Pipes, Tubes, Plates",Stainless Steel 253MA Supplier in India,https://rubinoxmetal.com/materials/ss-253ma-supplier-india.html,"index,follow",false,true,true,true,
https://rubinoxmetal.com/materials/ss-316-supplier-india.html,200,https://rubinoxmetal.com/materials/ss-316-supplier-india.html,0,60,text/html; charset=utf-8,"SS 316 Supplier in India | Pipes, Sheets, Plates, Bars",SS 316 Supplier in India,https://rubinoxmetal.com/materials/ss-316-supplier-india.html,"index,follow",false,true,true,true,
https://rubinoxmetal.com/materials/ss-316l-supplier-india.html,200,https://rubinoxmetal.com/materials/ss-316l-supplier-india.html,0,44,text/html; charset=utf-8,"SS 316L Supplier in India | Tubes, Sheets, Coils, Fittings",SS 316L Supplier in India,https://rubinoxmetal.com/materials/ss-316l-supplier-india.html,"index,follow",false,true,true,true,
https://rubinoxmetal.com/materials/ss-316ti-supplier-india.html,200,https://rubinoxmetal.com/materials/ss-316ti-supplier-india.html,0,66,text/html; charset=utf-8,"SS 316Ti Supplier in India | SS 316Ti Pipes, Tubes, Plates",Stainless Steel 316Ti Supplier in India,https://rubinoxmetal.com/materials/ss-316ti-supplier-india.html,"index,follow",false,true,true,true,
https://rubinoxmetal.com/materials/ss-317l-supplier-india.html,200,https://rubinoxmetal.com/materials/ss-317l-supplier-india.html,0,45,text/html; charset=utf-8,SS 317L Supplier in India | Rubinox,SS 317L Supplier in India,https://rubinoxmetal.com/materials/ss-317l-supplier-india.html,"index,follow",false,true,true,true,
https://rubinoxmetal.com/materials/ss-904l-supplier-india.html,200,https://rubinoxmetal.com/materials/ss-904l-supplier-india.html,0,70,text/html; charset=utf-8,SS 904L Supplier in India | Rubinox,SS 904L Supplier in India,https://rubinoxmetal.com/materials/ss-904l-supplier-india.html,"index,follow",false,true,true,true,
https://rubinoxmetal.com/materials/ss-409-supplier-india.html,200,https://rubinoxmetal.com/materials/ss-409-supplier-india.html,0,62,text/html; charset=utf-8,SS 409 Supplier in India | Rubinox,SS 409 Supplier in India,https://rubinoxmetal.com/materials/ss-409-supplier-india.html,"index,follow",false,true,true,true,
https://rubinoxmetal.com/materials/ss-410-supplier-india.html,200,https://rubinoxmetal.com/materials/ss-410-supplier-india.html,0,73,text/html; charset=utf-8,SS 410 Supplier in India | Rubinox,SS 410 Supplier in India,https://rubinoxmetal.com/materials/ss-410-supplier-india.html,"index,follow",false,true,true,true,
https://rubinoxmetal.com/materials/ss-420-supplier-india.html,200,https://rubinoxmetal.com/materials/ss-420-supplier-india.html,0,63,text/html; charset=utf-8,SS 420 Supplier in India | Rubinox,SS 420 Supplier in India,https://rubinoxmetal.com/materials/ss-420-supplier-india.html,"index,follow",false,true,true,true,
https://rubinoxmetal.com/materials/ss-430-supplier-india.html,200,https://rubinoxmetal.com/materials/ss-430-supplier-india.html,0,73,text/html; charset=utf-8,SS 430 Supplier in India | Rubinox,SS 430 Supplier in India,https://rubinoxmetal.com/materials/ss-430-supplier-india.html,"index,follow",false,true,true,true,
https://rubinoxmetal.com/materials/ss-17-4-ph-supplier-india.html,200,https://rubinoxmetal.com/materials/ss-17-4-ph-supplier-india.html,0,74,text/html; charset=utf-8,"SS 17-4 PH Supplier in India | SS 17-4 PH Bars, Rods, Plates",Stainless Steel 17-4 PH Supplier in India,https://rubinoxmetal.com/materials/ss-17-4-ph-supplier-india.html,"index,follow",false,true,true,true,
https://rubinoxmetal.com/materials/nitronic-60-supplier-india.html,200,https://rubinoxmetal.com/materials/nitronic-60-supplier-india.html,0,105,text/html; charset=utf-8,Nitronic 60 Supplier in India | Rubinox,Nitronic 60 Supplier in India,https://rubinoxmetal.com/materials/nitronic-60-supplier-india.html,"index,follow",false,true,true,true,
https://rubinoxmetal.com/materials/smo-254-supplier-india.html,200,https://rubinoxmetal.com/materials/smo-254-supplier-india.html,0,112,text/html; charset=utf-8,SMO 254 Supplier in India | Rubinox,SMO 254 Supplier in India,https://rubinoxmetal.com/materials/smo-254-supplier-india.html,"index,follow",false,true,true,true,
https://rubinoxmetal.com/materials/duplex-2205-supplier-india.html,200,https://rubinoxmetal.com/materials/duplex-2205-supplier-india.html,0,99,text/html; charset=utf-8,Duplex 2205 Supplier in India | Rubinox,Duplex 2205 Supplier in India,https://rubinoxmetal.com/materials/duplex-2205-supplier-india.html,"index,follow",false,true,true,true,
https://rubinoxmetal.com/materials/super-duplex-2507-supplier-india.html,200,https://rubinoxmetal.com/materials/super-duplex-2507-supplier-india.html,0,69,text/html; charset=utf-8,Super Duplex 2507 Supplier in India | Rubinox,Super Duplex 2507 Supplier in India,https://rubinoxmetal.com/materials/super-duplex-2507-supplier-india.html,"index,follow",false,true,true,true,
https://rubinoxmetal.com/materials/zeron-100-supplier-india.html,200,https://rubinoxmetal.com/materials/zeron-100-supplier-india.html,0,65,text/html; charset=utf-8,Zeron 100 Supplier in India | UNS S32760 | Rubinox,Zeron 100 Supplier in India,https://rubinoxmetal.com/materials/zeron-100-supplier-india.html,"index,follow",false,true,true,true,
https://rubinoxmetal.com/materials/stainless-steel-pipes-supplier-india.html,200,https://rubinoxmetal.com/materials/stainless-steel-pipes-supplier-india.html,0,70,text/html; charset=utf-8,SS Pipes Supplier in India | SS Seamless & Welded Pipes,Stainless Steel Pipes Supplier in India,https://rubinoxmetal.com/materials/stainless-steel-pipes-supplier-india.html,"index,follow",false,true,true,true,
https://rubinoxmetal.com/materials/stainless-steel-tubes-supplier-india.html,200,https://rubinoxmetal.com/materials/stainless-steel-tubes-supplier-india.html,0,52,text/html; charset=utf-8,SS Tubes Supplier in India | SS Seamless & Welded Tubes,Stainless Steel Tubes Supplier in India,https://rubinoxmetal.com/materials/stainless-steel-tubes-supplier-india.html,"index,follow",false,true,true,true,
https://rubinoxmetal.com/materials/stainless-steel-sheets-supplier-india.html,200,https://rubinoxmetal.com/materials/stainless-steel-sheets-supplier-india.html,0,44,text/html; charset=utf-8,"SS Sheets Supplier in India | SS 304, 316, 316L Sheets",Stainless Steel Sheets Supplier in India,https://rubinoxmetal.com/materials/stainless-steel-sheets-supplier-india.html,"index,follow",false,true,true,true,
https://rubinoxmetal.com/materials/stainless-steel-plates-supplier-india.html,200,https://rubinoxmetal.com/materials/stainless-steel-plates-supplier-india.html,0,41,text/html; charset=utf-8,"SS Plates Supplier in India | SS 304, 316, 316L Plates",Stainless Steel Plates Supplier in India,https://rubinoxmetal.com/materials/stainless-steel-plates-supplier-india.html,"index,follow",false,true,true,true,
https://rubinoxmetal.com/materials/stainless-steel-coils-supplier-india.html,200,https://rubinoxmetal.com/materials/stainless-steel-coils-supplier-india.html,0,54,text/html; charset=utf-8,"SS Coils Supplier in India | SS 304, 316, 316L Coils",Stainless Steel Coils Supplier in India,https://rubinoxmetal.com/materials/stainless-steel-coils-supplier-india.html,"index,follow",false,true,true,true,
https://rubinoxmetal.com/materials/stainless-steel-flanges-supplier-india.html,200,https://rubinoxmetal.com/materials/stainless-steel-flanges-supplier-india.html,0,63,text/html; charset=utf-8,"SS Flanges Supplier in India | SS 304, 316, 316L Flanges",Stainless Steel Flanges Supplier in India,https://rubinoxmetal.com/materials/stainless-steel-flanges-supplier-india.html,"index,follow",false,true,true,true,
https://rubinoxmetal.com/materials/stainless-steel-fittings-supplier-india.html,200,https://rubinoxmetal.com/materials/stainless-steel-fittings-supplier-india.html,0,74,text/html; charset=utf-8,SS Fittings Supplier in India | SS Pipe Fittings,Stainless Steel Fittings Supplier in India,https://rubinoxmetal.com/materials/stainless-steel-fittings-supplier-india.html,"index,follow",false,true,true,true,
https://rubinoxmetal.com/materials/stainless-steel-fasteners-supplier-india.html,200,https://rubinoxmetal.com/materials/stainless-steel-fasteners-supplier-india.html,0,56,text/html; charset=utf-8,"SS Fasteners Supplier in India | SS Bolts, Nuts, Washers",Stainless Steel Fasteners Supplier in India,https://rubinoxmetal.com/materials/stainless-steel-fasteners-supplier-india.html,"index,follow",false,true,true,true,
https://rubinoxmetal.com/materials/stainless-steel-angles-supplier-india.html,200,https://rubinoxmetal.com/materials/stainless-steel-angles-supplier-india.html,0,53,text/html; charset=utf-8,"SS Angles Supplier in India | SS 304, 316, 316L Angles",Stainless Steel Angles Supplier in India,https://rubinoxmetal.com/materials/stainless-steel-angles-supplier-india.html,"index,follow",false,true,true,true,
https://rubinoxmetal.com/materials/stainless-steel-bars-rods-supplier-india.html,200,https://rubinoxmetal.com/materials/stainless-steel-bars-rods-supplier-india.html,0,51,text/html; charset=utf-8,"SS Bars & Rods Supplier in India | SS 304, 316, 316L Bars",Stainless Steel Bars & Rods Supplier in India,https://rubinoxmetal.com/materials/stainless-steel-bars-rods-supplier-india.html,"index,follow",false,true,true,true,
https://rubinoxmetal.com/materials/stainless-steel-bars-supplier-india.html,200,https://rubinoxmetal.com/materials/stainless-steel-bars-supplier-india.html,0,44,text/html; charset=utf-8,Stainless Steel Bars Supplier in India | SS Square & Hex Bars,Stainless Steel Bars Supplier in India,https://rubinoxmetal.com/materials/stainless-steel-bars-supplier-india.html,"index,follow",false,true,true,true,
https://rubinoxmetal.com/materials/stainless-steel-rods-supplier-india.html,200,https://rubinoxmetal.com/materials/stainless-steel-rods-supplier-india.html,0,49,text/html; charset=utf-8,Stainless Steel Rods Supplier in India | SS Round Rods,Stainless Steel Rods Supplier in India,https://rubinoxmetal.com/materials/stainless-steel-rods-supplier-india.html,"index,follow",false,true,true,true,
https://rubinoxmetal.com/materials/stainless-steel-flats-supplier-india.html,200,https://rubinoxmetal.com/materials/stainless-steel-flats-supplier-india.html,0,59,text/html; charset=utf-8,"SS Flats Supplier in India | SS 304, 316, 316L Flat Bars",Stainless Steel Flats Supplier in India,https://rubinoxmetal.com/materials/stainless-steel-flats-supplier-india.html,"index,follow",false,true,true,true,
https://rubinoxmetal.com/materials/stainless-steel-circles-supplier-india.html,200,https://rubinoxmetal.com/materials/stainless-steel-circles-supplier-india.html,0,74,text/html; charset=utf-8,"SS Circles Supplier in India | SS 304, 316, 316L Circles",Stainless Steel Circles Supplier in India,https://rubinoxmetal.com/materials/stainless-steel-circles-supplier-india.html,"index,follow",false,true,true,true,
https://rubinoxmetal.com/materials/stainless-steel-wire-mesh-supplier-india.html,200,https://rubinoxmetal.com/materials/stainless-steel-wire-mesh-supplier-india.html,0,61,text/html; charset=utf-8,"SS Wire Mesh Supplier in India | SS 304, 316 Wire Mesh",Stainless Steel Wire Mesh Supplier in India,https://rubinoxmetal.com/materials/stainless-steel-wire-mesh-supplier-india.html,"index,follow",false,true,true,true,
https://rubinoxmetal.com/materials/aluminium.html,200,https://rubinoxmetal.com/materials/aluminium.html,0,62,text/html; charset=utf-8,"Aluminium Supplier in India | 6061, 6063 & 7075 | Rubinox","Aluminium 6061, 6063 & 7075 Supplier in India",https://rubinoxmetal.com/materials/aluminium.html,"index,follow",false,true,true,true,
https://rubinoxmetal.com/materials/aluminium-6061-supplier-india.html,200,https://rubinoxmetal.com/materials/aluminium-6061-supplier-india.html,0,64,text/html; charset=utf-8,Aluminium 6061 Supplier in India | 6061-T6 & T651,Aluminium 6061 Supplier in India,https://rubinoxmetal.com/materials/aluminium-6061-supplier-india.html,"index,follow",false,true,true,true,
https://rubinoxmetal.com/materials/aluminium-6063-supplier-india.html,200,https://rubinoxmetal.com/materials/aluminium-6063-supplier-india.html,0,61,text/html; charset=utf-8,Aluminium 6063 Supplier in India | Extrusion Alloy,Aluminium 6063 Supplier in India,https://rubinoxmetal.com/materials/aluminium-6063-supplier-india.html,"index,follow",false,true,true,true,
https://rubinoxmetal.com/materials/aluminium-7075-supplier-india.html,200,https://rubinoxmetal.com/materials/aluminium-7075-supplier-india.html,0,57,text/html; charset=utf-8,Aluminium 7075 Supplier in India | High Strength Alloy,Aluminium 7075 Supplier in India,https://rubinoxmetal.com/materials/aluminium-7075-supplier-india.html,"index,follow",false,true,true,true,
https://rubinoxmetal.com/materials/aluminium-5083-supplier-india.html,200,https://rubinoxmetal.com/materials/aluminium-5083-supplier-india.html,0,57,text/html; charset=utf-8,Aluminium 5083 Supplier in India | Marine Plates,Aluminium 5083 Supplier in India,https://rubinoxmetal.com/materials/aluminium-5083-supplier-india.html,"index,follow",false,true,true,true,
https://rubinoxmetal.com/materials/aluminium-5052-supplier-india.html,200,https://rubinoxmetal.com/materials/aluminium-5052-supplier-india.html,0,56,text/html; charset=utf-8,Aluminium 5052 Supplier in India | Sheet & Plate,Aluminium 5052 Supplier in India,https://rubinoxmetal.com/materials/aluminium-5052-supplier-india.html,"index,follow",false,true,true,true,
https://rubinoxmetal.com/materials/aluminium-6082-supplier-india.html,200,https://rubinoxmetal.com/materials/aluminium-6082-supplier-india.html,0,86,text/html; charset=utf-8,Aluminium 6082 Supplier in India | Structural Alloy,Aluminium 6082 Supplier in India,https://rubinoxmetal.com/materials/aluminium-6082-supplier-india.html,"index,follow",false,true,true,true,
https://rubinoxmetal.com/materials/copper.html,200,https://rubinoxmetal.com/materials/copper.html,0,73,text/html; charset=utf-8,"Copper Supplier in India | C101, C110 & C122 | Rubinox","Copper C101, C110 & C122 Supplier in India",https://rubinoxmetal.com/materials/copper.html,"index,follow",false,true,true,true,
https://rubinoxmetal.com/materials/copper-c101-supplier-india.html,200,https://rubinoxmetal.com/materials/copper-c101-supplier-india.html,0,73,text/html; charset=utf-8,Copper C101 Supplier in India | OFE Copper,Copper C101 Supplier in India,https://rubinoxmetal.com/materials/copper-c101-supplier-india.html,"index,follow",false,true,true,true,
https://rubinoxmetal.com/materials/copper-c110-supplier-india.html,200,https://rubinoxmetal.com/materials/copper-c110-supplier-india.html,0,73,text/html; charset=utf-8,Copper C110 Supplier in India | ETP Copper,Copper C110 Supplier in India,https://rubinoxmetal.com/materials/copper-c110-supplier-india.html,"index,follow",false,true,true,true,
https://rubinoxmetal.com/materials/copper-c122-supplier-india.html,200,https://rubinoxmetal.com/materials/copper-c122-supplier-india.html,0,66,text/html; charset=utf-8,Copper C122 Supplier in India | DHP Copper,Copper C122 Supplier in India,https://rubinoxmetal.com/materials/copper-c122-supplier-india.html,"index,follow",false,true,true,true,
https://rubinoxmetal.com/materials/copper-c145-supplier-india.html,200,https://rubinoxmetal.com/materials/copper-c145-supplier-india.html,0,66,text/html; charset=utf-8,Copper C145 Supplier in India | Tellurium Copper,Copper C145 Supplier in India,https://rubinoxmetal.com/materials/copper-c145-supplier-india.html,"index,follow",false,true,true,true,
https://rubinoxmetal.com/materials/copper-c172-supplier-india.html,200,https://rubinoxmetal.com/materials/copper-c172-supplier-india.html,0,67,text/html; charset=utf-8,Copper C172 Supplier in India | Beryllium Copper,Copper C172 Supplier in India,https://rubinoxmetal.com/materials/copper-c172-supplier-india.html,"index,follow",false,true,true,true,
https://rubinoxmetal.com/materials/brass.html,200,https://rubinoxmetal.com/materials/brass.html,0,93,text/html; charset=utf-8,"Brass Supplier in India | C260, C360 & C464 | Rubinox","Brass C260, C360 & C464 Supplier in India",https://rubinoxmetal.com/materials/brass.html,"index,follow",false,true,true,true,
https://rubinoxmetal.com/materials/brass-c260-supplier-india.html,200,https://rubinoxmetal.com/materials/brass-c260-supplier-india.html,0,81,text/html; charset=utf-8,Brass C260 Supplier in India | Cartridge Brass,Brass C260 Supplier in India,https://rubinoxmetal.com/materials/brass-c260-supplier-india.html,"index,follow",false,true,true,true,
https://rubinoxmetal.com/materials/brass-c360-supplier-india.html,200,https://rubinoxmetal.com/materials/brass-c360-supplier-india.html,0,84,text/html; charset=utf-8,Brass C360 Supplier in India | Free Cutting Brass,Brass C360 Supplier in India,https://rubinoxmetal.com/materials/brass-c360-supplier-india.html,"index,follow",false,true,true,true,
https://rubinoxmetal.com/materials/brass-c464-supplier-india.html,200,https://rubinoxmetal.com/materials/brass-c464-supplier-india.html,0,84,text/html; charset=utf-8,Brass C464 Supplier in India | Naval Brass,Brass C464 Supplier in India,https://rubinoxmetal.com/materials/brass-c464-supplier-india.html,"index,follow",false,true,true,true,
https://rubinoxmetal.com/materials/brass-c280-supplier-india.html,200,https://rubinoxmetal.com/materials/brass-c280-supplier-india.html,0,81,text/html; charset=utf-8,Brass C280 Supplier in India | Muntz Brass,Brass C280 Supplier in India,https://rubinoxmetal.com/materials/brass-c280-supplier-india.html,"index,follow",false,true,true,true,
https://rubinoxmetal.com/materials/brass-c385-supplier-india.html,200,https://rubinoxmetal.com/materials/brass-c385-supplier-india.html,0,62,text/html; charset=utf-8,Brass C385 Supplier in India | Architectural Brass,Brass C385 Supplier in India,https://rubinoxmetal.com/materials/brass-c385-supplier-india.html,"index,follow",false,true,true,true,
https://rubinoxmetal.com/materials/carbon-steel.html,200,https://rubinoxmetal.com/materials/carbon-steel.html,0,67,text/html; charset=utf-8,"Carbon Steel Supplier India | Plates, Pipes & Bars","Carbon Steel A36, 1018, 1045 & A516 Gr 70 Supplier in India",https://rubinoxmetal.com/materials/carbon-steel.html,"index,follow",false,true,true,true,
https://rubinoxmetal.com/materials/carbon-steel-a36-supplier-india.html,200,https://rubinoxmetal.com/materials/carbon-steel-a36-supplier-india.html,0,90,text/html; charset=utf-8,ASTM A36 Carbon Steel Supplier India | Plates & Structural Steel,ASTM A36 Carbon Steel Supplier in India,https://rubinoxmetal.com/materials/carbon-steel-a36-supplier-india.html,"index,follow",false,true,true,true,
https://rubinoxmetal.com/materials/carbon-steel-1018-supplier-india.html,200,https://rubinoxmetal.com/materials/carbon-steel-1018-supplier-india.html,0,80,text/html; charset=utf-8,"Carbon Steel 1018 Supplier India | Bars, Rods & Machining Steel",Carbon Steel 1018 Supplier in India,https://rubinoxmetal.com/materials/carbon-steel-1018-supplier-india.html,"index,follow",false,true,true,true,
https://rubinoxmetal.com/materials/carbon-steel-1045-supplier-india.html,200,https://rubinoxmetal.com/materials/carbon-steel-1045-supplier-india.html,0,71,text/html; charset=utf-8,"Carbon Steel 1045 Supplier India | Shafts, Bars & Rods",Carbon Steel 1045 Supplier in India,https://rubinoxmetal.com/materials/carbon-steel-1045-supplier-india.html,"index,follow",false,true,true,true,
https://rubinoxmetal.com/materials/carbon-steel-a516-grade-70-supplier-india.html,200,https://rubinoxmetal.com/materials/carbon-steel-a516-grade-70-supplier-india.html,0,75,text/html; charset=utf-8,ASTM A516 Grade 70 Supplier India | Carbon Steel Pressure Vessel Plate,ASTM A516 Grade 70 Supplier in India,https://rubinoxmetal.com/materials/carbon-steel-a516-grade-70-supplier-india.html,"index,follow",false,true,true,true,
https://rubinoxmetal.com/materials/mild-steel.html,200,https://rubinoxmetal.com/materials/mild-steel.html,0,73,text/html; charset=utf-8,"Mild Steel Supplier India | Plates, Pipes & Bars","Mild Steel A36, A500, 1018, 1020, S235 & S355 Supplier in India",https://rubinoxmetal.com/materials/mild-steel.html,"index,follow",false,true,true,true,
https://rubinoxmetal.com/materials/nickel-alloys.html,200,https://rubinoxmetal.com/materials/nickel-alloys.html,0,54,text/html; charset=utf-8,"Nickel Alloy Supplier in India | Inconel, Monel & Hastelloy",Nickel Alloys Supplier in India,https://rubinoxmetal.com/materials/nickel-alloys.html,"index,follow",false,true,true,true,
https://rubinoxmetal.com/materials/inconel-600-supplier-india.html,200,https://rubinoxmetal.com/materials/inconel-600-supplier-india.html,0,58,text/html; charset=utf-8,Inconel 600 Supplier in India | Rubinox,Inconel 600 Supplier in India,https://rubinoxmetal.com/materials/inconel-600-supplier-india.html,"index,follow",false,true,true,true,
https://rubinoxmetal.com/materials/inconel-625-supplier-india.html,200,https://rubinoxmetal.com/materials/inconel-625-supplier-india.html,0,86,text/html; charset=utf-8,Inconel 625 Supplier in India | Rubinox,Inconel 625 Supplier in India,https://rubinoxmetal.com/materials/inconel-625-supplier-india.html,"index,follow",false,true,true,true,
https://rubinoxmetal.com/materials/inconel-718-supplier-india.html,200,https://rubinoxmetal.com/materials/inconel-718-supplier-india.html,0,59,text/html; charset=utf-8,Inconel 718 Supplier in India | Rubinox,Inconel 718 Supplier in India,https://rubinoxmetal.com/materials/inconel-718-supplier-india.html,"index,follow",false,true,true,true,
https://rubinoxmetal.com/materials/monel-400-supplier-india.html,200,https://rubinoxmetal.com/materials/monel-400-supplier-india.html,0,64,text/html; charset=utf-8,"Monel 400 Supplier in India | Alloy 400 Pipes, Plates, Bars",Monel 400 Supplier in India,https://rubinoxmetal.com/materials/monel-400-supplier-india.html,"index,follow",false,true,true,true,
https://rubinoxmetal.com/materials/monel-k-500-supplier-india.html,200,https://rubinoxmetal.com/materials/monel-k-500-supplier-india.html,0,72,text/html; charset=utf-8,Monel K-500 Supplier in India | Rubinox,Monel K-500 Supplier in India,https://rubinoxmetal.com/materials/monel-k-500-supplier-india.html,"index,follow",false,true,true,true,
https://rubinoxmetal.com/materials/hastelloy-b-2-supplier-india.html,200,https://rubinoxmetal.com/materials/hastelloy-b-2-supplier-india.html,0,73,text/html; charset=utf-8,Hastelloy B-2 Supplier in India | Rubinox,Hastelloy B-2 Supplier in India,https://rubinoxmetal.com/materials/hastelloy-b-2-supplier-india.html,"index,follow",false,true,true,true,
https://rubinoxmetal.com/materials/hastelloy-b-3-supplier-india.html,200,https://rubinoxmetal.com/materials/hastelloy-b-3-supplier-india.html,0,48,text/html; charset=utf-8,Hastelloy B-3 Supplier in India | Rubinox,Hastelloy B-3 Supplier in India,https://rubinoxmetal.com/materials/hastelloy-b-3-supplier-india.html,"index,follow",false,true,true,true,
https://rubinoxmetal.com/materials/hastelloy-c-4-supplier-india.html,200,https://rubinoxmetal.com/materials/hastelloy-c-4-supplier-india.html,0,51,text/html; charset=utf-8,Hastelloy C-4 Supplier in India | Rubinox,Hastelloy C-4 Supplier in India,https://rubinoxmetal.com/materials/hastelloy-c-4-supplier-india.html,"index,follow",false,true,true,true,
https://rubinoxmetal.com/materials/hastelloy-c-22-supplier-india.html,200,https://rubinoxmetal.com/materials/hastelloy-c-22-supplier-india.html,0,56,text/html; charset=utf-8,Hastelloy C-22 Supplier in India | Rubinox,Hastelloy C-22 Supplier in India,https://rubinoxmetal.com/materials/hastelloy-c-22-supplier-india.html,"index,follow",false,true,true,true,
https://rubinoxmetal.com/materials/hastelloy-c-276-supplier-india.html,200,https://rubinoxmetal.com/materials/hastelloy-c-276-supplier-india.html,0,60,text/html; charset=utf-8,Hastelloy C-276 Supplier in India | Rubinox,Hastelloy C-276 Supplier in India,https://rubinoxmetal.com/materials/hastelloy-c-276-supplier-india.html,"index,follow",false,true,true,true,
https://rubinoxmetal.com/materials/hastelloy-x-supplier-india.html,200,https://rubinoxmetal.com/materials/hastelloy-x-supplier-india.html,0,79,text/html; charset=utf-8,Hastelloy X Supplier in India | Rubinox,Hastelloy X Supplier in India,https://rubinoxmetal.com/materials/hastelloy-x-supplier-india.html,"index,follow",false,true,true,true,
https://rubinoxmetal.com/materials/incoloy-800-supplier-india.html,200,https://rubinoxmetal.com/materials/incoloy-800-supplier-india.html,0,75,text/html; charset=utf-8,Incoloy 800 Supplier in India | Rubinox,Incoloy 800 Supplier in India,https://rubinoxmetal.com/materials/incoloy-800-supplier-india.html,"index,follow",false,true,true,true,
https://rubinoxmetal.com/materials/incoloy-825-supplier-india.html,200,https://rubinoxmetal.com/materials/incoloy-825-supplier-india.html,0,58,text/html; charset=utf-8,Incoloy 825 Supplier in India | Rubinox,Incoloy 825 Supplier in India,https://rubinoxmetal.com/materials/incoloy-825-supplier-india.html,"index,follow",false,true,true,true,
https://rubinoxmetal.com/materials/nickel-200-supplier-india.html,200,https://rubinoxmetal.com/materials/nickel-200-supplier-india.html,0,65,text/html; charset=utf-8,Nickel 200 Supplier in India | Rubinox,Nickel 200 Supplier in India,https://rubinoxmetal.com/materials/nickel-200-supplier-india.html,"index,follow",false,true,true,true,
https://rubinoxmetal.com/materials/nickel-201-supplier-india.html,200,https://rubinoxmetal.com/materials/nickel-201-supplier-india.html,0,65,text/html; charset=utf-8,Nickel 201 Supplier in India | Rubinox,Nickel 201 Supplier in India,https://rubinoxmetal.com/materials/nickel-201-supplier-india.html,"index,follow",false,true,true,true,
https://rubinoxmetal.com/materials/duplex-super-duplex.html,200,https://rubinoxmetal.com/materials/duplex-super-duplex.html,0,55,text/html; charset=utf-8,Duplex & Super Duplex Steel Supplier in India | Rubinox,Duplex 2205 & Super Duplex 2507 Supplier in India,https://rubinoxmetal.com/materials/duplex-super-duplex.html,"index,follow",false,true,true,true,
https://rubinoxmetal.com/materials/smo-254.html,200,https://rubinoxmetal.com/materials/smo-254.html,0,54,text/html; charset=utf-8,SMO 254 Supplier in India | UNS S31254 / 6Mo | Rubinox,SMO 254 (UNS S31254 / 6Mo) Supplier in India,https://rubinoxmetal.com/materials/smo-254.html,"index,follow",false,true,true,true,
https://rubinoxmetal.com/materials/titanium.html,200,https://rubinoxmetal.com/materials/titanium.html,0,86,text/html; charset=utf-8,"Titanium Supplier India | Grades 1, 2, 5 & 23 | Rubinox","Titanium Grade 1, 2 & Grade 5 Supplier in India",https://rubinoxmetal.com/materials/titanium.html,"index,follow",false,true,true,true,
https://rubinoxmetal.com/materials/titanium-grade-1-supplier-india.html,200,https://rubinoxmetal.com/materials/titanium-grade-1-supplier-india.html,0,71,text/html; charset=utf-8,Titanium Grade 1 Supplier in India | Rubinox,Titanium Grade 1 Supplier in India,https://rubinoxmetal.com/materials/titanium-grade-1-supplier-india.html,"index,follow",false,true,true,true,
https://rubinoxmetal.com/materials/titanium-grade-2-supplier-india.html,200,https://rubinoxmetal.com/materials/titanium-grade-2-supplier-india.html,0,61,text/html; charset=utf-8,Titanium Grade 2 Supplier in India | Rubinox,Titanium Grade 2 Supplier in India,https://rubinoxmetal.com/materials/titanium-grade-2-supplier-india.html,"index,follow",false,true,true,true,
https://rubinoxmetal.com/materials/titanium-grade-5-supplier-india.html,200,https://rubinoxmetal.com/materials/titanium-grade-5-supplier-india.html,0,71,text/html; charset=utf-8,Titanium Grade 5 Supplier in India | Rubinox,Titanium Grade 5 Supplier in India,https://rubinoxmetal.com/materials/titanium-grade-5-supplier-india.html,"index,follow",false,true,true,true,
https://rubinoxmetal.com/materials/titanium-grade-23-supplier-india.html,200,https://rubinoxmetal.com/materials/titanium-grade-23-supplier-india.html,0,70,text/html; charset=utf-8,Titanium Grade 23 Supplier in India | Rubinox,Titanium Grade 23 Supplier in India,https://rubinoxmetal.com/materials/titanium-grade-23-supplier-india.html,"index,follow",false,true,true,true,
https://rubinoxmetal.com/materials/mild-steel-a500-supplier-india.html,200,https://rubinoxmetal.com/materials/mild-steel-a500-supplier-india.html,0,49,text/html; charset=utf-8,ASTM A500 Mild Steel Supplier India | Structural Hollow Sections,ASTM A500 Mild Steel Supplier in India,https://rubinoxmetal.com/materials/mild-steel-a500-supplier-india.html,"index,follow",false,true,true,true,
https://rubinoxmetal.com/materials/mild-steel-a513-supplier-india.html,200,https://rubinoxmetal.com/materials/mild-steel-a513-supplier-india.html,0,45,text/html; charset=utf-8,ASTM A513 Mild Steel Supplier India | Mechanical Tubing,ASTM A513 Mild Steel Supplier in India,https://rubinoxmetal.com/materials/mild-steel-a513-supplier-india.html,"index,follow",false,true,true,true,
https://rubinoxmetal.com/materials/mild-steel-1020-supplier-india.html,200,https://rubinoxmetal.com/materials/mild-steel-1020-supplier-india.html,0,54,text/html; charset=utf-8,"Mild Steel 1020 Supplier India | Bars, Rods & Engineering Steel",Mild Steel 1020 Supplier in India,https://rubinoxmetal.com/materials/mild-steel-1020-supplier-india.html,"index,follow",false,true,true,true,
https://rubinoxmetal.com/materials/mild-steel-is-2062-supplier-india.html,200,https://rubinoxmetal.com/materials/mild-steel-is-2062-supplier-india.html,0,78,text/html; charset=utf-8,IS 2062 Mild Steel Supplier India | Structural Plates & Sections,IS 2062 Mild Steel Supplier in India,https://rubinoxmetal.com/materials/mild-steel-is-2062-supplier-india.html,"index,follow",false,true,true,true,
https://rubinoxmetal.com/materials/mild-steel-s235-supplier-india.html,200,https://rubinoxmetal.com/materials/mild-steel-s235-supplier-india.html,0,66,text/html; charset=utf-8,EN S235 Mild Steel Supplier India | Structural Plates & Sections,EN S235 Mild Steel Supplier in India,https://rubinoxmetal.com/materials/mild-steel-s235-supplier-india.html,"index,follow",false,true,true,true,
https://rubinoxmetal.com/materials/mild-steel-s275-supplier-india.html,200,https://rubinoxmetal.com/materials/mild-steel-s275-supplier-india.html,0,68,text/html; charset=utf-8,EN S275 Mild Steel Supplier India | Structural Plates & Sections,EN S275 Mild Steel Supplier in India,https://rubinoxmetal.com/materials/mild-steel-s275-supplier-india.html,"index,follow",false,true,true,true,
https://rubinoxmetal.com/materials/mild-steel-s355-supplier-india.html,200,https://rubinoxmetal.com/materials/mild-steel-s355-supplier-india.html,0,59,text/html; charset=utf-8,EN S355 Mild Steel Supplier India | Higher Strength Structural Steel,EN S355 Mild Steel Supplier in India,https://rubinoxmetal.com/materials/mild-steel-s355-supplier-india.html,"index,follow",false,true,true,true,
https://rubinoxmetal.com/materials/phosphor-bronze-c510-supplier-india.html,200,https://rubinoxmetal.com/materials/phosphor-bronze-c510-supplier-india.html,0,51,text/html; charset=utf-8,Phosphor Bronze C510 Supplier in India | Spring Grade,Phosphor Bronze C510 Supplier in India,https://rubinoxmetal.com/materials/phosphor-bronze-c510-supplier-india.html,"index,follow",false,true,true,true,
https://rubinoxmetal.com/materials/phosphor-bronze-c521-supplier-india.html,200,https://rubinoxmetal.com/materials/phosphor-bronze-c521-supplier-india.html,0,59,text/html; charset=utf-8,Phosphor Bronze C521 Supplier in India | High Strength,Phosphor Bronze C521 Supplier in India,https://rubinoxmetal.com/materials/phosphor-bronze-c521-supplier-india.html,"index,follow",false,true,true,true,
https://rubinoxmetal.com/materials/phosphor-bronze-c544-supplier-india.html,200,https://rubinoxmetal.com/materials/phosphor-bronze-c544-supplier-india.html,0,61,text/html; charset=utf-8,Phosphor Bronze C544 Supplier in India | Free Cutting,Phosphor Bronze C544 Supplier in India,https://rubinoxmetal.com/materials/phosphor-bronze-c544-supplier-india.html,"index,follow",false,true,true,true,
https://rubinoxmetal.com/materials/phosphor-bronze.html,200,https://rubinoxmetal.com/materials/phosphor-bronze.html,0,68,text/html; charset=utf-8,"Phosphor Bronze Supplier in India | C510, C521 & C544",Phosphor Bronze Supplier in India,https://rubinoxmetal.com/materials/phosphor-bronze.html,"index,follow",false,true,true,true,
https://rubinoxmetal.com/materials/other-metals.html,200,https://rubinoxmetal.com/materials/other-metals.html,0,88,text/html; charset=utf-8,Special Engineering Alloys Supplier in India | Rubinox,Special Engineering Alloys Supplier in India,https://rubinoxmetal.com/materials/other-metals.html,"index,follow",false,true,true,true,
https://rubinoxmetal.com/locations/mumbai.html,200,https://rubinoxmetal.com/locations/mumbai.html,0,73,text/html; charset=utf-8,Metal Supplier in Mumbai | Stainless Steel & Alloys | Rubinox,Metal Supplier in Mumbai,https://rubinoxmetal.com/locations/mumbai.html,"index,follow",false,true,true,true,
https://rubinoxmetal.com/locations/pune.html,200,https://rubinoxmetal.com/locations/pune.html,0,68,text/html; charset=utf-8,Metal Supplier in Pune | Stainless Steel & Alloys | Rubinox,Metal Supplier in Pune,https://rubinoxmetal.com/locations/pune.html,"index,follow",false,true,true,true,
https://rubinoxmetal.com/locations/chennai.html,200,https://rubinoxmetal.com/locations/chennai.html,0,75,text/html; charset=utf-8,Metal Supplier in Chennai | Stainless Steel & Alloys | Rubinox,Metal Supplier in Chennai,https://rubinoxmetal.com/locations/chennai.html,"index,follow",false,true,true,true,
https://rubinoxmetal.com/locations/ahmedabad.html,200,https://rubinoxmetal.com/locations/ahmedabad.html,0,54,text/html; charset=utf-8,Metal Supplier in Ahmedabad | Stainless Steel & Alloys | Rubinox,Metal Supplier in Ahmedabad,https://rubinoxmetal.com/locations/ahmedabad.html,"index,follow",false,true,true,true,
https://rubinoxmetal.com/locations/vadodara.html,200,https://rubinoxmetal.com/locations/vadodara.html,0,58,text/html; charset=utf-8,Metal Supplier in Vadodara | Stainless Steel & Alloys | Rubinox,Metal Supplier in Vadodara,https://rubinoxmetal.com/locations/vadodara.html,"index,follow",false,true,true,true,
https://rubinoxmetal.com/locations/hyderabad.html,200,https://rubinoxmetal.com/locations/hyderabad.html,0,62,text/html; charset=utf-8,Metal Supplier in Hyderabad | Stainless Steel & Alloys | Rubinox,Metal Supplier in Hyderabad,https://rubinoxmetal.com/locations/hyderabad.html,"index,follow",false,true,true,true,
https://rubinoxmetal.com/locations/bengaluru.html,200,https://rubinoxmetal.com/locations/bengaluru.html,0,66,text/html; charset=utf-8,Metal Supplier in Bengaluru | Stainless Steel & Alloys | Rubinox,Metal Supplier in Bengaluru,https://rubinoxmetal.com/locations/bengaluru.html,"index,follow",false,true,true,true,
https://rubinoxmetal.com/locations/navi-mumbai.html,200,https://rubinoxmetal.com/locations/navi-mumbai.html,0,93,text/html; charset=utf-8,Metal Supplier in Navi Mumbai | Stainless Steel & Alloys | Rubinox,Metal Supplier in Navi Mumbai,https://rubinoxmetal.com/locations/navi-mumbai.html,"index,follow",false,true,true,true,
https://rubinoxmetal.com/locations/coimbatore.html,200,https://rubinoxmetal.com/locations/coimbatore.html,0,82,text/html; charset=utf-8,Metal Supplier in Coimbatore | Stainless Steel & Alloys | Rubinox,Metal Supplier in Coimbatore,https://rubinoxmetal.com/locations/coimbatore.html,"index,follow",false,true,true,true,
https://rubinoxmetal.com/locations/delhi.html,200,https://rubinoxmetal.com/locations/delhi.html,0,64,text/html; charset=utf-8,Metal Supplier in Delhi NCR | Stainless Steel & Alloys | Rubinox,Metal Supplier in Delhi NCR,https://rubinoxmetal.com/locations/delhi.html,"index,follow",false,true,true,true,
https://rubinoxmetal.com/locations/thane.html,200,https://rubinoxmetal.com/locations/thane.html,0,73,text/html; charset=utf-8,Metal Supplier in Thane | Stainless Steel & Alloys | Rubinox,Metal Supplier in Thane,https://rubinoxmetal.com/locations/thane.html,"index,follow",false,true,true,true,
https://rubinoxmetal.com/locations/chakan-pimpri-chinchwad.html,200,https://rubinoxmetal.com/locations/chakan-pimpri-chinchwad.html,0,68,text/html; charset=utf-8,Metal Supplier in Chakan / Pimpri-Chinchwad | Rubinox,Metal Supplier in Chakan / Pimpri-Chinchwad,https://rubinoxmetal.com/locations/chakan-pimpri-chinchwad.html,"index,follow",false,true,true,true,
https://rubinoxmetal.com/locations/nashik.html,200,https://rubinoxmetal.com/locations/nashik.html,0,64,text/html; charset=utf-8,Metal Supplier in Nashik | Stainless Steel & Alloys | Rubinox,Metal Supplier in Nashik,https://rubinoxmetal.com/locations/nashik.html,"index,follow",false,true,true,true,
https://rubinoxmetal.com/locations/surat.html,200,https://rubinoxmetal.com/locations/surat.html,0,50,text/html; charset=utf-8,Metal Supplier in Surat | Stainless Steel & Alloys | Rubinox,Metal Supplier in Surat,https://rubinoxmetal.com/locations/surat.html,"index,follow",false,true,true,true,
https://rubinoxmetal.com/locations/bharuch.html,200,https://rubinoxmetal.com/locations/bharuch.html,0,93,text/html; charset=utf-8,Metal Supplier in Bharuch | Stainless Steel & Alloys | Rubinox,Metal Supplier in Bharuch,https://rubinoxmetal.com/locations/bharuch.html,"index,follow",false,true,true,true,
https://rubinoxmetal.com/locations/ankleshwar.html,200,https://rubinoxmetal.com/locations/ankleshwar.html,0,74,text/html; charset=utf-8,Metal Supplier in Ankleshwar | Stainless Steel & Alloys | Rubinox,Metal Supplier in Ankleshwar,https://rubinoxmetal.com/locations/ankleshwar.html,"index,follow",false,true,true,true,
https://rubinoxmetal.com/locations/vapi.html,200,https://rubinoxmetal.com/locations/vapi.html,0,83,text/html; charset=utf-8,Metal Supplier in Vapi | Stainless Steel & Alloys | Rubinox,Metal Supplier in Vapi,https://rubinoxmetal.com/locations/vapi.html,"index,follow",false,true,true,true,
https://rubinoxmetal.com/locations/rajkot.html,200,https://rubinoxmetal.com/locations/rajkot.html,0,81,text/html; charset=utf-8,Metal Supplier in Rajkot | Stainless Steel & Alloys | Rubinox,Metal Supplier in Rajkot,https://rubinoxmetal.com/locations/rajkot.html,"index,follow",false,true,true,true,
https://rubinoxmetal.com/locations/jamnagar.html,200,https://rubinoxmetal.com/locations/jamnagar.html,0,82,text/html; charset=utf-8,Metal Supplier in Jamnagar | Stainless Steel & Alloys | Rubinox,Metal Supplier in Jamnagar,https://rubinoxmetal.com/locations/jamnagar.html,"index,follow",false,true,true,true,
https://rubinoxmetal.com/locations/hosur.html,200,https://rubinoxmetal.com/locations/hosur.html,0,66,text/html; charset=utf-8,Metal Supplier in Hosur | Stainless Steel & Alloys | Rubinox,Metal Supplier in Hosur,https://rubinoxmetal.com/locations/hosur.html,"index,follow",false,true,true,true,
https://rubinoxmetal.com/locations/sriperumbudur-oragadam.html,200,https://rubinoxmetal.com/locations/sriperumbudur-oragadam.html,0,61,text/html; charset=utf-8,Metal Supplier in Sriperumbudur / Oragadam | Rubinox,Metal Supplier in Sriperumbudur / Oragadam,https://rubinoxmetal.com/locations/sriperumbudur-oragadam.html,"index,follow",false,true,true,true,
https://rubinoxmetal.com/locations/visakhapatnam.html,200,https://rubinoxmetal.com/locations/visakhapatnam.html,0,96,text/html; charset=utf-8,Metal Supplier in Visakhapatnam | Rubinox,Metal Supplier in Visakhapatnam,https://rubinoxmetal.com/locations/visakhapatnam.html,"index,follow",false,true,true,true,
https://rubinoxmetal.com/locations/gurugram-manesar.html,200,https://rubinoxmetal.com/locations/gurugram-manesar.html,0,78,text/html; charset=utf-8,Metal Supplier in Gurugram / Manesar | Rubinox,Metal Supplier in Gurugram / Manesar,https://rubinoxmetal.com/locations/gurugram-manesar.html,"index,follow",false,true,true,true,
https://rubinoxmetal.com/locations/faridabad.html,200,https://rubinoxmetal.com/locations/faridabad.html,0,81,text/html; charset=utf-8,Metal Supplier in Faridabad | Stainless Steel & Alloys | Rubinox,Metal Supplier in Faridabad,https://rubinoxmetal.com/locations/faridabad.html,"index,follow",false,true,true,true,
https://rubinoxmetal.com/locations/noida.html,200,https://rubinoxmetal.com/locations/noida.html,0,93,text/html; charset=utf-8,Metal Supplier in Noida | Stainless Steel & Alloys | Rubinox,Metal Supplier in Noida,https://rubinoxmetal.com/locations/noida.html,"index,follow",false,true,true,true,
https://rubinoxmetal.com/locations/greater-noida.html,200,https://rubinoxmetal.com/locations/greater-noida.html,0,82,text/html; charset=utf-8,Metal Supplier in Greater Noida | Rubinox,Metal Supplier in Greater Noida,https://rubinoxmetal.com/locations/greater-noida.html,"index,follow",false,true,true,true,
https://rubinoxmetal.com/locations/ghaziabad.html,200,https://rubinoxmetal.com/locations/ghaziabad.html,0,80,text/html; charset=utf-8,Metal Supplier in Ghaziabad | Stainless Steel & Alloys | Rubinox,Metal Supplier in Ghaziabad,https://rubinoxmetal.com/locations/ghaziabad.html,"index,follow",false,true,true,true,
https://rubinoxmetal.com/locations/ludhiana.html,200,https://rubinoxmetal.com/locations/ludhiana.html,0,65,text/html; charset=utf-8,Metal Supplier in Ludhiana | Stainless Steel & Alloys | Rubinox,Metal Supplier in Ludhiana,https://rubinoxmetal.com/locations/ludhiana.html,"index,follow",false,true,true,true,
https://rubinoxmetal.com/locations/indore-pithampur.html,200,https://rubinoxmetal.com/locations/indore-pithampur.html,0,67,text/html; charset=utf-8,Metal Supplier in Indore / Pithampur | Rubinox,Metal Supplier in Indore / Pithampur,https://rubinoxmetal.com/locations/indore-pithampur.html,"index,follow",false,true,true,true,
https://rubinoxmetal.com/locations/jamshedpur.html,200,https://rubinoxmetal.com/locations/jamshedpur.html,0,88,text/html; charset=utf-8,Metal Supplier in Jamshedpur | Stainless Steel & Alloys | Rubinox,Metal Supplier in Jamshedpur,https://rubinoxmetal.com/locations/jamshedpur.html,"index,follow",false,true,true,true,
https://rubinoxmetal.com/locations/chhatrapati-sambhajinagar-aurangabad.html,200,https://rubinoxmetal.com/locations/chhatrapati-sambhajinagar-aurangabad.html,0,66,text/html; charset=utf-8,Metal Supplier in Sambhajinagar / Aurangabad | Rubinox,Metal Supplier in Chhatrapati Sambhajinagar / Aurangabad,https://rubinoxmetal.com/locations/chhatrapati-sambhajinagar-aurangabad.html,"index,follow",false,true,true,true,
https://rubinoxmetal.com/locations/nagpur.html,200,https://rubinoxmetal.com/locations/nagpur.html,0,79,text/html; charset=utf-8,Metal Supplier in Nagpur | Stainless Steel & Alloys | Rubinox,Metal Supplier in Nagpur,https://rubinoxmetal.com/locations/nagpur.html,"index,follow",false,true,true,true,
https://rubinoxmetal.com/locations/dholera-sanand.html,200,https://rubinoxmetal.com/locations/dholera-sanand.html,0,77,text/html; charset=utf-8,Metal Supplier in Dholera / Sanand | Rubinox,Metal Supplier in Dholera / Sanand,https://rubinoxmetal.com/locations/dholera-sanand.html,"index,follow",false,true,true,true,
https://rubinoxmetal.com/locations/salem.html,200,https://rubinoxmetal.com/locations/salem.html,0,66,text/html; charset=utf-8,Metal Supplier in Salem | Rubinox,Metal Supplier in Salem,https://rubinoxmetal.com/locations/salem.html,"index,follow",false,true,true,true,
https://rubinoxmetal.com/locations/tiruchirappalli.html,200,https://rubinoxmetal.com/locations/tiruchirappalli.html,0,63,text/html; charset=utf-8,Metal Supplier in Tiruchirappalli | Rubinox,Metal Supplier in Tiruchirappalli,https://rubinoxmetal.com/locations/tiruchirappalli.html,"index,follow",false,true,true,true,
https://rubinoxmetal.com/locations/thoothukudi.html,200,https://rubinoxmetal.com/locations/thoothukudi.html,0,60,text/html; charset=utf-8,Metal Supplier in Thoothukudi | Rubinox,Metal Supplier in Thoothukudi,https://rubinoxmetal.com/locations/thoothukudi.html,"index,follow",false,true,true,true,
https://rubinoxmetal.com/locations/tumakuru.html,200,https://rubinoxmetal.com/locations/tumakuru.html,0,80,text/html; charset=utf-8,Metal Supplier in Tumakuru | Rubinox,Metal Supplier in Tumakuru,https://rubinoxmetal.com/locations/tumakuru.html,"index,follow",false,true,true,true,
https://rubinoxmetal.com/locations/mysuru.html,200,https://rubinoxmetal.com/locations/mysuru.html,0,68,text/html; charset=utf-8,Metal Supplier in Mysuru | Rubinox,Metal Supplier in Mysuru,https://rubinoxmetal.com/locations/mysuru.html,"index,follow",false,true,true,true,
https://rubinoxmetal.com/locations/mangaluru.html,200,https://rubinoxmetal.com/locations/mangaluru.html,0,75,text/html; charset=utf-8,Metal Supplier in Mangaluru / Mangalore | Rubinox,Metal Supplier in Mangaluru / Mangalore,https://rubinoxmetal.com/locations/mangaluru.html,"index,follow",false,true,true,true,
https://rubinoxmetal.com/locations/zaheerabad.html,200,https://rubinoxmetal.com/locations/zaheerabad.html,0,70,text/html; charset=utf-8,Metal Supplier in Zaheerabad | Rubinox,Metal Supplier in Zaheerabad,https://rubinoxmetal.com/locations/zaheerabad.html,"index,follow",false,true,true,true,
https://rubinoxmetal.com/locations/vijayawada.html,200,https://rubinoxmetal.com/locations/vijayawada.html,0,68,text/html; charset=utf-8,Metal Supplier in Vijayawada | Rubinox,Metal Supplier in Vijayawada,https://rubinoxmetal.com/locations/vijayawada.html,"index,follow",false,true,true,true,
https://rubinoxmetal.com/locations/nellore-krishnapatnam.html,200,https://rubinoxmetal.com/locations/nellore-krishnapatnam.html,0,65,text/html; charset=utf-8,Metal Supplier in Nellore / Krishnapatnam | Rubinox,Metal Supplier in Nellore / Krishnapatnam,https://rubinoxmetal.com/locations/nellore-krishnapatnam.html,"index,follow",false,true,true,true,
https://rubinoxmetal.com/locations/kakinada.html,200,https://rubinoxmetal.com/locations/kakinada.html,0,44,text/html; charset=utf-8,Metal Supplier in Kakinada | Rubinox,Metal Supplier in Kakinada,https://rubinoxmetal.com/locations/kakinada.html,"index,follow",false,true,true,true,
https://rubinoxmetal.com/locations/haridwar-rudrapur.html,200,https://rubinoxmetal.com/locations/haridwar-rudrapur.html,0,69,text/html; charset=utf-8,Metal Supplier in Haridwar / Rudrapur | Rubinox,Metal Supplier in Haridwar / Rudrapur,https://rubinoxmetal.com/locations/haridwar-rudrapur.html,"index,follow",false,true,true,true,
https://rubinoxmetal.com/locations/jaipur.html,200,https://rubinoxmetal.com/locations/jaipur.html,0,69,text/html; charset=utf-8,Metal Supplier in Jaipur | Stainless Steel & Alloys | Rubinox,Metal Supplier in Jaipur,https://rubinoxmetal.com/locations/jaipur.html,"index,follow",false,true,true,true,
https://rubinoxmetal.com/locations/jodhpur-pali.html,200,https://rubinoxmetal.com/locations/jodhpur-pali.html,0,63,text/html; charset=utf-8,Metal Supplier in Jodhpur / Pali | Rubinox,Metal Supplier in Jodhpur / Pali,https://rubinoxmetal.com/locations/jodhpur-pali.html,"index,follow",false,true,true,true,
https://rubinoxmetal.com/locations/bhopal-mandideep.html,200,https://rubinoxmetal.com/locations/bhopal-mandideep.html,0,63,text/html; charset=utf-8,Metal Supplier in Bhopal / Mandideep | Rubinox,Metal Supplier in Bhopal / Mandideep,https://rubinoxmetal.com/locations/bhopal-mandideep.html,"index,follow",false,true,true,true,
https://rubinoxmetal.com/locations/raipur.html,200,https://rubinoxmetal.com/locations/raipur.html,0,61,text/html; charset=utf-8,Metal Supplier in Raipur | Stainless Steel & Alloys | Rubinox,Metal Supplier in Raipur,https://rubinoxmetal.com/locations/raipur.html,"index,follow",false,true,true,true,
https://rubinoxmetal.com/locations/bhilai.html,200,https://rubinoxmetal.com/locations/bhilai.html,0,55,text/html; charset=utf-8,Metal Supplier in Bhilai | Stainless Steel & Alloys | Rubinox,Metal Supplier in Bhilai,https://rubinoxmetal.com/locations/bhilai.html,"index,follow",false,true,true,true,
https://rubinoxmetal.com/locations/kolkata-howrah-durgapur.html,200,https://rubinoxmetal.com/locations/kolkata-howrah-durgapur.html,0,57,text/html; charset=utf-8,Metal Supplier in Kolkata / Howrah / Durgapur | Rubinox,Metal Supplier in Kolkata / Howrah / Durgapur,https://rubinoxmetal.com/locations/kolkata-howrah-durgapur.html,"index,follow",false,true,true,true,
https://rubinoxmetal.com/export/uae.html,200,https://rubinoxmetal.com/export/uae.html,0,79,text/html; charset=utf-8,Industrial Metal Exporter from India for UAE / Dubai RFQs | Rubinox,Industrial Metal Exporter from India for UAE / Dubai Enquiries,https://rubinoxmetal.com/export/uae.html,"index,follow",false,true,true,true,
https://rubinoxmetal.com/export/saudi-arabia.html,200,https://rubinoxmetal.com/export/saudi-arabia.html,0,72,text/html; charset=utf-8,Industrial Metal Exporter from India for Saudi Arabia RFQs | Rubinox,Industrial Metal Exporter from India for Saudi Arabia Enquiries,https://rubinoxmetal.com/export/saudi-arabia.html,"index,follow",false,true,true,true,
https://rubinoxmetal.com/export/qatar.html,200,https://rubinoxmetal.com/export/qatar.html,0,75,text/html; charset=utf-8,Industrial Metal Exporter from India for Qatar RFQs | Rubinox,Industrial Metal Exporter from India for Qatar Enquiries,https://rubinoxmetal.com/export/qatar.html,"index,follow",false,true,true,true,
https://rubinoxmetal.com/export/oman.html,200,https://rubinoxmetal.com/export/oman.html,0,76,text/html; charset=utf-8,Industrial Metal Exporter from India for Oman RFQs | Rubinox,Industrial Metal Exporter from India for Oman Enquiries,https://rubinoxmetal.com/export/oman.html,"index,follow",false,true,true,true,
https://rubinoxmetal.com/export/kuwait.html,200,https://rubinoxmetal.com/export/kuwait.html,0,77,text/html; charset=utf-8,Industrial Metal Exporter from India for Kuwait RFQs | Rubinox,Industrial Metal Exporter from India for Kuwait Enquiries,https://rubinoxmetal.com/export/kuwait.html,"index,follow",false,true,true,true,
https://rubinoxmetal.com/export/bahrain.html,200,https://rubinoxmetal.com/export/bahrain.html,0,56,text/html; charset=utf-8,Industrial Metal Exporter from India for Bahrain RFQs | Rubinox,Industrial Metal Exporter from India for Bahrain Enquiries,https://rubinoxmetal.com/export/bahrain.html,"index,follow",false,true,true,true,
https://rubinoxmetal.com/export/singapore.html,200,https://rubinoxmetal.com/export/singapore.html,0,51,text/html; charset=utf-8,Industrial Metal Exporter from India for Singapore RFQs | Rubinox,Industrial Metal Exporter from India for Singapore Enquiries,https://rubinoxmetal.com/export/singapore.html,"index,follow",false,true,true,true,
https://rubinoxmetal.com/export/malaysia.html,200,https://rubinoxmetal.com/export/malaysia.html,0,65,text/html; charset=utf-8,Industrial Metal Exporter from India for Malaysia RFQs | Rubinox,Industrial Metal Exporter from India for Malaysia Enquiries,https://rubinoxmetal.com/export/malaysia.html,"index,follow",false,true,true,true,
https://rubinoxmetal.com/export/thailand.html,200,https://rubinoxmetal.com/export/thailand.html,0,58,text/html; charset=utf-8,Exporter from India for Thailand RFQs | Rubinox,Industrial Metal Exporter from India for Thailand Enquiries,https://rubinoxmetal.com/export/thailand.html,"index,follow",false,true,true,true,
https://rubinoxmetal.com/export/vietnam.html,200,https://rubinoxmetal.com/export/vietnam.html,0,57,text/html; charset=utf-8,Exporter from India for Vietnam RFQs | Rubinox,Industrial Metal Exporter from India for Vietnam Enquiries,https://rubinoxmetal.com/export/vietnam.html,"index,follow",false,true,true,true,
https://rubinoxmetal.com/export/usa.html,200,https://rubinoxmetal.com/export/usa.html,0,67,text/html; charset=utf-8,Exporter from India for USA RFQs | Rubinox,Industrial Metal Exporter from India for USA Enquiries,https://rubinoxmetal.com/export/usa.html,"index,follow",false,true,true,true,
https://rubinoxmetal.com/export/uk.html,200,https://rubinoxmetal.com/export/uk.html,0,66,text/html; charset=utf-8,Industrial Metal Exporter from India for UK RFQs | Rubinox,Industrial Metal Exporter from India for UK Enquiries,https://rubinoxmetal.com/export/uk.html,"index,follow",false,true,true,true,
https://rubinoxmetal.com/export/germany.html,200,https://rubinoxmetal.com/export/germany.html,0,47,text/html; charset=utf-8,Industrial Metal Exporter from India for Germany RFQs | Rubinox,Industrial Metal Exporter from India for Germany Enquiries,https://rubinoxmetal.com/export/germany.html,"index,follow",false,true,true,true,
https://rubinoxmetal.com/export/netherlands.html,200,https://rubinoxmetal.com/export/netherlands.html,0,50,text/html; charset=utf-8,Exporter from India for Netherlands RFQs | Rubinox,Industrial Metal Exporter from India for Netherlands Enquiries,https://rubinoxmetal.com/export/netherlands.html,"index,follow",false,true,true,true,
https://rubinoxmetal.com/export/australia.html,200,https://rubinoxmetal.com/export/australia.html,0,52,text/html; charset=utf-8,Industrial Metal Exporter from India for Australia RFQs | Rubinox,Industrial Metal Exporter from India for Australia Enquiries,https://rubinoxmetal.com/export/australia.html,"index,follow",false,true,true,true,
https://rubinoxmetal.com/materials/high-speed-steel.html,200,https://rubinoxmetal.com/materials/high-speed-steel.html,0,58,text/html; charset=utf-8,"High Speed Steel Supplier in India | HSS M2, M35, M42",High Speed Steel Supplier in India,https://rubinoxmetal.com/materials/high-speed-steel.html,"index,follow",false,true,true,true,
https://rubinoxmetal.com/materials/stainless-steel-channels-supplier-india.html,200,https://rubinoxmetal.com/materials/stainless-steel-channels-supplier-india.html,0,59,text/html; charset=utf-8,Stainless Steel Channels Supplier in India | SS Channels,Stainless Steel Channels Supplier in India,https://rubinoxmetal.com/materials/stainless-steel-channels-supplier-india.html,"index,follow",false,true,true,true,
https://rubinoxmetal.com/materials/stainless-steel-perforated-sheets-supplier-india.html,200,https://rubinoxmetal.com/materials/stainless-steel-perforated-sheets-supplier-india.html,0,65,text/html; charset=utf-8,Stainless Steel Perforated Sheets Supplier India | Rubinox,Stainless Steel Perforated Sheets Supplier in India,https://rubinoxmetal.com/materials/stainless-steel-perforated-sheets-supplier-india.html,"index,follow",false,true,true,true,
https://rubinoxmetal.com/blog.html,200,https://rubinoxmetal.com/blog.html,0,54,text/html; charset=utf-8,Rubinox Knowledge Hub | Metal Buyer Guides,Rubinox Metal Buyer Knowledge Hub,https://rubinoxmetal.com/blog.html,"index,follow",false,true,true,true,
https://rubinoxmetal.com/blog/stainless-steel-304-vs-316-vs-316l.html,200,https://rubinoxmetal.com/blog/stainless-steel-304-vs-316-vs-316l.html,0,45,text/html; charset=utf-8,SS 304 vs 316 vs 316L Guide | Rubinox,SS 304 vs SS 316 vs SS 316L: Buyer Selection Guide,https://rubinoxmetal.com/blog/stainless-steel-304-vs-316-vs-316l.html,"index,follow",false,true,true,true,
https://rubinoxmetal.com/blog/duplex-2205-vs-super-duplex-2507.html,200,https://rubinoxmetal.com/blog/duplex-2205-vs-super-duplex-2507.html,0,45,text/html; charset=utf-8,Duplex 2205 vs Super Duplex 2507 Guide | Rubinox,Duplex 2205 vs Super Duplex 2507: Which Grade Should Buyers Review?,https://rubinoxmetal.com/blog/duplex-2205-vs-super-duplex-2507.html,"index,follow",false,true,true,true,
https://rubinoxmetal.com/blog/inconel-monel-hastelloy-selection-guide.html,200,https://rubinoxmetal.com/blog/inconel-monel-hastelloy-selection-guide.html,0,49,text/html; charset=utf-8,Inconel vs Monel vs Hastelloy Guide | Rubinox,Inconel vs Monel vs Hastelloy: Nickel Alloy Selection Guide,https://rubinoxmetal.com/blog/inconel-monel-hastelloy-selection-guide.html,"index,follow",false,true,true,true,
https://rubinoxmetal.com/blog/titanium-grade-2-vs-grade-5.html,200,https://rubinoxmetal.com/blog/titanium-grade-2-vs-grade-5.html,0,42,text/html; charset=utf-8,Titanium Grade 2 vs Grade 5 Guide | Rubinox,Titanium Grade 2 vs Grade 5: Industrial Buyer Guide,https://rubinoxmetal.com/blog/titanium-grade-2-vs-grade-5.html,"index,follow",false,true,true,true,
https://rubinoxmetal.com/blog/smo-254-vs-904l-vs-316l.html,200,https://rubinoxmetal.com/blog/smo-254-vs-904l-vs-316l.html,0,42,text/html; charset=utf-8,SMO 254 vs 904L vs 316L Guide | Rubinox,SMO 254 vs 904L vs 316L for Chloride Service,https://rubinoxmetal.com/blog/smo-254-vs-904l-vs-316l.html,"index,follow",false,true,true,true,
https://rubinoxmetal.com/blog/metal-rfq-checklist-for-buyers.html,200,https://rubinoxmetal.com/blog/metal-rfq-checklist-for-buyers.html,0,52,text/html; charset=utf-8,Metal RFQ Checklist for Buyers | Rubinox,Metal RFQ Checklist: What Buyers Should Share for a Faster Quote,https://rubinoxmetal.com/blog/metal-rfq-checklist-for-buyers.html,"index,follow",false,true,true,true,
https://rubinoxmetal.com/blog/mtc-pmi-third-party-inspection-guide.html,200,https://rubinoxmetal.com/blog/mtc-pmi-third-party-inspection-guide.html,0,45,text/html; charset=utf-8,MTC PMI Third Party Inspection Guide | Rubinox,"MTC, PMI and Third-Party Inspection: What Metal Buyers Should Know",https://rubinoxmetal.com/blog/mtc-pmi-third-party-inspection-guide.html,"index,follow",false,true,true,true,
https://rubinoxmetal.com/blog/stainless-steel-for-pharma-food-processing.html,200,https://rubinoxmetal.com/blog/stainless-steel-for-pharma-food-processing.html,0,43,text/html; charset=utf-8,Stainless Steel for Pharma and Food | Rubinox,Stainless Steel for Pharma and Food Processing Equipment,https://rubinoxmetal.com/blog/stainless-steel-for-pharma-food-processing.html,"index,follow",false,true,true,true,
https://rubinoxmetal.com/blog/metals-for-automotive-ev-components.html,200,https://rubinoxmetal.com/blog/metals-for-automotive-ev-components.html,0,50,text/html; charset=utf-8,Metals for Automotive and EV Buyers | Rubinox,Metals for Automotive and EV Component Buyers,https://rubinoxmetal.com/blog/metals-for-automotive-ev-components.html,"index,follow",false,true,true,true,
https://rubinoxmetal.com/blog/metals-for-chemical-petrochemical-industries.html,200,https://rubinoxmetal.com/blog/metals-for-chemical-petrochemical-industries.html,0,50,text/html; charset=utf-8,Chemical Petrochemical Metal RFQ Guide | Rubinox,Metals for Chemical and Petrochemical Industry RFQs,https://rubinoxmetal.com/blog/metals-for-chemical-petrochemical-industries.html,"index,follow",false,true,true,true,
https://rubinoxmetal.com/blog/marine-desalination-material-selection.html,200,https://rubinoxmetal.com/blog/marine-desalination-material-selection.html,0,43,text/html; charset=utf-8,Marine Desalination Material Guide | Rubinox,"Material Selection for Marine, Offshore and Desalination Projects",https://rubinoxmetal.com/blog/marine-desalination-material-selection.html,"index,follow",false,true,true,true,
https://rubinoxmetal.com/blog/aluminium-6061-6063-7075-guide.html,200,https://rubinoxmetal.com/blog/aluminium-6061-6063-7075-guide.html,0,42,text/html; charset=utf-8,Aluminium 6061 vs 6063 vs 7075 Guide | Rubinox,"Aluminium 6061, 6063 and 7075: Buyer Comparison Guide",https://rubinoxmetal.com/blog/aluminium-6061-6063-7075-guide.html,"index,follow",false,true,true,true,
https://rubinoxmetal.com/blog/copper-brass-phosphor-bronze-guide.html,200,https://rubinoxmetal.com/blog/copper-brass-phosphor-bronze-guide.html,0,39,text/html; charset=utf-8,Copper Brass Phosphor Bronze Guide | Rubinox,"Copper, Brass and Phosphor Bronze: Industrial Buyer Guide",https://rubinoxmetal.com/blog/copper-brass-phosphor-bronze-guide.html,"index,follow",false,true,true,true,
https://rubinoxmetal.com/blog/high-speed-steel-sourcing-guide.html,200,https://rubinoxmetal.com/blog/high-speed-steel-sourcing-guide.html,0,50,text/html; charset=utf-8,High Speed Steel Sourcing Guide | Rubinox,High Speed Steel Sourcing Guide for Tooling and Machining Buyers,https://rubinoxmetal.com/blog/high-speed-steel-sourcing-guide.html,"index,follow",false,true,true,true,
https://rubinoxmetal.com/blog/export-metal-rfq-from-india.html,200,https://rubinoxmetal.com/blog/export-metal-rfq-from-india.html,0,45,text/html; charset=utf-8,Export Metal RFQ from India Guide | Rubinox,Export Metal RFQ from India: What Overseas Buyers Should Share,https://rubinoxmetal.com/blog/export-metal-rfq-from-india.html,"index,follow",false,true,true,true,
https://rubinoxmetal.com/mission-vision.html,200,https://rubinoxmetal.com/mission-vision.html,0,45,text/html; charset=utf-8,Mission & Vision | Rubinox Metal and Alloys,Mission & Vision,https://rubinoxmetal.com/mission-vision.html,"index,follow",false,true,true,true,
https://rubinoxmetal.com/registrations-compliance.html,200,https://rubinoxmetal.com/registrations-compliance.html,0,42,text/html; charset=utf-8,Registrations & Compliance | Rubinox Metal and Alloys,Registrations & Compliance,https://rubinoxmetal.com/registrations-compliance.html,"index,follow",false,true,true,true,
https://rubinoxmetal.com/product-portfolio.html,200,https://rubinoxmetal.com/product-portfolio.html,0,36,text/html; charset=utf-8,"Product Portfolio | Industrial Metals, Grades and Forms | Rubinox",Product Portfolio,https://rubinoxmetal.com/product-portfolio.html,"index,follow",false,true,true,true,
https://rubinoxmetal.com/materials.html,200,https://rubinoxmetal.com/materials.html,0,41,text/html; charset=utf-8,"Materials We Supply | Stainless Steel, Alloys and Metals | Rubinox",Materials We Supply,https://rubinoxmetal.com/materials.html,"index,follow",false,true,true,true,
https://rubinoxmetal.com/product-forms.html,200,https://rubinoxmetal.com/product-forms.html,0,60,text/html; charset=utf-8,"Product Forms | Pipes, Tubes, Plates and More | Rubinox",Product Forms,https://rubinoxmetal.com/product-forms.html,"index,follow",false,true,true,true,
https://rubinoxmetal.com/grades.html,200,https://rubinoxmetal.com/grades.html,0,53,text/html; charset=utf-8,"Material Grades | Stainless, Duplex, Nickel and Titanium | Rubinox",Material Grades,https://rubinoxmetal.com/grades.html,"index,follow",false,true,true,true,
https://rubinoxmetal.com/privacy-policy.html,200,https://rubinoxmetal.com/privacy-policy.html,0,53,text/html; charset=utf-8,Privacy Policy | Rubinox Metal and Alloys,Privacy Policy,https://rubinoxmetal.com/privacy-policy.html,"index,follow",false,true,true,true,
https://rubinoxmetal.com/terms-and-conditions.html,200,https://rubinoxmetal.com/terms-and-conditions.html,0,52,text/html; charset=utf-8,Terms & Conditions | Rubinox Metal and Alloys,Terms & Conditions,https://rubinoxmetal.com/terms-and-conditions.html,"index,follow",false,true,true,true,
https://rubinoxmetal.com/blog/stainless-steel-304l-vs-316l.html,200,https://rubinoxmetal.com/blog/stainless-steel-304l-vs-316l.html,0,55,text/html; charset=utf-8,Stainless Steel 304L vs 316L: Buyer Comparison Guide | Rubinox,Stainless Steel 304L vs 316L: Buyer Comparison Guide,https://rubinoxmetal.com/blog/stainless-steel-304l-vs-316l.html,"index,follow",false,true,true,true,
https://rubinoxmetal.com/blog/stainless-steel-310-vs-321-vs-347.html,200,https://rubinoxmetal.com/blog/stainless-steel-310-vs-321-vs-347.html,0,51,text/html; charset=utf-8,SS 310 vs 321 vs 347 Guide | Rubinox,Stainless Steel 310 vs 321 vs 347: High Temperature Grade Guide,https://rubinoxmetal.com/blog/stainless-steel-310-vs-321-vs-347.html,"index,follow",false,true,true,true,
https://rubinoxmetal.com/blog/duplex-stainless-steel-for-chemical-processing.html,200,https://rubinoxmetal.com/blog/duplex-stainless-steel-for-chemical-processing.html,0,45,text/html; charset=utf-8,Duplex Stainless Steel for Chemical Processing RFQs | Rubinox,Duplex Stainless Steel for Chemical Processing RFQs,https://rubinoxmetal.com/blog/duplex-stainless-steel-for-chemical-processing.html,"index,follow",false,true,true,true,
https://rubinoxmetal.com/blog/super-duplex-for-seawater-desalination.html,200,https://rubinoxmetal.com/blog/super-duplex-for-seawater-desalination.html,0,55,text/html; charset=utf-8,Super Duplex for Seawater and Desalination Projects | Rubinox,Super Duplex for Seawater and Desalination Projects,https://rubinoxmetal.com/blog/super-duplex-for-seawater-desalination.html,"index,follow",false,true,true,true,
https://rubinoxmetal.com/blog/nickel-alloy-625-vs-718.html,200,https://rubinoxmetal.com/blog/nickel-alloy-625-vs-718.html,0,50,text/html; charset=utf-8,Inconel 625 vs Inconel 718: Nickel Alloy Buyer Guide | Rubinox,Inconel 625 vs Inconel 718: Nickel Alloy Buyer Guide,https://rubinoxmetal.com/blog/nickel-alloy-625-vs-718.html,"index,follow",false,true,true,true,
https://rubinoxmetal.com/blog/monel-400-vs-k500.html,200,https://rubinoxmetal.com/blog/monel-400-vs-k500.html,0,51,text/html; charset=utf-8,Monel 400 vs Monel K-500: Buyer Comparison Guide | Rubinox,Monel 400 vs Monel K-500: Buyer Comparison Guide,https://rubinoxmetal.com/blog/monel-400-vs-k500.html,"index,follow",false,true,true,true,
https://rubinoxmetal.com/blog/hastelloy-c276-vs-c22.html,200,https://rubinoxmetal.com/blog/hastelloy-c276-vs-c22.html,0,50,text/html; charset=utf-8,Hastelloy C276 vs C22: Corrosion Alloy Buyer Guide | Rubinox,Hastelloy C276 vs C22: Corrosion Alloy Buyer Guide,https://rubinoxmetal.com/blog/hastelloy-c276-vs-c22.html,"index,follow",false,true,true,true,
https://rubinoxmetal.com/blog/titanium-vs-stainless-steel.html,200,https://rubinoxmetal.com/blog/titanium-vs-stainless-steel.html,0,49,text/html; charset=utf-8,Titanium vs Stainless Steel: Buyer Selection Guide | Rubinox,Titanium vs Stainless Steel: Buyer Selection Guide,https://rubinoxmetal.com/blog/titanium-vs-stainless-steel.html,"index,follow",false,true,true,true,
https://rubinoxmetal.com/blog/aluminium-vs-stainless-steel.html,200,https://rubinoxmetal.com/blog/aluminium-vs-stainless-steel.html,0,46,text/html; charset=utf-8,Aluminium vs Stainless Steel: Procurement Comparison Guide | Rubinox,Aluminium vs Stainless Steel: Procurement Comparison Guide,https://rubinoxmetal.com/blog/aluminium-vs-stainless-steel.html,"index,follow",false,true,true,true,
https://rubinoxmetal.com/blog/carbon-steel-vs-mild-steel.html,200,https://rubinoxmetal.com/blog/carbon-steel-vs-mild-steel.html,0,54,text/html; charset=utf-8,Carbon Steel vs Mild Steel: Industrial Buyer Guide | Rubinox,Carbon Steel vs Mild Steel: Industrial Buyer Guide,https://rubinoxmetal.com/blog/carbon-steel-vs-mild-steel.html,"index,follow",false,true,true,true,
https://rubinoxmetal.com/blog/mild-steel-is-2062-vs-astm-a36.html,200,https://rubinoxmetal.com/blog/mild-steel-is-2062-vs-astm-a36.html,0,55,text/html; charset=utf-8,IS 2062 vs ASTM A36: Mild Steel Buyer Comparison | Rubinox,IS 2062 vs ASTM A36: Mild Steel Buyer Comparison,https://rubinoxmetal.com/blog/mild-steel-is-2062-vs-astm-a36.html,"index,follow",false,true,true,true,
https://rubinoxmetal.com/blog/copper-c101-vs-c110-vs-c122.html,200,https://rubinoxmetal.com/blog/copper-c101-vs-c110-vs-c122.html,0,59,text/html; charset=utf-8,Copper C101 vs C110 vs C122: Buyer Comparison Guide | Rubinox,Copper C101 vs C110 vs C122: Buyer Comparison Guide,https://rubinoxmetal.com/blog/copper-c101-vs-c110-vs-c122.html,"index,follow",false,true,true,true,
https://rubinoxmetal.com/blog/brass-c260-vs-c360.html,200,https://rubinoxmetal.com/blog/brass-c260-vs-c360.html,0,56,text/html; charset=utf-8,Brass C260 vs C360: Buyer Comparison Guide | Rubinox,Brass C260 vs C360: Buyer Comparison Guide,https://rubinoxmetal.com/blog/brass-c260-vs-c360.html,"index,follow",false,true,true,true,
https://rubinoxmetal.com/blog/phosphor-bronze-c510-vs-c521.html,200,https://rubinoxmetal.com/blog/phosphor-bronze-c510-vs-c521.html,0,57,text/html; charset=utf-8,Phosphor Bronze C510 vs C521: Buyer Comparison Guide | Rubinox,Phosphor Bronze C510 vs C521: Buyer Comparison Guide,https://rubinoxmetal.com/blog/phosphor-bronze-c510-vs-c521.html,"index,follow",false,true,true,true,
https://rubinoxmetal.com/blog/industrial-metal-product-forms-guide.html,200,https://rubinoxmetal.com/blog/industrial-metal-product-forms-guide.html,0,57,text/html; charset=utf-8,Industrial Metal Product Forms Guide for RFQ Buyers | Rubinox,Industrial Metal Product Forms Guide for RFQ Buyers,https://rubinoxmetal.com/blog/industrial-metal-product-forms-guide.html,"index,follow",false,true,true,true,
https://rubinoxmetal.com/materials/copper-nickel-90-10-c70600-supplier-india.html,200,https://rubinoxmetal.com/materials/copper-nickel-90-10-c70600-supplier-india.html,0,51,text/html; charset=utf-8,Copper Nickel 90/10 C70600 Supplier India | Cu-Ni RFQs,Copper Nickel 90/10 C70600 Supplier in India,https://rubinoxmetal.com/materials/copper-nickel-90-10-c70600-supplier-india.html,"index,follow",false,true,true,true,
https://rubinoxmetal.com/materials/copper-nickel-70-30-c71500-supplier-india.html,200,https://rubinoxmetal.com/materials/copper-nickel-70-30-c71500-supplier-india.html,0,52,text/html; charset=utf-8,Copper Nickel 70/30 C71500 Supplier India | Cu-Ni RFQs,Copper Nickel 70/30 C71500 Supplier in India,https://rubinoxmetal.com/materials/copper-nickel-70-30-c71500-supplier-india.html,"index,follow",false,true,true,true,
https://rubinoxmetal.com/materials/alloy-20-uns-n08020-supplier-india.html,200,https://rubinoxmetal.com/materials/alloy-20-uns-n08020-supplier-india.html,0,58,text/html; charset=utf-8,Alloy 20 UNS N08020 Supplier India | Carpenter 20 RFQs,Alloy 20 UNS N08020 Supplier in India,https://rubinoxmetal.com/materials/alloy-20-uns-n08020-supplier-india.html,"index,follow",false,true,true,true,
https://rubinoxmetal.com/materials/inconel-601-supplier-india.html,200,https://rubinoxmetal.com/materials/inconel-601-supplier-india.html,0,58,text/html; charset=utf-8,Inconel 601 Supplier India | Nickel Alloy 601 RFQs,Inconel 601 Supplier in India,https://rubinoxmetal.com/materials/inconel-601-supplier-india.html,"index,follow",false,true,true,true,
https://rubinoxmetal.com/materials/incoloy-800h-supplier-india.html,200,https://rubinoxmetal.com/materials/incoloy-800h-supplier-india.html,0,58,text/html; charset=utf-8,Incoloy 800H Supplier India | Alloy 800H RFQs,Incoloy 800H Supplier in India,https://rubinoxmetal.com/materials/incoloy-800h-supplier-india.html,"index,follow",false,true,true,true,
https://rubinoxmetal.com/materials/astm-a335-p11-pipe-supplier-india.html,200,https://rubinoxmetal.com/materials/astm-a335-p11-pipe-supplier-india.html,0,58,text/html; charset=utf-8,ASTM A335 P11 Pipe Supplier India | ASME SA335 P11 RFQs,ASTM A335 P11 Pipe Supplier in India,https://rubinoxmetal.com/materials/astm-a335-p11-pipe-supplier-india.html,"index,follow",false,true,true,true,
https://rubinoxmetal.com/materials/astm-a335-p22-pipe-supplier-india.html,200,https://rubinoxmetal.com/materials/astm-a335-p22-pipe-supplier-india.html,0,46,text/html; charset=utf-8,ASTM A335 P22 Pipe Supplier India | ASME SA335 P22 RFQs,ASTM A335 P22 Pipe Supplier in India,https://rubinoxmetal.com/materials/astm-a335-p22-pipe-supplier-india.html,"index,follow",false,true,true,true,
https://rubinoxmetal.com/materials/astm-a335-p91-pipe-supplier-india.html,200,https://rubinoxmetal.com/materials/astm-a335-p91-pipe-supplier-india.html,0,47,text/html; charset=utf-8,ASTM A335 P91 Pipe Supplier India | ASME SA335 P91 RFQs,ASTM A335 P91 Pipe Supplier in India,https://rubinoxmetal.com/materials/astm-a335-p91-pipe-supplier-india.html,"index,follow",false,true,true,true,
https://rubinoxmetal.com/materials/api-5l-grade-b-pipe-supplier-india.html,200,https://rubinoxmetal.com/materials/api-5l-grade-b-pipe-supplier-india.html,0,50,text/html; charset=utf-8,API 5L Grade B Pipe Supplier India | Line Pipe RFQs,API 5L Grade B Pipe Supplier in India,https://rubinoxmetal.com/materials/api-5l-grade-b-pipe-supplier-india.html,"index,follow",false,true,true,true,
https://rubinoxmetal.com/materials/api-5l-x52-pipe-supplier-india.html,200,https://rubinoxmetal.com/materials/api-5l-x52-pipe-supplier-india.html,0,50,text/html; charset=utf-8,API 5L X52 Pipe Supplier India | Line Pipe RFQs,API 5L X52 Pipe Supplier in India,https://rubinoxmetal.com/materials/api-5l-x52-pipe-supplier-india.html,"index,follow",false,true,true,true,
https://rubinoxmetal.com/materials/api-5l-x65-pipe-supplier-india.html,200,https://rubinoxmetal.com/materials/api-5l-x65-pipe-supplier-india.html,0,50,text/html; charset=utf-8,API 5L X65 Pipe Supplier India | Line Pipe RFQs,API 5L X65 Pipe Supplier in India,https://rubinoxmetal.com/materials/api-5l-x65-pipe-supplier-india.html,"index,follow",false,true,true,true,
https://rubinoxmetal.com/materials/is-2062-steel-supplier-india.html,200,https://rubinoxmetal.com/materials/is-2062-steel-supplier-india.html,0,58,text/html; charset=utf-8,IS 2062 Steel Supplier India | Structural Steel RFQs,IS 2062 Steel Supplier in India,https://rubinoxmetal.com/materials/is-2062-steel-supplier-india.html,"index,follow",false,true,true,true,
https://rubinoxmetal.com/materials/is-1239-pipe-supplier-india.html,200,https://rubinoxmetal.com/materials/is-1239-pipe-supplier-india.html,0,53,text/html; charset=utf-8,IS 1239 Pipe Supplier India | MS Pipe RFQs,IS 1239 Pipe Supplier in India,https://rubinoxmetal.com/materials/is-1239-pipe-supplier-india.html,"index,follow",false,true,true,true,
https://rubinoxmetal.com/materials/is-3589-pipe-supplier-india.html,200,https://rubinoxmetal.com/materials/is-3589-pipe-supplier-india.html,0,55,text/html; charset=utf-8,IS 3589 Pipe Supplier India | Project Pipe RFQs,IS 3589 Pipe Supplier in India,https://rubinoxmetal.com/materials/is-3589-pipe-supplier-india.html,"index,follow",false,true,true,true,
https://rubinoxmetal.com/materials/astm-a106-grade-b-pipe-supplier-india.html,200,https://rubinoxmetal.com/materials/astm-a106-grade-b-pipe-supplier-india.html,0,55,text/html; charset=utf-8,ASTM A106 Grade B Pipe Supplier India | Seamless CS Pipe RFQs,ASTM A106 Grade B Pipe Supplier in India,https://rubinoxmetal.com/materials/astm-a106-grade-b-pipe-supplier-india.html,"index,follow",false,true,true,true,
https://rubinoxmetal.com/materials/astm-a53-grade-b-pipe-supplier-india.html,200,https://rubinoxmetal.com/materials/astm-a53-grade-b-pipe-supplier-india.html,0,55,text/html; charset=utf-8,ASTM A53 Grade B Pipe Supplier India | CS Pipe RFQs,ASTM A53 Grade B Pipe Supplier in India,https://rubinoxmetal.com/materials/astm-a53-grade-b-pipe-supplier-india.html,"index,follow",false,true,true,true,
https://rubinoxmetal.com/materials/astm-a333-grade-6-pipe-supplier-india.html,200,https://rubinoxmetal.com/materials/astm-a333-grade-6-pipe-supplier-india.html,0,54,text/html; charset=utf-8,ASTM A333 Grade 6 Pipe Supplier India | Low Temperature CS Pipe RFQs,ASTM A333 Grade 6 Pipe Supplier in India,https://rubinoxmetal.com/materials/astm-a333-grade-6-pipe-supplier-india.html,"index,follow",false,true,true,true,
https://rubinoxmetal.com/technical-resources.html,200,https://rubinoxmetal.com/technical-resources.html,0,42,text/html; charset=utf-8,Technical Resources & Standards Charts | Rubinox Metal and Alloys,Technical Resources & Standards Charts,https://rubinoxmetal.com/technical-resources.html,"index,follow",false,true,true,true,
https://rubinoxmetal.com/quality-documentation-support.html,200,https://rubinoxmetal.com/quality-documentation-support.html,0,52,text/html; charset=utf-8,Quality & Documentation Support | Rubinox Metal and Alloys,Quality & Documentation Support,https://rubinoxmetal.com/quality-documentation-support.html,"index,follow",false,true,true,true,
https://rubinoxmetal.com/knowledge-hub-author.html,200,https://rubinoxmetal.com/knowledge-hub-author.html,0,46,text/html; charset=utf-8,Rubinox Metal and Alloys Procurement Team | Editorial Review,Rubinox Metal and Alloys Procurement Team,https://rubinoxmetal.com/knowledge-hub-author.html,"index,follow",false,true,true,true,
https://rubinoxmetal.com/materials/astm-a335-p5-pipe-supplier-india.html,200,https://rubinoxmetal.com/materials/astm-a335-p5-pipe-supplier-india.html,0,53,text/html; charset=utf-8,ASTM A335 P5 Pipe Supplier in India | Rubinox,ASTM A335 P5 Pipe Supplier in India,https://rubinoxmetal.com/materials/astm-a335-p5-pipe-supplier-india.html,"index,follow",false,true,true,true,
https://rubinoxmetal.com/materials/astm-a335-p9-pipe-supplier-india.html,200,https://rubinoxmetal.com/materials/astm-a335-p9-pipe-supplier-india.html,0,49,text/html; charset=utf-8,ASTM A335 P9 Pipe Supplier in India | Rubinox,ASTM A335 P9 Pipe Supplier in India,https://rubinoxmetal.com/materials/astm-a335-p9-pipe-supplier-india.html,"index,follow",false,true,true,true,
https://rubinoxmetal.com/materials/sa-210-grade-a1-boiler-tube-supplier-india.html,200,https://rubinoxmetal.com/materials/sa-210-grade-a1-boiler-tube-supplier-india.html,0,52,text/html; charset=utf-8,SA 210 Grade A1 Boiler Tube Supplier in India | Rubinox,SA 210 Grade A1 Boiler Tube Supplier in India,https://rubinoxmetal.com/materials/sa-210-grade-a1-boiler-tube-supplier-india.html,"index,follow",false,true,true,true,
https://rubinoxmetal.com/materials/sa-213-t11-tube-supplier-india.html,200,https://rubinoxmetal.com/materials/sa-213-t11-tube-supplier-india.html,0,47,text/html; charset=utf-8,SA 213 T11 Tube Supplier in India | Rubinox,SA 213 T11 Tube Supplier in India,https://rubinoxmetal.com/materials/sa-213-t11-tube-supplier-india.html,"index,follow",false,true,true,true,
https://rubinoxmetal.com/materials/sa-213-t22-tube-supplier-india.html,200,https://rubinoxmetal.com/materials/sa-213-t22-tube-supplier-india.html,0,55,text/html; charset=utf-8,SA 213 T22 Tube Supplier in India | Rubinox,SA 213 T22 Tube Supplier in India,https://rubinoxmetal.com/materials/sa-213-t22-tube-supplier-india.html,"index,follow",false,true,true,true,
https://rubinoxmetal.com/materials/sa-213-t91-tube-supplier-india.html,200,https://rubinoxmetal.com/materials/sa-213-t91-tube-supplier-india.html,0,58,text/html; charset=utf-8,SA 213 T91 Tube Supplier in India | Rubinox,SA 213 T91 Tube Supplier in India,https://rubinoxmetal.com/materials/sa-213-t91-tube-supplier-india.html,"index,follow",false,true,true,true,
https://rubinoxmetal.com/materials/en-10216-seamless-pipe-supplier-india.html,200,https://rubinoxmetal.com/materials/en-10216-seamless-pipe-supplier-india.html,0,57,text/html; charset=utf-8,EN 10216 Seamless Pipe Supplier in India | Rubinox,EN 10216 Seamless Pipe Supplier in India,https://rubinoxmetal.com/materials/en-10216-seamless-pipe-supplier-india.html,"index,follow",false,true,true,true,
https://rubinoxmetal.com/materials/en-10217-welded-pipe-supplier-india.html,200,https://rubinoxmetal.com/materials/en-10217-welded-pipe-supplier-india.html,0,53,text/html; charset=utf-8,EN 10217 Welded Pipe Supplier in India | Rubinox,EN 10217 Welded Pipe Supplier in India,https://rubinoxmetal.com/materials/en-10217-welded-pipe-supplier-india.html,"index,follow",false,true,true,true,
https://rubinoxmetal.com/materials/en-10305-1-precision-tube-supplier-india.html,200,https://rubinoxmetal.com/materials/en-10305-1-precision-tube-supplier-india.html,0,55,text/html; charset=utf-8,EN 10305-1 Precision Tube Supplier in India | Rubinox,EN 10305-1 Precision Tube Supplier in India,https://rubinoxmetal.com/materials/en-10305-1-precision-tube-supplier-india.html,"index,follow",false,true,true,true,
https://rubinoxmetal.com/materials/din-2448-seamless-pipe-supplier-india.html,200,https://rubinoxmetal.com/materials/din-2448-seamless-pipe-supplier-india.html,0,49,text/html; charset=utf-8,DIN 2448 Seamless Pipe Supplier in India | Rubinox,DIN 2448 Seamless Pipe Supplier in India,https://rubinoxmetal.com/materials/din-2448-seamless-pipe-supplier-india.html,"index,follow",false,true,true,true,
https://rubinoxmetal.com/materials/din-2391-precision-tube-supplier-india.html,200,https://rubinoxmetal.com/materials/din-2391-precision-tube-supplier-india.html,0,57,text/html; charset=utf-8,DIN 2391 Precision Tube Supplier in India | Rubinox,DIN 2391 Precision Tube Supplier in India,https://rubinoxmetal.com/materials/din-2391-precision-tube-supplier-india.html,"index,follow",false,true,true,true,
https://rubinoxmetal.com/materials/schedule-40-pipe-supplier-india.html,200,https://rubinoxmetal.com/materials/schedule-40-pipe-supplier-india.html,0,64,text/html; charset=utf-8,Schedule 40 Pipe Supplier in India | Rubinox,Schedule 40 Pipe Supplier in India,https://rubinoxmetal.com/materials/schedule-40-pipe-supplier-india.html,"index,follow",false,true,true,true,
https://rubinoxmetal.com/materials/schedule-80-pipe-supplier-india.html,200,https://rubinoxmetal.com/materials/schedule-80-pipe-supplier-india.html,0,64,text/html; charset=utf-8,Schedule 80 Pipe Supplier in India | Rubinox,Schedule 80 Pipe Supplier in India,https://rubinoxmetal.com/materials/schedule-80-pipe-supplier-india.html,"index,follow",false,true,true,true,
https://rubinoxmetal.com/materials/seamless-pipe-supplier-india.html,200,https://rubinoxmetal.com/materials/seamless-pipe-supplier-india.html,0,64,text/html; charset=utf-8,Seamless Pipe Supplier in India | Rubinox,Seamless Pipe Supplier in India,https://rubinoxmetal.com/materials/seamless-pipe-supplier-india.html,"index,follow",false,true,true,true,
https://rubinoxmetal.com/materials/welded-pipe-supplier-india.html,200,https://rubinoxmetal.com/materials/welded-pipe-supplier-india.html,0,67,text/html; charset=utf-8,Welded Pipe Supplier in India | Rubinox,Welded Pipe Supplier in India,https://rubinoxmetal.com/materials/welded-pipe-supplier-india.html,"index,follow",false,true,true,true,
https://rubinoxmetal.com/stainless-steel-price-factors-india.html,200,https://rubinoxmetal.com/stainless-steel-price-factors-india.html,0,62,text/html; charset=utf-8,Stainless Steel Price Factors in India | RFQ Guide | Rubinox,Stainless Steel Price Factors in India,https://rubinoxmetal.com/stainless-steel-price-factors-india.html,"index,follow",false,true,true,true,
https://rubinoxmetal.com/stainless-steel-pipe-price-factors-india.html,200,https://rubinoxmetal.com/stainless-steel-pipe-price-factors-india.html,0,49,text/html; charset=utf-8,Stainless Steel Pipe Price Factors in India | RFQ Guide | Rubinox,Stainless Steel Pipe Price Factors in India,https://rubinoxmetal.com/stainless-steel-pipe-price-factors-india.html,"index,follow",false,true,true,true,
https://rubinoxmetal.com/ss-304-price-factors-india.html,200,https://rubinoxmetal.com/ss-304-price-factors-india.html,0,55,text/html; charset=utf-8,SS 304 Price Factors in India | RFQ Guide | Rubinox,SS 304 Price Factors in India,https://rubinoxmetal.com/ss-304-price-factors-india.html,"index,follow",false,true,true,true,
https://rubinoxmetal.com/ss-316l-price-factors-india.html,200,https://rubinoxmetal.com/ss-316l-price-factors-india.html,0,54,text/html; charset=utf-8,SS 316L Price Factors in India | RFQ Guide | Rubinox,SS 316L Price Factors in India,https://rubinoxmetal.com/ss-316l-price-factors-india.html,"index,follow",false,true,true,true,
https://rubinoxmetal.com/inconel-625-price-factors-india.html,200,https://rubinoxmetal.com/inconel-625-price-factors-india.html,0,55,text/html; charset=utf-8,Inconel 625 Price Factors in India | RFQ Guide | Rubinox,Inconel 625 Price Factors in India,https://rubinoxmetal.com/inconel-625-price-factors-india.html,"index,follow",false,true,true,true,
https://rubinoxmetal.com/duplex-2205-price-factors-india.html,200,https://rubinoxmetal.com/duplex-2205-price-factors-india.html,0,66,text/html; charset=utf-8,Duplex 2205 Price Factors in India | RFQ Guide | Rubinox,Duplex 2205 Price Factors in India,https://rubinoxmetal.com/duplex-2205-price-factors-india.html,"index,follow",false,true,true,true,
https://rubinoxmetal.com/company-profile.html,200,https://rubinoxmetal.com/company-profile.html,0,56,text/html; charset=utf-8,Company Profile | Rubinox Metal and Alloys,Rubinox Metal and Alloys Company Profile,https://rubinoxmetal.com/company-profile.html,"index,follow",false,true,true,true,
https://rubinoxmetal.com/material-location/ss-304-welded-pipes-chennai.html,200,https://rubinoxmetal.com/material-location/ss-304-welded-pipes-chennai.html,0,56,text/html; charset=utf-8,SS 304 Welded Pipes Supplier in Chennai | Rubinox,SS 304 Welded Pipes Supplier in Chennai,https://rubinoxmetal.com/material-location/ss-304-welded-pipes-chennai.html,"index,follow",false,true,true,true,
https://rubinoxmetal.com/material-location/ss-316-sheets-hyderabad.html,200,https://rubinoxmetal.com/material-location/ss-316-sheets-hyderabad.html,0,45,text/html; charset=utf-8,SS 316 Sheets Supplier in Hyderabad | Rubinox,SS 316 Sheets Supplier in Hyderabad,https://rubinoxmetal.com/material-location/ss-316-sheets-hyderabad.html,"index,follow",false,true,true,true,
https://rubinoxmetal.com/material-location/ss-316l-pipes-ahmedabad.html,200,https://rubinoxmetal.com/material-location/ss-316l-pipes-ahmedabad.html,0,39,text/html; charset=utf-8,SS 316L Pipes Supplier in Ahmedabad | Rubinox,SS 316L Pipes Supplier in Ahmedabad,https://rubinoxmetal.com/material-location/ss-316l-pipes-ahmedabad.html,"index,follow",false,true,true,true,
https://rubinoxmetal.com/material-location/ss-304-round-bars-pune.html,200,https://rubinoxmetal.com/material-location/ss-304-round-bars-pune.html,0,37,text/html; charset=utf-8,SS 304 Round Bars Supplier in Pune | Rubinox,SS 304 Round Bars Supplier in Pune,https://rubinoxmetal.com/material-location/ss-304-round-bars-pune.html,"index,follow",false,true,true,true,
https://rubinoxmetal.com/material-location/ss-316-fittings-mumbai.html,200,https://rubinoxmetal.com/material-location/ss-316-fittings-mumbai.html,0,34,text/html; charset=utf-8,SS 316 Fittings Supplier in Mumbai | Rubinox,SS 316 Fittings Supplier in Mumbai,https://rubinoxmetal.com/material-location/ss-316-fittings-mumbai.html,"index,follow",false,true,true,true,
https://rubinoxmetal.com/material-location/ss-304-plates-bengaluru.html,200,https://rubinoxmetal.com/material-location/ss-304-plates-bengaluru.html,0,31,text/html; charset=utf-8,SS 304 Plates Supplier in Bengaluru | Rubinox,SS 304 Plates Supplier in Bengaluru,https://rubinoxmetal.com/material-location/ss-304-plates-bengaluru.html,"index,follow",false,true,true,true,
https://rubinoxmetal.com/material-location/stainless-steel-coils-surat.html,200,https://rubinoxmetal.com/material-location/stainless-steel-coils-surat.html,0,34,text/html; charset=utf-8,Stainless Steel Coils Supplier in Surat | Rubinox,Stainless Steel Coils Supplier in Surat,https://rubinoxmetal.com/material-location/stainless-steel-coils-surat.html,"index,follow",false,true,true,true,
https://rubinoxmetal.com/material-location/stainless-steel-flanges-vadodara.html,200,https://rubinoxmetal.com/material-location/stainless-steel-flanges-vadodara.html,0,34,text/html; charset=utf-8,Stainless Steel Flanges Supplier in Vadodara | Rubinox,Stainless Steel Flanges Supplier in Vadodara,https://rubinoxmetal.com/material-location/stainless-steel-flanges-vadodara.html,"index,follow",false,true,true,true,
https://rubinoxmetal.com/material-location/duplex-2205-pipes-mumbai.html,200,https://rubinoxmetal.com/material-location/duplex-2205-pipes-mumbai.html,0,34,text/html; charset=utf-8,Duplex 2205 Pipes Supplier in Mumbai | Rubinox,Duplex 2205 Pipes Supplier in Mumbai,https://rubinoxmetal.com/material-location/duplex-2205-pipes-mumbai.html,"index,follow",false,true,true,true,
https://rubinoxmetal.com/material-location/inconel-625-round-bars-hyderabad.html,200,https://rubinoxmetal.com/material-location/inconel-625-round-bars-hyderabad.html,0,31,text/html; charset=utf-8,Inconel 625 Round Bars Supplier in Hyderabad | Rubinox,Inconel 625 Round Bars Supplier in Hyderabad,https://rubinoxmetal.com/material-location/inconel-625-round-bars-hyderabad.html,"index,follow",false,true,true,true,
https://rubinoxmetal.com/material-location/ss-304-fittings-mumbai.html,200,https://rubinoxmetal.com/material-location/ss-304-fittings-mumbai.html,0,32,text/html; charset=utf-8,SS 304 Fittings Supplier in Mumbai | Rubinox,SS 304 Fittings Supplier in Mumbai,https://rubinoxmetal.com/material-location/ss-304-fittings-mumbai.html,"index,follow",false,true,true,true,
https://rubinoxmetal.com/material-location/ss-304-fittings-pune.html,200,https://rubinoxmetal.com/material-location/ss-304-fittings-pune.html,0,28,text/html; charset=utf-8,SS 304 Fittings Supplier in Pune | Rubinox,SS 304 Fittings Supplier in Pune,https://rubinoxmetal.com/material-location/ss-304-fittings-pune.html,"index,follow",false,true,true,true,
https://rubinoxmetal.com/material-location/ss-304-fittings-ahmedabad.html,200,https://rubinoxmetal.com/material-location/ss-304-fittings-ahmedabad.html,0,29,text/html; charset=utf-8,SS 304 Fittings Supplier in Ahmedabad | Rubinox,SS 304 Fittings Supplier in Ahmedabad,https://rubinoxmetal.com/material-location/ss-304-fittings-ahmedabad.html,"index,follow",false,true,true,true,
https://rubinoxmetal.com/material-location/ss-304-fittings-bengaluru.html,200,https://rubinoxmetal.com/material-location/ss-304-fittings-bengaluru.html,0,31,text/html; charset=utf-8,SS 304 Fittings Supplier in Bengaluru | Rubinox,SS 304 Fittings Supplier in Bengaluru,https://rubinoxmetal.com/material-location/ss-304-fittings-bengaluru.html,"index,follow",false,true,true,true,
https://rubinoxmetal.com/material-location/ss-304-fittings-chakan-pimpri-chinchwad.html,200,https://rubinoxmetal.com/material-location/ss-304-fittings-chakan-pimpri-chinchwad.html,0,30,text/html; charset=utf-8,SS 304 Fittings Supplier in Chakan and Pimpri-Chinchwad | Rubinox,SS 304 Fittings Supplier in Chakan and Pimpri-Chinchwad,https://rubinoxmetal.com/material-location/ss-304-fittings-chakan-pimpri-chinchwad.html,"index,follow",false,true,true,true,
https://rubinoxmetal.com/material-location/ss-304-fittings-chennai.html,200,https://rubinoxmetal.com/material-location/ss-304-fittings-chennai.html,0,28,text/html; charset=utf-8,SS 304 Fittings Supplier in Chennai | Rubinox,SS 304 Fittings Supplier in Chennai,https://rubinoxmetal.com/material-location/ss-304-fittings-chennai.html,"index,follow",false,true,true,true,
https://rubinoxmetal.com/material-location/ss-304-fittings-hyderabad.html,200,https://rubinoxmetal.com/material-location/ss-304-fittings-hyderabad.html,0,31,text/html; charset=utf-8,SS 304 Fittings Supplier in Hyderabad | Rubinox,SS 304 Fittings Supplier in Hyderabad,https://rubinoxmetal.com/material-location/ss-304-fittings-hyderabad.html,"index,follow",false,true,true,true,
https://rubinoxmetal.com/material-location/ss-304-fittings-vadodara.html,200,https://rubinoxmetal.com/material-location/ss-304-fittings-vadodara.html,0,28,text/html; charset=utf-8,SS 304 Fittings Supplier in Vadodara | Rubinox,SS 304 Fittings Supplier in Vadodara,https://rubinoxmetal.com/material-location/ss-304-fittings-vadodara.html,"index,follow",false,true,true,true,
https://rubinoxmetal.com/material-location/ss-304-fittings-ankleshwar.html,200,https://rubinoxmetal.com/material-location/ss-304-fittings-ankleshwar.html,0,28,text/html; charset=utf-8,SS 304 Fittings Supplier in Ankleshwar | Rubinox,SS 304 Fittings Supplier in Ankleshwar,https://rubinoxmetal.com/material-location/ss-304-fittings-ankleshwar.html,"index,follow",false,true,true,true,
https://rubinoxmetal.com/material-location/ss-304-fittings-delhi.html,200,https://rubinoxmetal.com/material-location/ss-304-fittings-delhi.html,0,31,text/html; charset=utf-8,SS 304 Fittings Supplier in Delhi NCR | Rubinox,SS 304 Fittings Supplier in Delhi NCR,https://rubinoxmetal.com/material-location/ss-304-fittings-delhi.html,"index,follow",false,true,true,true,
https://rubinoxmetal.com/material-location/ss-304-fittings-bharuch.html,200,https://rubinoxmetal.com/material-location/ss-304-fittings-bharuch.html,0,32,text/html; charset=utf-8,SS 304 Fittings Supplier in Bharuch | Rubinox,SS 304 Fittings Supplier in Bharuch,https://rubinoxmetal.com/material-location/ss-304-fittings-bharuch.html,"index,follow",false,true,true,true,
https://rubinoxmetal.com/material-location/ss-304-fittings-coimbatore.html,200,https://rubinoxmetal.com/material-location/ss-304-fittings-coimbatore.html,0,34,text/html; charset=utf-8,SS 304 Fittings Supplier in Coimbatore | Rubinox,SS 304 Fittings Supplier in Coimbatore,https://rubinoxmetal.com/material-location/ss-304-fittings-coimbatore.html,"index,follow",false,true,true,true,
https://rubinoxmetal.com/material-location/ss-304-fittings-faridabad.html,200,https://rubinoxmetal.com/material-location/ss-304-fittings-faridabad.html,0,34,text/html; charset=utf-8,SS 304 Fittings Supplier in Faridabad | Rubinox,SS 304 Fittings Supplier in Faridabad,https://rubinoxmetal.com/material-location/ss-304-fittings-faridabad.html,"index,follow",false,true,true,true,
https://rubinoxmetal.com/material-location/ss-304-fittings-gurugram-manesar.html,200,https://rubinoxmetal.com/material-location/ss-304-fittings-gurugram-manesar.html,0,34,text/html; charset=utf-8,SS 304 Fittings Supplier in Gurugram and Manesar | Rubinox,SS 304 Fittings Supplier in Gurugram and Manesar,https://rubinoxmetal.com/material-location/ss-304-fittings-gurugram-manesar.html,"index,follow",false,true,true,true,
https://rubinoxmetal.com/material-location/ss-304-fittings-vapi.html,200,https://rubinoxmetal.com/material-location/ss-304-fittings-vapi.html,0,33,text/html; charset=utf-8,SS 304 Fittings Supplier in Vapi | Rubinox,SS 304 Fittings Supplier in Vapi,https://rubinoxmetal.com/material-location/ss-304-fittings-vapi.html,"index,follow",false,true,true,true,
https://rubinoxmetal.com/material-location/ss-304-fittings-visakhapatnam.html,200,https://rubinoxmetal.com/material-location/ss-304-fittings-visakhapatnam.html,0,32,text/html; charset=utf-8,SS 304 Fittings Supplier in Visakhapatnam | Rubinox,SS 304 Fittings Supplier in Visakhapatnam,https://rubinoxmetal.com/material-location/ss-304-fittings-visakhapatnam.html,"index,follow",false,true,true,true,
https://rubinoxmetal.com/material-location/ss-304-fittings-hosur.html,200,https://rubinoxmetal.com/material-location/ss-304-fittings-hosur.html,0,31,text/html; charset=utf-8,SS 304 Fittings Supplier in Hosur | Rubinox,SS 304 Fittings Supplier in Hosur,https://rubinoxmetal.com/material-location/ss-304-fittings-hosur.html,"index,follow",false,true,true,true,
https://rubinoxmetal.com/material-location/ss-304-fittings-indore-pithampur.html,200,https://rubinoxmetal.com/material-location/ss-304-fittings-indore-pithampur.html,0,30,text/html; charset=utf-8,SS 304 Fittings Supplier in Indore and Pithampur | Rubinox,SS 304 Fittings Supplier in Indore and Pithampur,https://rubinoxmetal.com/material-location/ss-304-fittings-indore-pithampur.html,"index,follow",false,true,true,true,
https://rubinoxmetal.com/material-location/ss-304-fittings-jamnagar.html,200,https://rubinoxmetal.com/material-location/ss-304-fittings-jamnagar.html,0,42,text/html; charset=utf-8,SS 304 Fittings Supplier in Jamnagar | Rubinox,SS 304 Fittings Supplier in Jamnagar,https://rubinoxmetal.com/material-location/ss-304-fittings-jamnagar.html,"index,follow",false,true,true,true,
https://rubinoxmetal.com/material-location/ss-304-fittings-jamshedpur.html,200,https://rubinoxmetal.com/material-location/ss-304-fittings-jamshedpur.html,0,29,text/html; charset=utf-8,SS 304 Fittings Supplier in Jamshedpur | Rubinox,SS 304 Fittings Supplier in Jamshedpur,https://rubinoxmetal.com/material-location/ss-304-fittings-jamshedpur.html,"index,follow",false,true,true,true,
https://rubinoxmetal.com/material-location/ss-304-fittings-navi-mumbai.html,200,https://rubinoxmetal.com/material-location/ss-304-fittings-navi-mumbai.html,0,33,text/html; charset=utf-8,SS 304 Fittings Supplier in Navi Mumbai | Rubinox,SS 304 Fittings Supplier in Navi Mumbai,https://rubinoxmetal.com/material-location/ss-304-fittings-navi-mumbai.html,"index,follow",false,true,true,true,
https://rubinoxmetal.com/material-location/ss-304-fittings-noida.html,200,https://rubinoxmetal.com/material-location/ss-304-fittings-noida.html,0,31,text/html; charset=utf-8,SS 304 Fittings Supplier in Noida | Rubinox,SS 304 Fittings Supplier in Noida,https://rubinoxmetal.com/material-location/ss-304-fittings-noida.html,"index,follow",false,true,true,true,
https://rubinoxmetal.com/material-location/ss-304-fittings-sriperumbudur-oragadam.html,200,https://rubinoxmetal.com/material-location/ss-304-fittings-sriperumbudur-oragadam.html,0,31,text/html; charset=utf-8,SS 304 Fittings Supplier in Sriperumbudur and Oragadam | Rubinox,SS 304 Fittings Supplier in Sriperumbudur and Oragadam,https://rubinoxmetal.com/material-location/ss-304-fittings-sriperumbudur-oragadam.html,"index,follow",false,true,true,true,
https://rubinoxmetal.com/material-location/ss-304-fittings-surat.html,200,https://rubinoxmetal.com/material-location/ss-304-fittings-surat.html,0,34,text/html; charset=utf-8,SS 304 Fittings Supplier in Surat | Rubinox,SS 304 Fittings Supplier in Surat,https://rubinoxmetal.com/material-location/ss-304-fittings-surat.html,"index,follow",false,true,true,true,
https://rubinoxmetal.com/material-location/ss-304-fittings-dholera-sanand.html,200,https://rubinoxmetal.com/material-location/ss-304-fittings-dholera-sanand.html,0,31,text/html; charset=utf-8,SS 304 Fittings Supplier in Dholera and Sanand | Rubinox,SS 304 Fittings Supplier in Dholera and Sanand,https://rubinoxmetal.com/material-location/ss-304-fittings-dholera-sanand.html,"index,follow",false,true,true,true,
https://rubinoxmetal.com/material-location/ss-304-fittings-greater-noida.html,200,https://rubinoxmetal.com/material-location/ss-304-fittings-greater-noida.html,0,32,text/html; charset=utf-8,SS 304 Fittings Supplier in Greater Noida | Rubinox,SS 304 Fittings Supplier in Greater Noida,https://rubinoxmetal.com/material-location/ss-304-fittings-greater-noida.html,"index,follow",false,true,true,true,
https://rubinoxmetal.com/material-location/ss-304-fittings-kolkata-howrah-durgapur.html,200,https://rubinoxmetal.com/material-location/ss-304-fittings-kolkata-howrah-durgapur.html,0,29,text/html; charset=utf-8,"SS 304 Fittings Supplier in Kolkata, Howrah and Durgapur | Rubinox","SS 304 Fittings Supplier in Kolkata, Howrah and Durgapur",https://rubinoxmetal.com/material-location/ss-304-fittings-kolkata-howrah-durgapur.html,"index,follow",false,true,true,true,
https://rubinoxmetal.com/material-location/ss-304-fittings-ludhiana.html,200,https://rubinoxmetal.com/material-location/ss-304-fittings-ludhiana.html,0,32,text/html; charset=utf-8,SS 304 Fittings Supplier in Ludhiana | Rubinox,SS 304 Fittings Supplier in Ludhiana,https://rubinoxmetal.com/material-location/ss-304-fittings-ludhiana.html,"index,follow",false,true,true,true,
https://rubinoxmetal.com/material-location/ss-304-fittings-thane.html,200,https://rubinoxmetal.com/material-location/ss-304-fittings-thane.html,0,32,text/html; charset=utf-8,SS 304 Fittings Supplier in Thane | Rubinox,SS 304 Fittings Supplier in Thane,https://rubinoxmetal.com/material-location/ss-304-fittings-thane.html,"index,follow",false,true,true,true,
https://rubinoxmetal.com/material-location/ss-304-fittings-kakinada.html,200,https://rubinoxmetal.com/material-location/ss-304-fittings-kakinada.html,0,30,text/html; charset=utf-8,SS 304 Fittings Supplier in Kakinada | Rubinox,SS 304 Fittings Supplier in Kakinada,https://rubinoxmetal.com/material-location/ss-304-fittings-kakinada.html,"index,follow",false,true,true,true,
https://rubinoxmetal.com/material-location/ss-304-fittings-rajkot.html,200,https://rubinoxmetal.com/material-location/ss-304-fittings-rajkot.html,0,30,text/html; charset=utf-8,SS 304 Fittings Supplier in Rajkot | Rubinox,SS 304 Fittings Supplier in Rajkot,https://rubinoxmetal.com/material-location/ss-304-fittings-rajkot.html,"index,follow",false,true,true,true,
https://rubinoxmetal.com/material-location/ss-304-fittings-ghaziabad.html,200,https://rubinoxmetal.com/material-location/ss-304-fittings-ghaziabad.html,0,30,text/html; charset=utf-8,SS 304 Fittings Supplier in Ghaziabad | Rubinox,SS 304 Fittings Supplier in Ghaziabad,https://rubinoxmetal.com/material-location/ss-304-fittings-ghaziabad.html,"index,follow",false,true,true,true,
https://rubinoxmetal.com/material-location/ss-304-fittings-nashik.html,200,https://rubinoxmetal.com/material-location/ss-304-fittings-nashik.html,0,31,text/html; charset=utf-8,SS 304 Fittings Supplier in Nashik | Rubinox,SS 304 Fittings Supplier in Nashik,https://rubinoxmetal.com/material-location/ss-304-fittings-nashik.html,"index,follow",false,true,true,true,
https://rubinoxmetal.com/material-location/ss-304-fittings-salem.html,200,https://rubinoxmetal.com/material-location/ss-304-fittings-salem.html,0,30,text/html; charset=utf-8,SS 304 Fittings Supplier in Salem | Rubinox,SS 304 Fittings Supplier in Salem,https://rubinoxmetal.com/material-location/ss-304-fittings-salem.html,"index,follow",false,true,true,true,
https://rubinoxmetal.com/material-location/ss-304-fittings-tiruchirappalli.html,200,https://rubinoxmetal.com/material-location/ss-304-fittings-tiruchirappalli.html,0,30,text/html; charset=utf-8,SS 304 Fittings Supplier in Tiruchirappalli / Trichy | Rubinox,SS 304 Fittings Supplier in Tiruchirappalli / Trichy,https://rubinoxmetal.com/material-location/ss-304-fittings-tiruchirappalli.html,"index,follow",false,true,true,true,
https://rubinoxmetal.com/material-location/ss-304-fittings-chhatrapati-sambhajinagar-aurangabad.html,200,https://rubinoxmetal.com/material-location/ss-304-fittings-chhatrapati-sambhajinagar-aurangabad.html,0,30,text/html; charset=utf-8,SS 304 Fittings in Aurangabad | Rubinox,SS 304 Fittings Supplier in Chhatrapati Sambhajinagar / Aurangabad,https://rubinoxmetal.com/material-location/ss-304-fittings-chhatrapati-sambhajinagar-aurangabad.html,"index,follow",false,true,true,true,
https://rubinoxmetal.com/material-location/ss-304-fittings-jaipur.html,200,https://rubinoxmetal.com/material-location/ss-304-fittings-jaipur.html,0,30,text/html; charset=utf-8,SS 304 Fittings Supplier in Jaipur | Rubinox,SS 304 Fittings Supplier in Jaipur,https://rubinoxmetal.com/material-location/ss-304-fittings-jaipur.html,"index,follow",false,true,true,true,
https://rubinoxmetal.com/material-location/ss-304-fittings-mangaluru.html,200,https://rubinoxmetal.com/material-location/ss-304-fittings-mangaluru.html,0,23,text/html; charset=utf-8,SS 304 Fittings Supplier in Mangaluru | Rubinox,SS 304 Fittings Supplier in Mangaluru,https://rubinoxmetal.com/material-location/ss-304-fittings-mangaluru.html,"index,follow",false,true,true,true,
https://rubinoxmetal.com/material-location/ss-304-fittings-mysuru.html,200,https://rubinoxmetal.com/material-location/ss-304-fittings-mysuru.html,0,27,text/html; charset=utf-8,SS 304 Fittings Supplier in Mysuru | Rubinox,SS 304 Fittings Supplier in Mysuru,https://rubinoxmetal.com/material-location/ss-304-fittings-mysuru.html,"index,follow",false,true,true,true,
https://rubinoxmetal.com/material-location/ss-304-fittings-nagpur.html,200,https://rubinoxmetal.com/material-location/ss-304-fittings-nagpur.html,0,26,text/html; charset=utf-8,SS 304 Fittings Supplier in Nagpur / Butibori | Rubinox,SS 304 Fittings Supplier in Nagpur / Butibori,https://rubinoxmetal.com/material-location/ss-304-fittings-nagpur.html,"index,follow",false,true,true,true,
https://rubinoxmetal.com/material-location/ss-304-fittings-bhopal-mandideep.html,200,https://rubinoxmetal.com/material-location/ss-304-fittings-bhopal-mandideep.html,0,26,text/html; charset=utf-8,SS 304 Fittings Supplier in Bhopal and Mandideep | Rubinox,SS 304 Fittings Supplier in Bhopal and Mandideep,https://rubinoxmetal.com/material-location/ss-304-fittings-bhopal-mandideep.html,"index,follow",false,true,true,true,
https://rubinoxmetal.com/material-location/ss-304-fittings-vijayawada.html,200,https://rubinoxmetal.com/material-location/ss-304-fittings-vijayawada.html,0,25,text/html; charset=utf-8,SS 304 Fittings Supplier in Vijayawada | Rubinox,SS 304 Fittings Supplier in Vijayawada,https://rubinoxmetal.com/material-location/ss-304-fittings-vijayawada.html,"index,follow",false,true,true,true,
https://rubinoxmetal.com/material-location/ss-304-fittings-zaheerabad.html,200,https://rubinoxmetal.com/material-location/ss-304-fittings-zaheerabad.html,0,27,text/html; charset=utf-8,SS 304 Fittings Supplier in Zaheerabad | Rubinox,SS 304 Fittings Supplier in Zaheerabad,https://rubinoxmetal.com/material-location/ss-304-fittings-zaheerabad.html,"index,follow",false,true,true,true,
https://rubinoxmetal.com/material-location/ss-304-flanges-mumbai.html,200,https://rubinoxmetal.com/material-location/ss-304-flanges-mumbai.html,0,24,text/html; charset=utf-8,SS 304 Flanges Supplier in Mumbai | Rubinox,SS 304 Flanges Supplier in Mumbai,https://rubinoxmetal.com/material-location/ss-304-flanges-mumbai.html,"index,follow",false,true,true,true,
https://rubinoxmetal.com/material-location/ss-304-flanges-pune.html,200,https://rubinoxmetal.com/material-location/ss-304-flanges-pune.html,0,25,text/html; charset=utf-8,SS 304 Flanges Supplier in Pune | Rubinox,SS 304 Flanges Supplier in Pune,https://rubinoxmetal.com/material-location/ss-304-flanges-pune.html,"index,follow",false,true,true,true,
https://rubinoxmetal.com/material-location/ss-304-flanges-ahmedabad.html,200,https://rubinoxmetal.com/material-location/ss-304-flanges-ahmedabad.html,0,23,text/html; charset=utf-8,SS 304 Flanges Supplier in Ahmedabad | Rubinox,SS 304 Flanges Supplier in Ahmedabad,https://rubinoxmetal.com/material-location/ss-304-flanges-ahmedabad.html,"index,follow",false,true,true,true,
https://rubinoxmetal.com/material-location/ss-304-flanges-bengaluru.html,200,https://rubinoxmetal.com/material-location/ss-304-flanges-bengaluru.html,0,22,text/html; charset=utf-8,SS 304 Flanges Supplier in Bengaluru | Rubinox,SS 304 Flanges Supplier in Bengaluru,https://rubinoxmetal.com/material-location/ss-304-flanges-bengaluru.html,"index,follow",false,true,true,true,
https://rubinoxmetal.com/material-location/ss-304-flanges-chakan-pimpri-chinchwad.html,200,https://rubinoxmetal.com/material-location/ss-304-flanges-chakan-pimpri-chinchwad.html,0,27,text/html; charset=utf-8,SS 304 Flanges Supplier in Chakan and Pimpri-Chinchwad | Rubinox,SS 304 Flanges Supplier in Chakan and Pimpri-Chinchwad,https://rubinoxmetal.com/material-location/ss-304-flanges-chakan-pimpri-chinchwad.html,"index,follow",false,true,true,true,
https://rubinoxmetal.com/material-location/ss-304-flanges-chennai.html,200,https://rubinoxmetal.com/material-location/ss-304-flanges-chennai.html,0,24,text/html; charset=utf-8,SS 304 Flanges Supplier in Chennai | Rubinox,SS 304 Flanges Supplier in Chennai,https://rubinoxmetal.com/material-location/ss-304-flanges-chennai.html,"index,follow",false,true,true,true,
https://rubinoxmetal.com/material-location/ss-304-flanges-hyderabad.html,200,https://rubinoxmetal.com/material-location/ss-304-flanges-hyderabad.html,0,21,text/html; charset=utf-8,SS 304 Flanges Supplier in Hyderabad | Rubinox,SS 304 Flanges Supplier in Hyderabad,https://rubinoxmetal.com/material-location/ss-304-flanges-hyderabad.html,"index,follow",false,true,true,true,
https://rubinoxmetal.com/material-location/ss-304-flanges-vadodara.html,200,https://rubinoxmetal.com/material-location/ss-304-flanges-vadodara.html,0,23,text/html; charset=utf-8,SS 304 Flanges Supplier in Vadodara | Rubinox,SS 304 Flanges Supplier in Vadodara,https://rubinoxmetal.com/material-location/ss-304-flanges-vadodara.html,"index,follow",false,true,true,true,
https://rubinoxmetal.com/material-location/ss-304-flanges-ankleshwar.html,200,https://rubinoxmetal.com/material-location/ss-304-flanges-ankleshwar.html,0,23,text/html; charset=utf-8,SS 304 Flanges Supplier in Ankleshwar | Rubinox,SS 304 Flanges Supplier in Ankleshwar,https://rubinoxmetal.com/material-location/ss-304-flanges-ankleshwar.html,"index,follow",false,true,true,true,
https://rubinoxmetal.com/material-location/ss-304-flanges-delhi.html,200,https://rubinoxmetal.com/material-location/ss-304-flanges-delhi.html,0,23,text/html; charset=utf-8,SS 304 Flanges Supplier in Delhi NCR | Rubinox,SS 304 Flanges Supplier in Delhi NCR,https://rubinoxmetal.com/material-location/ss-304-flanges-delhi.html,"index,follow",false,true,true,true,
https://rubinoxmetal.com/material-location/ss-304-flanges-bharuch.html,200,https://rubinoxmetal.com/material-location/ss-304-flanges-bharuch.html,0,26,text/html; charset=utf-8,SS 304 Flanges Supplier in Bharuch | Rubinox,SS 304 Flanges Supplier in Bharuch,https://rubinoxmetal.com/material-location/ss-304-flanges-bharuch.html,"index,follow",false,true,true,true,
https://rubinoxmetal.com/material-location/ss-304-flanges-coimbatore.html,200,https://rubinoxmetal.com/material-location/ss-304-flanges-coimbatore.html,0,23,text/html; charset=utf-8,SS 304 Flanges Supplier in Coimbatore | Rubinox,SS 304 Flanges Supplier in Coimbatore,https://rubinoxmetal.com/material-location/ss-304-flanges-coimbatore.html,"index,follow",false,true,true,true,
https://rubinoxmetal.com/material-location/ss-304-flanges-faridabad.html,200,https://rubinoxmetal.com/material-location/ss-304-flanges-faridabad.html,0,24,text/html; charset=utf-8,SS 304 Flanges Supplier in Faridabad | Rubinox,SS 304 Flanges Supplier in Faridabad,https://rubinoxmetal.com/material-location/ss-304-flanges-faridabad.html,"index,follow",false,true,true,true,
https://rubinoxmetal.com/material-location/ss-304-flanges-gurugram-manesar.html,200,https://rubinoxmetal.com/material-location/ss-304-flanges-gurugram-manesar.html,0,24,text/html; charset=utf-8,SS 304 Flanges Supplier in Gurugram and Manesar | Rubinox,SS 304 Flanges Supplier in Gurugram and Manesar,https://rubinoxmetal.com/material-location/ss-304-flanges-gurugram-manesar.html,"index,follow",false,true,true,true,
https://rubinoxmetal.com/material-location/ss-304-flanges-vapi.html,200,https://rubinoxmetal.com/material-location/ss-304-flanges-vapi.html,0,25,text/html; charset=utf-8,SS 304 Flanges Supplier in Vapi | Rubinox,SS 304 Flanges Supplier in Vapi,https://rubinoxmetal.com/material-location/ss-304-flanges-vapi.html,"index,follow",false,true,true,true,
https://rubinoxmetal.com/material-location/ss-304-flanges-visakhapatnam.html,200,https://rubinoxmetal.com/material-location/ss-304-flanges-visakhapatnam.html,0,25,text/html; charset=utf-8,SS 304 Flanges Supplier in Visakhapatnam | Rubinox,SS 304 Flanges Supplier in Visakhapatnam,https://rubinoxmetal.com/material-location/ss-304-flanges-visakhapatnam.html,"index,follow",false,true,true,true,
https://rubinoxmetal.com/material-location/ss-304-flanges-hosur.html,200,https://rubinoxmetal.com/material-location/ss-304-flanges-hosur.html,0,24,text/html; charset=utf-8,SS 304 Flanges Supplier in Hosur | Rubinox,SS 304 Flanges Supplier in Hosur,https://rubinoxmetal.com/material-location/ss-304-flanges-hosur.html,"index,follow",false,true,true,true,
https://rubinoxmetal.com/material-location/ss-304-flanges-indore-pithampur.html,200,https://rubinoxmetal.com/material-location/ss-304-flanges-indore-pithampur.html,0,21,text/html; charset=utf-8,SS 304 Flanges Supplier in Indore and Pithampur | Rubinox,SS 304 Flanges Supplier in Indore and Pithampur,https://rubinoxmetal.com/material-location/ss-304-flanges-indore-pithampur.html,"index,follow",false,true,true,true,
https://rubinoxmetal.com/material-location/ss-304-flanges-jamnagar.html,200,https://rubinoxmetal.com/material-location/ss-304-flanges-jamnagar.html,0,23,text/html; charset=utf-8,SS 304 Flanges Supplier in Jamnagar | Rubinox,SS 304 Flanges Supplier in Jamnagar,https://rubinoxmetal.com/material-location/ss-304-flanges-jamnagar.html,"index,follow",false,true,true,true,
https://rubinoxmetal.com/material-location/ss-304-flanges-jamshedpur.html,200,https://rubinoxmetal.com/material-location/ss-304-flanges-jamshedpur.html,0,23,text/html; charset=utf-8,SS 304 Flanges Supplier in Jamshedpur | Rubinox,SS 304 Flanges Supplier in Jamshedpur,https://rubinoxmetal.com/material-location/ss-304-flanges-jamshedpur.html,"index,follow",false,true,true,true,
https://rubinoxmetal.com/material-location/ss-304-flanges-navi-mumbai.html,200,https://rubinoxmetal.com/material-location/ss-304-flanges-navi-mumbai.html,0,24,text/html; charset=utf-8,SS 304 Flanges Supplier in Navi Mumbai | Rubinox,SS 304 Flanges Supplier in Navi Mumbai,https://rubinoxmetal.com/material-location/ss-304-flanges-navi-mumbai.html,"index,follow",false,true,true,true,
https://rubinoxmetal.com/material-location/ss-304-flanges-noida.html,200,https://rubinoxmetal.com/material-location/ss-304-flanges-noida.html,0,23,text/html; charset=utf-8,SS 304 Flanges Supplier in Noida | Rubinox,SS 304 Flanges Supplier in Noida,https://rubinoxmetal.com/material-location/ss-304-flanges-noida.html,"index,follow",false,true,true,true,
https://rubinoxmetal.com/material-location/ss-304-flanges-sriperumbudur-oragadam.html,200,https://rubinoxmetal.com/material-location/ss-304-flanges-sriperumbudur-oragadam.html,0,25,text/html; charset=utf-8,SS 304 Flanges Supplier in Sriperumbudur and Oragadam | Rubinox,SS 304 Flanges Supplier in Sriperumbudur and Oragadam,https://rubinoxmetal.com/material-location/ss-304-flanges-sriperumbudur-oragadam.html,"index,follow",false,true,true,true,
https://rubinoxmetal.com/material-location/ss-304-flanges-surat.html,200,https://rubinoxmetal.com/material-location/ss-304-flanges-surat.html,0,22,text/html; charset=utf-8,SS 304 Flanges Supplier in Surat | Rubinox,SS 304 Flanges Supplier in Surat,https://rubinoxmetal.com/material-location/ss-304-flanges-surat.html,"index,follow",false,true,true,true,
https://rubinoxmetal.com/material-location/ss-304-flanges-dholera-sanand.html,200,https://rubinoxmetal.com/material-location/ss-304-flanges-dholera-sanand.html,0,24,text/html; charset=utf-8,SS 304 Flanges Supplier in Dholera and Sanand | Rubinox,SS 304 Flanges Supplier in Dholera and Sanand,https://rubinoxmetal.com/material-location/ss-304-flanges-dholera-sanand.html,"index,follow",false,true,true,true,
https://rubinoxmetal.com/material-location/ss-304-flanges-greater-noida.html,200,https://rubinoxmetal.com/material-location/ss-304-flanges-greater-noida.html,0,25,text/html; charset=utf-8,SS 304 Flanges Supplier in Greater Noida | Rubinox,SS 304 Flanges Supplier in Greater Noida,https://rubinoxmetal.com/material-location/ss-304-flanges-greater-noida.html,"index,follow",false,true,true,true,
https://rubinoxmetal.com/material-location/ss-304-flanges-kolkata-howrah-durgapur.html,200,https://rubinoxmetal.com/material-location/ss-304-flanges-kolkata-howrah-durgapur.html,0,24,text/html; charset=utf-8,"SS 304 Flanges Supplier in Kolkata, Howrah and Durgapur | Rubinox","SS 304 Flanges Supplier in Kolkata, Howrah and Durgapur",https://rubinoxmetal.com/material-location/ss-304-flanges-kolkata-howrah-durgapur.html,"index,follow",false,true,true,true,
https://rubinoxmetal.com/material-location/ss-304-flanges-ludhiana.html,200,https://rubinoxmetal.com/material-location/ss-304-flanges-ludhiana.html,0,26,text/html; charset=utf-8,SS 304 Flanges Supplier in Ludhiana | Rubinox,SS 304 Flanges Supplier in Ludhiana,https://rubinoxmetal.com/material-location/ss-304-flanges-ludhiana.html,"index,follow",false,true,true,true,
https://rubinoxmetal.com/material-location/ss-304-flanges-thane.html,200,https://rubinoxmetal.com/material-location/ss-304-flanges-thane.html,0,26,text/html; charset=utf-8,SS 304 Flanges Supplier in Thane | Rubinox,SS 304 Flanges Supplier in Thane,https://rubinoxmetal.com/material-location/ss-304-flanges-thane.html,"index,follow",false,true,true,true,
https://rubinoxmetal.com/material-location/ss-304-flanges-kakinada.html,200,https://rubinoxmetal.com/material-location/ss-304-flanges-kakinada.html,0,26,text/html; charset=utf-8,SS 304 Flanges Supplier in Kakinada | Rubinox,SS 304 Flanges Supplier in Kakinada,https://rubinoxmetal.com/material-location/ss-304-flanges-kakinada.html,"index,follow",false,true,true,true,
https://rubinoxmetal.com/material-location/ss-304-flanges-rajkot.html,200,https://rubinoxmetal.com/material-location/ss-304-flanges-rajkot.html,0,26,text/html; charset=utf-8,SS 304 Flanges Supplier in Rajkot | Rubinox,SS 304 Flanges Supplier in Rajkot,https://rubinoxmetal.com/material-location/ss-304-flanges-rajkot.html,"index,follow",false,true,true,true,
https://rubinoxmetal.com/material-location/ss-304-flanges-ghaziabad.html,200,https://rubinoxmetal.com/material-location/ss-304-flanges-ghaziabad.html,0,26,text/html; charset=utf-8,SS 304 Flanges Supplier in Ghaziabad | Rubinox,SS 304 Flanges Supplier in Ghaziabad,https://rubinoxmetal.com/material-location/ss-304-flanges-ghaziabad.html,"index,follow",false,true,true,true,
https://rubinoxmetal.com/material-location/ss-304-flanges-nashik.html,200,https://rubinoxmetal.com/material-location/ss-304-flanges-nashik.html,0,24,text/html; charset=utf-8,SS 304 Flanges Supplier in Nashik | Rubinox,SS 304 Flanges Supplier in Nashik,https://rubinoxmetal.com/material-location/ss-304-flanges-nashik.html,"index,follow",false,true,true,true,
https://rubinoxmetal.com/material-location/ss-304-flanges-salem.html,200,https://rubinoxmetal.com/material-location/ss-304-flanges-salem.html,0,22,text/html; charset=utf-8,SS 304 Flanges Supplier in Salem | Rubinox,SS 304 Flanges Supplier in Salem,https://rubinoxmetal.com/material-location/ss-304-flanges-salem.html,"index,follow",false,true,true,true,
https://rubinoxmetal.com/material-location/ss-304-flanges-tiruchirappalli.html,200,https://rubinoxmetal.com/material-location/ss-304-flanges-tiruchirappalli.html,0,22,text/html; charset=utf-8,SS 304 Flanges Supplier in Tiruchirappalli / Trichy | Rubinox,SS 304 Flanges Supplier in Tiruchirappalli / Trichy,https://rubinoxmetal.com/material-location/ss-304-flanges-tiruchirappalli.html,"index,follow",false,true,true,true,
https://rubinoxmetal.com/material-location/ss-304-flanges-chhatrapati-sambhajinagar-aurangabad.html,200,https://rubinoxmetal.com/material-location/ss-304-flanges-chhatrapati-sambhajinagar-aurangabad.html,0,19,text/html; charset=utf-8,SS 304 Flanges in Aurangabad | Rubinox,SS 304 Flanges Supplier in Chhatrapati Sambhajinagar / Aurangabad,https://rubinoxmetal.com/material-location/ss-304-flanges-chhatrapati-sambhajinagar-aurangabad.html,"index,follow",false,true,true,true,
https://rubinoxmetal.com/material-location/ss-304-flanges-jaipur.html,200,https://rubinoxmetal.com/material-location/ss-304-flanges-jaipur.html,0,28,text/html; charset=utf-8,SS 304 Flanges Supplier in Jaipur | Rubinox,SS 304 Flanges Supplier in Jaipur,https://rubinoxmetal.com/material-location/ss-304-flanges-jaipur.html,"index,follow",false,true,true,true,
https://rubinoxmetal.com/material-location/ss-304-flanges-mangaluru.html,200,https://rubinoxmetal.com/material-location/ss-304-flanges-mangaluru.html,0,26,text/html; charset=utf-8,SS 304 Flanges Supplier in Mangaluru | Rubinox,SS 304 Flanges Supplier in Mangaluru,https://rubinoxmetal.com/material-location/ss-304-flanges-mangaluru.html,"index,follow",false,true,true,true,
https://rubinoxmetal.com/material-location/ss-304-flanges-mysuru.html,200,https://rubinoxmetal.com/material-location/ss-304-flanges-mysuru.html,0,24,text/html; charset=utf-8,SS 304 Flanges Supplier in Mysuru | Rubinox,SS 304 Flanges Supplier in Mysuru,https://rubinoxmetal.com/material-location/ss-304-flanges-mysuru.html,"index,follow",false,true,true,true,
https://rubinoxmetal.com/material-location/ss-304-flanges-nagpur.html,200,https://rubinoxmetal.com/material-location/ss-304-flanges-nagpur.html,0,28,text/html; charset=utf-8,SS 304 Flanges Supplier in Nagpur / Butibori | Rubinox,SS 304 Flanges Supplier in Nagpur / Butibori,https://rubinoxmetal.com/material-location/ss-304-flanges-nagpur.html,"index,follow",false,true,true,true,
https://rubinoxmetal.com/material-location/ss-304-flanges-bhopal-mandideep.html,200,https://rubinoxmetal.com/material-location/ss-304-flanges-bhopal-mandideep.html,0,25,text/html; charset=utf-8,SS 304 Flanges Supplier in Bhopal and Mandideep | Rubinox,SS 304 Flanges Supplier in Bhopal and Mandideep,https://rubinoxmetal.com/material-location/ss-304-flanges-bhopal-mandideep.html,"index,follow",false,true,true,true,
https://rubinoxmetal.com/material-location/ss-304-flanges-vijayawada.html,200,https://rubinoxmetal.com/material-location/ss-304-flanges-vijayawada.html,0,26,text/html; charset=utf-8,SS 304 Flanges Supplier in Vijayawada | Rubinox,SS 304 Flanges Supplier in Vijayawada,https://rubinoxmetal.com/material-location/ss-304-flanges-vijayawada.html,"index,follow",false,true,true,true,
https://rubinoxmetal.com/material-location/ss-304-flanges-zaheerabad.html,200,https://rubinoxmetal.com/material-location/ss-304-flanges-zaheerabad.html,0,19,text/html; charset=utf-8,SS 304 Flanges Supplier in Zaheerabad | Rubinox,SS 304 Flanges Supplier in Zaheerabad,https://rubinoxmetal.com/material-location/ss-304-flanges-zaheerabad.html,"index,follow",false,true,true,true,
https://rubinoxmetal.com/material-location/ss-304-pipes-mumbai.html,200,https://rubinoxmetal.com/material-location/ss-304-pipes-mumbai.html,0,20,text/html; charset=utf-8,SS 304 Pipes Supplier in Mumbai | Rubinox,SS 304 Pipes Supplier in Mumbai,https://rubinoxmetal.com/material-location/ss-304-pipes-mumbai.html,"index,follow",false,true,true,true,
https://rubinoxmetal.com/material-location/ss-304-pipes-pune.html,200,https://rubinoxmetal.com/material-location/ss-304-pipes-pune.html,0,27,text/html; charset=utf-8,SS 304 Pipes Supplier in Pune | Rubinox,SS 304 Pipes Supplier in Pune,https://rubinoxmetal.com/material-location/ss-304-pipes-pune.html,"index,follow",false,true,true,true,
https://rubinoxmetal.com/material-location/ss-304-pipes-ahmedabad.html,200,https://rubinoxmetal.com/material-location/ss-304-pipes-ahmedabad.html,0,27,text/html; charset=utf-8,SS 304 Pipes Supplier in Ahmedabad | Rubinox,SS 304 Pipes Supplier in Ahmedabad,https://rubinoxmetal.com/material-location/ss-304-pipes-ahmedabad.html,"index,follow",false,true,true,true,
https://rubinoxmetal.com/material-location/ss-304-pipes-bengaluru.html,200,https://rubinoxmetal.com/material-location/ss-304-pipes-bengaluru.html,0,24,text/html; charset=utf-8,SS 304 Pipes Supplier in Bengaluru | Rubinox,SS 304 Pipes Supplier in Bengaluru,https://rubinoxmetal.com/material-location/ss-304-pipes-bengaluru.html,"index,follow",false,true,true,true,
https://rubinoxmetal.com/material-location/ss-304-pipes-chakan-pimpri-chinchwad.html,200,https://rubinoxmetal.com/material-location/ss-304-pipes-chakan-pimpri-chinchwad.html,0,26,text/html; charset=utf-8,SS 304 Pipes Supplier in Chakan and Pimpri-Chinchwad | Rubinox,SS 304 Pipes Supplier in Chakan and Pimpri-Chinchwad,https://rubinoxmetal.com/material-location/ss-304-pipes-chakan-pimpri-chinchwad.html,"index,follow",false,true,true,true,
https://rubinoxmetal.com/material-location/ss-304-pipes-chennai.html,200,https://rubinoxmetal.com/material-location/ss-304-pipes-chennai.html,0,26,text/html; charset=utf-8,SS 304 Pipes Supplier in Chennai | Rubinox,SS 304 Pipes Supplier in Chennai,https://rubinoxmetal.com/material-location/ss-304-pipes-chennai.html,"index,follow",false,true,true,true,
https://rubinoxmetal.com/material-location/ss-304-pipes-hyderabad.html,200,https://rubinoxmetal.com/material-location/ss-304-pipes-hyderabad.html,0,24,text/html; charset=utf-8,SS 304 Pipes Supplier in Hyderabad | Rubinox,SS 304 Pipes Supplier in Hyderabad,https://rubinoxmetal.com/material-location/ss-304-pipes-hyderabad.html,"index,follow",false,true,true,true,
https://rubinoxmetal.com/material-location/ss-304-pipes-vadodara.html,200,https://rubinoxmetal.com/material-location/ss-304-pipes-vadodara.html,0,23,text/html; charset=utf-8,SS 304 Pipes Supplier in Vadodara | Rubinox,SS 304 Pipes Supplier in Vadodara,https://rubinoxmetal.com/material-location/ss-304-pipes-vadodara.html,"index,follow",false,true,true,true,
https://rubinoxmetal.com/material-location/ss-304-pipes-ankleshwar.html,200,https://rubinoxmetal.com/material-location/ss-304-pipes-ankleshwar.html,0,24,text/html; charset=utf-8,SS 304 Pipes Supplier in Ankleshwar | Rubinox,SS 304 Pipes Supplier in Ankleshwar,https://rubinoxmetal.com/material-location/ss-304-pipes-ankleshwar.html,"index,follow",false,true,true,true,
https://rubinoxmetal.com/material-location/ss-304-pipes-delhi.html,200,https://rubinoxmetal.com/material-location/ss-304-pipes-delhi.html,0,28,text/html; charset=utf-8,SS 304 Pipes Supplier in Delhi NCR | Rubinox,SS 304 Pipes Supplier in Delhi NCR,https://rubinoxmetal.com/material-location/ss-304-pipes-delhi.html,"index,follow",false,true,true,true,
https://rubinoxmetal.com/material-location/ss-304-pipes-bharuch.html,200,https://rubinoxmetal.com/material-location/ss-304-pipes-bharuch.html,0,25,text/html; charset=utf-8,SS 304 Pipes Supplier in Bharuch | Rubinox,SS 304 Pipes Supplier in Bharuch,https://rubinoxmetal.com/material-location/ss-304-pipes-bharuch.html,"index,follow",false,true,true,true,
https://rubinoxmetal.com/material-location/ss-304-pipes-coimbatore.html,200,https://rubinoxmetal.com/material-location/ss-304-pipes-coimbatore.html,0,22,text/html; charset=utf-8,SS 304 Pipes Supplier in Coimbatore | Rubinox,SS 304 Pipes Supplier in Coimbatore,https://rubinoxmetal.com/material-location/ss-304-pipes-coimbatore.html,"index,follow",false,true,true,true,
https://rubinoxmetal.com/material-location/ss-304-pipes-faridabad.html,200,https://rubinoxmetal.com/material-location/ss-304-pipes-faridabad.html,0,23,text/html; charset=utf-8,SS 304 Pipes Supplier in Faridabad | Rubinox,SS 304 Pipes Supplier in Faridabad,https://rubinoxmetal.com/material-location/ss-304-pipes-faridabad.html,"index,follow",false,true,true,true,
https://rubinoxmetal.com/material-location/ss-304-pipes-gurugram-manesar.html,200,https://rubinoxmetal.com/material-location/ss-304-pipes-gurugram-manesar.html,0,24,text/html; charset=utf-8,SS 304 Pipes Supplier in Gurugram and Manesar | Rubinox,SS 304 Pipes Supplier in Gurugram and Manesar,https://rubinoxmetal.com/material-location/ss-304-pipes-gurugram-manesar.html,"index,follow",false,true,true,true,
https://rubinoxmetal.com/material-location/ss-304-pipes-vapi.html,200,https://rubinoxmetal.com/material-location/ss-304-pipes-vapi.html,0,22,text/html; charset=utf-8,SS 304 Pipes Supplier in Vapi | Rubinox,SS 304 Pipes Supplier in Vapi,https://rubinoxmetal.com/material-location/ss-304-pipes-vapi.html,"index,follow",false,true,true,true,
https://rubinoxmetal.com/material-location/ss-304-pipes-visakhapatnam.html,200,https://rubinoxmetal.com/material-location/ss-304-pipes-visakhapatnam.html,0,22,text/html; charset=utf-8,SS 304 Pipes Supplier in Visakhapatnam | Rubinox,SS 304 Pipes Supplier in Visakhapatnam,https://rubinoxmetal.com/material-location/ss-304-pipes-visakhapatnam.html,"index,follow",false,true,true,true,
https://rubinoxmetal.com/material-location/ss-304-pipes-hosur.html,200,https://rubinoxmetal.com/material-location/ss-304-pipes-hosur.html,0,22,text/html; charset=utf-8,SS 304 Pipes Supplier in Hosur | Rubinox,SS 304 Pipes Supplier in Hosur,https://rubinoxmetal.com/material-location/ss-304-pipes-hosur.html,"index,follow",false,true,true,true,
https://rubinoxmetal.com/material-location/ss-304-pipes-indore-pithampur.html,200,https://rubinoxmetal.com/material-location/ss-304-pipes-indore-pithampur.html,0,29,text/html; charset=utf-8,SS 304 Pipes Supplier in Indore and Pithampur | Rubinox,SS 304 Pipes Supplier in Indore and Pithampur,https://rubinoxmetal.com/material-location/ss-304-pipes-indore-pithampur.html,"index,follow",false,true,true,true,
https://rubinoxmetal.com/material-location/ss-304-pipes-jamnagar.html,200,https://rubinoxmetal.com/material-location/ss-304-pipes-jamnagar.html,0,25,text/html; charset=utf-8,SS 304 Pipes Supplier in Jamnagar | Rubinox,SS 304 Pipes Supplier in Jamnagar,https://rubinoxmetal.com/material-location/ss-304-pipes-jamnagar.html,"index,follow",false,true,true,true,
https://rubinoxmetal.com/material-location/ss-304-pipes-jamshedpur.html,200,https://rubinoxmetal.com/material-location/ss-304-pipes-jamshedpur.html,0,24,text/html; charset=utf-8,SS 304 Pipes Supplier in Jamshedpur | Rubinox,SS 304 Pipes Supplier in Jamshedpur,https://rubinoxmetal.com/material-location/ss-304-pipes-jamshedpur.html,"index,follow",false,true,true,true,
https://rubinoxmetal.com/material-location/ss-304-pipes-navi-mumbai.html,200,https://rubinoxmetal.com/material-location/ss-304-pipes-navi-mumbai.html,0,25,text/html; charset=utf-8,SS 304 Pipes Supplier in Navi Mumbai | Rubinox,SS 304 Pipes Supplier in Navi Mumbai,https://rubinoxmetal.com/material-location/ss-304-pipes-navi-mumbai.html,"index,follow",false,true,true,true,
https://rubinoxmetal.com/material-location/ss-304-pipes-noida.html,200,https://rubinoxmetal.com/material-location/ss-304-pipes-noida.html,0,25,text/html; charset=utf-8,SS 304 Pipes Supplier in Noida | Rubinox,SS 304 Pipes Supplier in Noida,https://rubinoxmetal.com/material-location/ss-304-pipes-noida.html,"index,follow",false,true,true,true,
https://rubinoxmetal.com/material-location/ss-304-pipes-sriperumbudur-oragadam.html,200,https://rubinoxmetal.com/material-location/ss-304-pipes-sriperumbudur-oragadam.html,0,24,text/html; charset=utf-8,SS 304 Pipes Supplier in Sriperumbudur and Oragadam | Rubinox,SS 304 Pipes Supplier in Sriperumbudur and Oragadam,https://rubinoxmetal.com/material-location/ss-304-pipes-sriperumbudur-oragadam.html,"index,follow",false,true,true,true,
https://rubinoxmetal.com/material-location/ss-304-pipes-surat.html,200,https://rubinoxmetal.com/material-location/ss-304-pipes-surat.html,0,26,text/html; charset=utf-8,SS 304 Pipes Supplier in Surat | Rubinox,SS 304 Pipes Supplier in Surat,https://rubinoxmetal.com/material-location/ss-304-pipes-surat.html,"index,follow",false,true,true,true,
https://rubinoxmetal.com/material-location/ss-304-pipes-dholera-sanand.html,200,https://rubinoxmetal.com/material-location/ss-304-pipes-dholera-sanand.html,0,26,text/html; charset=utf-8,SS 304 Pipes Supplier in Dholera and Sanand | Rubinox,SS 304 Pipes Supplier in Dholera and Sanand,https://rubinoxmetal.com/material-location/ss-304-pipes-dholera-sanand.html,"index,follow",false,true,true,true,
https://rubinoxmetal.com/material-location/ss-304-pipes-greater-noida.html,200,https://rubinoxmetal.com/material-location/ss-304-pipes-greater-noida.html,0,25,text/html; charset=utf-8,SS 304 Pipes Supplier in Greater Noida | Rubinox,SS 304 Pipes Supplier in Greater Noida,https://rubinoxmetal.com/material-location/ss-304-pipes-greater-noida.html,"index,follow",false,true,true,true,
https://rubinoxmetal.com/material-location/ss-304-pipes-kolkata-howrah-durgapur.html,200,https://rubinoxmetal.com/material-location/ss-304-pipes-kolkata-howrah-durgapur.html,0,23,text/html; charset=utf-8,"SS 304 Pipes Supplier in Kolkata, Howrah and Durgapur | Rubinox","SS 304 Pipes Supplier in Kolkata, Howrah and Durgapur",https://rubinoxmetal.com/material-location/ss-304-pipes-kolkata-howrah-durgapur.html,"index,follow",false,true,true,true,
https://rubinoxmetal.com/material-location/ss-304-pipes-ludhiana.html,200,https://rubinoxmetal.com/material-location/ss-304-pipes-ludhiana.html,0,24,text/html; charset=utf-8,SS 304 Pipes Supplier in Ludhiana | Rubinox,SS 304 Pipes Supplier in Ludhiana,https://rubinoxmetal.com/material-location/ss-304-pipes-ludhiana.html,"index,follow",false,true,true,true,
https://rubinoxmetal.com/material-location/ss-304-pipes-thane.html,200,https://rubinoxmetal.com/material-location/ss-304-pipes-thane.html,0,25,text/html; charset=utf-8,SS 304 Pipes Supplier in Thane | Rubinox,SS 304 Pipes Supplier in Thane,https://rubinoxmetal.com/material-location/ss-304-pipes-thane.html,"index,follow",false,true,true,true,
https://rubinoxmetal.com/material-location/ss-304-pipes-kakinada.html,200,https://rubinoxmetal.com/material-location/ss-304-pipes-kakinada.html,0,22,text/html; charset=utf-8,SS 304 Pipes Supplier in Kakinada | Rubinox,SS 304 Pipes Supplier in Kakinada,https://rubinoxmetal.com/material-location/ss-304-pipes-kakinada.html,"index,follow",false,true,true,true,
https://rubinoxmetal.com/material-location/ss-304-pipes-rajkot.html,200,https://rubinoxmetal.com/material-location/ss-304-pipes-rajkot.html,0,23,text/html; charset=utf-8,SS 304 Pipes Supplier in Rajkot | Rubinox,SS 304 Pipes Supplier in Rajkot,https://rubinoxmetal.com/material-location/ss-304-pipes-rajkot.html,"index,follow",false,true,true,true,
https://rubinoxmetal.com/material-location/ss-304-pipes-ghaziabad.html,200,https://rubinoxmetal.com/material-location/ss-304-pipes-ghaziabad.html,0,30,text/html; charset=utf-8,SS 304 Pipes Supplier in Ghaziabad | Rubinox,SS 304 Pipes Supplier in Ghaziabad,https://rubinoxmetal.com/material-location/ss-304-pipes-ghaziabad.html,"index,follow",false,true,true,true,
https://rubinoxmetal.com/material-location/ss-304-pipes-nashik.html,200,https://rubinoxmetal.com/material-location/ss-304-pipes-nashik.html,0,26,text/html; charset=utf-8,SS 304 Pipes Supplier in Nashik | Rubinox,SS 304 Pipes Supplier in Nashik,https://rubinoxmetal.com/material-location/ss-304-pipes-nashik.html,"index,follow",false,true,true,true,
https://rubinoxmetal.com/material-location/ss-304-pipes-salem.html,200,https://rubinoxmetal.com/material-location/ss-304-pipes-salem.html,0,26,text/html; charset=utf-8,SS 304 Pipes Supplier in Salem | Rubinox,SS 304 Pipes Supplier in Salem,https://rubinoxmetal.com/material-location/ss-304-pipes-salem.html,"index,follow",false,true,true,true,
https://rubinoxmetal.com/material-location/ss-304-pipes-tiruchirappalli.html,200,https://rubinoxmetal.com/material-location/ss-304-pipes-tiruchirappalli.html,0,26,text/html; charset=utf-8,SS 304 Pipes Supplier in Tiruchirappalli / Trichy | Rubinox,SS 304 Pipes Supplier in Tiruchirappalli / Trichy,https://rubinoxmetal.com/material-location/ss-304-pipes-tiruchirappalli.html,"index,follow",false,true,true,true,
https://rubinoxmetal.com/material-location/ss-304-pipes-chhatrapati-sambhajinagar-aurangabad.html,200,https://rubinoxmetal.com/material-location/ss-304-pipes-chhatrapati-sambhajinagar-aurangabad.html,0,27,text/html; charset=utf-8,SS 304 Pipes in Aurangabad | Rubinox,SS 304 Pipes Supplier in Chhatrapati Sambhajinagar / Aurangabad,https://rubinoxmetal.com/material-location/ss-304-pipes-chhatrapati-sambhajinagar-aurangabad.html,"index,follow",false,true,true,true,
https://rubinoxmetal.com/material-location/ss-304-pipes-jaipur.html,200,https://rubinoxmetal.com/material-location/ss-304-pipes-jaipur.html,0,23,text/html; charset=utf-8,SS 304 Pipes Supplier in Jaipur | Rubinox,SS 304 Pipes Supplier in Jaipur,https://rubinoxmetal.com/material-location/ss-304-pipes-jaipur.html,"index,follow",false,true,true,true,
https://rubinoxmetal.com/material-location/ss-304-pipes-mangaluru.html,200,https://rubinoxmetal.com/material-location/ss-304-pipes-mangaluru.html,0,24,text/html; charset=utf-8,SS 304 Pipes Supplier in Mangaluru | Rubinox,SS 304 Pipes Supplier in Mangaluru,https://rubinoxmetal.com/material-location/ss-304-pipes-mangaluru.html,"index,follow",false,true,true,true,
https://rubinoxmetal.com/material-location/ss-304-pipes-mysuru.html,200,https://rubinoxmetal.com/material-location/ss-304-pipes-mysuru.html,0,27,text/html; charset=utf-8,SS 304 Pipes Supplier in Mysuru | Rubinox,SS 304 Pipes Supplier in Mysuru,https://rubinoxmetal.com/material-location/ss-304-pipes-mysuru.html,"index,follow",false,true,true,true,
https://rubinoxmetal.com/material-location/ss-304-pipes-nagpur.html,200,https://rubinoxmetal.com/material-location/ss-304-pipes-nagpur.html,0,25,text/html; charset=utf-8,SS 304 Pipes Supplier in Nagpur / Butibori | Rubinox,SS 304 Pipes Supplier in Nagpur / Butibori,https://rubinoxmetal.com/material-location/ss-304-pipes-nagpur.html,"index,follow",false,true,true,true,
https://rubinoxmetal.com/material-location/ss-304-pipes-bhopal-mandideep.html,200,https://rubinoxmetal.com/material-location/ss-304-pipes-bhopal-mandideep.html,0,26,text/html; charset=utf-8,SS 304 Pipes Supplier in Bhopal and Mandideep | Rubinox,SS 304 Pipes Supplier in Bhopal and Mandideep,https://rubinoxmetal.com/material-location/ss-304-pipes-bhopal-mandideep.html,"index,follow",false,true,true,true,
https://rubinoxmetal.com/material-location/ss-304-pipes-vijayawada.html,200,https://rubinoxmetal.com/material-location/ss-304-pipes-vijayawada.html,0,22,text/html; charset=utf-8,SS 304 Pipes Supplier in Vijayawada | Rubinox,SS 304 Pipes Supplier in Vijayawada,https://rubinoxmetal.com/material-location/ss-304-pipes-vijayawada.html,"index,follow",false,true,true,true,
https://rubinoxmetal.com/material-location/ss-304-pipes-zaheerabad.html,200,https://rubinoxmetal.com/material-location/ss-304-pipes-zaheerabad.html,0,29,text/html; charset=utf-8,SS 304 Pipes Supplier in Zaheerabad | Rubinox,SS 304 Pipes Supplier in Zaheerabad,https://rubinoxmetal.com/material-location/ss-304-pipes-zaheerabad.html,"index,follow",false,true,true,true,
https://rubinoxmetal.com/material-location/ss-304-plates-mumbai.html,200,https://rubinoxmetal.com/material-location/ss-304-plates-mumbai.html,0,34,text/html; charset=utf-8,SS 304 Plates Supplier in Mumbai | Rubinox,SS 304 Plates Supplier in Mumbai,https://rubinoxmetal.com/material-location/ss-304-plates-mumbai.html,"index,follow",false,true,true,true,
https://rubinoxmetal.com/material-location/ss-304-plates-pune.html,200,https://rubinoxmetal.com/material-location/ss-304-plates-pune.html,0,27,text/html; charset=utf-8,SS 304 Plates Supplier in Pune | Rubinox,SS 304 Plates Supplier in Pune,https://rubinoxmetal.com/material-location/ss-304-plates-pune.html,"index,follow",false,true,true,true,
https://rubinoxmetal.com/material-location/ss-304-plates-ahmedabad.html,200,https://rubinoxmetal.com/material-location/ss-304-plates-ahmedabad.html,0,30,text/html; charset=utf-8,SS 304 Plates Supplier in Ahmedabad | Rubinox,SS 304 Plates Supplier in Ahmedabad,https://rubinoxmetal.com/material-location/ss-304-plates-ahmedabad.html,"index,follow",false,true,true,true,
https://rubinoxmetal.com/material-location/ss-304-round-bars-bengaluru.html,200,https://rubinoxmetal.com/material-location/ss-304-round-bars-bengaluru.html,0,30,text/html; charset=utf-8,SS 304 Round Bars Supplier in Bengaluru | Rubinox,SS 304 Round Bars Supplier in Bengaluru,https://rubinoxmetal.com/material-location/ss-304-round-bars-bengaluru.html,"index,follow",false,true,true,true,
https://rubinoxmetal.com/material-location/ss-304-plates-chakan-pimpri-chinchwad.html,200,https://rubinoxmetal.com/material-location/ss-304-plates-chakan-pimpri-chinchwad.html,0,29,text/html; charset=utf-8,SS 304 Plates Supplier in Chakan and Pimpri-Chinchwad | Rubinox,SS 304 Plates Supplier in Chakan and Pimpri-Chinchwad,https://rubinoxmetal.com/material-location/ss-304-plates-chakan-pimpri-chinchwad.html,"index,follow",false,true,true,true,
https://rubinoxmetal.com/material-location/ss-304-plates-chennai.html,200,https://rubinoxmetal.com/material-location/ss-304-plates-chennai.html,0,26,text/html; charset=utf-8,SS 304 Plates Supplier in Chennai | Rubinox,SS 304 Plates Supplier in Chennai,https://rubinoxmetal.com/material-location/ss-304-plates-chennai.html,"index,follow",false,true,true,true,
https://rubinoxmetal.com/material-location/ss-304-plates-hyderabad.html,200,https://rubinoxmetal.com/material-location/ss-304-plates-hyderabad.html,0,22,text/html; charset=utf-8,SS 304 Plates Supplier in Hyderabad | Rubinox,SS 304 Plates Supplier in Hyderabad,https://rubinoxmetal.com/material-location/ss-304-plates-hyderabad.html,"index,follow",false,true,true,true,
https://rubinoxmetal.com/material-location/ss-304-plates-vadodara.html,200,https://rubinoxmetal.com/material-location/ss-304-plates-vadodara.html,0,34,text/html; charset=utf-8,SS 304 Plates Supplier in Vadodara | Rubinox,SS 304 Plates Supplier in Vadodara,https://rubinoxmetal.com/material-location/ss-304-plates-vadodara.html,"index,follow",false,true,true,true,
https://rubinoxmetal.com/material-location/ss-304-plates-ankleshwar.html,200,https://rubinoxmetal.com/material-location/ss-304-plates-ankleshwar.html,0,33,text/html; charset=utf-8,SS 304 Plates Supplier in Ankleshwar | Rubinox,SS 304 Plates Supplier in Ankleshwar,https://rubinoxmetal.com/material-location/ss-304-plates-ankleshwar.html,"index,follow",false,true,true,true,
https://rubinoxmetal.com/material-location/ss-304-plates-delhi.html,200,https://rubinoxmetal.com/material-location/ss-304-plates-delhi.html,0,33,text/html; charset=utf-8,SS 304 Plates Supplier in Delhi NCR | Rubinox,SS 304 Plates Supplier in Delhi NCR,https://rubinoxmetal.com/material-location/ss-304-plates-delhi.html,"index,follow",false,true,true,true,
https://rubinoxmetal.com/material-location/ss-304-plates-bharuch.html,200,https://rubinoxmetal.com/material-location/ss-304-plates-bharuch.html,0,33,text/html; charset=utf-8,SS 304 Plates Supplier in Bharuch | Rubinox,SS 304 Plates Supplier in Bharuch,https://rubinoxmetal.com/material-location/ss-304-plates-bharuch.html,"index,follow",false,true,true,true,
https://rubinoxmetal.com/material-location/ss-304-plates-coimbatore.html,200,https://rubinoxmetal.com/material-location/ss-304-plates-coimbatore.html,0,33,text/html; charset=utf-8,SS 304 Plates Supplier in Coimbatore | Rubinox,SS 304 Plates Supplier in Coimbatore,https://rubinoxmetal.com/material-location/ss-304-plates-coimbatore.html,"index,follow",false,true,true,true,
https://rubinoxmetal.com/material-location/ss-304-plates-faridabad.html,200,https://rubinoxmetal.com/material-location/ss-304-plates-faridabad.html,0,32,text/html; charset=utf-8,SS 304 Plates Supplier in Faridabad | Rubinox,SS 304 Plates Supplier in Faridabad,https://rubinoxmetal.com/material-location/ss-304-plates-faridabad.html,"index,follow",false,true,true,true,
https://rubinoxmetal.com/material-location/ss-304-plates-gurugram-manesar.html,200,https://rubinoxmetal.com/material-location/ss-304-plates-gurugram-manesar.html,0,30,text/html; charset=utf-8,SS 304 Plates Supplier in Gurugram and Manesar | Rubinox,SS 304 Plates Supplier in Gurugram and Manesar,https://rubinoxmetal.com/material-location/ss-304-plates-gurugram-manesar.html,"index,follow",false,true,true,true,
https://rubinoxmetal.com/material-location/ss-304-plates-vapi.html,200,https://rubinoxmetal.com/material-location/ss-304-plates-vapi.html,0,27,text/html; charset=utf-8,SS 304 Plates Supplier in Vapi | Rubinox,SS 304 Plates Supplier in Vapi,https://rubinoxmetal.com/material-location/ss-304-plates-vapi.html,"index,follow",false,true,true,true,
https://rubinoxmetal.com/material-location/inconel-625-fittings-mumbai.html,200,https://rubinoxmetal.com/material-location/inconel-625-fittings-mumbai.html,0,29,text/html; charset=utf-8,Inconel 625 Fittings Supplier in Mumbai | Rubinox,Inconel 625 Fittings Supplier in Mumbai,https://rubinoxmetal.com/material-location/inconel-625-fittings-mumbai.html,"index,follow",false,true,true,true,
https://rubinoxmetal.com/material-location/inconel-625-fittings-bengaluru.html,200,https://rubinoxmetal.com/material-location/inconel-625-fittings-bengaluru.html,0,29,text/html; charset=utf-8,Inconel 625 Fittings Supplier in Bengaluru | Rubinox,Inconel 625 Fittings Supplier in Bengaluru,https://rubinoxmetal.com/material-location/inconel-625-fittings-bengaluru.html,"index,follow",false,true,true,true,
https://rubinoxmetal.com/material-location/inconel-625-fittings-chennai.html,200,https://rubinoxmetal.com/material-location/inconel-625-fittings-chennai.html,0,29,text/html; charset=utf-8,Inconel 625 Fittings Supplier in Chennai | Rubinox,Inconel 625 Fittings Supplier in Chennai,https://rubinoxmetal.com/material-location/inconel-625-fittings-chennai.html,"index,follow",false,true,true,true,
https://rubinoxmetal.com/material-location/inconel-625-fittings-pune.html,200,https://rubinoxmetal.com/material-location/inconel-625-fittings-pune.html,0,30,text/html; charset=utf-8,Inconel 625 Fittings Supplier in Pune | Rubinox,Inconel 625 Fittings Supplier in Pune,https://rubinoxmetal.com/material-location/inconel-625-fittings-pune.html,"index,follow",false,true,true,true,
https://rubinoxmetal.com/material-location/inconel-625-fittings-vadodara.html,200,https://rubinoxmetal.com/material-location/inconel-625-fittings-vadodara.html,0,24,text/html; charset=utf-8,Inconel 625 Fittings Supplier in Vadodara | Rubinox,Inconel 625 Fittings Supplier in Vadodara,https://rubinoxmetal.com/material-location/inconel-625-fittings-vadodara.html,"index,follow",false,true,true,true,
https://rubinoxmetal.com/material-location/inconel-625-fittings-hyderabad.html,200,https://rubinoxmetal.com/material-location/inconel-625-fittings-hyderabad.html,0,27,text/html; charset=utf-8,Inconel 625 Fittings Supplier in Hyderabad | Rubinox,Inconel 625 Fittings Supplier in Hyderabad,https://rubinoxmetal.com/material-location/inconel-625-fittings-hyderabad.html,"index,follow",false,true,true,true,
https://rubinoxmetal.com/material-location/inconel-625-fittings-ankleshwar.html,200,https://rubinoxmetal.com/material-location/inconel-625-fittings-ankleshwar.html,0,31,text/html; charset=utf-8,Inconel 625 Fittings Supplier in Ankleshwar | Rubinox,Inconel 625 Fittings Supplier in Ankleshwar,https://rubinoxmetal.com/material-location/inconel-625-fittings-ankleshwar.html,"index,follow",false,true,true,true,
https://rubinoxmetal.com/material-location/inconel-625-fittings-delhi.html,200,https://rubinoxmetal.com/material-location/inconel-625-fittings-delhi.html,0,26,text/html; charset=utf-8,Inconel 625 Fittings Supplier in Delhi NCR | Rubinox,Inconel 625 Fittings Supplier in Delhi NCR,https://rubinoxmetal.com/material-location/inconel-625-fittings-delhi.html,"index,follow",false,true,true,true,
https://rubinoxmetal.com/material-location/duplex-2205-fittings-bharuch.html,200,https://rubinoxmetal.com/material-location/duplex-2205-fittings-bharuch.html,0,28,text/html; charset=utf-8,Duplex 2205 Fittings Supplier in Bharuch | Rubinox,Duplex 2205 Fittings Supplier in Bharuch,https://rubinoxmetal.com/material-location/duplex-2205-fittings-bharuch.html,"index,follow",false,true,true,true,
https://rubinoxmetal.com/material-location/duplex-2205-fittings-coimbatore.html,200,https://rubinoxmetal.com/material-location/duplex-2205-fittings-coimbatore.html,0,28,text/html; charset=utf-8,Duplex 2205 Fittings Supplier in Coimbatore | Rubinox,Duplex 2205 Fittings Supplier in Coimbatore,https://rubinoxmetal.com/material-location/duplex-2205-fittings-coimbatore.html,"index,follow",false,true,true,true,
https://rubinoxmetal.com/material-location/inconel-625-fittings-faridabad.html,200,https://rubinoxmetal.com/material-location/inconel-625-fittings-faridabad.html,0,24,text/html; charset=utf-8,Inconel 625 Fittings Supplier in Faridabad | Rubinox,Inconel 625 Fittings Supplier in Faridabad,https://rubinoxmetal.com/material-location/inconel-625-fittings-faridabad.html,"index,follow",false,true,true,true,
https://rubinoxmetal.com/material-location/inconel-625-fittings-vapi.html,200,https://rubinoxmetal.com/material-location/inconel-625-fittings-vapi.html,0,26,text/html; charset=utf-8,Inconel 625 Fittings Supplier in Vapi | Rubinox,Inconel 625 Fittings Supplier in Vapi,https://rubinoxmetal.com/material-location/inconel-625-fittings-vapi.html,"index,follow",false,true,true,true,
https://rubinoxmetal.com/material-location/duplex-2205-fittings-visakhapatnam.html,200,https://rubinoxmetal.com/material-location/duplex-2205-fittings-visakhapatnam.html,0,32,text/html; charset=utf-8,Duplex 2205 Fittings Supplier in Visakhapatnam | Rubinox,Duplex 2205 Fittings Supplier in Visakhapatnam,https://rubinoxmetal.com/material-location/duplex-2205-fittings-visakhapatnam.html,"index,follow",false,true,true,true,
https://rubinoxmetal.com/material-location/inconel-625-fittings-indore-pithampur.html,200,https://rubinoxmetal.com/material-location/inconel-625-fittings-indore-pithampur.html,0,41,text/html; charset=utf-8,Inconel 625 Fittings Supplier in Indore and Pithampur | Rubinox,Inconel 625 Fittings Supplier in Indore and Pithampur,https://rubinoxmetal.com/material-location/inconel-625-fittings-indore-pithampur.html,"index,follow",false,true,true,true,
https://rubinoxmetal.com/material-location/inconel-625-fittings-jamnagar.html,200,https://rubinoxmetal.com/material-location/inconel-625-fittings-jamnagar.html,0,35,text/html; charset=utf-8,Inconel 625 Fittings Supplier in Jamnagar | Rubinox,Inconel 625 Fittings Supplier in Jamnagar,https://rubinoxmetal.com/material-location/inconel-625-fittings-jamnagar.html,"index,follow",false,true,true,true,
https://rubinoxmetal.com/material-location/inconel-625-fittings-jamshedpur.html,200,https://rubinoxmetal.com/material-location/inconel-625-fittings-jamshedpur.html,0,38,text/html; charset=utf-8,Inconel 625 Fittings Supplier in Jamshedpur | Rubinox,Inconel 625 Fittings Supplier in Jamshedpur,https://rubinoxmetal.com/material-location/inconel-625-fittings-jamshedpur.html,"index,follow",false,true,true,true,
https://rubinoxmetal.com/material-location/duplex-2205-fittings-kakinada.html,200,https://rubinoxmetal.com/material-location/duplex-2205-fittings-kakinada.html,0,39,text/html; charset=utf-8,Duplex 2205 Fittings Supplier in Kakinada | Rubinox,Duplex 2205 Fittings Supplier in Kakinada,https://rubinoxmetal.com/material-location/duplex-2205-fittings-kakinada.html,"index,follow",false,true,true,true,
https://rubinoxmetal.com/material-location/inconel-625-fittings-mangaluru.html,200,https://rubinoxmetal.com/material-location/inconel-625-fittings-mangaluru.html,0,42,text/html; charset=utf-8,Inconel 625 Fittings Supplier in Mangaluru | Rubinox,Inconel 625 Fittings Supplier in Mangaluru,https://rubinoxmetal.com/material-location/inconel-625-fittings-mangaluru.html,"index,follow",false,true,true,true,
https://rubinoxmetal.com/material-location/inconel-625-flanges-mumbai.html,200,https://rubinoxmetal.com/material-location/inconel-625-flanges-mumbai.html,0,37,text/html; charset=utf-8,Inconel 625 Flanges Supplier in Mumbai | Rubinox,Inconel 625 Flanges Supplier in Mumbai,https://rubinoxmetal.com/material-location/inconel-625-flanges-mumbai.html,"index,follow",false,true,true,true,
https://rubinoxmetal.com/material-location/inconel-625-flanges-bengaluru.html,200,https://rubinoxmetal.com/material-location/inconel-625-flanges-bengaluru.html,0,42,text/html; charset=utf-8,Inconel 625 Flanges Supplier in Bengaluru | Rubinox,Inconel 625 Flanges Supplier in Bengaluru,https://rubinoxmetal.com/material-location/inconel-625-flanges-bengaluru.html,"index,follow",false,true,true,true,
https://rubinoxmetal.com/material-location/inconel-625-flanges-chennai.html,200,https://rubinoxmetal.com/material-location/inconel-625-flanges-chennai.html,0,38,text/html; charset=utf-8,Inconel 625 Flanges Supplier in Chennai | Rubinox,Inconel 625 Flanges Supplier in Chennai,https://rubinoxmetal.com/material-location/inconel-625-flanges-chennai.html,"index,follow",false,true,true,true,
https://rubinoxmetal.com/material-location/inconel-625-flanges-pune.html,200,https://rubinoxmetal.com/material-location/inconel-625-flanges-pune.html,0,38,text/html; charset=utf-8,Inconel 625 Flanges Supplier in Pune | Rubinox,Inconel 625 Flanges Supplier in Pune,https://rubinoxmetal.com/material-location/inconel-625-flanges-pune.html,"index,follow",false,true,true,true,
https://rubinoxmetal.com/material-location/inconel-625-flanges-vadodara.html,200,https://rubinoxmetal.com/material-location/inconel-625-flanges-vadodara.html,0,38,text/html; charset=utf-8,Inconel 625 Flanges Supplier in Vadodara | Rubinox,Inconel 625 Flanges Supplier in Vadodara,https://rubinoxmetal.com/material-location/inconel-625-flanges-vadodara.html,"index,follow",false,true,true,true,
https://rubinoxmetal.com/material-location/inconel-625-flanges-hyderabad.html,200,https://rubinoxmetal.com/material-location/inconel-625-flanges-hyderabad.html,0,39,text/html; charset=utf-8,Inconel 625 Flanges Supplier in Hyderabad | Rubinox,Inconel 625 Flanges Supplier in Hyderabad,https://rubinoxmetal.com/material-location/inconel-625-flanges-hyderabad.html,"index,follow",false,true,true,true,
https://rubinoxmetal.com/material-location/inconel-625-flanges-ankleshwar.html,200,https://rubinoxmetal.com/material-location/inconel-625-flanges-ankleshwar.html,0,31,text/html; charset=utf-8,Inconel 625 Flanges Supplier in Ankleshwar | Rubinox,Inconel 625 Flanges Supplier in Ankleshwar,https://rubinoxmetal.com/material-location/inconel-625-flanges-ankleshwar.html,"index,follow",false,true,true,true,
https://rubinoxmetal.com/material-location/inconel-625-flanges-delhi.html,200,https://rubinoxmetal.com/material-location/inconel-625-flanges-delhi.html,0,30,text/html; charset=utf-8,Inconel 625 Flanges Supplier in Delhi NCR | Rubinox,Inconel 625 Flanges Supplier in Delhi NCR,https://rubinoxmetal.com/material-location/inconel-625-flanges-delhi.html,"index,follow",false,true,true,true,
https://rubinoxmetal.com/material-location/duplex-2205-flanges-bharuch.html,200,https://rubinoxmetal.com/material-location/duplex-2205-flanges-bharuch.html,0,34,text/html; charset=utf-8,Duplex 2205 Flanges Supplier in Bharuch | Rubinox,Duplex 2205 Flanges Supplier in Bharuch,https://rubinoxmetal.com/material-location/duplex-2205-flanges-bharuch.html,"index,follow",false,true,true,true,
https://rubinoxmetal.com/material-location/duplex-2205-flanges-coimbatore.html,200,https://rubinoxmetal.com/material-location/duplex-2205-flanges-coimbatore.html,0,37,text/html; charset=utf-8,Duplex 2205 Flanges Supplier in Coimbatore | Rubinox,Duplex 2205 Flanges Supplier in Coimbatore,https://rubinoxmetal.com/material-location/duplex-2205-flanges-coimbatore.html,"index,follow",false,true,true,true,
https://rubinoxmetal.com/material-location/inconel-625-flanges-faridabad.html,200,https://rubinoxmetal.com/material-location/inconel-625-flanges-faridabad.html,0,32,text/html; charset=utf-8,Inconel 625 Flanges Supplier in Faridabad | Rubinox,Inconel 625 Flanges Supplier in Faridabad,https://rubinoxmetal.com/material-location/inconel-625-flanges-faridabad.html,"index,follow",false,true,true,true,
https://rubinoxmetal.com/material-location/inconel-625-flanges-vapi.html,200,https://rubinoxmetal.com/material-location/inconel-625-flanges-vapi.html,0,30,text/html; charset=utf-8,Inconel 625 Flanges Supplier in Vapi | Rubinox,Inconel 625 Flanges Supplier in Vapi,https://rubinoxmetal.com/material-location/inconel-625-flanges-vapi.html,"index,follow",false,true,true,true,
https://rubinoxmetal.com/material-location/duplex-2205-flanges-visakhapatnam.html,200,https://rubinoxmetal.com/material-location/duplex-2205-flanges-visakhapatnam.html,0,33,text/html; charset=utf-8,Duplex 2205 Flanges Supplier in Visakhapatnam | Rubinox,Duplex 2205 Flanges Supplier in Visakhapatnam,https://rubinoxmetal.com/material-location/duplex-2205-flanges-visakhapatnam.html,"index,follow",false,true,true,true,
https://rubinoxmetal.com/material-location/inconel-625-flanges-indore-pithampur.html,200,https://rubinoxmetal.com/material-location/inconel-625-flanges-indore-pithampur.html,0,33,text/html; charset=utf-8,Inconel 625 Flanges Supplier in Indore and Pithampur | Rubinox,Inconel 625 Flanges Supplier in Indore and Pithampur,https://rubinoxmetal.com/material-location/inconel-625-flanges-indore-pithampur.html,"index,follow",false,true,true,true,
https://rubinoxmetal.com/material-location/inconel-625-flanges-jamnagar.html,200,https://rubinoxmetal.com/material-location/inconel-625-flanges-jamnagar.html,0,31,text/html; charset=utf-8,Inconel 625 Flanges Supplier in Jamnagar | Rubinox,Inconel 625 Flanges Supplier in Jamnagar,https://rubinoxmetal.com/material-location/inconel-625-flanges-jamnagar.html,"index,follow",false,true,true,true,
https://rubinoxmetal.com/material-location/inconel-625-flanges-jamshedpur.html,200,https://rubinoxmetal.com/material-location/inconel-625-flanges-jamshedpur.html,0,24,text/html; charset=utf-8,Inconel 625 Flanges Supplier in Jamshedpur | Rubinox,Inconel 625 Flanges Supplier in Jamshedpur,https://rubinoxmetal.com/material-location/inconel-625-flanges-jamshedpur.html,"index,follow",false,true,true,true,
https://rubinoxmetal.com/material-location/duplex-2205-flanges-kakinada.html,200,https://rubinoxmetal.com/material-location/duplex-2205-flanges-kakinada.html,0,29,text/html; charset=utf-8,Duplex 2205 Flanges Supplier in Kakinada | Rubinox,Duplex 2205 Flanges Supplier in Kakinada,https://rubinoxmetal.com/material-location/duplex-2205-flanges-kakinada.html,"index,follow",false,true,true,true,
https://rubinoxmetal.com/material-location/inconel-625-flanges-mangaluru.html,200,https://rubinoxmetal.com/material-location/inconel-625-flanges-mangaluru.html,0,28,text/html; charset=utf-8,Inconel 625 Flanges Supplier in Mangaluru | Rubinox,Inconel 625 Flanges Supplier in Mangaluru,https://rubinoxmetal.com/material-location/inconel-625-flanges-mangaluru.html,"index,follow",false,true,true,true,
https://rubinoxmetal.com/export-material/inconel-625-fittings-uae.html,200,https://rubinoxmetal.com/export-material/inconel-625-fittings-uae.html,0,30,text/html; charset=utf-8,Inconel 625 Fittings Supplier for UAE | Rubinox,Inconel 625 Fittings Supplier for UAE,https://rubinoxmetal.com/export-material/inconel-625-fittings-uae.html,"index,follow",false,true,true,true,
https://rubinoxmetal.com/export-material/inconel-625-fittings-saudi-arabia.html,200,https://rubinoxmetal.com/export-material/inconel-625-fittings-saudi-arabia.html,0,24,text/html; charset=utf-8,Inconel 625 Fittings Supplier for Saudi Arabia | Rubinox,Inconel 625 Fittings Supplier for Saudi Arabia,https://rubinoxmetal.com/export-material/inconel-625-fittings-saudi-arabia.html,"index,follow",false,true,true,true,
https://rubinoxmetal.com/export-material/inconel-625-fittings-qatar.html,200,https://rubinoxmetal.com/export-material/inconel-625-fittings-qatar.html,0,31,text/html; charset=utf-8,Inconel 625 Fittings Supplier for Qatar | Rubinox,Inconel 625 Fittings Supplier for Qatar,https://rubinoxmetal.com/export-material/inconel-625-fittings-qatar.html,"index,follow",false,true,true,true,
https://rubinoxmetal.com/export-material/inconel-625-fittings-singapore.html,200,https://rubinoxmetal.com/export-material/inconel-625-fittings-singapore.html,0,30,text/html; charset=utf-8,Inconel 625 Fittings Supplier for Singapore | Rubinox,Inconel 625 Fittings Supplier for Singapore,https://rubinoxmetal.com/export-material/inconel-625-fittings-singapore.html,"index,follow",false,true,true,true,
https://rubinoxmetal.com/export-material/duplex-2205-fittings-oman.html,200,https://rubinoxmetal.com/export-material/duplex-2205-fittings-oman.html,0,29,text/html; charset=utf-8,Duplex 2205 Fittings Supplier for Oman | Rubinox,Duplex 2205 Fittings Supplier for Oman,https://rubinoxmetal.com/export-material/duplex-2205-fittings-oman.html,"index,follow",false,true,true,true,
https://rubinoxmetal.com/export-material/inconel-625-fittings-germany.html,200,https://rubinoxmetal.com/export-material/inconel-625-fittings-germany.html,0,30,text/html; charset=utf-8,Inconel 625 Fittings Supplier for Germany | Rubinox,Inconel 625 Fittings Supplier for Germany,https://rubinoxmetal.com/export-material/inconel-625-fittings-germany.html,"index,follow",false,true,true,true,
https://rubinoxmetal.com/export-material/duplex-2205-fittings-kuwait.html,200,https://rubinoxmetal.com/export-material/duplex-2205-fittings-kuwait.html,0,32,text/html; charset=utf-8,Duplex 2205 Fittings Supplier for Kuwait | Rubinox,Duplex 2205 Fittings Supplier for Kuwait,https://rubinoxmetal.com/export-material/duplex-2205-fittings-kuwait.html,"index,follow",false,true,true,true,
https://rubinoxmetal.com/export-material/duplex-2205-fittings-malaysia.html,200,https://rubinoxmetal.com/export-material/duplex-2205-fittings-malaysia.html,0,29,text/html; charset=utf-8,Duplex 2205 Fittings Supplier for Malaysia | Rubinox,Duplex 2205 Fittings Supplier for Malaysia,https://rubinoxmetal.com/export-material/duplex-2205-fittings-malaysia.html,"index,follow",false,true,true,true,
https://rubinoxmetal.com/export-material/inconel-625-fittings-united-states.html,200,https://rubinoxmetal.com/export-material/inconel-625-fittings-united-states.html,0,30,text/html; charset=utf-8,Inconel 625 Fittings Supplier for United States | Rubinox,Inconel 625 Fittings Supplier for United States,https://rubinoxmetal.com/export-material/inconel-625-fittings-united-states.html,"index,follow",false,true,true,true,
https://rubinoxmetal.com/export-material/inconel-625-fittings-australia.html,200,https://rubinoxmetal.com/export-material/inconel-625-fittings-australia.html,0,27,text/html; charset=utf-8,Inconel 625 Fittings Supplier for Australia | Rubinox,Inconel 625 Fittings Supplier for Australia,https://rubinoxmetal.com/export-material/inconel-625-fittings-australia.html,"index,follow",false,true,true,true,
https://rubinoxmetal.com/export-material/duplex-2205-fittings-netherlands.html,200,https://rubinoxmetal.com/export-material/duplex-2205-fittings-netherlands.html,0,32,text/html; charset=utf-8,Duplex 2205 Fittings Supplier for Netherlands | Rubinox,Duplex 2205 Fittings Supplier for Netherlands,https://rubinoxmetal.com/export-material/duplex-2205-fittings-netherlands.html,"index,follow",false,true,true,true,
https://rubinoxmetal.com/export-material/duplex-2205-fittings-thailand.html,200,https://rubinoxmetal.com/export-material/duplex-2205-fittings-thailand.html,0,32,text/html; charset=utf-8,Duplex 2205 Fittings Supplier for Thailand | Rubinox,Duplex 2205 Fittings Supplier for Thailand,https://rubinoxmetal.com/export-material/duplex-2205-fittings-thailand.html,"index,follow",false,true,true,true,
https://rubinoxmetal.com/export-material/inconel-625-fittings-united-kingdom.html,200,https://rubinoxmetal.com/export-material/inconel-625-fittings-united-kingdom.html,0,29,text/html; charset=utf-8,Inconel 625 Fittings Supplier for United Kingdom | Rubinox,Inconel 625 Fittings Supplier for United Kingdom,https://rubinoxmetal.com/export-material/inconel-625-fittings-united-kingdom.html,"index,follow",false,true,true,true,
https://rubinoxmetal.com/export-material/inconel-625-fittings-vietnam.html,200,https://rubinoxmetal.com/export-material/inconel-625-fittings-vietnam.html,0,29,text/html; charset=utf-8,Inconel 625 Fittings Supplier for Vietnam | Rubinox,Inconel 625 Fittings Supplier for Vietnam,https://rubinoxmetal.com/export-material/inconel-625-fittings-vietnam.html,"index,follow",false,true,true,true,
https://rubinoxmetal.com/export-material/duplex-2205-fittings-bahrain.html,200,https://rubinoxmetal.com/export-material/duplex-2205-fittings-bahrain.html,0,28,text/html; charset=utf-8,Duplex 2205 Fittings Supplier for Bahrain | Rubinox,Duplex 2205 Fittings Supplier for Bahrain,https://rubinoxmetal.com/export-material/duplex-2205-fittings-bahrain.html,"index,follow",false,true,true,true,
https://rubinoxmetal.com/export-material/inconel-625-fittings-indonesia.html,200,https://rubinoxmetal.com/export-material/inconel-625-fittings-indonesia.html,0,28,text/html; charset=utf-8,Inconel 625 Fittings Supplier for Indonesia | Rubinox,Inconel 625 Fittings Supplier for Indonesia,https://rubinoxmetal.com/export-material/inconel-625-fittings-indonesia.html,"index,follow",false,true,true,true,
https://rubinoxmetal.com/export-material/duplex-2205-fittings-canada.html,200,https://rubinoxmetal.com/export-material/duplex-2205-fittings-canada.html,0,29,text/html; charset=utf-8,Duplex 2205 Fittings Supplier for Canada | Rubinox,Duplex 2205 Fittings Supplier for Canada,https://rubinoxmetal.com/export-material/duplex-2205-fittings-canada.html,"index,follow",false,true,true,true,
https://rubinoxmetal.com/export-material/inconel-625-fittings-japan.html,200,https://rubinoxmetal.com/export-material/inconel-625-fittings-japan.html,0,26,text/html; charset=utf-8,Inconel 625 Fittings Supplier for Japan | Rubinox,Inconel 625 Fittings Supplier for Japan,https://rubinoxmetal.com/export-material/inconel-625-fittings-japan.html,"index,follow",false,true,true,true,
https://rubinoxmetal.com/export-material/duplex-2205-fittings-south-africa.html,200,https://rubinoxmetal.com/export-material/duplex-2205-fittings-south-africa.html,0,26,text/html; charset=utf-8,Duplex 2205 Fittings Supplier for South Africa | Rubinox,Duplex 2205 Fittings Supplier for South Africa,https://rubinoxmetal.com/export-material/duplex-2205-fittings-south-africa.html,"index,follow",false,true,true,true,
https://rubinoxmetal.com/export-material/duplex-2205-fittings-south-korea.html,200,https://rubinoxmetal.com/export-material/duplex-2205-fittings-south-korea.html,0,26,text/html; charset=utf-8,Duplex 2205 Fittings Supplier for South Korea | Rubinox,Duplex 2205 Fittings Supplier for South Korea,https://rubinoxmetal.com/export-material/duplex-2205-fittings-south-korea.html,"index,follow",false,true,true,true,
https://rubinoxmetal.com/export-material/duplex-2205-fittings-italy.html,200,https://rubinoxmetal.com/export-material/duplex-2205-fittings-italy.html,0,29,text/html; charset=utf-8,Duplex 2205 Fittings Supplier for Italy | Rubinox,Duplex 2205 Fittings Supplier for Italy,https://rubinoxmetal.com/export-material/duplex-2205-fittings-italy.html,"index,follow",false,true,true,true,
https://rubinoxmetal.com/export-material/inconel-625-fittings-mexico.html,200,https://rubinoxmetal.com/export-material/inconel-625-fittings-mexico.html,0,29,text/html; charset=utf-8,Inconel 625 Fittings Supplier for Mexico | Rubinox,Inconel 625 Fittings Supplier for Mexico,https://rubinoxmetal.com/export-material/inconel-625-fittings-mexico.html,"index,follow",false,true,true,true,
https://rubinoxmetal.com/export-material/duplex-2205-fittings-philippines.html,200,https://rubinoxmetal.com/export-material/duplex-2205-fittings-philippines.html,0,32,text/html; charset=utf-8,Duplex 2205 Fittings Supplier for Philippines | Rubinox,Duplex 2205 Fittings Supplier for Philippines,https://rubinoxmetal.com/export-material/duplex-2205-fittings-philippines.html,"index,follow",false,true,true,true,
https://rubinoxmetal.com/export-material/inconel-625-fittings-spain.html,200,https://rubinoxmetal.com/export-material/inconel-625-fittings-spain.html,0,26,text/html; charset=utf-8,Inconel 625 Fittings Supplier for Spain | Rubinox,Inconel 625 Fittings Supplier for Spain,https://rubinoxmetal.com/export-material/inconel-625-fittings-spain.html,"index,follow",false,true,true,true,
https://rubinoxmetal.com/export-material/duplex-2205-fittings-egypt.html,200,https://rubinoxmetal.com/export-material/duplex-2205-fittings-egypt.html,0,29,text/html; charset=utf-8,Duplex 2205 Fittings Supplier for Egypt | Rubinox,Duplex 2205 Fittings Supplier for Egypt,https://rubinoxmetal.com/export-material/duplex-2205-fittings-egypt.html,"index,follow",false,true,true,true,
https://rubinoxmetal.com/export-material/inconel-625-flanges-uae.html,200,https://rubinoxmetal.com/export-material/inconel-625-flanges-uae.html,0,33,text/html; charset=utf-8,Inconel 625 Flanges Supplier for UAE | Rubinox,Inconel 625 Flanges Supplier for UAE,https://rubinoxmetal.com/export-material/inconel-625-flanges-uae.html,"index,follow",false,true,true,true,
https://rubinoxmetal.com/export-material/inconel-625-flanges-saudi-arabia.html,200,https://rubinoxmetal.com/export-material/inconel-625-flanges-saudi-arabia.html,0,30,text/html; charset=utf-8,Inconel 625 Flanges Supplier for Saudi Arabia | Rubinox,Inconel 625 Flanges Supplier for Saudi Arabia,https://rubinoxmetal.com/export-material/inconel-625-flanges-saudi-arabia.html,"index,follow",false,true,true,true,
https://rubinoxmetal.com/export-material/inconel-625-flanges-qatar.html,200,https://rubinoxmetal.com/export-material/inconel-625-flanges-qatar.html,0,34,text/html; charset=utf-8,Inconel 625 Flanges Supplier for Qatar | Rubinox,Inconel 625 Flanges Supplier for Qatar,https://rubinoxmetal.com/export-material/inconel-625-flanges-qatar.html,"index,follow",false,true,true,true,
https://rubinoxmetal.com/export-material/inconel-625-flanges-singapore.html,200,https://rubinoxmetal.com/export-material/inconel-625-flanges-singapore.html,0,33,text/html; charset=utf-8,Inconel 625 Flanges Supplier for Singapore | Rubinox,Inconel 625 Flanges Supplier for Singapore,https://rubinoxmetal.com/export-material/inconel-625-flanges-singapore.html,"index,follow",false,true,true,true,
https://rubinoxmetal.com/export-material/duplex-2205-flanges-oman.html,200,https://rubinoxmetal.com/export-material/duplex-2205-flanges-oman.html,0,31,text/html; charset=utf-8,Duplex 2205 Flanges Supplier for Oman | Rubinox,Duplex 2205 Flanges Supplier for Oman,https://rubinoxmetal.com/export-material/duplex-2205-flanges-oman.html,"index,follow",false,true,true,true,
https://rubinoxmetal.com/export-material/inconel-625-flanges-germany.html,200,https://rubinoxmetal.com/export-material/inconel-625-flanges-germany.html,0,29,text/html; charset=utf-8,Inconel 625 Flanges Supplier for Germany | Rubinox,Inconel 625 Flanges Supplier for Germany,https://rubinoxmetal.com/export-material/inconel-625-flanges-germany.html,"index,follow",false,true,true,true,
https://rubinoxmetal.com/export-material/duplex-2205-flanges-kuwait.html,200,https://rubinoxmetal.com/export-material/duplex-2205-flanges-kuwait.html,0,32,text/html; charset=utf-8,Duplex 2205 Flanges Supplier for Kuwait | Rubinox,Duplex 2205 Flanges Supplier for Kuwait,https://rubinoxmetal.com/export-material/duplex-2205-flanges-kuwait.html,"index,follow",false,true,true,true,
https://rubinoxmetal.com/export-material/duplex-2205-flanges-malaysia.html,200,https://rubinoxmetal.com/export-material/duplex-2205-flanges-malaysia.html,0,29,text/html; charset=utf-8,Duplex 2205 Flanges Supplier for Malaysia | Rubinox,Duplex 2205 Flanges Supplier for Malaysia,https://rubinoxmetal.com/export-material/duplex-2205-flanges-malaysia.html,"index,follow",false,true,true,true,
https://rubinoxmetal.com/export-material/inconel-625-flanges-united-states.html,200,https://rubinoxmetal.com/export-material/inconel-625-flanges-united-states.html,0,31,text/html; charset=utf-8,Inconel 625 Flanges Supplier for United States | Rubinox,Inconel 625 Flanges Supplier for United States,https://rubinoxmetal.com/export-material/inconel-625-flanges-united-states.html,"index,follow",false,true,true,true,
https://rubinoxmetal.com/export-material/inconel-625-flanges-australia.html,200,https://rubinoxmetal.com/export-material/inconel-625-flanges-australia.html,0,31,text/html; charset=utf-8,Inconel 625 Flanges Supplier for Australia | Rubinox,Inconel 625 Flanges Supplier for Australia,https://rubinoxmetal.com/export-material/inconel-625-flanges-australia.html,"index,follow",false,true,true,true,
https://rubinoxmetal.com/export-material/duplex-2205-flanges-netherlands.html,200,https://rubinoxmetal.com/export-material/duplex-2205-flanges-netherlands.html,0,30,text/html; charset=utf-8,Duplex 2205 Flanges Supplier for Netherlands | Rubinox,Duplex 2205 Flanges Supplier for Netherlands,https://rubinoxmetal.com/export-material/duplex-2205-flanges-netherlands.html,"index,follow",false,true,true,true,
https://rubinoxmetal.com/material-location/hss-m2-round-bars-pune.html,200,https://rubinoxmetal.com/material-location/hss-m2-round-bars-pune.html,0,30,text/html; charset=utf-8,HSS M2 Round Bars Supplier in Pune | Rubinox,HSS M2 Round Bars Supplier in Pune,https://rubinoxmetal.com/material-location/hss-m2-round-bars-pune.html,"index,follow",false,true,true,true,
https://rubinoxmetal.com/material-location/hss-m2-round-bars-ahmedabad.html,200,https://rubinoxmetal.com/material-location/hss-m2-round-bars-ahmedabad.html,0,35,text/html; charset=utf-8,HSS M2 Round Bars Supplier in Ahmedabad | Rubinox,HSS M2 Round Bars Supplier in Ahmedabad,https://rubinoxmetal.com/material-location/hss-m2-round-bars-ahmedabad.html,"index,follow",false,true,true,true,
https://rubinoxmetal.com/material-location/hss-m2-round-bars-bengaluru.html,200,https://rubinoxmetal.com/material-location/hss-m2-round-bars-bengaluru.html,0,29,text/html; charset=utf-8,HSS M2 Round Bars Supplier in Bengaluru | Rubinox,HSS M2 Round Bars Supplier in Bengaluru,https://rubinoxmetal.com/material-location/hss-m2-round-bars-bengaluru.html,"index,follow",false,true,true,true,
https://rubinoxmetal.com/material-location/hss-m2-round-bars-chakan-pimpri-chinchwad.html,200,https://rubinoxmetal.com/material-location/hss-m2-round-bars-chakan-pimpri-chinchwad.html,0,34,text/html; charset=utf-8,HSS M2 Round Bars Supplier in Chakan and Pimpri-Chinchwad | Rubinox,HSS M2 Round Bars Supplier in Chakan and Pimpri-Chinchwad,https://rubinoxmetal.com/material-location/hss-m2-round-bars-chakan-pimpri-chinchwad.html,"index,follow",false,true,true,true,
https://rubinoxmetal.com/material-location/hss-m2-round-bars-chennai.html,200,https://rubinoxmetal.com/material-location/hss-m2-round-bars-chennai.html,0,34,text/html; charset=utf-8,HSS M2 Round Bars Supplier in Chennai | Rubinox,HSS M2 Round Bars Supplier in Chennai,https://rubinoxmetal.com/material-location/hss-m2-round-bars-chennai.html,"index,follow",false,true,true,true,
https://rubinoxmetal.com/material-location/hss-m2-round-bars-hyderabad.html,200,https://rubinoxmetal.com/material-location/hss-m2-round-bars-hyderabad.html,0,36,text/html; charset=utf-8,HSS M2 Round Bars Supplier in Hyderabad | Rubinox,HSS M2 Round Bars Supplier in Hyderabad,https://rubinoxmetal.com/material-location/hss-m2-round-bars-hyderabad.html,"index,follow",false,true,true,true,
https://rubinoxmetal.com/material-location/hss-m2-round-bars-coimbatore.html,200,https://rubinoxmetal.com/material-location/hss-m2-round-bars-coimbatore.html,0,31,text/html; charset=utf-8,HSS M2 Round Bars Supplier in Coimbatore | Rubinox,HSS M2 Round Bars Supplier in Coimbatore,https://rubinoxmetal.com/material-location/hss-m2-round-bars-coimbatore.html,"index,follow",false,true,true,true,
https://rubinoxmetal.com/material-location/hss-m2-round-bars-faridabad.html,200,https://rubinoxmetal.com/material-location/hss-m2-round-bars-faridabad.html,0,31,text/html; charset=utf-8,HSS M2 Round Bars Supplier in Faridabad | Rubinox,HSS M2 Round Bars Supplier in Faridabad,https://rubinoxmetal.com/material-location/hss-m2-round-bars-faridabad.html,"index,follow",false,true,true,true,
https://rubinoxmetal.com/material-location/hss-m2-round-bars-gurugram-manesar.html,200,https://rubinoxmetal.com/material-location/hss-m2-round-bars-gurugram-manesar.html,0,31,text/html; charset=utf-8,HSS M2 Round Bars Supplier in Gurugram and Manesar | Rubinox,HSS M2 Round Bars Supplier in Gurugram and Manesar,https://rubinoxmetal.com/material-location/hss-m2-round-bars-gurugram-manesar.html,"index,follow",false,true,true,true,
https://rubinoxmetal.com/material-location/hss-m2-round-bars-jamshedpur.html,200,https://rubinoxmetal.com/material-location/hss-m2-round-bars-jamshedpur.html,0,35,text/html; charset=utf-8,HSS M2 Round Bars Supplier in Jamshedpur | Rubinox,HSS M2 Round Bars Supplier in Jamshedpur,https://rubinoxmetal.com/material-location/hss-m2-round-bars-jamshedpur.html,"index,follow",false,true,true,true,
https://rubinoxmetal.com/material-location/aluminium-6061-fittings-mumbai.html,200,https://rubinoxmetal.com/material-location/aluminium-6061-fittings-mumbai.html,0,32,text/html; charset=utf-8,Aluminium 6061 Fittings Supplier in Mumbai | Rubinox,Aluminium 6061 Fittings Supplier in Mumbai,https://rubinoxmetal.com/material-location/aluminium-6061-fittings-mumbai.html,"index,follow",false,true,true,true,
https://rubinoxmetal.com/material-location/aluminium-6061-fittings-bengaluru.html,200,https://rubinoxmetal.com/material-location/aluminium-6061-fittings-bengaluru.html,0,32,text/html; charset=utf-8,Aluminium 6061 Fittings Supplier in Bengaluru | Rubinox,Aluminium 6061 Fittings Supplier in Bengaluru,https://rubinoxmetal.com/material-location/aluminium-6061-fittings-bengaluru.html,"index,follow",false,true,true,true,
https://rubinoxmetal.com/material-location/aluminium-6061-fittings-chennai.html,200,https://rubinoxmetal.com/material-location/aluminium-6061-fittings-chennai.html,0,33,text/html; charset=utf-8,Aluminium 6061 Fittings Supplier in Chennai | Rubinox,Aluminium 6061 Fittings Supplier in Chennai,https://rubinoxmetal.com/material-location/aluminium-6061-fittings-chennai.html,"index,follow",false,true,true,true,
https://rubinoxmetal.com/material-location/aluminium-6061-fittings-pune.html,200,https://rubinoxmetal.com/material-location/aluminium-6061-fittings-pune.html,0,27,text/html; charset=utf-8,Aluminium 6061 Fittings Supplier in Pune | Rubinox,Aluminium 6061 Fittings Supplier in Pune,https://rubinoxmetal.com/material-location/aluminium-6061-fittings-pune.html,"index,follow",false,true,true,true,
https://rubinoxmetal.com/material-location/aluminium-6061-fittings-vadodara.html,200,https://rubinoxmetal.com/material-location/aluminium-6061-fittings-vadodara.html,0,32,text/html; charset=utf-8,Aluminium 6061 Fittings Supplier in Vadodara | Rubinox,Aluminium 6061 Fittings Supplier in Vadodara,https://rubinoxmetal.com/material-location/aluminium-6061-fittings-vadodara.html,"index,follow",false,true,true,true,
https://rubinoxmetal.com/material-location/aluminium-6061-fittings-ahmedabad.html,200,https://rubinoxmetal.com/material-location/aluminium-6061-fittings-ahmedabad.html,0,38,text/html; charset=utf-8,Aluminium 6061 Fittings Supplier in Ahmedabad | Rubinox,Aluminium 6061 Fittings Supplier in Ahmedabad,https://rubinoxmetal.com/material-location/aluminium-6061-fittings-ahmedabad.html,"index,follow",false,true,true,true,
https://rubinoxmetal.com/material-location/aluminium-6061-fittings-hyderabad.html,200,https://rubinoxmetal.com/material-location/aluminium-6061-fittings-hyderabad.html,0,32,text/html; charset=utf-8,Aluminium 6061 Fittings Supplier in Hyderabad | Rubinox,Aluminium 6061 Fittings Supplier in Hyderabad,https://rubinoxmetal.com/material-location/aluminium-6061-fittings-hyderabad.html,"index,follow",false,true,true,true,
https://rubinoxmetal.com/material-location/aluminium-6061-fittings-delhi.html,200,https://rubinoxmetal.com/material-location/aluminium-6061-fittings-delhi.html,0,36,text/html; charset=utf-8,Aluminium 6061 Fittings Supplier in Delhi NCR | Rubinox,Aluminium 6061 Fittings Supplier in Delhi NCR,https://rubinoxmetal.com/material-location/aluminium-6061-fittings-delhi.html,"index,follow",false,true,true,true,
https://rubinoxmetal.com/material-location/aluminium-6061-fittings-coimbatore.html,200,https://rubinoxmetal.com/material-location/aluminium-6061-fittings-coimbatore.html,0,42,text/html; charset=utf-8,Aluminium 6061 Fittings Supplier in Coimbatore | Rubinox,Aluminium 6061 Fittings Supplier in Coimbatore,https://rubinoxmetal.com/material-location/aluminium-6061-fittings-coimbatore.html,"index,follow",false,true,true,true,
https://rubinoxmetal.com/material-location/aluminium-6061-fittings-faridabad.html,200,https://rubinoxmetal.com/material-location/aluminium-6061-fittings-faridabad.html,0,37,text/html; charset=utf-8,Aluminium 6061 Fittings Supplier in Faridabad | Rubinox,Aluminium 6061 Fittings Supplier in Faridabad,https://rubinoxmetal.com/material-location/aluminium-6061-fittings-faridabad.html,"index,follow",false,true,true,true,
https://rubinoxmetal.com/export-material/aluminium-6061-flanges-uae.html,200,https://rubinoxmetal.com/export-material/aluminium-6061-flanges-uae.html,0,43,text/html; charset=utf-8,Aluminium 6061 Flanges Supplier for UAE | Rubinox,Aluminium 6061 Flanges Supplier for UAE,https://rubinoxmetal.com/export-material/aluminium-6061-flanges-uae.html,"index,follow",false,true,true,true,
https://rubinoxmetal.com/export-material/aluminium-6061-flanges-saudi-arabia.html,200,https://rubinoxmetal.com/export-material/aluminium-6061-flanges-saudi-arabia.html,0,37,text/html; charset=utf-8,Aluminium 6061 Flanges Supplier for Saudi Arabia | Rubinox,Aluminium 6061 Flanges Supplier for Saudi Arabia,https://rubinoxmetal.com/export-material/aluminium-6061-flanges-saudi-arabia.html,"index,follow",false,true,true,true,
https://rubinoxmetal.com/export-material/aluminium-6061-flanges-qatar.html,200,https://rubinoxmetal.com/export-material/aluminium-6061-flanges-qatar.html,0,39,text/html; charset=utf-8,Aluminium 6061 Flanges Supplier for Qatar | Rubinox,Aluminium 6061 Flanges Supplier for Qatar,https://rubinoxmetal.com/export-material/aluminium-6061-flanges-qatar.html,"index,follow",false,true,true,true,
https://rubinoxmetal.com/export-material/aluminium-6061-flanges-singapore.html,200,https://rubinoxmetal.com/export-material/aluminium-6061-flanges-singapore.html,0,38,text/html; charset=utf-8,Aluminium 6061 Flanges Supplier for Singapore | Rubinox,Aluminium 6061 Flanges Supplier for Singapore,https://rubinoxmetal.com/export-material/aluminium-6061-flanges-singapore.html,"index,follow",false,true,true,true,
https://rubinoxmetal.com/material-location.html,200,https://rubinoxmetal.com/material-location.html,0,36,text/html; charset=utf-8,Material Location RFQ Pages | Rubinox,Material Location RFQ Pages,https://rubinoxmetal.com/material-location.html,,false,true,true,true,
https://rubinoxmetal.com/export-material.html,200,https://rubinoxmetal.com/export-material.html,0,34,text/html; charset=utf-8,Export Material RFQ Pages | Rubinox,Export Material RFQ Pages,https://rubinoxmetal.com/export-material.html,,false,true,true,true,
https://rubinoxmetal.com/hss-location.html,200,https://rubinoxmetal.com/hss-location.html,0,28,text/html; charset=utf-8,HSS Location RFQ Pages | Rubinox,HSS Location RFQ Pages,https://rubinoxmetal.com/hss-location.html,,false,true,true,true,
https://rubinoxmetal.com/material-location/ss-316l-fittings-chennai.html,200,https://rubinoxmetal.com/material-location/ss-316l-fittings-chennai.html,0,27,text/html; charset=utf-8,SS 316L Fittings in Chennai | RFQ Support | Rubinox,SS 316L Fittings Supplier in Chennai,https://rubinoxmetal.com/material-location/ss-316l-fittings-chennai.html,,false,true,true,true,
https://rubinoxmetal.com/material-location/ss-316-flanges-hyderabad.html,200,https://rubinoxmetal.com/material-location/ss-316-flanges-hyderabad.html,0,32,text/html; charset=utf-8,SS 316 Flanges in Hyderabad | RFQ Support | Rubinox,SS 316 Flanges Supplier in Hyderabad,https://rubinoxmetal.com/material-location/ss-316-flanges-hyderabad.html,,false,true,true,true,
https://rubinoxmetal.com/material-location/ss-304-coils-mumbai.html,200,https://rubinoxmetal.com/material-location/ss-304-coils-mumbai.html,0,29,text/html; charset=utf-8,SS 304 Coils in Mumbai | RFQ Support | Rubinox,SS 304 Coils Supplier in Mumbai,https://rubinoxmetal.com/material-location/ss-304-coils-mumbai.html,,false,true,true,true,
https://rubinoxmetal.com/material-location/ss-304-sheets-mumbai.html,200,https://rubinoxmetal.com/material-location/ss-304-sheets-mumbai.html,0,32,text/html; charset=utf-8,SS 304 Sheets in Mumbai | RFQ Support | Rubinox,SS 304 Sheets Supplier in Mumbai,https://rubinoxmetal.com/material-location/ss-304-sheets-mumbai.html,,false,true,true,true,
https://rubinoxmetal.com/material-location/ss-316-pipes-mumbai.html,200,https://rubinoxmetal.com/material-location/ss-316-pipes-mumbai.html,0,27,text/html; charset=utf-8,SS 316 Pipes in Mumbai | RFQ Support | Rubinox,SS 316 Pipes Supplier in Mumbai,https://rubinoxmetal.com/material-location/ss-316-pipes-mumbai.html,,false,true,true,true,
https://rubinoxmetal.com/material-location/ss-316l-pipes-pune.html,200,https://rubinoxmetal.com/material-location/ss-316l-pipes-pune.html,0,35,text/html; charset=utf-8,SS 316L Pipes in Pune | RFQ Support | Rubinox,SS 316L Pipes Supplier in Pune,https://rubinoxmetal.com/material-location/ss-316l-pipes-pune.html,,false,true,true,true,
https://rubinoxmetal.com/material-location/ss-304-welded-pipes-mumbai.html,200,https://rubinoxmetal.com/material-location/ss-304-welded-pipes-mumbai.html,0,34,text/html; charset=utf-8,SS 304 Welded Pipes in Mumbai | RFQ Support | Rubinox,SS 304 Welded Pipes Supplier in Mumbai,https://rubinoxmetal.com/material-location/ss-304-welded-pipes-mumbai.html,,false,true,true,true,
https://rubinoxmetal.com/material-location/ss-304-seamless-pipes-mumbai.html,200,https://rubinoxmetal.com/material-location/ss-304-seamless-pipes-mumbai.html,0,34,text/html; charset=utf-8,SS 304 Seamless Pipes in Mumbai | RFQ Support | Rubinox,SS 304 Seamless Pipes Supplier in Mumbai,https://rubinoxmetal.com/material-location/ss-304-seamless-pipes-mumbai.html,,false,true,true,true,
https://rubinoxmetal.com/material-location/ss-310-plates-pune.html,200,https://rubinoxmetal.com/material-location/ss-310-plates-pune.html,0,38,text/html; charset=utf-8,SS 310 Plates in Pune | RFQ Support | Rubinox,SS 310 Plates Supplier in Pune,https://rubinoxmetal.com/material-location/ss-310-plates-pune.html,,false,true,true,true,
https://rubinoxmetal.com/material-location/ss-410-round-bars-rajkot.html,200,https://rubinoxmetal.com/material-location/ss-410-round-bars-rajkot.html,0,33,text/html; charset=utf-8,SS 410 Round Bars in Rajkot | RFQ Support | Rubinox,SS 410 Round Bars Supplier in Rajkot,https://rubinoxmetal.com/material-location/ss-410-round-bars-rajkot.html,,false,true,true,true,
https://rubinoxmetal.com/material-location/ss-430-sheets-delhi.html,200,https://rubinoxmetal.com/material-location/ss-430-sheets-delhi.html,0,31,text/html; charset=utf-8,SS 430 Sheets in Delhi | RFQ Support | Rubinox,SS 430 Sheets Supplier in Delhi,https://rubinoxmetal.com/material-location/ss-430-sheets-delhi.html,,false,true,true,true,
https://rubinoxmetal.com/material-location/ss-304-perforated-sheets-ahmedabad.html,200,https://rubinoxmetal.com/material-location/ss-304-perforated-sheets-ahmedabad.html,0,29,text/html; charset=utf-8,SS 304 Perforated Sheets in Ahmedabad | RFQ Support | Rubinox,SS 304 Perforated Sheets Supplier in Ahmedabad,https://rubinoxmetal.com/material-location/ss-304-perforated-sheets-ahmedabad.html,,false,true,true,true,
https://rubinoxmetal.com/material-location/ss-316-wire-mesh-bengaluru.html,200,https://rubinoxmetal.com/material-location/ss-316-wire-mesh-bengaluru.html,0,29,text/html; charset=utf-8,SS 316 Wire Mesh in Bengaluru | RFQ Support | Rubinox,SS 316 Wire Mesh Supplier in Bengaluru,https://rubinoxmetal.com/material-location/ss-316-wire-mesh-bengaluru.html,,false,true,true,true,
https://rubinoxmetal.com/material-location/ss-304l-sheets-mumbai.html,200,https://rubinoxmetal.com/material-location/ss-304l-sheets-mumbai.html,0,36,text/html; charset=utf-8,SS 304L Sheets in Mumbai | RFQ Support | Rubinox,SS 304L Sheets Supplier in Mumbai,https://rubinoxmetal.com/material-location/ss-304l-sheets-mumbai.html,,false,true,true,true,
https://rubinoxmetal.com/material-location/ss-316-plates-mumbai.html,200,https://rubinoxmetal.com/material-location/ss-316-plates-mumbai.html,0,28,text/html; charset=utf-8,SS 316 Plates in Mumbai | RFQ Support | Rubinox,SS 316 Plates Supplier in Mumbai,https://rubinoxmetal.com/material-location/ss-316-plates-mumbai.html,,false,true,true,true,
https://rubinoxmetal.com/material-location/ss-316l-tubes-chennai.html,200,https://rubinoxmetal.com/material-location/ss-316l-tubes-chennai.html,0,34,text/html; charset=utf-8,SS 316L Tubes in Chennai | RFQ Support | Rubinox,SS 316L Tubes Supplier in Chennai,https://rubinoxmetal.com/material-location/ss-316l-tubes-chennai.html,,false,true,true,true,
https://rubinoxmetal.com/material-location/ss-304-fasteners-pune.html,200,https://rubinoxmetal.com/material-location/ss-304-fasteners-pune.html,0,34,text/html; charset=utf-8,SS 304 Fasteners in Pune | RFQ Support | Rubinox,SS 304 Fasteners Supplier in Pune,https://rubinoxmetal.com/material-location/ss-304-fasteners-pune.html,,false,true,true,true,
https://rubinoxmetal.com/material-location/ss-316l-fittings-mumbai.html,200,https://rubinoxmetal.com/material-location/ss-316l-fittings-mumbai.html,0,37,text/html; charset=utf-8,SS 316L Fittings in Mumbai | RFQ Support | Rubinox,SS 316L Fittings Supplier in Mumbai,https://rubinoxmetal.com/material-location/ss-316l-fittings-mumbai.html,,false,true,true,true,
https://rubinoxmetal.com/material-location/ss-316-flanges-chennai.html,200,https://rubinoxmetal.com/material-location/ss-316-flanges-chennai.html,0,36,text/html; charset=utf-8,SS 316 Flanges in Chennai | RFQ Support | Rubinox,SS 316 Flanges Supplier in Chennai,https://rubinoxmetal.com/material-location/ss-316-flanges-chennai.html,,false,true,true,true,
https://rubinoxmetal.com/material-location/ss-304-coils-ahmedabad.html,200,https://rubinoxmetal.com/material-location/ss-304-coils-ahmedabad.html,0,28,text/html; charset=utf-8,SS 304 Coils in Ahmedabad | RFQ Support | Rubinox,SS 304 Coils Supplier in Ahmedabad,https://rubinoxmetal.com/material-location/ss-304-coils-ahmedabad.html,,false,true,true,true,
https://rubinoxmetal.com/material-location/ss-304-sheets-pune.html,200,https://rubinoxmetal.com/material-location/ss-304-sheets-pune.html,0,34,text/html; charset=utf-8,SS 304 Sheets in Pune | RFQ Support | Rubinox,SS 304 Sheets Supplier in Pune,https://rubinoxmetal.com/material-location/ss-304-sheets-pune.html,,false,true,true,true,
https://rubinoxmetal.com/material-location/ss-316-pipes-chennai.html,200,https://rubinoxmetal.com/material-location/ss-316-pipes-chennai.html,0,35,text/html; charset=utf-8,SS 316 Pipes in Chennai | RFQ Support | Rubinox,SS 316 Pipes Supplier in Chennai,https://rubinoxmetal.com/material-location/ss-316-pipes-chennai.html,,false,true,true,true,
https://rubinoxmetal.com/material-location/ss-316l-pipes-mumbai.html,200,https://rubinoxmetal.com/material-location/ss-316l-pipes-mumbai.html,0,34,text/html; charset=utf-8,SS 316L Pipes in Mumbai | RFQ Support | Rubinox,SS 316L Pipes Supplier in Mumbai,https://rubinoxmetal.com/material-location/ss-316l-pipes-mumbai.html,,false,true,true,true,
https://rubinoxmetal.com/material-location/ss-304-welded-pipes-pune.html,200,https://rubinoxmetal.com/material-location/ss-304-welded-pipes-pune.html,0,38,text/html; charset=utf-8,SS 304 Welded Pipes in Pune | RFQ Support | Rubinox,SS 304 Welded Pipes Supplier in Pune,https://rubinoxmetal.com/material-location/ss-304-welded-pipes-pune.html,,false,true,true,true,
https://rubinoxmetal.com/material-location/ss-304-seamless-pipes-vadodara.html,200,https://rubinoxmetal.com/material-location/ss-304-seamless-pipes-vadodara.html,0,36,text/html; charset=utf-8,SS 304 Seamless Pipes in Vadodara | RFQ Support | Rubinox,SS 304 Seamless Pipes Supplier in Vadodara,https://rubinoxmetal.com/material-location/ss-304-seamless-pipes-vadodara.html,,false,true,true,true,
https://rubinoxmetal.com/material-location/ss-310-plates-mumbai.html,200,https://rubinoxmetal.com/material-location/ss-310-plates-mumbai.html,0,34,text/html; charset=utf-8,SS 310 Plates in Mumbai | RFQ Support | Rubinox,SS 310 Plates Supplier in Mumbai,https://rubinoxmetal.com/material-location/ss-310-plates-mumbai.html,,false,true,true,true,
https://rubinoxmetal.com/material-location/ss-410-round-bars-pune.html,200,https://rubinoxmetal.com/material-location/ss-410-round-bars-pune.html,0,39,text/html; charset=utf-8,SS 410 Round Bars in Pune | RFQ Support | Rubinox,SS 410 Round Bars Supplier in Pune,https://rubinoxmetal.com/material-location/ss-410-round-bars-pune.html,,false,true,true,true,
https://rubinoxmetal.com/material-location/ss-430-sheets-chennai.html,200,https://rubinoxmetal.com/material-location/ss-430-sheets-chennai.html,0,42,text/html; charset=utf-8,SS 430 Sheets in Chennai | RFQ Support | Rubinox,SS 430 Sheets Supplier in Chennai,https://rubinoxmetal.com/material-location/ss-430-sheets-chennai.html,,false,true,true,true,
https://rubinoxmetal.com/material-location/ss-304-perforated-sheets-mumbai.html,200,https://rubinoxmetal.com/material-location/ss-304-perforated-sheets-mumbai.html,0,42,text/html; charset=utf-8,SS 304 Perforated Sheets in Mumbai | RFQ Support | Rubinox,SS 304 Perforated Sheets Supplier in Mumbai,https://rubinoxmetal.com/material-location/ss-304-perforated-sheets-mumbai.html,,false,true,true,true,
https://rubinoxmetal.com/material-location/ss-316-wire-mesh-mumbai.html,200,https://rubinoxmetal.com/material-location/ss-316-wire-mesh-mumbai.html,0,46,text/html; charset=utf-8,SS 316 Wire Mesh in Mumbai | RFQ Support | Rubinox,SS 316 Wire Mesh Supplier in Mumbai,https://rubinoxmetal.com/material-location/ss-316-wire-mesh-mumbai.html,,false,true,true,true,
https://rubinoxmetal.com/material-location/ss-304l-sheets-pune.html,200,https://rubinoxmetal.com/material-location/ss-304l-sheets-pune.html,0,42,text/html; charset=utf-8,SS 304L Sheets in Pune | RFQ Support | Rubinox,SS 304L Sheets Supplier in Pune,https://rubinoxmetal.com/material-location/ss-304l-sheets-pune.html,,false,true,true,true,
https://rubinoxmetal.com/material-location/ss-316-plates-pune.html,200,https://rubinoxmetal.com/material-location/ss-316-plates-pune.html,0,38,text/html; charset=utf-8,SS 316 Plates in Pune | RFQ Support | Rubinox,SS 316 Plates Supplier in Pune,https://rubinoxmetal.com/material-location/ss-316-plates-pune.html,,false,true,true,true,
https://rubinoxmetal.com/material-location/ss-316l-tubes-mumbai.html,200,https://rubinoxmetal.com/material-location/ss-316l-tubes-mumbai.html,0,33,text/html; charset=utf-8,SS 316L Tubes in Mumbai | RFQ Support | Rubinox,SS 316L Tubes Supplier in Mumbai,https://rubinoxmetal.com/material-location/ss-316l-tubes-mumbai.html,,false,true,true,true,
https://rubinoxmetal.com/material-location/ss-304-fasteners-faridabad.html,200,https://rubinoxmetal.com/material-location/ss-304-fasteners-faridabad.html,0,31,text/html; charset=utf-8,SS 304 Fasteners in Faridabad | RFQ Support | Rubinox,SS 304 Fasteners Supplier in Faridabad,https://rubinoxmetal.com/material-location/ss-304-fasteners-faridabad.html,,false,true,true,true,
https://rubinoxmetal.com/material-location/ss-316l-fittings-pune.html,200,https://rubinoxmetal.com/material-location/ss-316l-fittings-pune.html,0,31,text/html; charset=utf-8,SS 316L Fittings in Pune | RFQ Support | Rubinox,SS 316L Fittings Supplier in Pune,https://rubinoxmetal.com/material-location/ss-316l-fittings-pune.html,,false,true,true,true,
https://rubinoxmetal.com/material-location/ss-316-flanges-pune.html,200,https://rubinoxmetal.com/material-location/ss-316-flanges-pune.html,0,31,text/html; charset=utf-8,SS 316 Flanges in Pune | RFQ Support | Rubinox,SS 316 Flanges Supplier in Pune,https://rubinoxmetal.com/material-location/ss-316-flanges-pune.html,,false,true,true,true,
https://rubinoxmetal.com/material-location/ss-304-coils-chennai.html,200,https://rubinoxmetal.com/material-location/ss-304-coils-chennai.html,0,36,text/html; charset=utf-8,SS 304 Coils in Chennai | RFQ Support | Rubinox,SS 304 Coils Supplier in Chennai,https://rubinoxmetal.com/material-location/ss-304-coils-chennai.html,,false,true,true,true,
https://rubinoxmetal.com/material-location/ss-304-sheets-chennai.html,200,https://rubinoxmetal.com/material-location/ss-304-sheets-chennai.html,0,29,text/html; charset=utf-8,SS 304 Sheets in Chennai | RFQ Support | Rubinox,SS 304 Sheets Supplier in Chennai,https://rubinoxmetal.com/material-location/ss-304-sheets-chennai.html,,false,true,true,true,
https://rubinoxmetal.com/material-location/ss-316-pipes-hyderabad.html,200,https://rubinoxmetal.com/material-location/ss-316-pipes-hyderabad.html,0,39,text/html; charset=utf-8,SS 316 Pipes in Hyderabad | RFQ Support | Rubinox,SS 316 Pipes Supplier in Hyderabad,https://rubinoxmetal.com/material-location/ss-316-pipes-hyderabad.html,,false,true,true,true,
https://rubinoxmetal.com/material-location/ss-316l-pipes-chennai.html,200,https://rubinoxmetal.com/material-location/ss-316l-pipes-chennai.html,0,38,text/html; charset=utf-8,SS 316L Pipes in Chennai | RFQ Support | Rubinox,SS 316L Pipes Supplier in Chennai,https://rubinoxmetal.com/material-location/ss-316l-pipes-chennai.html,,false,true,true,true,
https://rubinoxmetal.com/material-location/ss-304-welded-pipes-ahmedabad.html,200,https://rubinoxmetal.com/material-location/ss-304-welded-pipes-ahmedabad.html,0,38,text/html; charset=utf-8,SS 304 Welded Pipes in Ahmedabad | RFQ Support | Rubinox,SS 304 Welded Pipes Supplier in Ahmedabad,https://rubinoxmetal.com/material-location/ss-304-welded-pipes-ahmedabad.html,,false,true,true,true,
https://rubinoxmetal.com/material-location/ss-304-seamless-pipes-chennai.html,200,https://rubinoxmetal.com/material-location/ss-304-seamless-pipes-chennai.html,0,35,text/html; charset=utf-8,SS 304 Seamless Pipes in Chennai | RFQ Support | Rubinox,SS 304 Seamless Pipes Supplier in Chennai,https://rubinoxmetal.com/material-location/ss-304-seamless-pipes-chennai.html,,false,true,true,true,
https://rubinoxmetal.com/material-location/ss-310-plates-chennai.html,200,https://rubinoxmetal.com/material-location/ss-310-plates-chennai.html,0,37,text/html; charset=utf-8,SS 310 Plates in Chennai | RFQ Support | Rubinox,SS 310 Plates Supplier in Chennai,https://rubinoxmetal.com/material-location/ss-310-plates-chennai.html,,false,true,true,true,
https://rubinoxmetal.com/material-location/ss-410-round-bars-coimbatore.html,200,https://rubinoxmetal.com/material-location/ss-410-round-bars-coimbatore.html,0,43,text/html; charset=utf-8,SS 410 Round Bars in Coimbatore | RFQ Support | Rubinox,SS 410 Round Bars Supplier in Coimbatore,https://rubinoxmetal.com/material-location/ss-410-round-bars-coimbatore.html,,false,true,true,true,
https://rubinoxmetal.com/material-location/ss-420-rods-faridabad.html,200,https://rubinoxmetal.com/material-location/ss-420-rods-faridabad.html,0,50,text/html; charset=utf-8,SS 420 Rods in Faridabad | RFQ Support | Rubinox,SS 420 Rods Supplier in Faridabad,https://rubinoxmetal.com/material-location/ss-420-rods-faridabad.html,,false,true,true,true,
https://rubinoxmetal.com/material-location/ss-430-sheets-ahmedabad.html,200,https://rubinoxmetal.com/material-location/ss-430-sheets-ahmedabad.html,0,43,text/html; charset=utf-8,SS 430 Sheets in Ahmedabad | RFQ Support | Rubinox,SS 430 Sheets Supplier in Ahmedabad,https://rubinoxmetal.com/material-location/ss-430-sheets-ahmedabad.html,,false,true,true,true,
https://rubinoxmetal.com/material-location/ss-304-perforated-sheets-pune.html,200,https://rubinoxmetal.com/material-location/ss-304-perforated-sheets-pune.html,0,48,text/html; charset=utf-8,SS 304 Perforated Sheets in Pune | RFQ Support | Rubinox,SS 304 Perforated Sheets Supplier in Pune,https://rubinoxmetal.com/material-location/ss-304-perforated-sheets-pune.html,,false,true,true,true,
https://rubinoxmetal.com/material-location/ss-316-wire-mesh-hyderabad.html,200,https://rubinoxmetal.com/material-location/ss-316-wire-mesh-hyderabad.html,0,40,text/html; charset=utf-8,SS 316 Wire Mesh in Hyderabad | RFQ Support | Rubinox,SS 316 Wire Mesh Supplier in Hyderabad,https://rubinoxmetal.com/material-location/ss-316-wire-mesh-hyderabad.html,,false,true,true,true,
https://rubinoxmetal.com/material-location/ss-304l-sheets-chennai.html,200,https://rubinoxmetal.com/material-location/ss-304l-sheets-chennai.html,0,47,text/html; charset=utf-8,SS 304L Sheets in Chennai | RFQ Support | Rubinox,SS 304L Sheets Supplier in Chennai,https://rubinoxmetal.com/material-location/ss-304l-sheets-chennai.html,,false,true,true,true,
https://rubinoxmetal.com/material-location/ss-316-plates-chennai.html,200,https://rubinoxmetal.com/material-location/ss-316-plates-chennai.html,0,44,text/html; charset=utf-8,SS 316 Plates in Chennai | RFQ Support | Rubinox,SS 316 Plates Supplier in Chennai,https://rubinoxmetal.com/material-location/ss-316-plates-chennai.html,,false,true,true,true,
https://rubinoxmetal.com/material-location/ss-316l-tubes-pune.html,200,https://rubinoxmetal.com/material-location/ss-316l-tubes-pune.html,0,32,text/html; charset=utf-8,SS 316L Tubes in Pune | RFQ Support | Rubinox,SS 316L Tubes Supplier in Pune,https://rubinoxmetal.com/material-location/ss-316l-tubes-pune.html,,false,true,true,true,
https://rubinoxmetal.com/material-location/ss-304-fasteners-chennai.html,200,https://rubinoxmetal.com/material-location/ss-304-fasteners-chennai.html,0,43,text/html; charset=utf-8,SS 304 Fasteners in Chennai | RFQ Support | Rubinox,SS 304 Fasteners Supplier in Chennai,https://rubinoxmetal.com/material-location/ss-304-fasteners-chennai.html,,false,true,true,true,
https://rubinoxmetal.com/material-location/ss-316l-fittings-hyderabad.html,200,https://rubinoxmetal.com/material-location/ss-316l-fittings-hyderabad.html,0,44,text/html; charset=utf-8,SS 316L Fittings in Hyderabad | RFQ Support | Rubinox,SS 316L Fittings Supplier in Hyderabad,https://rubinoxmetal.com/material-location/ss-316l-fittings-hyderabad.html,,false,true,true,true,
https://rubinoxmetal.com/material-location/ss-316-flanges-ahmedabad.html,200,https://rubinoxmetal.com/material-location/ss-316-flanges-ahmedabad.html,0,34,text/html; charset=utf-8,SS 316 Flanges in Ahmedabad | RFQ Support | Rubinox,SS 316 Flanges Supplier in Ahmedabad,https://rubinoxmetal.com/material-location/ss-316-flanges-ahmedabad.html,,false,true,true,true,
https://rubinoxmetal.com/material-location/ss-304-coils-bengaluru.html,200,https://rubinoxmetal.com/material-location/ss-304-coils-bengaluru.html,0,39,text/html; charset=utf-8,SS 304 Coils in Bengaluru | RFQ Support | Rubinox,SS 304 Coils Supplier in Bengaluru,https://rubinoxmetal.com/material-location/ss-304-coils-bengaluru.html,,false,true,true,true,
https://rubinoxmetal.com/material-location/ss-304-sheets-hyderabad.html,200,https://rubinoxmetal.com/material-location/ss-304-sheets-hyderabad.html,0,49,text/html; charset=utf-8,SS 304 Sheets in Hyderabad | RFQ Support | Rubinox,SS 304 Sheets Supplier in Hyderabad,https://rubinoxmetal.com/material-location/ss-304-sheets-hyderabad.html,,false,true,true,true,
https://rubinoxmetal.com/material-location/ss-316-pipes-vadodara.html,200,https://rubinoxmetal.com/material-location/ss-316-pipes-vadodara.html,0,44,text/html; charset=utf-8,SS 316 Pipes in Vadodara | RFQ Support | Rubinox,SS 316 Pipes Supplier in Vadodara,https://rubinoxmetal.com/material-location/ss-316-pipes-vadodara.html,,false,true,true,true,
https://rubinoxmetal.com/material-location/ss-316l-pipes-bengaluru.html,200,https://rubinoxmetal.com/material-location/ss-316l-pipes-bengaluru.html,0,37,text/html; charset=utf-8,SS 316L Pipes in Bengaluru | RFQ Support | Rubinox,SS 316L Pipes Supplier in Bengaluru,https://rubinoxmetal.com/material-location/ss-316l-pipes-bengaluru.html,,false,true,true,true,
https://rubinoxmetal.com/material-location/ss-304-welded-pipes-hyderabad.html,200,https://rubinoxmetal.com/material-location/ss-304-welded-pipes-hyderabad.html,0,49,text/html; charset=utf-8,SS 304 Welded Pipes in Hyderabad | RFQ Support | Rubinox,SS 304 Welded Pipes Supplier in Hyderabad,https://rubinoxmetal.com/material-location/ss-304-welded-pipes-hyderabad.html,,false,true,true,true,
https://rubinoxmetal.com/material-location/ss-304-seamless-pipes-ankleshwar.html,200,https://rubinoxmetal.com/material-location/ss-304-seamless-pipes-ankleshwar.html,0,48,text/html; charset=utf-8,SS 304 Seamless Pipes in Ankleshwar | RFQ Support | Rubinox,SS 304 Seamless Pipes Supplier in Ankleshwar,https://rubinoxmetal.com/material-location/ss-304-seamless-pipes-ankleshwar.html,,false,true,true,true,
https://rubinoxmetal.com/material-location/ss-310-plates-vadodara.html,200,https://rubinoxmetal.com/material-location/ss-310-plates-vadodara.html,0,47,text/html; charset=utf-8,SS 310 Plates in Vadodara | RFQ Support | Rubinox,SS 310 Plates Supplier in Vadodara,https://rubinoxmetal.com/material-location/ss-310-plates-vadodara.html,,false,true,true,true,
https://rubinoxmetal.com/material-location/ss-410-round-bars-faridabad.html,200,https://rubinoxmetal.com/material-location/ss-410-round-bars-faridabad.html,0,36,text/html; charset=utf-8,SS 410 Round Bars in Faridabad | RFQ Support | Rubinox,SS 410 Round Bars Supplier in Faridabad,https://rubinoxmetal.com/material-location/ss-410-round-bars-faridabad.html,,false,true,true,true,
https://rubinoxmetal.com/material-location/ss-420-rods-pune.html,200,https://rubinoxmetal.com/material-location/ss-420-rods-pune.html,0,45,text/html; charset=utf-8,SS 420 Rods in Pune | RFQ Support | Rubinox,SS 420 Rods Supplier in Pune,https://rubinoxmetal.com/material-location/ss-420-rods-pune.html,,false,true,true,true,
https://rubinoxmetal.com/material-location/ss-430-sheets-mumbai.html,200,https://rubinoxmetal.com/material-location/ss-430-sheets-mumbai.html,0,36,text/html; charset=utf-8,SS 430 Sheets in Mumbai | RFQ Support | Rubinox,SS 430 Sheets Supplier in Mumbai,https://rubinoxmetal.com/material-location/ss-430-sheets-mumbai.html,,false,true,true,true,
https://rubinoxmetal.com/material-location/ss-304-perforated-sheets-chennai.html,200,https://rubinoxmetal.com/material-location/ss-304-perforated-sheets-chennai.html,0,41,text/html; charset=utf-8,SS 304 Perforated Sheets in Chennai | RFQ Support | Rubinox,SS 304 Perforated Sheets Supplier in Chennai,https://rubinoxmetal.com/material-location/ss-304-perforated-sheets-chennai.html,,false,true,true,true,
https://rubinoxmetal.com/material-location/ss-316-wire-mesh-chennai.html,200,https://rubinoxmetal.com/material-location/ss-316-wire-mesh-chennai.html,0,38,text/html; charset=utf-8,SS 316 Wire Mesh in Chennai | RFQ Support | Rubinox,SS 316 Wire Mesh Supplier in Chennai,https://rubinoxmetal.com/material-location/ss-316-wire-mesh-chennai.html,,false,true,true,true,
https://rubinoxmetal.com/material-location/ss-304l-sheets-ahmedabad.html,200,https://rubinoxmetal.com/material-location/ss-304l-sheets-ahmedabad.html,0,41,text/html; charset=utf-8,SS 304L Sheets in Ahmedabad | RFQ Support | Rubinox,SS 304L Sheets Supplier in Ahmedabad,https://rubinoxmetal.com/material-location/ss-304l-sheets-ahmedabad.html,,false,true,true,true,
https://rubinoxmetal.com/material-location/ss-316-plates-hyderabad.html,200,https://rubinoxmetal.com/material-location/ss-316-plates-hyderabad.html,0,40,text/html; charset=utf-8,SS 316 Plates in Hyderabad | RFQ Support | Rubinox,SS 316 Plates Supplier in Hyderabad,https://rubinoxmetal.com/material-location/ss-316-plates-hyderabad.html,,false,true,true,true,
https://rubinoxmetal.com/material-location/ss-316l-tubes-hyderabad.html,200,https://rubinoxmetal.com/material-location/ss-316l-tubes-hyderabad.html,0,37,text/html; charset=utf-8,SS 316L Tubes in Hyderabad | RFQ Support | Rubinox,SS 316L Tubes Supplier in Hyderabad,https://rubinoxmetal.com/material-location/ss-316l-tubes-hyderabad.html,,false,true,true,true,
https://rubinoxmetal.com/material-location/ss-304-fasteners-bengaluru.html,200,https://rubinoxmetal.com/material-location/ss-304-fasteners-bengaluru.html,0,46,text/html; charset=utf-8,SS 304 Fasteners in Bengaluru | RFQ Support | Rubinox,SS 304 Fasteners Supplier in Bengaluru,https://rubinoxmetal.com/material-location/ss-304-fasteners-bengaluru.html,,false,true,true,true,
https://rubinoxmetal.com/material-location/ss-316l-fittings-vadodara.html,200,https://rubinoxmetal.com/material-location/ss-316l-fittings-vadodara.html,0,41,text/html; charset=utf-8,SS 316L Fittings in Vadodara | RFQ Support | Rubinox,SS 316L Fittings Supplier in Vadodara,https://rubinoxmetal.com/material-location/ss-316l-fittings-vadodara.html,,false,true,true,true,
https://rubinoxmetal.com/material-location/ss-316-flanges-bengaluru.html,200,https://rubinoxmetal.com/material-location/ss-316-flanges-bengaluru.html,0,42,text/html; charset=utf-8,SS 316 Flanges in Bengaluru | RFQ Support | Rubinox,SS 316 Flanges Supplier in Bengaluru,https://rubinoxmetal.com/material-location/ss-316-flanges-bengaluru.html,,false,true,true,true,
https://rubinoxmetal.com/material-location/inconel-625-plates-mumbai.html,200,https://rubinoxmetal.com/material-location/inconel-625-plates-mumbai.html,0,46,text/html; charset=utf-8,Inconel 625 Plates in Mumbai | RFQ Support | Rubinox,Inconel 625 Plates Supplier in Mumbai,https://rubinoxmetal.com/material-location/inconel-625-plates-mumbai.html,,false,true,true,true,
https://rubinoxmetal.com/material-location/inconel-718-round-bars-pune.html,200,https://rubinoxmetal.com/material-location/inconel-718-round-bars-pune.html,0,41,text/html; charset=utf-8,Inconel 718 Round Bars in Pune | RFQ Support | Rubinox,Inconel 718 Round Bars Supplier in Pune,https://rubinoxmetal.com/material-location/inconel-718-round-bars-pune.html,,false,true,true,true,
https://rubinoxmetal.com/material-location/hastelloy-c276-fittings-chennai.html,200,https://rubinoxmetal.com/material-location/hastelloy-c276-fittings-chennai.html,0,42,text/html; charset=utf-8,Hastelloy C276 Fittings in Chennai | RFQ Support | Rubinox,Hastelloy C276 Fittings Supplier in Chennai,https://rubinoxmetal.com/material-location/hastelloy-c276-fittings-chennai.html,,false,true,true,true,
https://rubinoxmetal.com/material-location/duplex-2205-plates-ahmedabad.html,200,https://rubinoxmetal.com/material-location/duplex-2205-plates-ahmedabad.html,0,40,text/html; charset=utf-8,Duplex 2205 Plates in Ahmedabad | RFQ Support | Rubinox,Duplex 2205 Plates Supplier in Ahmedabad,https://rubinoxmetal.com/material-location/duplex-2205-plates-ahmedabad.html,,false,true,true,true,
https://rubinoxmetal.com/material-location/super-duplex-2507-pipes-chennai.html,200,https://rubinoxmetal.com/material-location/super-duplex-2507-pipes-chennai.html,0,39,text/html; charset=utf-8,Super Duplex 2507 Pipes in Chennai | RFQ Support | Rubinox,Super Duplex 2507 Pipes Supplier in Chennai,https://rubinoxmetal.com/material-location/super-duplex-2507-pipes-chennai.html,,false,true,true,true,
https://rubinoxmetal.com/material-location/super-duplex-2507-flanges-mumbai.html,200,https://rubinoxmetal.com/material-location/super-duplex-2507-flanges-mumbai.html,0,44,text/html; charset=utf-8,Super Duplex 2507 Flanges in Mumbai | RFQ Support | Rubinox,Super Duplex 2507 Flanges Supplier in Mumbai,https://rubinoxmetal.com/material-location/super-duplex-2507-flanges-mumbai.html,,false,true,true,true,
https://rubinoxmetal.com/export-material/duplex-2205-pipes-saudi-arabia.html,200,https://rubinoxmetal.com/export-material/duplex-2205-pipes-saudi-arabia.html,0,47,text/html; charset=utf-8,Duplex 2205 Pipes for Saudi Arabia | RFQ Support | Rubinox,Duplex 2205 Pipes Supplier for Saudi Arabia,https://rubinoxmetal.com/export-material/duplex-2205-pipes-saudi-arabia.html,,false,true,true,true,
https://rubinoxmetal.com/export-material/super-duplex-2507-flanges-qatar.html,200,https://rubinoxmetal.com/export-material/super-duplex-2507-flanges-qatar.html,0,48,text/html; charset=utf-8,Super Duplex 2507 Flanges for Qatar | RFQ Support | Rubinox,Super Duplex 2507 Flanges Supplier for Qatar,https://rubinoxmetal.com/export-material/super-duplex-2507-flanges-qatar.html,,false,true,true,true,
https://rubinoxmetal.com/export-material/hastelloy-c276-plates-singapore.html,200,https://rubinoxmetal.com/export-material/hastelloy-c276-plates-singapore.html,0,47,text/html; charset=utf-8,Hastelloy C276 Plates for Singapore | RFQ Support | Rubinox,Hastelloy C276 Plates Supplier for Singapore,https://rubinoxmetal.com/export-material/hastelloy-c276-plates-singapore.html,,false,true,true,true,
https://rubinoxmetal.com/export-material/inconel-625-plates-oman.html,200,https://rubinoxmetal.com/export-material/inconel-625-plates-oman.html,0,49,text/html; charset=utf-8,Inconel 625 Plates for Oman | RFQ Support | Rubinox,Inconel 625 Plates Supplier for Oman,https://rubinoxmetal.com/export-material/inconel-625-plates-oman.html,,false,true,true,true,
https://rubinoxmetal.com/material-location/inconel-625-plates-pune.html,200,https://rubinoxmetal.com/material-location/inconel-625-plates-pune.html,0,43,text/html; charset=utf-8,Inconel 625 Plates in Pune | RFQ Support | Rubinox,Inconel 625 Plates Supplier in Pune,https://rubinoxmetal.com/material-location/inconel-625-plates-pune.html,,false,true,true,true,
https://rubinoxmetal.com/material-location/inconel-718-round-bars-bengaluru.html,200,https://rubinoxmetal.com/material-location/inconel-718-round-bars-bengaluru.html,0,46,text/html; charset=utf-8,Inconel 718 Round Bars in Bengaluru | RFQ Support | Rubinox,Inconel 718 Round Bars Supplier in Bengaluru,https://rubinoxmetal.com/material-location/inconel-718-round-bars-bengaluru.html,,false,true,true,true,
https://rubinoxmetal.com/material-location/hastelloy-c276-fittings-ankleshwar.html,200,https://rubinoxmetal.com/material-location/hastelloy-c276-fittings-ankleshwar.html,0,46,text/html; charset=utf-8,Hastelloy C276 Fittings in Ankleshwar | RFQ Support | Rubinox,Hastelloy C276 Fittings Supplier in Ankleshwar,https://rubinoxmetal.com/material-location/hastelloy-c276-fittings-ankleshwar.html,,false,true,true,true,
https://rubinoxmetal.com/material-location/duplex-2205-plates-mumbai.html,200,https://rubinoxmetal.com/material-location/duplex-2205-plates-mumbai.html,0,46,text/html; charset=utf-8,Duplex 2205 Plates in Mumbai | RFQ Support | Rubinox,Duplex 2205 Plates Supplier in Mumbai,https://rubinoxmetal.com/material-location/duplex-2205-plates-mumbai.html,,false,true,true,true,
https://rubinoxmetal.com/material-location/super-duplex-2507-pipes-mumbai.html,200,https://rubinoxmetal.com/material-location/super-duplex-2507-pipes-mumbai.html,0,46,text/html; charset=utf-8,Super Duplex 2507 Pipes in Mumbai | RFQ Support | Rubinox,Super Duplex 2507 Pipes Supplier in Mumbai,https://rubinoxmetal.com/material-location/super-duplex-2507-pipes-mumbai.html,,false,true,true,true,
https://rubinoxmetal.com/material-location/super-duplex-2507-flanges-vadodara.html,200,https://rubinoxmetal.com/material-location/super-duplex-2507-flanges-vadodara.html,0,49,text/html; charset=utf-8,Super Duplex 2507 Flanges in Vadodara | RFQ Support | Rubinox,Super Duplex 2507 Flanges Supplier in Vadodara,https://rubinoxmetal.com/material-location/super-duplex-2507-flanges-vadodara.html,,false,true,true,true,
https://rubinoxmetal.com/export-material/duplex-2205-pipes-uae.html,200,https://rubinoxmetal.com/export-material/duplex-2205-pipes-uae.html,0,48,text/html; charset=utf-8,Duplex 2205 Pipes for UAE | RFQ Support | Rubinox,Duplex 2205 Pipes Supplier for UAE,https://rubinoxmetal.com/export-material/duplex-2205-pipes-uae.html,,false,true,true,true,
https://rubinoxmetal.com/export-material/super-duplex-2507-flanges-saudi-arabia.html,200,https://rubinoxmetal.com/export-material/super-duplex-2507-flanges-saudi-arabia.html,0,48,text/html; charset=utf-8,Super Duplex 2507 Flanges for Saudi Arabia | RFQ Support | Rubinox,Super Duplex 2507 Flanges Supplier for Saudi Arabia,https://rubinoxmetal.com/export-material/super-duplex-2507-flanges-saudi-arabia.html,,false,true,true,true,
https://rubinoxmetal.com/export-material/hastelloy-c276-plates-germany.html,200,https://rubinoxmetal.com/export-material/hastelloy-c276-plates-germany.html,0,39,text/html; charset=utf-8,Hastelloy C276 Plates for Germany | RFQ Support | Rubinox,Hastelloy C276 Plates Supplier for Germany,https://rubinoxmetal.com/export-material/hastelloy-c276-plates-germany.html,,false,true,true,true,
https://rubinoxmetal.com/export-material/inconel-625-plates-saudi-arabia.html,200,https://rubinoxmetal.com/export-material/inconel-625-plates-saudi-arabia.html,0,47,text/html; charset=utf-8,Inconel 625 Plates for Saudi Arabia | RFQ Support | Rubinox,Inconel 625 Plates Supplier for Saudi Arabia,https://rubinoxmetal.com/export-material/inconel-625-plates-saudi-arabia.html,,false,true,true,true,
https://rubinoxmetal.com/material-location/inconel-625-plates-chennai.html,200,https://rubinoxmetal.com/material-location/inconel-625-plates-chennai.html,0,46,text/html; charset=utf-8,Inconel 625 Plates in Chennai | RFQ Support | Rubinox,Inconel 625 Plates Supplier in Chennai,https://rubinoxmetal.com/material-location/inconel-625-plates-chennai.html,,false,true,true,true,
https://rubinoxmetal.com/material-location/inconel-718-round-bars-chennai.html,200,https://rubinoxmetal.com/material-location/inconel-718-round-bars-chennai.html,0,44,text/html; charset=utf-8,Inconel 718 Round Bars in Chennai | RFQ Support | Rubinox,Inconel 718 Round Bars Supplier in Chennai,https://rubinoxmetal.com/material-location/inconel-718-round-bars-chennai.html,,false,true,true,true,
https://rubinoxmetal.com/material-location/hastelloy-c276-fittings-vadodara.html,200,https://rubinoxmetal.com/material-location/hastelloy-c276-fittings-vadodara.html,0,38,text/html; charset=utf-8,Hastelloy C276 Fittings in Vadodara | RFQ Support | Rubinox,Hastelloy C276 Fittings Supplier in Vadodara,https://rubinoxmetal.com/material-location/hastelloy-c276-fittings-vadodara.html,,false,true,true,true,
https://rubinoxmetal.com/material-location/duplex-2205-plates-bharuch.html,200,https://rubinoxmetal.com/material-location/duplex-2205-plates-bharuch.html,0,49,text/html; charset=utf-8,Duplex 2205 Plates in Bharuch | RFQ Support | Rubinox,Duplex 2205 Plates Supplier in Bharuch,https://rubinoxmetal.com/material-location/duplex-2205-plates-bharuch.html,,false,true,true,true,
https://rubinoxmetal.com/material-location/super-duplex-2507-pipes-vadodara.html,200,https://rubinoxmetal.com/material-location/super-duplex-2507-pipes-vadodara.html,0,41,text/html; charset=utf-8,Super Duplex 2507 Pipes in Vadodara | RFQ Support | Rubinox,Super Duplex 2507 Pipes Supplier in Vadodara,https://rubinoxmetal.com/material-location/super-duplex-2507-pipes-vadodara.html,,false,true,true,true,
https://rubinoxmetal.com/material-location/super-duplex-2507-flanges-chennai.html,200,https://rubinoxmetal.com/material-location/super-duplex-2507-flanges-chennai.html,0,45,text/html; charset=utf-8,Super Duplex 2507 Flanges in Chennai | RFQ Support | Rubinox,Super Duplex 2507 Flanges Supplier in Chennai,https://rubinoxmetal.com/material-location/super-duplex-2507-flanges-chennai.html,,false,true,true,true,
https://rubinoxmetal.com/export-material/duplex-2205-pipes-qatar.html,200,https://rubinoxmetal.com/export-material/duplex-2205-pipes-qatar.html,0,45,text/html; charset=utf-8,Duplex 2205 Pipes for Qatar | RFQ Support | Rubinox,Duplex 2205 Pipes Supplier for Qatar,https://rubinoxmetal.com/export-material/duplex-2205-pipes-qatar.html,,false,true,true,true,
https://rubinoxmetal.com/export-material/super-duplex-2507-flanges-oman.html,200,https://rubinoxmetal.com/export-material/super-duplex-2507-flanges-oman.html,0,41,text/html; charset=utf-8,Super Duplex 2507 Flanges for Oman | RFQ Support | Rubinox,Super Duplex 2507 Flanges Supplier for Oman,https://rubinoxmetal.com/export-material/super-duplex-2507-flanges-oman.html,,false,true,true,true,
https://rubinoxmetal.com/export-material/hastelloy-c276-plates-uae.html,200,https://rubinoxmetal.com/export-material/hastelloy-c276-plates-uae.html,0,45,text/html; charset=utf-8,Hastelloy C276 Plates for UAE | RFQ Support | Rubinox,Hastelloy C276 Plates Supplier for UAE,https://rubinoxmetal.com/export-material/hastelloy-c276-plates-uae.html,,false,true,true,true,
https://rubinoxmetal.com/export-material/inconel-625-plates-qatar.html,200,https://rubinoxmetal.com/export-material/inconel-625-plates-qatar.html,0,39,text/html; charset=utf-8,Inconel 625 Plates for Qatar | RFQ Support | Rubinox,Inconel 625 Plates Supplier for Qatar,https://rubinoxmetal.com/export-material/inconel-625-plates-qatar.html,,false,true,true,true,
https://rubinoxmetal.com/material-location/inconel-625-plates-hyderabad.html,200,https://rubinoxmetal.com/material-location/inconel-625-plates-hyderabad.html,0,41,text/html; charset=utf-8,Inconel 625 Plates in Hyderabad | RFQ Support | Rubinox,Inconel 625 Plates Supplier in Hyderabad,https://rubinoxmetal.com/material-location/inconel-625-plates-hyderabad.html,,false,true,true,true,
https://rubinoxmetal.com/material-location/inconel-718-round-bars-hyderabad.html,200,https://rubinoxmetal.com/material-location/inconel-718-round-bars-hyderabad.html,0,43,text/html; charset=utf-8,Inconel 718 Round Bars in Hyderabad | RFQ Support | Rubinox,Inconel 718 Round Bars Supplier in Hyderabad,https://rubinoxmetal.com/material-location/inconel-718-round-bars-hyderabad.html,,false,true,true,true,
https://rubinoxmetal.com/material-location/hastelloy-c276-fittings-hyderabad.html,200,https://rubinoxmetal.com/material-location/hastelloy-c276-fittings-hyderabad.html,0,43,text/html; charset=utf-8,Hastelloy C276 Fittings in Hyderabad | RFQ Support | Rubinox,Hastelloy C276 Fittings Supplier in Hyderabad,https://rubinoxmetal.com/material-location/hastelloy-c276-fittings-hyderabad.html,,false,true,true,true,
https://rubinoxmetal.com/material-location/duplex-2205-plates-jamnagar.html,200,https://rubinoxmetal.com/material-location/duplex-2205-plates-jamnagar.html,0,39,text/html; charset=utf-8,Duplex 2205 Plates in Jamnagar | RFQ Support | Rubinox,Duplex 2205 Plates Supplier in Jamnagar,https://rubinoxmetal.com/material-location/duplex-2205-plates-jamnagar.html,,false,true,true,true,
https://rubinoxmetal.com/material-location/super-duplex-2507-pipes-kakinada.html,200,https://rubinoxmetal.com/material-location/super-duplex-2507-pipes-kakinada.html,0,43,text/html; charset=utf-8,Super Duplex 2507 Pipes in Kakinada | RFQ Support | Rubinox,Super Duplex 2507 Pipes Supplier in Kakinada,https://rubinoxmetal.com/material-location/super-duplex-2507-pipes-kakinada.html,,false,true,true,true,
https://rubinoxmetal.com/material-location/super-duplex-2507-flanges-bharuch.html,200,https://rubinoxmetal.com/material-location/super-duplex-2507-flanges-bharuch.html,0,43,text/html; charset=utf-8,Super Duplex 2507 Flanges in Bharuch | RFQ Support | Rubinox,Super Duplex 2507 Flanges Supplier in Bharuch,https://rubinoxmetal.com/material-location/super-duplex-2507-flanges-bharuch.html,,false,true,true,true,
https://rubinoxmetal.com/material-location/hss-m35-round-bars-pune.html,200,https://rubinoxmetal.com/material-location/hss-m35-round-bars-pune.html,0,43,text/html; charset=utf-8,HSS M35 Round Bars in Pune | RFQ Support | Rubinox,HSS M35 Round Bars Supplier in Pune,https://rubinoxmetal.com/material-location/hss-m35-round-bars-pune.html,,false,true,true,true,
https://rubinoxmetal.com/material-location/hss-m42-tool-steel-bars-chennai.html,200,https://rubinoxmetal.com/material-location/hss-m42-tool-steel-bars-chennai.html,0,43,text/html; charset=utf-8,HSS M42 Tool Steel Bars in Chennai | RFQ Support | Rubinox,HSS M42 Tool Steel Bars Supplier in Chennai,https://rubinoxmetal.com/material-location/hss-m42-tool-steel-bars-chennai.html,,false,true,true,true,
https://rubinoxmetal.com/material-location/hss-m2-flats-coimbatore.html,200,https://rubinoxmetal.com/material-location/hss-m2-flats-coimbatore.html,0,39,text/html; charset=utf-8,HSS M2 Flats in Coimbatore | RFQ Support | Rubinox,HSS M2 Flats Supplier in Coimbatore,https://rubinoxmetal.com/material-location/hss-m2-flats-coimbatore.html,,false,true,true,true,
https://rubinoxmetal.com/material-location/aluminium-6061-plates-chennai.html,200,https://rubinoxmetal.com/material-location/aluminium-6061-plates-chennai.html,0,40,text/html; charset=utf-8,Aluminium 6061 Plates in Chennai | RFQ Support | Rubinox,Aluminium 6061 Plates Supplier in Chennai,https://rubinoxmetal.com/material-location/aluminium-6061-plates-chennai.html,,false,true,true,true,
https://rubinoxmetal.com/material-location/hss-m35-round-bars-bengaluru.html,200,https://rubinoxmetal.com/material-location/hss-m35-round-bars-bengaluru.html,0,43,text/html; charset=utf-8,HSS M35 Round Bars in Bengaluru | RFQ Support | Rubinox,HSS M35 Round Bars Supplier in Bengaluru,https://rubinoxmetal.com/material-location/hss-m35-round-bars-bengaluru.html,,false,true,true,true,
https://rubinoxmetal.com/material-location/hss-m42-tool-steel-bars-pune.html,200,https://rubinoxmetal.com/material-location/hss-m42-tool-steel-bars-pune.html,0,33,text/html; charset=utf-8,HSS M42 Tool Steel Bars in Pune | RFQ Support | Rubinox,HSS M42 Tool Steel Bars Supplier in Pune,https://rubinoxmetal.com/material-location/hss-m42-tool-steel-bars-pune.html,,false,true,true,true,
https://rubinoxmetal.com/material-location/aluminium-6061-plates-mumbai.html,200,https://rubinoxmetal.com/material-location/aluminium-6061-plates-mumbai.html,0,38,text/html; charset=utf-8,Aluminium 6061 Plates in Mumbai | RFQ Support | Rubinox,Aluminium 6061 Plates Supplier in Mumbai,https://rubinoxmetal.com/material-location/aluminium-6061-plates-mumbai.html,,false,true,true,true,
https://rubinoxmetal.com/material-location/hss-m35-round-bars-chennai.html,200,https://rubinoxmetal.com/material-location/hss-m35-round-bars-chennai.html,0,36,text/html; charset=utf-8,HSS M35 Round Bars in Chennai | RFQ Support | Rubinox,HSS M35 Round Bars Supplier in Chennai,https://rubinoxmetal.com/material-location/hss-m35-round-bars-chennai.html,,false,true,true,true,
https://rubinoxmetal.com/material-location/hss-m42-tool-steel-bars-faridabad.html,200,https://rubinoxmetal.com/material-location/hss-m42-tool-steel-bars-faridabad.html,0,36,text/html; charset=utf-8,HSS M42 Tool Steel Bars in Faridabad | RFQ Support | Rubinox,HSS M42 Tool Steel Bars Supplier in Faridabad,https://rubinoxmetal.com/material-location/hss-m42-tool-steel-bars-faridabad.html,,false,true,true,true,
https://rubinoxmetal.com/material-location/hss-m2-flats-pune.html,200,https://rubinoxmetal.com/material-location/hss-m2-flats-pune.html,0,35,text/html; charset=utf-8,HSS M2 Flats in Pune | RFQ Support | Rubinox,HSS M2 Flats Supplier in Pune,https://rubinoxmetal.com/material-location/hss-m2-flats-pune.html,,false,true,true,true,
https://rubinoxmetal.com/material-location/aluminium-6061-plates-bengaluru.html,200,https://rubinoxmetal.com/material-location/aluminium-6061-plates-bengaluru.html,0,33,text/html; charset=utf-8,Aluminium 6061 Plates in Bengaluru | RFQ Support | Rubinox,Aluminium 6061 Plates Supplier in Bengaluru,https://rubinoxmetal.com/material-location/aluminium-6061-plates-bengaluru.html,,false,true,true,true,
https://rubinoxmetal.com/material-location/hss-m35-round-bars-coimbatore.html,200,https://rubinoxmetal.com/material-location/hss-m35-round-bars-coimbatore.html,0,33,text/html; charset=utf-8,HSS M35 Round Bars in Coimbatore | RFQ Support | Rubinox,HSS M35 Round Bars Supplier in Coimbatore,https://rubinoxmetal.com/material-location/hss-m35-round-bars-coimbatore.html,,false,true,true,true,
