priority_rank,priority,page_type,folder,material,grade,form,city,state,country,proposed_url,proposed_h1,target_keyword,intent,industry_basis,existing_overlap,risk_level,content_depth_score,internal_links_from,internal_links_to,status,notes
1,stainless_india,india_city,material-location,Stainless Steel,SS 304,Fittings,Mumbai,Maharashtra,,/material-location/ss-304-fittings-mumbai.html,SS 304 Fittings Supplier in Mumbai,ss 304 fittings supplier in mumbai,material-form-city RFQ support,"process equipment, marine support, trading, fabrication and project procurement",none,low,96,material-location.html; materials.html; locations.html; quotation.html,,created,D11C quality-qualified creation page
2,stainless_india,india_city,material-location,Stainless Steel,SS 304,Fittings,Pune,Maharashtra,,/material-location/ss-304-fittings-pune.html,SS 304 Fittings Supplier in Pune,ss 304 fittings supplier in pune,material-form-city RFQ support,"automotive, engineering, machine shops and fabrication buyers",none,low,96,material-location.html; materials.html; locations.html; quotation.html,,created,D11C quality-qualified creation page
3,stainless_india,india_city,material-location,Stainless Steel,SS 304,Fittings,Ahmedabad,Gujarat,,/material-location/ss-304-fittings-ahmedabad.html,SS 304 Fittings Supplier in Ahmedabad,ss 304 fittings supplier in ahmedabad,material-form-city RFQ support,"engineering, textile machinery, chemical and fabrication enquiries",none,low,96,material-location.html; materials.html; locations.html; quotation.html,,created,D11C quality-qualified creation page
4,stainless_india,india_city,material-location,Stainless Steel,SS 304,Fittings,Bengaluru,Karnataka,,/material-location/ss-304-fittings-bengaluru.html,SS 304 Fittings Supplier in Bengaluru,ss 304 fittings supplier in bengaluru,material-form-city RFQ support,"aerospace, machine shops, electronics, precision engineering and fabrication",none,low,96,material-location.html; materials.html; locations.html; quotation.html,,created,D11C quality-qualified creation page
5,stainless_india,india_city,material-location,Stainless Steel,SS 304,Fittings,Chakan and Pimpri-Chinchwad,Maharashtra,,/material-location/ss-304-fittings-chakan-pimpri-chinchwad.html,SS 304 Fittings Supplier in Chakan and Pimpri-Chinchwad,ss 304 fittings supplier in chakan and pimpri-chinchwad,material-form-city RFQ support,"automotive, engineering, machining and component fabrication clusters",none,low,96,material-location.html; materials.html; locations.html; quotation.html,,created,D11C quality-qualified creation page
6,stainless_india,india_city,material-location,Stainless Steel,SS 304,Fittings,Chennai,Tamil Nadu,,/material-location/ss-304-fittings-chennai.html,SS 304 Fittings Supplier in Chennai,ss 304 fittings supplier in chennai,material-form-city RFQ support,"automotive, process equipment, engineering and port-linked procurement",none,low,96,material-location.html; materials.html; locations.html; quotation.html,,created,D11C quality-qualified creation page
7,stainless_india,india_city,material-location,Stainless Steel,SS 304,Fittings,Hyderabad,Telangana,,/material-location/ss-304-fittings-hyderabad.html,SS 304 Fittings Supplier in Hyderabad,ss 304 fittings supplier in hyderabad,material-form-city RFQ support,"pharma, laboratory, chemical, precision fabrication and engineering buyers",none,low,96,material-location.html; materials.html; locations.html; quotation.html,,created,D11C quality-qualified creation page
8,stainless_india,india_city,material-location,Stainless Steel,SS 304,Fittings,Vadodara,Gujarat,,/material-location/ss-304-fittings-vadodara.html,SS 304 Fittings Supplier in Vadodara,ss 304 fittings supplier in vadodara,material-form-city RFQ support,"chemical, process equipment, power and engineering procurement",none,low,96,material-location.html; materials.html; locations.html; quotation.html,,created,D11C quality-qualified creation page
9,stainless_india,india_city,material-location,Stainless Steel,SS 304,Fittings,Ankleshwar,Gujarat,,/material-location/ss-304-fittings-ankleshwar.html,SS 304 Fittings Supplier in Ankleshwar,ss 304 fittings supplier in ankleshwar,material-form-city RFQ support,"chemical, process equipment and maintenance buyer enquiries",none,low,96,material-location.html; materials.html; locations.html; quotation.html,,created,D11C quality-qualified creation page
10,stainless_india,india_city,material-location,Stainless Steel,SS 304,Fittings,Delhi NCR,Delhi NCR,,/material-location/ss-304-fittings-delhi.html,SS 304 Fittings Supplier in Delhi NCR,ss 304 fittings supplier in delhi ncr,material-form-city RFQ support,"trading, fabrication, infrastructure support and engineering procurement",none,low,96,material-location.html; materials.html; locations.html; quotation.html,,created,D11C quality-qualified creation page
11,stainless_india,india_city,material-location,Stainless Steel,SS 304,Fittings,Bharuch,Gujarat,,/material-location/ss-304-fittings-bharuch.html,SS 304 Fittings Supplier in Bharuch,ss 304 fittings supplier in bharuch,material-form-city RFQ support,"chemical, project supply and process equipment enquiries",none,low,96,material-location.html; materials.html; locations.html; quotation.html,,created,D11C quality-qualified creation page
12,stainless_india,india_city,material-location,Stainless Steel,SS 304,Fittings,Coimbatore,Tamil Nadu,,/material-location/ss-304-fittings-coimbatore.html,SS 304 Fittings Supplier in Coimbatore,ss 304 fittings supplier in coimbatore,material-form-city RFQ support,"machine tools, pumps, foundry support and precision engineering enquiries",none,low,96,material-location.html; materials.html; locations.html; quotation.html,,created,D11C quality-qualified creation page
13,stainless_india,india_city,material-location,Stainless Steel,SS 304,Fittings,Faridabad,Haryana,,/material-location/ss-304-fittings-faridabad.html,SS 304 Fittings Supplier in Faridabad,ss 304 fittings supplier in faridabad,material-form-city RFQ support,"fabrication, engineering, machinery and industrial components",none,low,96,material-location.html; materials.html; locations.html; quotation.html,,created,D11C quality-qualified creation page
14,stainless_india,india_city,material-location,Stainless Steel,SS 304,Fittings,Gurugram and Manesar,Haryana,,/material-location/ss-304-fittings-gurugram-manesar.html,SS 304 Fittings Supplier in Gurugram and Manesar,ss 304 fittings supplier in gurugram and manesar,material-form-city RFQ support,"automotive, engineering, components and industrial maintenance enquiries",none,low,96,material-location.html; materials.html; locations.html; quotation.html,,created,D11C quality-qualified creation page
15,stainless_india,india_city,material-location,Stainless Steel,SS 304,Fittings,Vapi,Gujarat,,/material-location/ss-304-fittings-vapi.html,SS 304 Fittings Supplier in Vapi,ss 304 fittings supplier in vapi,material-form-city RFQ support,"chemical, fabrication and process-equipment maintenance enquiries",none,low,96,material-location.html; materials.html; locations.html; quotation.html,,created,D11C quality-qualified creation page
16,stainless_india,india_city,material-location,Stainless Steel,SS 304,Fittings,Visakhapatnam,Andhra Pradesh,,/material-location/ss-304-fittings-visakhapatnam.html,SS 304 Fittings Supplier in Visakhapatnam,ss 304 fittings supplier in visakhapatnam,material-form-city RFQ support,"marine, port, process equipment and heavy engineering enquiries",none,low,96,material-location.html; materials.html; locations.html; quotation.html,,created,D11C quality-qualified creation page
17,stainless_india,india_city,material-location,Stainless Steel,SS 304,Fittings,Hosur,Tamil Nadu,,/material-location/ss-304-fittings-hosur.html,SS 304 Fittings Supplier in Hosur,ss 304 fittings supplier in hosur,material-form-city RFQ support,"automotive, engineering and fabrication enquiries",none,low,96,material-location.html; materials.html; locations.html; quotation.html,,created,D11C quality-qualified creation page
18,stainless_india,india_city,material-location,Stainless Steel,SS 304,Fittings,Indore and Pithampur,Madhya Pradesh,,/material-location/ss-304-fittings-indore-pithampur.html,SS 304 Fittings Supplier in Indore and Pithampur,ss 304 fittings supplier in indore and pithampur,material-form-city RFQ support,"automotive, pharma, engineering and fabrication clusters",none,low,96,material-location.html; materials.html; locations.html; quotation.html,,created,D11C quality-qualified creation page
19,stainless_india,india_city,material-location,Stainless Steel,SS 304,Fittings,Jamnagar,Gujarat,,/material-location/ss-304-fittings-jamnagar.html,SS 304 Fittings Supplier in Jamnagar,ss 304 fittings supplier in jamnagar,material-form-city RFQ support,"brass, engineering, petrochemical-support and fabrication enquiries",none,low,96,material-location.html; materials.html; locations.html; quotation.html,,created,D11C quality-qualified creation page
20,stainless_india,india_city,material-location,Stainless Steel,SS 304,Fittings,Jamshedpur,Jharkhand,,/material-location/ss-304-fittings-jamshedpur.html,SS 304 Fittings Supplier in Jamshedpur,ss 304 fittings supplier in jamshedpur,material-form-city RFQ support,"steel-linked engineering, fabrication and maintenance enquiries",none,low,96,material-location.html; materials.html; locations.html; quotation.html,,created,D11C quality-qualified creation page
21,stainless_india,india_city,material-location,Stainless Steel,SS 304,Fittings,Navi Mumbai,Maharashtra,,/material-location/ss-304-fittings-navi-mumbai.html,SS 304 Fittings Supplier in Navi Mumbai,ss 304 fittings supplier in navi mumbai,material-form-city RFQ support,"industrial services, logistics-linked fabrication and maintenance enquiries",none,low,96,material-location.html; materials.html; locations.html; quotation.html,,created,D11C quality-qualified creation page
22,stainless_india,india_city,material-location,Stainless Steel,SS 304,Fittings,Noida,Uttar Pradesh,,/material-location/ss-304-fittings-noida.html,SS 304 Fittings Supplier in Noida,ss 304 fittings supplier in noida,material-form-city RFQ support,"electronics, engineering, fabrication and industrial procurement",none,low,96,material-location.html; materials.html; locations.html; quotation.html,,created,D11C quality-qualified creation page
23,stainless_india,india_city,material-location,Stainless Steel,SS 304,Fittings,Sriperumbudur and Oragadam,Tamil Nadu,,/material-location/ss-304-fittings-sriperumbudur-oragadam.html,SS 304 Fittings Supplier in Sriperumbudur and Oragadam,ss 304 fittings supplier in sriperumbudur and oragadam,material-form-city RFQ support,"automotive, electronics and engineering clusters",none,low,96,material-location.html; materials.html; locations.html; quotation.html,,created,D11C quality-qualified creation page
24,stainless_india,india_city,material-location,Stainless Steel,SS 304,Fittings,Surat,Gujarat,,/material-location/ss-304-fittings-surat.html,SS 304 Fittings Supplier in Surat,ss 304 fittings supplier in surat,material-form-city RFQ support,"textile machinery, fabrication, chemical and commercial processing enquiries",none,low,96,material-location.html; materials.html; locations.html; quotation.html,,created,D11C quality-qualified creation page
25,stainless_india,india_city,material-location,Stainless Steel,SS 304,Fittings,Dholera and Sanand,Gujarat,,/material-location/ss-304-fittings-dholera-sanand.html,SS 304 Fittings Supplier in Dholera and Sanand,ss 304 fittings supplier in dholera and sanand,material-form-city RFQ support,"automotive, engineering and industrial project enquiries",none,low,96,material-location.html; materials.html; locations.html; quotation.html,,created,D11C quality-qualified creation page
26,stainless_india,india_city,material-location,Stainless Steel,SS 304,Fittings,Greater Noida,Uttar Pradesh,,/material-location/ss-304-fittings-greater-noida.html,SS 304 Fittings Supplier in Greater Noida,ss 304 fittings supplier in greater noida,material-form-city RFQ support,"automotive, electronics, fabrication and industrial projects",none,low,96,material-location.html; materials.html; locations.html; quotation.html,,created,D11C quality-qualified creation page
27,stainless_india,india_city,material-location,Stainless Steel,SS 304,Fittings,"Kolkata, Howrah and Durgapur",West Bengal,,/material-location/ss-304-fittings-kolkata-howrah-durgapur.html,"SS 304 Fittings Supplier in Kolkata, Howrah and Durgapur","ss 304 fittings supplier in kolkata, howrah and durgapur",material-form-city RFQ support,"engineering, fabrication, steel-linked and project enquiries",none,low,96,material-location.html; materials.html; locations.html; quotation.html,,created,D11C quality-qualified creation page
28,stainless_india,india_city,material-location,Stainless Steel,SS 304,Fittings,Ludhiana,Punjab,,/material-location/ss-304-fittings-ludhiana.html,SS 304 Fittings Supplier in Ludhiana,ss 304 fittings supplier in ludhiana,material-form-city RFQ support,"machine tools, fasteners, auto parts and fabrication enquiries",none,low,96,material-location.html; materials.html; locations.html; quotation.html,,created,D11C quality-qualified creation page
29,stainless_india,india_city,material-location,Stainless Steel,SS 304,Fittings,Thane,Maharashtra,,/material-location/ss-304-fittings-thane.html,SS 304 Fittings Supplier in Thane,ss 304 fittings supplier in thane,material-form-city RFQ support,"chemical, equipment, fabrication and maintenance buyer enquiries",none,low,96,material-location.html; materials.html; locations.html; quotation.html,,created,D11C quality-qualified creation page
30,stainless_india,india_city,material-location,Stainless Steel,SS 304,Fittings,Kakinada,Andhra Pradesh,,/material-location/ss-304-fittings-kakinada.html,SS 304 Fittings Supplier in Kakinada,ss 304 fittings supplier in kakinada,material-form-city RFQ support,"port, marine, energy and process-industry enquiries",none,low,96,material-location.html; materials.html; locations.html; quotation.html,,created,D11C quality-qualified creation page
31,stainless_india,india_city,material-location,Stainless Steel,SS 304,Fittings,Rajkot,Gujarat,,/material-location/ss-304-fittings-rajkot.html,SS 304 Fittings Supplier in Rajkot,ss 304 fittings supplier in rajkot,material-form-city RFQ support,"machine shops, automotive components, casting support and fabrication enquiries",none,low,96,material-location.html; materials.html; locations.html; quotation.html,,created,D11C quality-qualified creation page
32,stainless_india,india_city,material-location,Stainless Steel,SS 304,Fittings,Ghaziabad,Uttar Pradesh,,/material-location/ss-304-fittings-ghaziabad.html,SS 304 Fittings Supplier in Ghaziabad,ss 304 fittings supplier in ghaziabad,material-form-city RFQ support,"fabrication, engineering, machinery and construction-support enquiries",none,low,96,material-location.html; materials.html; locations.html; quotation.html,,created,D11C quality-qualified creation page
33,stainless_india,india_city,material-location,Stainless Steel,SS 304,Fittings,Nashik,Maharashtra,,/material-location/ss-304-fittings-nashik.html,SS 304 Fittings Supplier in Nashik,ss 304 fittings supplier in nashik,material-form-city RFQ support,"engineering, electrical, fabrication and industrial maintenance enquiries",none,low,96,material-location.html; materials.html; locations.html; quotation.html,,created,D11C quality-qualified creation page
34,stainless_india,india_city,material-location,Stainless Steel,SS 304,Fittings,Salem,Tamil Nadu,,/material-location/ss-304-fittings-salem.html,SS 304 Fittings Supplier in Salem,ss 304 fittings supplier in salem,material-form-city RFQ support,"steel processing, fabrication and engineering requirements",none,low,96,material-location.html; materials.html; locations.html; quotation.html,,created,D11C quality-qualified creation page
35,stainless_india,india_city,material-location,Stainless Steel,SS 304,Fittings,Tiruchirappalli / Trichy,Tamil Nadu,,/material-location/ss-304-fittings-tiruchirappalli.html,SS 304 Fittings Supplier in Tiruchirappalli / Trichy,ss 304 fittings supplier in tiruchirappalli / trichy,material-form-city RFQ support,"fabrication, energy-equipment and engineering support enquiries",none,low,96,material-location.html; materials.html; locations.html; quotation.html,,created,D11C quality-qualified creation page
36,stainless_india,india_city,material-location,Stainless Steel,SS 304,Fittings,Chhatrapati Sambhajinagar / Aurangabad,Maharashtra,,/material-location/ss-304-fittings-chhatrapati-sambhajinagar-aurangabad.html,SS 304 Fittings Supplier in Chhatrapati Sambhajinagar / Aurangabad,ss 304 fittings supplier in chhatrapati sambhajinagar / aurangabad,material-form-city RFQ support,"automotive, engineering and fabrication enquiries",none,low,96,material-location.html; materials.html; locations.html; quotation.html,,created,D11C quality-qualified creation page
37,stainless_india,india_city,material-location,Stainless Steel,SS 304,Fittings,Jaipur,Rajasthan,,/material-location/ss-304-fittings-jaipur.html,SS 304 Fittings Supplier in Jaipur,ss 304 fittings supplier in jaipur,material-form-city RFQ support,"engineering, fabrication and commercial metal enquiries",none,low,96,material-location.html; materials.html; locations.html; quotation.html,,created,D11C quality-qualified creation page
38,stainless_india,india_city,material-location,Stainless Steel,SS 304,Fittings,Mangaluru,Karnataka,,/material-location/ss-304-fittings-mangaluru.html,SS 304 Fittings Supplier in Mangaluru,ss 304 fittings supplier in mangaluru,material-form-city RFQ support,"marine, chemical and port-linked industrial enquiries",none,low,96,material-location.html; materials.html; locations.html; quotation.html,,created,D11C quality-qualified creation page
39,stainless_india,india_city,material-location,Stainless Steel,SS 304,Fittings,Mysuru,Karnataka,,/material-location/ss-304-fittings-mysuru.html,SS 304 Fittings Supplier in Mysuru,ss 304 fittings supplier in mysuru,material-form-city RFQ support,"automotive, engineering and fabrication enquiries",none,low,96,material-location.html; materials.html; locations.html; quotation.html,,created,D11C quality-qualified creation page
40,stainless_india,india_city,material-location,Stainless Steel,SS 304,Fittings,Nagpur / Butibori,Maharashtra,,/material-location/ss-304-fittings-nagpur.html,SS 304 Fittings Supplier in Nagpur / Butibori,ss 304 fittings supplier in nagpur / butibori,material-form-city RFQ support,"central India engineering, fabrication and maintenance requirements",none,low,96,material-location.html; materials.html; locations.html; quotation.html,,created,D11C quality-qualified creation page
41,stainless_india,india_city,material-location,Stainless Steel,SS 304,Fittings,Bhopal and Mandideep,Madhya Pradesh,,/material-location/ss-304-fittings-bhopal-mandideep.html,SS 304 Fittings Supplier in Bhopal and Mandideep,ss 304 fittings supplier in bhopal and mandideep,material-form-city RFQ support,"engineering, fabrication and industrial project enquiries",none,low,96,material-location.html; materials.html; locations.html; quotation.html,,created,D11C quality-qualified creation page
42,stainless_india,india_city,material-location,Stainless Steel,SS 304,Fittings,Vijayawada,Andhra Pradesh,,/material-location/ss-304-fittings-vijayawada.html,SS 304 Fittings Supplier in Vijayawada,ss 304 fittings supplier in vijayawada,material-form-city RFQ support,"commercial fabrication, engineering and maintenance enquiries",none,low,96,material-location.html; materials.html; locations.html; quotation.html,,created,D11C quality-qualified creation page
43,stainless_india,india_city,material-location,Stainless Steel,SS 304,Fittings,Zaheerabad,Telangana,,/material-location/ss-304-fittings-zaheerabad.html,SS 304 Fittings Supplier in Zaheerabad,ss 304 fittings supplier in zaheerabad,material-form-city RFQ support,automotive and engineering support enquiries,none,low,96,material-location.html; materials.html; locations.html; quotation.html,,created,D11C quality-qualified creation page
44,stainless_india,india_city,material-location,Stainless Steel,SS 304,Flanges,Mumbai,Maharashtra,,/material-location/ss-304-flanges-mumbai.html,SS 304 Flanges Supplier in Mumbai,ss 304 flanges supplier in mumbai,material-form-city RFQ support,"process equipment, marine support, trading, fabrication and project procurement",none,low,96,material-location.html; materials.html; locations.html; quotation.html,,created,D11C quality-qualified creation page
45,stainless_india,india_city,material-location,Stainless Steel,SS 304,Flanges,Pune,Maharashtra,,/material-location/ss-304-flanges-pune.html,SS 304 Flanges Supplier in Pune,ss 304 flanges supplier in pune,material-form-city RFQ support,"automotive, engineering, machine shops and fabrication buyers",none,low,96,material-location.html; materials.html; locations.html; quotation.html,,created,D11C quality-qualified creation page
46,stainless_india,india_city,material-location,Stainless Steel,SS 304,Flanges,Ahmedabad,Gujarat,,/material-location/ss-304-flanges-ahmedabad.html,SS 304 Flanges Supplier in Ahmedabad,ss 304 flanges supplier in ahmedabad,material-form-city RFQ support,"engineering, textile machinery, chemical and fabrication enquiries",none,low,96,material-location.html; materials.html; locations.html; quotation.html,,created,D11C quality-qualified creation page
47,stainless_india,india_city,material-location,Stainless Steel,SS 304,Flanges,Bengaluru,Karnataka,,/material-location/ss-304-flanges-bengaluru.html,SS 304 Flanges Supplier in Bengaluru,ss 304 flanges supplier in bengaluru,material-form-city RFQ support,"aerospace, machine shops, electronics, precision engineering and fabrication",none,low,96,material-location.html; materials.html; locations.html; quotation.html,,created,D11C quality-qualified creation page
48,stainless_india,india_city,material-location,Stainless Steel,SS 304,Flanges,Chakan and Pimpri-Chinchwad,Maharashtra,,/material-location/ss-304-flanges-chakan-pimpri-chinchwad.html,SS 304 Flanges Supplier in Chakan and Pimpri-Chinchwad,ss 304 flanges supplier in chakan and pimpri-chinchwad,material-form-city RFQ support,"automotive, engineering, machining and component fabrication clusters",none,low,96,material-location.html; materials.html; locations.html; quotation.html,,created,D11C quality-qualified creation page
49,stainless_india,india_city,material-location,Stainless Steel,SS 304,Flanges,Chennai,Tamil Nadu,,/material-location/ss-304-flanges-chennai.html,SS 304 Flanges Supplier in Chennai,ss 304 flanges supplier in chennai,material-form-city RFQ support,"automotive, process equipment, engineering and port-linked procurement",none,low,96,material-location.html; materials.html; locations.html; quotation.html,,created,D11C quality-qualified creation page
50,stainless_india,india_city,material-location,Stainless Steel,SS 304,Flanges,Hyderabad,Telangana,,/material-location/ss-304-flanges-hyderabad.html,SS 304 Flanges Supplier in Hyderabad,ss 304 flanges supplier in hyderabad,material-form-city RFQ support,"pharma, laboratory, chemical, precision fabrication and engineering buyers",none,low,96,material-location.html; materials.html; locations.html; quotation.html,,created,D11C quality-qualified creation page
51,stainless_india,india_city,material-location,Stainless Steel,SS 304,Flanges,Vadodara,Gujarat,,/material-location/ss-304-flanges-vadodara.html,SS 304 Flanges Supplier in Vadodara,ss 304 flanges supplier in vadodara,material-form-city RFQ support,"chemical, process equipment, power and engineering procurement",none,low,96,material-location.html; materials.html; locations.html; quotation.html,,created,D11C quality-qualified creation page
52,stainless_india,india_city,material-location,Stainless Steel,SS 304,Flanges,Ankleshwar,Gujarat,,/material-location/ss-304-flanges-ankleshwar.html,SS 304 Flanges Supplier in Ankleshwar,ss 304 flanges supplier in ankleshwar,material-form-city RFQ support,"chemical, process equipment and maintenance buyer enquiries",none,low,96,material-location.html; materials.html; locations.html; quotation.html,,created,D11C quality-qualified creation page
53,stainless_india,india_city,material-location,Stainless Steel,SS 304,Flanges,Delhi NCR,Delhi NCR,,/material-location/ss-304-flanges-delhi.html,SS 304 Flanges Supplier in Delhi NCR,ss 304 flanges supplier in delhi ncr,material-form-city RFQ support,"trading, fabrication, infrastructure support and engineering procurement",none,low,96,material-location.html; materials.html; locations.html; quotation.html,,created,D11C quality-qualified creation page
54,stainless_india,india_city,material-location,Stainless Steel,SS 304,Flanges,Bharuch,Gujarat,,/material-location/ss-304-flanges-bharuch.html,SS 304 Flanges Supplier in Bharuch,ss 304 flanges supplier in bharuch,material-form-city RFQ support,"chemical, project supply and process equipment enquiries",none,low,96,material-location.html; materials.html; locations.html; quotation.html,,created,D11C quality-qualified creation page
55,stainless_india,india_city,material-location,Stainless Steel,SS 304,Flanges,Coimbatore,Tamil Nadu,,/material-location/ss-304-flanges-coimbatore.html,SS 304 Flanges Supplier in Coimbatore,ss 304 flanges supplier in coimbatore,material-form-city RFQ support,"machine tools, pumps, foundry support and precision engineering enquiries",none,low,96,material-location.html; materials.html; locations.html; quotation.html,,created,D11C quality-qualified creation page
56,stainless_india,india_city,material-location,Stainless Steel,SS 304,Flanges,Faridabad,Haryana,,/material-location/ss-304-flanges-faridabad.html,SS 304 Flanges Supplier in Faridabad,ss 304 flanges supplier in faridabad,material-form-city RFQ support,"fabrication, engineering, machinery and industrial components",none,low,96,material-location.html; materials.html; locations.html; quotation.html,,created,D11C quality-qualified creation page
57,stainless_india,india_city,material-location,Stainless Steel,SS 304,Flanges,Gurugram and Manesar,Haryana,,/material-location/ss-304-flanges-gurugram-manesar.html,SS 304 Flanges Supplier in Gurugram and Manesar,ss 304 flanges supplier in gurugram and manesar,material-form-city RFQ support,"automotive, engineering, components and industrial maintenance enquiries",none,low,96,material-location.html; materials.html; locations.html; quotation.html,,created,D11C quality-qualified creation page
58,stainless_india,india_city,material-location,Stainless Steel,SS 304,Flanges,Vapi,Gujarat,,/material-location/ss-304-flanges-vapi.html,SS 304 Flanges Supplier in Vapi,ss 304 flanges supplier in vapi,material-form-city RFQ support,"chemical, fabrication and process-equipment maintenance enquiries",none,low,96,material-location.html; materials.html; locations.html; quotation.html,,created,D11C quality-qualified creation page
59,stainless_india,india_city,material-location,Stainless Steel,SS 304,Flanges,Visakhapatnam,Andhra Pradesh,,/material-location/ss-304-flanges-visakhapatnam.html,SS 304 Flanges Supplier in Visakhapatnam,ss 304 flanges supplier in visakhapatnam,material-form-city RFQ support,"marine, port, process equipment and heavy engineering enquiries",none,low,96,material-location.html; materials.html; locations.html; quotation.html,,created,D11C quality-qualified creation page
60,stainless_india,india_city,material-location,Stainless Steel,SS 304,Flanges,Hosur,Tamil Nadu,,/material-location/ss-304-flanges-hosur.html,SS 304 Flanges Supplier in Hosur,ss 304 flanges supplier in hosur,material-form-city RFQ support,"automotive, engineering and fabrication enquiries",none,low,96,material-location.html; materials.html; locations.html; quotation.html,,created,D11C quality-qualified creation page
61,stainless_india,india_city,material-location,Stainless Steel,SS 304,Flanges,Indore and Pithampur,Madhya Pradesh,,/material-location/ss-304-flanges-indore-pithampur.html,SS 304 Flanges Supplier in Indore and Pithampur,ss 304 flanges supplier in indore and pithampur,material-form-city RFQ support,"automotive, pharma, engineering and fabrication clusters",none,low,96,material-location.html; materials.html; locations.html; quotation.html,,created,D11C quality-qualified creation page
62,stainless_india,india_city,material-location,Stainless Steel,SS 304,Flanges,Jamnagar,Gujarat,,/material-location/ss-304-flanges-jamnagar.html,SS 304 Flanges Supplier in Jamnagar,ss 304 flanges supplier in jamnagar,material-form-city RFQ support,"brass, engineering, petrochemical-support and fabrication enquiries",none,low,96,material-location.html; materials.html; locations.html; quotation.html,,created,D11C quality-qualified creation page
63,stainless_india,india_city,material-location,Stainless Steel,SS 304,Flanges,Jamshedpur,Jharkhand,,/material-location/ss-304-flanges-jamshedpur.html,SS 304 Flanges Supplier in Jamshedpur,ss 304 flanges supplier in jamshedpur,material-form-city RFQ support,"steel-linked engineering, fabrication and maintenance enquiries",none,low,96,material-location.html; materials.html; locations.html; quotation.html,,created,D11C quality-qualified creation page
64,stainless_india,india_city,material-location,Stainless Steel,SS 304,Flanges,Navi Mumbai,Maharashtra,,/material-location/ss-304-flanges-navi-mumbai.html,SS 304 Flanges Supplier in Navi Mumbai,ss 304 flanges supplier in navi mumbai,material-form-city RFQ support,"industrial services, logistics-linked fabrication and maintenance enquiries",none,low,96,material-location.html; materials.html; locations.html; quotation.html,,created,D11C quality-qualified creation page
65,stainless_india,india_city,material-location,Stainless Steel,SS 304,Flanges,Noida,Uttar Pradesh,,/material-location/ss-304-flanges-noida.html,SS 304 Flanges Supplier in Noida,ss 304 flanges supplier in noida,material-form-city RFQ support,"electronics, engineering, fabrication and industrial procurement",none,low,96,material-location.html; materials.html; locations.html; quotation.html,,created,D11C quality-qualified creation page
66,stainless_india,india_city,material-location,Stainless Steel,SS 304,Flanges,Sriperumbudur and Oragadam,Tamil Nadu,,/material-location/ss-304-flanges-sriperumbudur-oragadam.html,SS 304 Flanges Supplier in Sriperumbudur and Oragadam,ss 304 flanges supplier in sriperumbudur and oragadam,material-form-city RFQ support,"automotive, electronics and engineering clusters",none,low,96,material-location.html; materials.html; locations.html; quotation.html,,created,D11C quality-qualified creation page
67,stainless_india,india_city,material-location,Stainless Steel,SS 304,Flanges,Surat,Gujarat,,/material-location/ss-304-flanges-surat.html,SS 304 Flanges Supplier in Surat,ss 304 flanges supplier in surat,material-form-city RFQ support,"textile machinery, fabrication, chemical and commercial processing enquiries",none,low,96,material-location.html; materials.html; locations.html; quotation.html,,created,D11C quality-qualified creation page
68,stainless_india,india_city,material-location,Stainless Steel,SS 304,Flanges,Dholera and Sanand,Gujarat,,/material-location/ss-304-flanges-dholera-sanand.html,SS 304 Flanges Supplier in Dholera and Sanand,ss 304 flanges supplier in dholera and sanand,material-form-city RFQ support,"automotive, engineering and industrial project enquiries",none,low,96,material-location.html; materials.html; locations.html; quotation.html,,created,D11C quality-qualified creation page
69,stainless_india,india_city,material-location,Stainless Steel,SS 304,Flanges,Greater Noida,Uttar Pradesh,,/material-location/ss-304-flanges-greater-noida.html,SS 304 Flanges Supplier in Greater Noida,ss 304 flanges supplier in greater noida,material-form-city RFQ support,"automotive, electronics, fabrication and industrial projects",none,low,96,material-location.html; materials.html; locations.html; quotation.html,,created,D11C quality-qualified creation page
70,stainless_india,india_city,material-location,Stainless Steel,SS 304,Flanges,"Kolkata, Howrah and Durgapur",West Bengal,,/material-location/ss-304-flanges-kolkata-howrah-durgapur.html,"SS 304 Flanges Supplier in Kolkata, Howrah and Durgapur","ss 304 flanges supplier in kolkata, howrah and durgapur",material-form-city RFQ support,"engineering, fabrication, steel-linked and project enquiries",none,low,96,material-location.html; materials.html; locations.html; quotation.html,,created,D11C quality-qualified creation page
71,stainless_india,india_city,material-location,Stainless Steel,SS 304,Flanges,Ludhiana,Punjab,,/material-location/ss-304-flanges-ludhiana.html,SS 304 Flanges Supplier in Ludhiana,ss 304 flanges supplier in ludhiana,material-form-city RFQ support,"machine tools, fasteners, auto parts and fabrication enquiries",none,low,96,material-location.html; materials.html; locations.html; quotation.html,,created,D11C quality-qualified creation page
72,stainless_india,india_city,material-location,Stainless Steel,SS 304,Flanges,Thane,Maharashtra,,/material-location/ss-304-flanges-thane.html,SS 304 Flanges Supplier in Thane,ss 304 flanges supplier in thane,material-form-city RFQ support,"chemical, equipment, fabrication and maintenance buyer enquiries",none,low,96,material-location.html; materials.html; locations.html; quotation.html,,created,D11C quality-qualified creation page
73,stainless_india,india_city,material-location,Stainless Steel,SS 304,Flanges,Kakinada,Andhra Pradesh,,/material-location/ss-304-flanges-kakinada.html,SS 304 Flanges Supplier in Kakinada,ss 304 flanges supplier in kakinada,material-form-city RFQ support,"port, marine, energy and process-industry enquiries",none,low,96,material-location.html; materials.html; locations.html; quotation.html,,created,D11C quality-qualified creation page
74,stainless_india,india_city,material-location,Stainless Steel,SS 304,Flanges,Rajkot,Gujarat,,/material-location/ss-304-flanges-rajkot.html,SS 304 Flanges Supplier in Rajkot,ss 304 flanges supplier in rajkot,material-form-city RFQ support,"machine shops, automotive components, casting support and fabrication enquiries",none,low,96,material-location.html; materials.html; locations.html; quotation.html,,created,D11C quality-qualified creation page
75,stainless_india,india_city,material-location,Stainless Steel,SS 304,Flanges,Ghaziabad,Uttar Pradesh,,/material-location/ss-304-flanges-ghaziabad.html,SS 304 Flanges Supplier in Ghaziabad,ss 304 flanges supplier in ghaziabad,material-form-city RFQ support,"fabrication, engineering, machinery and construction-support enquiries",none,low,96,material-location.html; materials.html; locations.html; quotation.html,,created,D11C quality-qualified creation page
76,stainless_india,india_city,material-location,Stainless Steel,SS 304,Flanges,Nashik,Maharashtra,,/material-location/ss-304-flanges-nashik.html,SS 304 Flanges Supplier in Nashik,ss 304 flanges supplier in nashik,material-form-city RFQ support,"engineering, electrical, fabrication and industrial maintenance enquiries",none,low,96,material-location.html; materials.html; locations.html; quotation.html,,created,D11C quality-qualified creation page
77,stainless_india,india_city,material-location,Stainless Steel,SS 304,Flanges,Salem,Tamil Nadu,,/material-location/ss-304-flanges-salem.html,SS 304 Flanges Supplier in Salem,ss 304 flanges supplier in salem,material-form-city RFQ support,"steel processing, fabrication and engineering requirements",none,low,96,material-location.html; materials.html; locations.html; quotation.html,,created,D11C quality-qualified creation page
78,stainless_india,india_city,material-location,Stainless Steel,SS 304,Flanges,Tiruchirappalli / Trichy,Tamil Nadu,,/material-location/ss-304-flanges-tiruchirappalli.html,SS 304 Flanges Supplier in Tiruchirappalli / Trichy,ss 304 flanges supplier in tiruchirappalli / trichy,material-form-city RFQ support,"fabrication, energy-equipment and engineering support enquiries",none,low,96,material-location.html; materials.html; locations.html; quotation.html,,created,D11C quality-qualified creation page
79,stainless_india,india_city,material-location,Stainless Steel,SS 304,Flanges,Chhatrapati Sambhajinagar / Aurangabad,Maharashtra,,/material-location/ss-304-flanges-chhatrapati-sambhajinagar-aurangabad.html,SS 304 Flanges Supplier in Chhatrapati Sambhajinagar / Aurangabad,ss 304 flanges supplier in chhatrapati sambhajinagar / aurangabad,material-form-city RFQ support,"automotive, engineering and fabrication enquiries",none,low,96,material-location.html; materials.html; locations.html; quotation.html,,created,D11C quality-qualified creation page
80,stainless_india,india_city,material-location,Stainless Steel,SS 304,Flanges,Jaipur,Rajasthan,,/material-location/ss-304-flanges-jaipur.html,SS 304 Flanges Supplier in Jaipur,ss 304 flanges supplier in jaipur,material-form-city RFQ support,"engineering, fabrication and commercial metal enquiries",none,low,96,material-location.html; materials.html; locations.html; quotation.html,,created,D11C quality-qualified creation page
81,stainless_india,india_city,material-location,Stainless Steel,SS 304,Flanges,Mangaluru,Karnataka,,/material-location/ss-304-flanges-mangaluru.html,SS 304 Flanges Supplier in Mangaluru,ss 304 flanges supplier in mangaluru,material-form-city RFQ support,"marine, chemical and port-linked industrial enquiries",none,low,96,material-location.html; materials.html; locations.html; quotation.html,,created,D11C quality-qualified creation page
82,stainless_india,india_city,material-location,Stainless Steel,SS 304,Flanges,Mysuru,Karnataka,,/material-location/ss-304-flanges-mysuru.html,SS 304 Flanges Supplier in Mysuru,ss 304 flanges supplier in mysuru,material-form-city RFQ support,"automotive, engineering and fabrication enquiries",none,low,96,material-location.html; materials.html; locations.html; quotation.html,,created,D11C quality-qualified creation page
83,stainless_india,india_city,material-location,Stainless Steel,SS 304,Flanges,Nagpur / Butibori,Maharashtra,,/material-location/ss-304-flanges-nagpur.html,SS 304 Flanges Supplier in Nagpur / Butibori,ss 304 flanges supplier in nagpur / butibori,material-form-city RFQ support,"central India engineering, fabrication and maintenance requirements",none,low,96,material-location.html; materials.html; locations.html; quotation.html,,created,D11C quality-qualified creation page
84,stainless_india,india_city,material-location,Stainless Steel,SS 304,Flanges,Bhopal and Mandideep,Madhya Pradesh,,/material-location/ss-304-flanges-bhopal-mandideep.html,SS 304 Flanges Supplier in Bhopal and Mandideep,ss 304 flanges supplier in bhopal and mandideep,material-form-city RFQ support,"engineering, fabrication and industrial project enquiries",none,low,96,material-location.html; materials.html; locations.html; quotation.html,,created,D11C quality-qualified creation page
85,stainless_india,india_city,material-location,Stainless Steel,SS 304,Flanges,Vijayawada,Andhra Pradesh,,/material-location/ss-304-flanges-vijayawada.html,SS 304 Flanges Supplier in Vijayawada,ss 304 flanges supplier in vijayawada,material-form-city RFQ support,"commercial fabrication, engineering and maintenance enquiries",none,low,96,material-location.html; materials.html; locations.html; quotation.html,,created,D11C quality-qualified creation page
86,stainless_india,india_city,material-location,Stainless Steel,SS 304,Flanges,Zaheerabad,Telangana,,/material-location/ss-304-flanges-zaheerabad.html,SS 304 Flanges Supplier in Zaheerabad,ss 304 flanges supplier in zaheerabad,material-form-city RFQ support,automotive and engineering support enquiries,none,low,96,material-location.html; materials.html; locations.html; quotation.html,,created,D11C quality-qualified creation page
87,stainless_india,india_city,material-location,Stainless Steel,SS 304,Pipes,Mumbai,Maharashtra,,/material-location/ss-304-pipes-mumbai.html,SS 304 Pipes Supplier in Mumbai,ss 304 pipes supplier in mumbai,material-form-city RFQ support,"process equipment, marine support, trading, fabrication and project procurement",none,low,96,material-location.html; materials.html; locations.html; quotation.html,,created,D11C quality-qualified creation page
88,stainless_india,india_city,material-location,Stainless Steel,SS 304,Pipes,Pune,Maharashtra,,/material-location/ss-304-pipes-pune.html,SS 304 Pipes Supplier in Pune,ss 304 pipes supplier in pune,material-form-city RFQ support,"automotive, engineering, machine shops and fabrication buyers",none,low,96,material-location.html; materials.html; locations.html; quotation.html,,created,D11C quality-qualified creation page
89,stainless_india,india_city,material-location,Stainless Steel,SS 304,Pipes,Ahmedabad,Gujarat,,/material-location/ss-304-pipes-ahmedabad.html,SS 304 Pipes Supplier in Ahmedabad,ss 304 pipes supplier in ahmedabad,material-form-city RFQ support,"engineering, textile machinery, chemical and fabrication enquiries",none,low,96,material-location.html; materials.html; locations.html; quotation.html,,created,D11C quality-qualified creation page
90,stainless_india,india_city,material-location,Stainless Steel,SS 304,Pipes,Bengaluru,Karnataka,,/material-location/ss-304-pipes-bengaluru.html,SS 304 Pipes Supplier in Bengaluru,ss 304 pipes supplier in bengaluru,material-form-city RFQ support,"aerospace, machine shops, electronics, precision engineering and fabrication",none,low,96,material-location.html; materials.html; locations.html; quotation.html,,created,D11C quality-qualified creation page
91,stainless_india,india_city,material-location,Stainless Steel,SS 304,Pipes,Chakan and Pimpri-Chinchwad,Maharashtra,,/material-location/ss-304-pipes-chakan-pimpri-chinchwad.html,SS 304 Pipes Supplier in Chakan and Pimpri-Chinchwad,ss 304 pipes supplier in chakan and pimpri-chinchwad,material-form-city RFQ support,"automotive, engineering, machining and component fabrication clusters",none,low,96,material-location.html; materials.html; locations.html; quotation.html,,created,D11C quality-qualified creation page
92,stainless_india,india_city,material-location,Stainless Steel,SS 304,Pipes,Chennai,Tamil Nadu,,/material-location/ss-304-pipes-chennai.html,SS 304 Pipes Supplier in Chennai,ss 304 pipes supplier in chennai,material-form-city RFQ support,"automotive, process equipment, engineering and port-linked procurement",none,low,96,material-location.html; materials.html; locations.html; quotation.html,,created,D11C quality-qualified creation page
93,stainless_india,india_city,material-location,Stainless Steel,SS 304,Pipes,Hyderabad,Telangana,,/material-location/ss-304-pipes-hyderabad.html,SS 304 Pipes Supplier in Hyderabad,ss 304 pipes supplier in hyderabad,material-form-city RFQ support,"pharma, laboratory, chemical, precision fabrication and engineering buyers",none,low,96,material-location.html; materials.html; locations.html; quotation.html,,created,D11C quality-qualified creation page
94,stainless_india,india_city,material-location,Stainless Steel,SS 304,Pipes,Vadodara,Gujarat,,/material-location/ss-304-pipes-vadodara.html,SS 304 Pipes Supplier in Vadodara,ss 304 pipes supplier in vadodara,material-form-city RFQ support,"chemical, process equipment, power and engineering procurement",none,low,96,material-location.html; materials.html; locations.html; quotation.html,,created,D11C quality-qualified creation page
95,stainless_india,india_city,material-location,Stainless Steel,SS 304,Pipes,Ankleshwar,Gujarat,,/material-location/ss-304-pipes-ankleshwar.html,SS 304 Pipes Supplier in Ankleshwar,ss 304 pipes supplier in ankleshwar,material-form-city RFQ support,"chemical, process equipment and maintenance buyer enquiries",none,low,96,material-location.html; materials.html; locations.html; quotation.html,,created,D11C quality-qualified creation page
96,stainless_india,india_city,material-location,Stainless Steel,SS 304,Pipes,Delhi NCR,Delhi NCR,,/material-location/ss-304-pipes-delhi.html,SS 304 Pipes Supplier in Delhi NCR,ss 304 pipes supplier in delhi ncr,material-form-city RFQ support,"trading, fabrication, infrastructure support and engineering procurement",none,low,96,material-location.html; materials.html; locations.html; quotation.html,,created,D11C quality-qualified creation page
97,stainless_india,india_city,material-location,Stainless Steel,SS 304,Pipes,Bharuch,Gujarat,,/material-location/ss-304-pipes-bharuch.html,SS 304 Pipes Supplier in Bharuch,ss 304 pipes supplier in bharuch,material-form-city RFQ support,"chemical, project supply and process equipment enquiries",none,low,96,material-location.html; materials.html; locations.html; quotation.html,,created,D11C quality-qualified creation page
98,stainless_india,india_city,material-location,Stainless Steel,SS 304,Pipes,Coimbatore,Tamil Nadu,,/material-location/ss-304-pipes-coimbatore.html,SS 304 Pipes Supplier in Coimbatore,ss 304 pipes supplier in coimbatore,material-form-city RFQ support,"machine tools, pumps, foundry support and precision engineering enquiries",none,low,96,material-location.html; materials.html; locations.html; quotation.html,,created,D11C quality-qualified creation page
99,stainless_india,india_city,material-location,Stainless Steel,SS 304,Pipes,Faridabad,Haryana,,/material-location/ss-304-pipes-faridabad.html,SS 304 Pipes Supplier in Faridabad,ss 304 pipes supplier in faridabad,material-form-city RFQ support,"fabrication, engineering, machinery and industrial components",none,low,96,material-location.html; materials.html; locations.html; quotation.html,,created,D11C quality-qualified creation page
100,stainless_india,india_city,material-location,Stainless Steel,SS 304,Pipes,Gurugram and Manesar,Haryana,,/material-location/ss-304-pipes-gurugram-manesar.html,SS 304 Pipes Supplier in Gurugram and Manesar,ss 304 pipes supplier in gurugram and manesar,material-form-city RFQ support,"automotive, engineering, components and industrial maintenance enquiries",none,low,96,material-location.html; materials.html; locations.html; quotation.html,,created,D11C quality-qualified creation page
101,stainless_india,india_city,material-location,Stainless Steel,SS 304,Pipes,Vapi,Gujarat,,/material-location/ss-304-pipes-vapi.html,SS 304 Pipes Supplier in Vapi,ss 304 pipes supplier in vapi,material-form-city RFQ support,"chemical, fabrication and process-equipment maintenance enquiries",none,low,96,material-location.html; materials.html; locations.html; quotation.html,,created,D11C quality-qualified creation page
102,stainless_india,india_city,material-location,Stainless Steel,SS 304,Pipes,Visakhapatnam,Andhra Pradesh,,/material-location/ss-304-pipes-visakhapatnam.html,SS 304 Pipes Supplier in Visakhapatnam,ss 304 pipes supplier in visakhapatnam,material-form-city RFQ support,"marine, port, process equipment and heavy engineering enquiries",none,low,96,material-location.html; materials.html; locations.html; quotation.html,,created,D11C quality-qualified creation page
103,stainless_india,india_city,material-location,Stainless Steel,SS 304,Pipes,Hosur,Tamil Nadu,,/material-location/ss-304-pipes-hosur.html,SS 304 Pipes Supplier in Hosur,ss 304 pipes supplier in hosur,material-form-city RFQ support,"automotive, engineering and fabrication enquiries",none,low,96,material-location.html; materials.html; locations.html; quotation.html,,created,D11C quality-qualified creation page
104,stainless_india,india_city,material-location,Stainless Steel,SS 304,Pipes,Indore and Pithampur,Madhya Pradesh,,/material-location/ss-304-pipes-indore-pithampur.html,SS 304 Pipes Supplier in Indore and Pithampur,ss 304 pipes supplier in indore and pithampur,material-form-city RFQ support,"automotive, pharma, engineering and fabrication clusters",none,low,96,material-location.html; materials.html; locations.html; quotation.html,,created,D11C quality-qualified creation page
105,stainless_india,india_city,material-location,Stainless Steel,SS 304,Pipes,Jamnagar,Gujarat,,/material-location/ss-304-pipes-jamnagar.html,SS 304 Pipes Supplier in Jamnagar,ss 304 pipes supplier in jamnagar,material-form-city RFQ support,"brass, engineering, petrochemical-support and fabrication enquiries",none,low,96,material-location.html; materials.html; locations.html; quotation.html,,created,D11C quality-qualified creation page
106,stainless_india,india_city,material-location,Stainless Steel,SS 304,Pipes,Jamshedpur,Jharkhand,,/material-location/ss-304-pipes-jamshedpur.html,SS 304 Pipes Supplier in Jamshedpur,ss 304 pipes supplier in jamshedpur,material-form-city RFQ support,"steel-linked engineering, fabrication and maintenance enquiries",none,low,96,material-location.html; materials.html; locations.html; quotation.html,,created,D11C quality-qualified creation page
107,stainless_india,india_city,material-location,Stainless Steel,SS 304,Pipes,Navi Mumbai,Maharashtra,,/material-location/ss-304-pipes-navi-mumbai.html,SS 304 Pipes Supplier in Navi Mumbai,ss 304 pipes supplier in navi mumbai,material-form-city RFQ support,"industrial services, logistics-linked fabrication and maintenance enquiries",none,low,96,material-location.html; materials.html; locations.html; quotation.html,,created,D11C quality-qualified creation page
108,stainless_india,india_city,material-location,Stainless Steel,SS 304,Pipes,Noida,Uttar Pradesh,,/material-location/ss-304-pipes-noida.html,SS 304 Pipes Supplier in Noida,ss 304 pipes supplier in noida,material-form-city RFQ support,"electronics, engineering, fabrication and industrial procurement",none,low,96,material-location.html; materials.html; locations.html; quotation.html,,created,D11C quality-qualified creation page
109,stainless_india,india_city,material-location,Stainless Steel,SS 304,Pipes,Sriperumbudur and Oragadam,Tamil Nadu,,/material-location/ss-304-pipes-sriperumbudur-oragadam.html,SS 304 Pipes Supplier in Sriperumbudur and Oragadam,ss 304 pipes supplier in sriperumbudur and oragadam,material-form-city RFQ support,"automotive, electronics and engineering clusters",none,low,96,material-location.html; materials.html; locations.html; quotation.html,,created,D11C quality-qualified creation page
110,stainless_india,india_city,material-location,Stainless Steel,SS 304,Pipes,Surat,Gujarat,,/material-location/ss-304-pipes-surat.html,SS 304 Pipes Supplier in Surat,ss 304 pipes supplier in surat,material-form-city RFQ support,"textile machinery, fabrication, chemical and commercial processing enquiries",none,low,96,material-location.html; materials.html; locations.html; quotation.html,,created,D11C quality-qualified creation page
111,stainless_india,india_city,material-location,Stainless Steel,SS 304,Pipes,Dholera and Sanand,Gujarat,,/material-location/ss-304-pipes-dholera-sanand.html,SS 304 Pipes Supplier in Dholera and Sanand,ss 304 pipes supplier in dholera and sanand,material-form-city RFQ support,"automotive, engineering and industrial project enquiries",none,low,96,material-location.html; materials.html; locations.html; quotation.html,,created,D11C quality-qualified creation page
112,stainless_india,india_city,material-location,Stainless Steel,SS 304,Pipes,Greater Noida,Uttar Pradesh,,/material-location/ss-304-pipes-greater-noida.html,SS 304 Pipes Supplier in Greater Noida,ss 304 pipes supplier in greater noida,material-form-city RFQ support,"automotive, electronics, fabrication and industrial projects",none,low,96,material-location.html; materials.html; locations.html; quotation.html,,created,D11C quality-qualified creation page
113,stainless_india,india_city,material-location,Stainless Steel,SS 304,Pipes,"Kolkata, Howrah and Durgapur",West Bengal,,/material-location/ss-304-pipes-kolkata-howrah-durgapur.html,"SS 304 Pipes Supplier in Kolkata, Howrah and Durgapur","ss 304 pipes supplier in kolkata, howrah and durgapur",material-form-city RFQ support,"engineering, fabrication, steel-linked and project enquiries",none,low,96,material-location.html; materials.html; locations.html; quotation.html,,created,D11C quality-qualified creation page
114,stainless_india,india_city,material-location,Stainless Steel,SS 304,Pipes,Ludhiana,Punjab,,/material-location/ss-304-pipes-ludhiana.html,SS 304 Pipes Supplier in Ludhiana,ss 304 pipes supplier in ludhiana,material-form-city RFQ support,"machine tools, fasteners, auto parts and fabrication enquiries",none,low,96,material-location.html; materials.html; locations.html; quotation.html,,created,D11C quality-qualified creation page
115,stainless_india,india_city,material-location,Stainless Steel,SS 304,Pipes,Thane,Maharashtra,,/material-location/ss-304-pipes-thane.html,SS 304 Pipes Supplier in Thane,ss 304 pipes supplier in thane,material-form-city RFQ support,"chemical, equipment, fabrication and maintenance buyer enquiries",none,low,96,material-location.html; materials.html; locations.html; quotation.html,,created,D11C quality-qualified creation page
116,stainless_india,india_city,material-location,Stainless Steel,SS 304,Pipes,Kakinada,Andhra Pradesh,,/material-location/ss-304-pipes-kakinada.html,SS 304 Pipes Supplier in Kakinada,ss 304 pipes supplier in kakinada,material-form-city RFQ support,"port, marine, energy and process-industry enquiries",none,low,96,material-location.html; materials.html; locations.html; quotation.html,,created,D11C quality-qualified creation page
117,stainless_india,india_city,material-location,Stainless Steel,SS 304,Pipes,Rajkot,Gujarat,,/material-location/ss-304-pipes-rajkot.html,SS 304 Pipes Supplier in Rajkot,ss 304 pipes supplier in rajkot,material-form-city RFQ support,"machine shops, automotive components, casting support and fabrication enquiries",none,low,96,material-location.html; materials.html; locations.html; quotation.html,,created,D11C quality-qualified creation page
118,stainless_india,india_city,material-location,Stainless Steel,SS 304,Pipes,Ghaziabad,Uttar Pradesh,,/material-location/ss-304-pipes-ghaziabad.html,SS 304 Pipes Supplier in Ghaziabad,ss 304 pipes supplier in ghaziabad,material-form-city RFQ support,"fabrication, engineering, machinery and construction-support enquiries",none,low,96,material-location.html; materials.html; locations.html; quotation.html,,created,D11C quality-qualified creation page
119,stainless_india,india_city,material-location,Stainless Steel,SS 304,Pipes,Nashik,Maharashtra,,/material-location/ss-304-pipes-nashik.html,SS 304 Pipes Supplier in Nashik,ss 304 pipes supplier in nashik,material-form-city RFQ support,"engineering, electrical, fabrication and industrial maintenance enquiries",none,low,96,material-location.html; materials.html; locations.html; quotation.html,,created,D11C quality-qualified creation page
120,stainless_india,india_city,material-location,Stainless Steel,SS 304,Pipes,Salem,Tamil Nadu,,/material-location/ss-304-pipes-salem.html,SS 304 Pipes Supplier in Salem,ss 304 pipes supplier in salem,material-form-city RFQ support,"steel processing, fabrication and engineering requirements",none,low,96,material-location.html; materials.html; locations.html; quotation.html,,created,D11C quality-qualified creation page
121,stainless_india,india_city,material-location,Stainless Steel,SS 304,Pipes,Tiruchirappalli / Trichy,Tamil Nadu,,/material-location/ss-304-pipes-tiruchirappalli.html,SS 304 Pipes Supplier in Tiruchirappalli / Trichy,ss 304 pipes supplier in tiruchirappalli / trichy,material-form-city RFQ support,"fabrication, energy-equipment and engineering support enquiries",none,low,96,material-location.html; materials.html; locations.html; quotation.html,,created,D11C quality-qualified creation page
122,stainless_india,india_city,material-location,Stainless Steel,SS 304,Pipes,Chhatrapati Sambhajinagar / Aurangabad,Maharashtra,,/material-location/ss-304-pipes-chhatrapati-sambhajinagar-aurangabad.html,SS 304 Pipes Supplier in Chhatrapati Sambhajinagar / Aurangabad,ss 304 pipes supplier in chhatrapati sambhajinagar / aurangabad,material-form-city RFQ support,"automotive, engineering and fabrication enquiries",none,low,96,material-location.html; materials.html; locations.html; quotation.html,,created,D11C quality-qualified creation page
123,stainless_india,india_city,material-location,Stainless Steel,SS 304,Pipes,Jaipur,Rajasthan,,/material-location/ss-304-pipes-jaipur.html,SS 304 Pipes Supplier in Jaipur,ss 304 pipes supplier in jaipur,material-form-city RFQ support,"engineering, fabrication and commercial metal enquiries",none,low,96,material-location.html; materials.html; locations.html; quotation.html,,created,D11C quality-qualified creation page
124,stainless_india,india_city,material-location,Stainless Steel,SS 304,Pipes,Mangaluru,Karnataka,,/material-location/ss-304-pipes-mangaluru.html,SS 304 Pipes Supplier in Mangaluru,ss 304 pipes supplier in mangaluru,material-form-city RFQ support,"marine, chemical and port-linked industrial enquiries",none,low,96,material-location.html; materials.html; locations.html; quotation.html,,created,D11C quality-qualified creation page
125,stainless_india,india_city,material-location,Stainless Steel,SS 304,Pipes,Mysuru,Karnataka,,/material-location/ss-304-pipes-mysuru.html,SS 304 Pipes Supplier in Mysuru,ss 304 pipes supplier in mysuru,material-form-city RFQ support,"automotive, engineering and fabrication enquiries",none,low,96,material-location.html; materials.html; locations.html; quotation.html,,created,D11C quality-qualified creation page
126,stainless_india,india_city,material-location,Stainless Steel,SS 304,Pipes,Nagpur / Butibori,Maharashtra,,/material-location/ss-304-pipes-nagpur.html,SS 304 Pipes Supplier in Nagpur / Butibori,ss 304 pipes supplier in nagpur / butibori,material-form-city RFQ support,"central India engineering, fabrication and maintenance requirements",none,low,96,material-location.html; materials.html; locations.html; quotation.html,,created,D11C quality-qualified creation page
127,stainless_india,india_city,material-location,Stainless Steel,SS 304,Pipes,Bhopal and Mandideep,Madhya Pradesh,,/material-location/ss-304-pipes-bhopal-mandideep.html,SS 304 Pipes Supplier in Bhopal and Mandideep,ss 304 pipes supplier in bhopal and mandideep,material-form-city RFQ support,"engineering, fabrication and industrial project enquiries",none,low,96,material-location.html; materials.html; locations.html; quotation.html,,created,D11C quality-qualified creation page
128,stainless_india,india_city,material-location,Stainless Steel,SS 304,Pipes,Vijayawada,Andhra Pradesh,,/material-location/ss-304-pipes-vijayawada.html,SS 304 Pipes Supplier in Vijayawada,ss 304 pipes supplier in vijayawada,material-form-city RFQ support,"commercial fabrication, engineering and maintenance enquiries",none,low,96,material-location.html; materials.html; locations.html; quotation.html,,created,D11C quality-qualified creation page
129,stainless_india,india_city,material-location,Stainless Steel,SS 304,Pipes,Zaheerabad,Telangana,,/material-location/ss-304-pipes-zaheerabad.html,SS 304 Pipes Supplier in Zaheerabad,ss 304 pipes supplier in zaheerabad,material-form-city RFQ support,automotive and engineering support enquiries,none,low,96,material-location.html; materials.html; locations.html; quotation.html,,created,D11C quality-qualified creation page
130,stainless_india,india_city,material-location,Stainless Steel,SS 304,Plates,Mumbai,Maharashtra,,/material-location/ss-304-plates-mumbai.html,SS 304 Plates Supplier in Mumbai,ss 304 plates supplier in mumbai,material-form-city RFQ support,"process equipment, marine support, trading, fabrication and project procurement",none,low,96,material-location.html; materials.html; locations.html; quotation.html,,created,D11C quality-qualified creation page
131,stainless_india,india_city,material-location,Stainless Steel,SS 304,Plates,Pune,Maharashtra,,/material-location/ss-304-plates-pune.html,SS 304 Plates Supplier in Pune,ss 304 plates supplier in pune,material-form-city RFQ support,"automotive, engineering, machine shops and fabrication buyers",none,low,96,material-location.html; materials.html; locations.html; quotation.html,,created,D11C quality-qualified creation page
132,stainless_india,india_city,material-location,Stainless Steel,SS 304,Plates,Ahmedabad,Gujarat,,/material-location/ss-304-plates-ahmedabad.html,SS 304 Plates Supplier in Ahmedabad,ss 304 plates supplier in ahmedabad,material-form-city RFQ support,"engineering, textile machinery, chemical and fabrication enquiries",none,low,96,material-location.html; materials.html; locations.html; quotation.html,,created,D11C quality-qualified creation page
133,stainless_india,india_city,material-location,Stainless Steel,SS 304,Round Bars,Bengaluru,Karnataka,,/material-location/ss-304-round-bars-bengaluru.html,SS 304 Round Bars Supplier in Bengaluru,ss 304 round bars supplier in bengaluru,material-form-city RFQ support,"aerospace, machine shops, electronics, precision engineering and fabrication",none,low,96,material-location.html; materials.html; locations.html; quotation.html,,created,D11C quality-qualified creation page
134,stainless_india,india_city,material-location,Stainless Steel,SS 304,Plates,Chakan and Pimpri-Chinchwad,Maharashtra,,/material-location/ss-304-plates-chakan-pimpri-chinchwad.html,SS 304 Plates Supplier in Chakan and Pimpri-Chinchwad,ss 304 plates supplier in chakan and pimpri-chinchwad,material-form-city RFQ support,"automotive, engineering, machining and component fabrication clusters",none,low,96,material-location.html; materials.html; locations.html; quotation.html,,created,D11C quality-qualified creation page
135,stainless_india,india_city,material-location,Stainless Steel,SS 304,Plates,Chennai,Tamil Nadu,,/material-location/ss-304-plates-chennai.html,SS 304 Plates Supplier in Chennai,ss 304 plates supplier in chennai,material-form-city RFQ support,"automotive, process equipment, engineering and port-linked procurement",none,low,96,material-location.html; materials.html; locations.html; quotation.html,,created,D11C quality-qualified creation page
136,stainless_india,india_city,material-location,Stainless Steel,SS 304,Plates,Hyderabad,Telangana,,/material-location/ss-304-plates-hyderabad.html,SS 304 Plates Supplier in Hyderabad,ss 304 plates supplier in hyderabad,material-form-city RFQ support,"pharma, laboratory, chemical, precision fabrication and engineering buyers",none,low,96,material-location.html; materials.html; locations.html; quotation.html,,created,D11C quality-qualified creation page
137,stainless_india,india_city,material-location,Stainless Steel,SS 304,Plates,Vadodara,Gujarat,,/material-location/ss-304-plates-vadodara.html,SS 304 Plates Supplier in Vadodara,ss 304 plates supplier in vadodara,material-form-city RFQ support,"chemical, process equipment, power and engineering procurement",none,low,96,material-location.html; materials.html; locations.html; quotation.html,,created,D11C quality-qualified creation page
138,stainless_india,india_city,material-location,Stainless Steel,SS 304,Plates,Ankleshwar,Gujarat,,/material-location/ss-304-plates-ankleshwar.html,SS 304 Plates Supplier in Ankleshwar,ss 304 plates supplier in ankleshwar,material-form-city RFQ support,"chemical, process equipment and maintenance buyer enquiries",none,low,96,material-location.html; materials.html; locations.html; quotation.html,,created,D11C quality-qualified creation page
139,stainless_india,india_city,material-location,Stainless Steel,SS 304,Plates,Delhi NCR,Delhi NCR,,/material-location/ss-304-plates-delhi.html,SS 304 Plates Supplier in Delhi NCR,ss 304 plates supplier in delhi ncr,material-form-city RFQ support,"trading, fabrication, infrastructure support and engineering procurement",none,low,96,material-location.html; materials.html; locations.html; quotation.html,,created,D11C quality-qualified creation page
140,stainless_india,india_city,material-location,Stainless Steel,SS 304,Plates,Bharuch,Gujarat,,/material-location/ss-304-plates-bharuch.html,SS 304 Plates Supplier in Bharuch,ss 304 plates supplier in bharuch,material-form-city RFQ support,"chemical, project supply and process equipment enquiries",none,low,96,material-location.html; materials.html; locations.html; quotation.html,,created,D11C quality-qualified creation page
141,stainless_india,india_city,material-location,Stainless Steel,SS 304,Plates,Coimbatore,Tamil Nadu,,/material-location/ss-304-plates-coimbatore.html,SS 304 Plates Supplier in Coimbatore,ss 304 plates supplier in coimbatore,material-form-city RFQ support,"machine tools, pumps, foundry support and precision engineering enquiries",none,low,96,material-location.html; materials.html; locations.html; quotation.html,,created,D11C quality-qualified creation page
142,stainless_india,india_city,material-location,Stainless Steel,SS 304,Plates,Faridabad,Haryana,,/material-location/ss-304-plates-faridabad.html,SS 304 Plates Supplier in Faridabad,ss 304 plates supplier in faridabad,material-form-city RFQ support,"fabrication, engineering, machinery and industrial components",none,low,96,material-location.html; materials.html; locations.html; quotation.html,,created,D11C quality-qualified creation page
143,stainless_india,india_city,material-location,Stainless Steel,SS 304,Plates,Gurugram and Manesar,Haryana,,/material-location/ss-304-plates-gurugram-manesar.html,SS 304 Plates Supplier in Gurugram and Manesar,ss 304 plates supplier in gurugram and manesar,material-form-city RFQ support,"automotive, engineering, components and industrial maintenance enquiries",none,low,96,material-location.html; materials.html; locations.html; quotation.html,,created,D11C quality-qualified creation page
144,stainless_india,india_city,material-location,Stainless Steel,SS 304,Plates,Vapi,Gujarat,,/material-location/ss-304-plates-vapi.html,SS 304 Plates Supplier in Vapi,ss 304 plates supplier in vapi,material-form-city RFQ support,"chemical, fabrication and process-equipment maintenance enquiries",none,low,96,material-location.html; materials.html; locations.html; quotation.html,,created,D11C quality-qualified creation page
145,nickel_duplex_india,india_city,material-location,Nickel Alloys,Inconel 625,Fittings,Mumbai,Maharashtra,,/material-location/inconel-625-fittings-mumbai.html,Inconel 625 Fittings Supplier in Mumbai,inconel 625 fittings supplier in mumbai,material-form-city RFQ support,"process equipment, marine support, trading, fabrication and project procurement",none,low,96,material-location.html; materials.html; locations.html; quotation.html,,created,D11C quality-qualified creation page
146,nickel_duplex_india,india_city,material-location,Nickel Alloys,Inconel 625,Fittings,Bengaluru,Karnataka,,/material-location/inconel-625-fittings-bengaluru.html,Inconel 625 Fittings Supplier in Bengaluru,inconel 625 fittings supplier in bengaluru,material-form-city RFQ support,"aerospace, machine shops, electronics, precision engineering and fabrication",none,low,96,material-location.html; materials.html; locations.html; quotation.html,,created,D11C quality-qualified creation page
147,nickel_duplex_india,india_city,material-location,Nickel Alloys,Inconel 625,Fittings,Chennai,Tamil Nadu,,/material-location/inconel-625-fittings-chennai.html,Inconel 625 Fittings Supplier in Chennai,inconel 625 fittings supplier in chennai,material-form-city RFQ support,"automotive, process equipment, engineering and port-linked procurement",none,low,96,material-location.html; materials.html; locations.html; quotation.html,,created,D11C quality-qualified creation page
148,nickel_duplex_india,india_city,material-location,Nickel Alloys,Inconel 625,Fittings,Pune,Maharashtra,,/material-location/inconel-625-fittings-pune.html,Inconel 625 Fittings Supplier in Pune,inconel 625 fittings supplier in pune,material-form-city RFQ support,"automotive, engineering, machine shops and fabrication buyers",none,low,96,material-location.html; materials.html; locations.html; quotation.html,,created,D11C quality-qualified creation page
149,nickel_duplex_india,india_city,material-location,Nickel Alloys,Inconel 625,Fittings,Vadodara,Gujarat,,/material-location/inconel-625-fittings-vadodara.html,Inconel 625 Fittings Supplier in Vadodara,inconel 625 fittings supplier in vadodara,material-form-city RFQ support,"chemical, process equipment, power and engineering procurement",none,low,96,material-location.html; materials.html; locations.html; quotation.html,,created,D11C quality-qualified creation page
150,nickel_duplex_india,india_city,material-location,Nickel Alloys,Inconel 625,Fittings,Hyderabad,Telangana,,/material-location/inconel-625-fittings-hyderabad.html,Inconel 625 Fittings Supplier in Hyderabad,inconel 625 fittings supplier in hyderabad,material-form-city RFQ support,"pharma, laboratory, chemical, precision fabrication and engineering buyers",none,low,96,material-location.html; materials.html; locations.html; quotation.html,,created,D11C quality-qualified creation page
151,nickel_duplex_india,india_city,material-location,Nickel Alloys,Inconel 625,Fittings,Ankleshwar,Gujarat,,/material-location/inconel-625-fittings-ankleshwar.html,Inconel 625 Fittings Supplier in Ankleshwar,inconel 625 fittings supplier in ankleshwar,material-form-city RFQ support,"chemical, process equipment and maintenance buyer enquiries",none,low,96,material-location.html; materials.html; locations.html; quotation.html,,created,D11C quality-qualified creation page
152,nickel_duplex_india,india_city,material-location,Nickel Alloys,Inconel 625,Fittings,Delhi NCR,Delhi NCR,,/material-location/inconel-625-fittings-delhi.html,Inconel 625 Fittings Supplier in Delhi NCR,inconel 625 fittings supplier in delhi ncr,material-form-city RFQ support,"trading, fabrication, infrastructure support and engineering procurement",none,low,96,material-location.html; materials.html; locations.html; quotation.html,,created,D11C quality-qualified creation page
153,nickel_duplex_india,india_city,material-location,Duplex and Super Duplex Stainless Steel,Duplex 2205,Fittings,Bharuch,Gujarat,,/material-location/duplex-2205-fittings-bharuch.html,Duplex 2205 Fittings Supplier in Bharuch,duplex 2205 fittings supplier in bharuch,material-form-city RFQ support,"chemical, project supply and process equipment enquiries",none,low,96,material-location.html; materials.html; locations.html; quotation.html,,created,D11C quality-qualified creation page
154,nickel_duplex_india,india_city,material-location,Duplex and Super Duplex Stainless Steel,Duplex 2205,Fittings,Coimbatore,Tamil Nadu,,/material-location/duplex-2205-fittings-coimbatore.html,Duplex 2205 Fittings Supplier in Coimbatore,duplex 2205 fittings supplier in coimbatore,material-form-city RFQ support,"machine tools, pumps, foundry support and precision engineering enquiries",none,low,96,material-location.html; materials.html; locations.html; quotation.html,,created,D11C quality-qualified creation page
155,nickel_duplex_india,india_city,material-location,Nickel Alloys,Inconel 625,Fittings,Faridabad,Haryana,,/material-location/inconel-625-fittings-faridabad.html,Inconel 625 Fittings Supplier in Faridabad,inconel 625 fittings supplier in faridabad,material-form-city RFQ support,"fabrication, engineering, machinery and industrial components",none,low,96,material-location.html; materials.html; locations.html; quotation.html,,created,D11C quality-qualified creation page
156,nickel_duplex_india,india_city,material-location,Nickel Alloys,Inconel 625,Fittings,Vapi,Gujarat,,/material-location/inconel-625-fittings-vapi.html,Inconel 625 Fittings Supplier in Vapi,inconel 625 fittings supplier in vapi,material-form-city RFQ support,"chemical, fabrication and process-equipment maintenance enquiries",none,low,96,material-location.html; materials.html; locations.html; quotation.html,,created,D11C quality-qualified creation page
157,nickel_duplex_india,india_city,material-location,Duplex and Super Duplex Stainless Steel,Duplex 2205,Fittings,Visakhapatnam,Andhra Pradesh,,/material-location/duplex-2205-fittings-visakhapatnam.html,Duplex 2205 Fittings Supplier in Visakhapatnam,duplex 2205 fittings supplier in visakhapatnam,material-form-city RFQ support,"marine, port, process equipment and heavy engineering enquiries",none,low,96,material-location.html; materials.html; locations.html; quotation.html,,created,D11C quality-qualified creation page
158,nickel_duplex_india,india_city,material-location,Nickel Alloys,Inconel 625,Fittings,Indore and Pithampur,Madhya Pradesh,,/material-location/inconel-625-fittings-indore-pithampur.html,Inconel 625 Fittings Supplier in Indore and Pithampur,inconel 625 fittings supplier in indore and pithampur,material-form-city RFQ support,"automotive, pharma, engineering and fabrication clusters",none,low,96,material-location.html; materials.html; locations.html; quotation.html,,created,D11C quality-qualified creation page
159,nickel_duplex_india,india_city,material-location,Nickel Alloys,Inconel 625,Fittings,Jamnagar,Gujarat,,/material-location/inconel-625-fittings-jamnagar.html,Inconel 625 Fittings Supplier in Jamnagar,inconel 625 fittings supplier in jamnagar,material-form-city RFQ support,"brass, engineering, petrochemical-support and fabrication enquiries",none,low,96,material-location.html; materials.html; locations.html; quotation.html,,created,D11C quality-qualified creation page
160,nickel_duplex_india,india_city,material-location,Nickel Alloys,Inconel 625,Fittings,Jamshedpur,Jharkhand,,/material-location/inconel-625-fittings-jamshedpur.html,Inconel 625 Fittings Supplier in Jamshedpur,inconel 625 fittings supplier in jamshedpur,material-form-city RFQ support,"steel-linked engineering, fabrication and maintenance enquiries",none,low,96,material-location.html; materials.html; locations.html; quotation.html,,created,D11C quality-qualified creation page
161,nickel_duplex_india,india_city,material-location,Duplex and Super Duplex Stainless Steel,Duplex 2205,Fittings,Kakinada,Andhra Pradesh,,/material-location/duplex-2205-fittings-kakinada.html,Duplex 2205 Fittings Supplier in Kakinada,duplex 2205 fittings supplier in kakinada,material-form-city RFQ support,"port, marine, energy and process-industry enquiries",none,low,95,material-location.html; materials.html; locations.html; quotation.html,,created,D11C quality-qualified creation page
162,nickel_duplex_india,india_city,material-location,Nickel Alloys,Inconel 625,Fittings,Mangaluru,Karnataka,,/material-location/inconel-625-fittings-mangaluru.html,Inconel 625 Fittings Supplier in Mangaluru,inconel 625 fittings supplier in mangaluru,material-form-city RFQ support,"marine, chemical and port-linked industrial enquiries",none,low,94,material-location.html; materials.html; locations.html; quotation.html,,created,D11C quality-qualified creation page
163,nickel_duplex_india,india_city,material-location,Nickel Alloys,Inconel 625,Flanges,Mumbai,Maharashtra,,/material-location/inconel-625-flanges-mumbai.html,Inconel 625 Flanges Supplier in Mumbai,inconel 625 flanges supplier in mumbai,material-form-city RFQ support,"process equipment, marine support, trading, fabrication and project procurement",none,low,96,material-location.html; materials.html; locations.html; quotation.html,,created,D11C quality-qualified creation page
164,nickel_duplex_india,india_city,material-location,Nickel Alloys,Inconel 625,Flanges,Bengaluru,Karnataka,,/material-location/inconel-625-flanges-bengaluru.html,Inconel 625 Flanges Supplier in Bengaluru,inconel 625 flanges supplier in bengaluru,material-form-city RFQ support,"aerospace, machine shops, electronics, precision engineering and fabrication",none,low,96,material-location.html; materials.html; locations.html; quotation.html,,created,D11C quality-qualified creation page
165,nickel_duplex_india,india_city,material-location,Nickel Alloys,Inconel 625,Flanges,Chennai,Tamil Nadu,,/material-location/inconel-625-flanges-chennai.html,Inconel 625 Flanges Supplier in Chennai,inconel 625 flanges supplier in chennai,material-form-city RFQ support,"automotive, process equipment, engineering and port-linked procurement",none,low,96,material-location.html; materials.html; locations.html; quotation.html,,created,D11C quality-qualified creation page
166,nickel_duplex_india,india_city,material-location,Nickel Alloys,Inconel 625,Flanges,Pune,Maharashtra,,/material-location/inconel-625-flanges-pune.html,Inconel 625 Flanges Supplier in Pune,inconel 625 flanges supplier in pune,material-form-city RFQ support,"automotive, engineering, machine shops and fabrication buyers",none,low,96,material-location.html; materials.html; locations.html; quotation.html,,created,D11C quality-qualified creation page
167,nickel_duplex_india,india_city,material-location,Nickel Alloys,Inconel 625,Flanges,Vadodara,Gujarat,,/material-location/inconel-625-flanges-vadodara.html,Inconel 625 Flanges Supplier in Vadodara,inconel 625 flanges supplier in vadodara,material-form-city RFQ support,"chemical, process equipment, power and engineering procurement",none,low,96,material-location.html; materials.html; locations.html; quotation.html,,created,D11C quality-qualified creation page
168,nickel_duplex_india,india_city,material-location,Nickel Alloys,Inconel 625,Flanges,Hyderabad,Telangana,,/material-location/inconel-625-flanges-hyderabad.html,Inconel 625 Flanges Supplier in Hyderabad,inconel 625 flanges supplier in hyderabad,material-form-city RFQ support,"pharma, laboratory, chemical, precision fabrication and engineering buyers",none,low,96,material-location.html; materials.html; locations.html; quotation.html,,created,D11C quality-qualified creation page
169,nickel_duplex_india,india_city,material-location,Nickel Alloys,Inconel 625,Flanges,Ankleshwar,Gujarat,,/material-location/inconel-625-flanges-ankleshwar.html,Inconel 625 Flanges Supplier in Ankleshwar,inconel 625 flanges supplier in ankleshwar,material-form-city RFQ support,"chemical, process equipment and maintenance buyer enquiries",none,low,96,material-location.html; materials.html; locations.html; quotation.html,,created,D11C quality-qualified creation page
170,nickel_duplex_india,india_city,material-location,Nickel Alloys,Inconel 625,Flanges,Delhi NCR,Delhi NCR,,/material-location/inconel-625-flanges-delhi.html,Inconel 625 Flanges Supplier in Delhi NCR,inconel 625 flanges supplier in delhi ncr,material-form-city RFQ support,"trading, fabrication, infrastructure support and engineering procurement",none,low,96,material-location.html; materials.html; locations.html; quotation.html,,created,D11C quality-qualified creation page
171,nickel_duplex_india,india_city,material-location,Duplex and Super Duplex Stainless Steel,Duplex 2205,Flanges,Bharuch,Gujarat,,/material-location/duplex-2205-flanges-bharuch.html,Duplex 2205 Flanges Supplier in Bharuch,duplex 2205 flanges supplier in bharuch,material-form-city RFQ support,"chemical, project supply and process equipment enquiries",none,low,96,material-location.html; materials.html; locations.html; quotation.html,,created,D11C quality-qualified creation page
172,nickel_duplex_india,india_city,material-location,Duplex and Super Duplex Stainless Steel,Duplex 2205,Flanges,Coimbatore,Tamil Nadu,,/material-location/duplex-2205-flanges-coimbatore.html,Duplex 2205 Flanges Supplier in Coimbatore,duplex 2205 flanges supplier in coimbatore,material-form-city RFQ support,"machine tools, pumps, foundry support and precision engineering enquiries",none,low,96,material-location.html; materials.html; locations.html; quotation.html,,created,D11C quality-qualified creation page
173,nickel_duplex_india,india_city,material-location,Nickel Alloys,Inconel 625,Flanges,Faridabad,Haryana,,/material-location/inconel-625-flanges-faridabad.html,Inconel 625 Flanges Supplier in Faridabad,inconel 625 flanges supplier in faridabad,material-form-city RFQ support,"fabrication, engineering, machinery and industrial components",none,low,96,material-location.html; materials.html; locations.html; quotation.html,,created,D11C quality-qualified creation page
174,nickel_duplex_india,india_city,material-location,Nickel Alloys,Inconel 625,Flanges,Vapi,Gujarat,,/material-location/inconel-625-flanges-vapi.html,Inconel 625 Flanges Supplier in Vapi,inconel 625 flanges supplier in vapi,material-form-city RFQ support,"chemical, fabrication and process-equipment maintenance enquiries",none,low,96,material-location.html; materials.html; locations.html; quotation.html,,created,D11C quality-qualified creation page
175,nickel_duplex_india,india_city,material-location,Duplex and Super Duplex Stainless Steel,Duplex 2205,Flanges,Visakhapatnam,Andhra Pradesh,,/material-location/duplex-2205-flanges-visakhapatnam.html,Duplex 2205 Flanges Supplier in Visakhapatnam,duplex 2205 flanges supplier in visakhapatnam,material-form-city RFQ support,"marine, port, process equipment and heavy engineering enquiries",none,low,96,material-location.html; materials.html; locations.html; quotation.html,,created,D11C quality-qualified creation page
176,nickel_duplex_india,india_city,material-location,Nickel Alloys,Inconel 625,Flanges,Indore and Pithampur,Madhya Pradesh,,/material-location/inconel-625-flanges-indore-pithampur.html,Inconel 625 Flanges Supplier in Indore and Pithampur,inconel 625 flanges supplier in indore and pithampur,material-form-city RFQ support,"automotive, pharma, engineering and fabrication clusters",none,low,96,material-location.html; materials.html; locations.html; quotation.html,,created,D11C quality-qualified creation page
177,nickel_duplex_india,india_city,material-location,Nickel Alloys,Inconel 625,Flanges,Jamnagar,Gujarat,,/material-location/inconel-625-flanges-jamnagar.html,Inconel 625 Flanges Supplier in Jamnagar,inconel 625 flanges supplier in jamnagar,material-form-city RFQ support,"brass, engineering, petrochemical-support and fabrication enquiries",none,low,96,material-location.html; materials.html; locations.html; quotation.html,,created,D11C quality-qualified creation page
178,nickel_duplex_india,india_city,material-location,Nickel Alloys,Inconel 625,Flanges,Jamshedpur,Jharkhand,,/material-location/inconel-625-flanges-jamshedpur.html,Inconel 625 Flanges Supplier in Jamshedpur,inconel 625 flanges supplier in jamshedpur,material-form-city RFQ support,"steel-linked engineering, fabrication and maintenance enquiries",none,low,96,material-location.html; materials.html; locations.html; quotation.html,,created,D11C quality-qualified creation page
179,nickel_duplex_india,india_city,material-location,Duplex and Super Duplex Stainless Steel,Duplex 2205,Flanges,Kakinada,Andhra Pradesh,,/material-location/duplex-2205-flanges-kakinada.html,Duplex 2205 Flanges Supplier in Kakinada,duplex 2205 flanges supplier in kakinada,material-form-city RFQ support,"port, marine, energy and process-industry enquiries",none,low,95,material-location.html; materials.html; locations.html; quotation.html,,created,D11C quality-qualified creation page
180,nickel_duplex_india,india_city,material-location,Nickel Alloys,Inconel 625,Flanges,Mangaluru,Karnataka,,/material-location/inconel-625-flanges-mangaluru.html,Inconel 625 Flanges Supplier in Mangaluru,inconel 625 flanges supplier in mangaluru,material-form-city RFQ support,"marine, chemical and port-linked industrial enquiries",none,low,94,material-location.html; materials.html; locations.html; quotation.html,,created,D11C quality-qualified creation page
181,nickel_duplex_export,export_country,export-material,Nickel Alloys,Inconel 625,Fittings,,,UAE,/export-material/inconel-625-fittings-uae.html,Inconel 625 Fittings Supplier for UAE,inconel 625 fittings supplier for uae,export material-country RFQ support,"GCC fabrication, oil and gas, marine, construction and process-industry enquiries",none,low,96,export-material.html; export.html; quotation.html,,created,D11C quality-qualified creation page
182,nickel_duplex_export,export_country,export-material,Nickel Alloys,Inconel 625,Fittings,,,Saudi Arabia,/export-material/inconel-625-fittings-saudi-arabia.html,Inconel 625 Fittings Supplier for Saudi Arabia,inconel 625 fittings supplier for saudi arabia,export material-country RFQ support,"GCC process, oil and gas, water, fabrication and project procurement",none,low,96,export-material.html; export.html; quotation.html,,created,D11C quality-qualified creation page
183,nickel_duplex_export,export_country,export-material,Nickel Alloys,Inconel 625,Fittings,,,Qatar,/export-material/inconel-625-fittings-qatar.html,Inconel 625 Fittings Supplier for Qatar,inconel 625 fittings supplier for qatar,export material-country RFQ support,"energy, infrastructure, marine and process-industry enquiries",none,low,95,export-material.html; export.html; quotation.html,,created,D11C quality-qualified creation page
184,nickel_duplex_export,export_country,export-material,Nickel Alloys,Inconel 625,Fittings,,,Singapore,/export-material/inconel-625-fittings-singapore.html,Inconel 625 Fittings Supplier for Singapore,inconel 625 fittings supplier for singapore,export material-country RFQ support,"marine, process, precision engineering and trading hub enquiries",none,low,95,export-material.html; export.html; quotation.html,,created,D11C quality-qualified creation page
185,nickel_duplex_export,export_country,export-material,Duplex and Super Duplex Stainless Steel,Duplex 2205,Fittings,,,Oman,/export-material/duplex-2205-fittings-oman.html,Duplex 2205 Fittings Supplier for Oman,duplex 2205 fittings supplier for oman,export material-country RFQ support,"marine, energy, desalination and industrial fabrication enquiries",none,low,94,export-material.html; export.html; quotation.html,,created,D11C quality-qualified creation page
186,nickel_duplex_export,export_country,export-material,Nickel Alloys,Inconel 625,Fittings,,,Germany,/export-material/inconel-625-fittings-germany.html,Inconel 625 Fittings Supplier for Germany,inconel 625 fittings supplier for germany,export material-country RFQ support,"engineering, machinery, process equipment and technical procurement",none,low,93,export-material.html; export.html; quotation.html,,created,D11C quality-qualified creation page
187,nickel_duplex_export,export_country,export-material,Duplex and Super Duplex Stainless Steel,Duplex 2205,Fittings,,,Kuwait,/export-material/duplex-2205-fittings-kuwait.html,Duplex 2205 Fittings Supplier for Kuwait,duplex 2205 fittings supplier for kuwait,export material-country RFQ support,"oil and gas, process, maintenance and project procurement",none,low,93,export-material.html; export.html; quotation.html,,created,D11C quality-qualified creation page
188,nickel_duplex_export,export_country,export-material,Duplex and Super Duplex Stainless Steel,Duplex 2205,Fittings,,,Malaysia,/export-material/duplex-2205-fittings-malaysia.html,Duplex 2205 Fittings Supplier for Malaysia,duplex 2205 fittings supplier for malaysia,export material-country RFQ support,"process equipment, marine, oil and gas support and fabrication enquiries",none,low,93,export-material.html; export.html; quotation.html,,created,D11C quality-qualified creation page
189,nickel_duplex_export,export_country,export-material,Nickel Alloys,Inconel 625,Fittings,,,United States,/export-material/inconel-625-fittings-united-states.html,Inconel 625 Fittings Supplier for United States,inconel 625 fittings supplier for united states,export material-country RFQ support,"engineering, maintenance and specialized metal procurement",none,low,93,export-material.html; export.html; quotation.html,,created,D11C quality-qualified creation page
190,nickel_duplex_export,export_country,export-material,Nickel Alloys,Inconel 625,Fittings,,,Australia,/export-material/inconel-625-fittings-australia.html,Inconel 625 Fittings Supplier for Australia,inconel 625 fittings supplier for australia,export material-country RFQ support,"mining support, marine, process and fabrication enquiries",none,low,92,export-material.html; export.html; quotation.html,,created,D11C quality-qualified creation page
191,nickel_duplex_export,export_country,export-material,Duplex and Super Duplex Stainless Steel,Duplex 2205,Fittings,,,Netherlands,/export-material/duplex-2205-fittings-netherlands.html,Duplex 2205 Fittings Supplier for Netherlands,duplex 2205 fittings supplier for netherlands,export material-country RFQ support,"marine, process, trading and project procurement enquiries",none,low,92,export-material.html; export.html; quotation.html,,created,D11C quality-qualified creation page
192,nickel_duplex_export,export_country,export-material,Duplex and Super Duplex Stainless Steel,Duplex 2205,Fittings,,,Thailand,/export-material/duplex-2205-fittings-thailand.html,Duplex 2205 Fittings Supplier for Thailand,duplex 2205 fittings supplier for thailand,export material-country RFQ support,"automotive, process, fabrication and engineering enquiries",none,low,92,export-material.html; export.html; quotation.html,,created,D11C quality-qualified creation page
193,nickel_duplex_export,export_country,export-material,Nickel Alloys,Inconel 625,Fittings,,,United Kingdom,/export-material/inconel-625-fittings-united-kingdom.html,Inconel 625 Fittings Supplier for United Kingdom,inconel 625 fittings supplier for united kingdom,export material-country RFQ support,"engineering, process, marine and maintenance procurement",none,low,92,export-material.html; export.html; quotation.html,,created,D11C quality-qualified creation page
194,nickel_duplex_export,export_country,export-material,Nickel Alloys,Inconel 625,Fittings,,,Vietnam,/export-material/inconel-625-fittings-vietnam.html,Inconel 625 Fittings Supplier for Vietnam,inconel 625 fittings supplier for vietnam,export material-country RFQ support,"industrial fabrication, process equipment and export procurement",none,low,92,export-material.html; export.html; quotation.html,,created,D11C quality-qualified creation page
195,nickel_duplex_export,export_country,export-material,Duplex and Super Duplex Stainless Steel,Duplex 2205,Fittings,,,Bahrain,/export-material/duplex-2205-fittings-bahrain.html,Duplex 2205 Fittings Supplier for Bahrain,duplex 2205 fittings supplier for bahrain,export material-country RFQ support,"GCC fabrication, process and industrial maintenance enquiries",none,low,91,export-material.html; export.html; quotation.html,,created,D11C quality-qualified creation page
196,nickel_duplex_export,export_country,export-material,Nickel Alloys,Inconel 625,Fittings,,,Indonesia,/export-material/inconel-625-fittings-indonesia.html,Inconel 625 Fittings Supplier for Indonesia,inconel 625 fittings supplier for indonesia,export material-country RFQ support,"marine, process, palm-oil equipment and fabrication enquiries",none,low,91,export-material.html; export.html; quotation.html,,created,D11C quality-qualified creation page
197,nickel_duplex_export,export_country,export-material,Duplex and Super Duplex Stainless Steel,Duplex 2205,Fittings,,,Canada,/export-material/duplex-2205-fittings-canada.html,Duplex 2205 Fittings Supplier for Canada,duplex 2205 fittings supplier for canada,export material-country RFQ support,"engineering, mining support and process-industry procurement",none,low,90,export-material.html; export.html; quotation.html,,created,D11C quality-qualified creation page
198,nickel_duplex_export,export_country,export-material,Nickel Alloys,Inconel 625,Fittings,,,Japan,/export-material/inconel-625-fittings-japan.html,Inconel 625 Fittings Supplier for Japan,inconel 625 fittings supplier for japan,export material-country RFQ support,"precision engineering, process and specialized metal procurement",none,low,90,export-material.html; export.html; quotation.html,,created,D11C quality-qualified creation page
199,nickel_duplex_export,export_country,export-material,Duplex and Super Duplex Stainless Steel,Duplex 2205,Fittings,,,South Africa,/export-material/duplex-2205-fittings-south-africa.html,Duplex 2205 Fittings Supplier for South Africa,duplex 2205 fittings supplier for south africa,export material-country RFQ support,"mining support, process, marine and fabrication enquiries",none,low,90,export-material.html; export.html; quotation.html,,created,D11C quality-qualified creation page
200,nickel_duplex_export,export_country,export-material,Duplex and Super Duplex Stainless Steel,Duplex 2205,Fittings,,,South Korea,/export-material/duplex-2205-fittings-south-korea.html,Duplex 2205 Fittings Supplier for South Korea,duplex 2205 fittings supplier for south korea,export material-country RFQ support,"shipbuilding, process, engineering and specialized metal enquiries",none,low,90,export-material.html; export.html; quotation.html,,created,D11C quality-qualified creation page
201,nickel_duplex_export,export_country,export-material,Duplex and Super Duplex Stainless Steel,Duplex 2205,Fittings,,,Italy,/export-material/duplex-2205-fittings-italy.html,Duplex 2205 Fittings Supplier for Italy,duplex 2205 fittings supplier for italy,export material-country RFQ support,"machinery, process and fabrication procurement",none,low,89,export-material.html; export.html; quotation.html,,created,D11C quality-qualified creation page
202,nickel_duplex_export,export_country,export-material,Nickel Alloys,Inconel 625,Fittings,,,Mexico,/export-material/inconel-625-fittings-mexico.html,Inconel 625 Fittings Supplier for Mexico,inconel 625 fittings supplier for mexico,export material-country RFQ support,"automotive, fabrication and industrial maintenance enquiries",none,low,89,export-material.html; export.html; quotation.html,,created,D11C quality-qualified creation page
203,nickel_duplex_export,export_country,export-material,Duplex and Super Duplex Stainless Steel,Duplex 2205,Fittings,,,Philippines,/export-material/duplex-2205-fittings-philippines.html,Duplex 2205 Fittings Supplier for Philippines,duplex 2205 fittings supplier for philippines,export material-country RFQ support,"marine, infrastructure and fabrication enquiries",none,low,89,export-material.html; export.html; quotation.html,,created,D11C quality-qualified creation page
204,nickel_duplex_export,export_country,export-material,Nickel Alloys,Inconel 625,Fittings,,,Spain,/export-material/inconel-625-fittings-spain.html,Inconel 625 Fittings Supplier for Spain,inconel 625 fittings supplier for spain,export material-country RFQ support,"marine, process and fabrication enquiries",none,low,89,export-material.html; export.html; quotation.html,,created,D11C quality-qualified creation page
205,nickel_duplex_export,export_country,export-material,Duplex and Super Duplex Stainless Steel,Duplex 2205,Fittings,,,Egypt,/export-material/duplex-2205-fittings-egypt.html,Duplex 2205 Fittings Supplier for Egypt,duplex 2205 fittings supplier for egypt,export material-country RFQ support,"process, construction and fabrication enquiries",none,low,88,export-material.html; export.html; quotation.html,,created,D11C quality-qualified creation page
206,nickel_duplex_export,export_country,export-material,Nickel Alloys,Inconel 625,Flanges,,,UAE,/export-material/inconel-625-flanges-uae.html,Inconel 625 Flanges Supplier for UAE,inconel 625 flanges supplier for uae,export material-country RFQ support,"GCC fabrication, oil and gas, marine, construction and process-industry enquiries",none,low,96,export-material.html; export.html; quotation.html,,created,D11C quality-qualified creation page
207,nickel_duplex_export,export_country,export-material,Nickel Alloys,Inconel 625,Flanges,,,Saudi Arabia,/export-material/inconel-625-flanges-saudi-arabia.html,Inconel 625 Flanges Supplier for Saudi Arabia,inconel 625 flanges supplier for saudi arabia,export material-country RFQ support,"GCC process, oil and gas, water, fabrication and project procurement",none,low,96,export-material.html; export.html; quotation.html,,created,D11C quality-qualified creation page
208,nickel_duplex_export,export_country,export-material,Nickel Alloys,Inconel 625,Flanges,,,Qatar,/export-material/inconel-625-flanges-qatar.html,Inconel 625 Flanges Supplier for Qatar,inconel 625 flanges supplier for qatar,export material-country RFQ support,"energy, infrastructure, marine and process-industry enquiries",none,low,95,export-material.html; export.html; quotation.html,,created,D11C quality-qualified creation page
209,nickel_duplex_export,export_country,export-material,Nickel Alloys,Inconel 625,Flanges,,,Singapore,/export-material/inconel-625-flanges-singapore.html,Inconel 625 Flanges Supplier for Singapore,inconel 625 flanges supplier for singapore,export material-country RFQ support,"marine, process, precision engineering and trading hub enquiries",none,low,95,export-material.html; export.html; quotation.html,,created,D11C quality-qualified creation page
210,nickel_duplex_export,export_country,export-material,Duplex and Super Duplex Stainless Steel,Duplex 2205,Flanges,,,Oman,/export-material/duplex-2205-flanges-oman.html,Duplex 2205 Flanges Supplier for Oman,duplex 2205 flanges supplier for oman,export material-country RFQ support,"marine, energy, desalination and industrial fabrication enquiries",none,low,94,export-material.html; export.html; quotation.html,,created,D11C quality-qualified creation page
211,nickel_duplex_export,export_country,export-material,Nickel Alloys,Inconel 625,Flanges,,,Germany,/export-material/inconel-625-flanges-germany.html,Inconel 625 Flanges Supplier for Germany,inconel 625 flanges supplier for germany,export material-country RFQ support,"engineering, machinery, process equipment and technical procurement",none,low,93,export-material.html; export.html; quotation.html,,created,D11C quality-qualified creation page
212,nickel_duplex_export,export_country,export-material,Duplex and Super Duplex Stainless Steel,Duplex 2205,Flanges,,,Kuwait,/export-material/duplex-2205-flanges-kuwait.html,Duplex 2205 Flanges Supplier for Kuwait,duplex 2205 flanges supplier for kuwait,export material-country RFQ support,"oil and gas, process, maintenance and project procurement",none,low,93,export-material.html; export.html; quotation.html,,created,D11C quality-qualified creation page
213,nickel_duplex_export,export_country,export-material,Duplex and Super Duplex Stainless Steel,Duplex 2205,Flanges,,,Malaysia,/export-material/duplex-2205-flanges-malaysia.html,Duplex 2205 Flanges Supplier for Malaysia,duplex 2205 flanges supplier for malaysia,export material-country RFQ support,"process equipment, marine, oil and gas support and fabrication enquiries",none,low,93,export-material.html; export.html; quotation.html,,created,D11C quality-qualified creation page
214,nickel_duplex_export,export_country,export-material,Nickel Alloys,Inconel 625,Flanges,,,United States,/export-material/inconel-625-flanges-united-states.html,Inconel 625 Flanges Supplier for United States,inconel 625 flanges supplier for united states,export material-country RFQ support,"engineering, maintenance and specialized metal procurement",none,low,93,export-material.html; export.html; quotation.html,,created,D11C quality-qualified creation page
215,nickel_duplex_export,export_country,export-material,Nickel Alloys,Inconel 625,Flanges,,,Australia,/export-material/inconel-625-flanges-australia.html,Inconel 625 Flanges Supplier for Australia,inconel 625 flanges supplier for australia,export material-country RFQ support,"mining support, marine, process and fabrication enquiries",none,low,92,export-material.html; export.html; quotation.html,,created,D11C quality-qualified creation page
216,nickel_duplex_export,export_country,export-material,Duplex and Super Duplex Stainless Steel,Duplex 2205,Flanges,,,Netherlands,/export-material/duplex-2205-flanges-netherlands.html,Duplex 2205 Flanges Supplier for Netherlands,duplex 2205 flanges supplier for netherlands,export material-country RFQ support,"marine, process, trading and project procurement enquiries",none,low,92,export-material.html; export.html; quotation.html,,created,D11C quality-qualified creation page
217,rest_hss_india,india_city,material-location,High Speed Steel,HSS M2,Round Bars,Pune,Maharashtra,,/material-location/hss-m2-round-bars-pune.html,HSS M2 Round Bars Supplier in Pune,hss m2 round bars supplier in pune,material-form-city RFQ support,"automotive, engineering, machine shops and fabrication buyers",none,low,87,material-location.html; materials.html; locations.html; quotation.html,,created,D11C quality-qualified creation page
218,rest_hss_india,india_city,material-location,High Speed Steel,HSS M2,Round Bars,Ahmedabad,Gujarat,,/material-location/hss-m2-round-bars-ahmedabad.html,HSS M2 Round Bars Supplier in Ahmedabad,hss m2 round bars supplier in ahmedabad,material-form-city RFQ support,"engineering, textile machinery, chemical and fabrication enquiries",none,low,86,material-location.html; materials.html; locations.html; quotation.html,,created,D11C quality-qualified creation page
219,rest_hss_india,india_city,material-location,High Speed Steel,HSS M2,Round Bars,Bengaluru,Karnataka,,/material-location/hss-m2-round-bars-bengaluru.html,HSS M2 Round Bars Supplier in Bengaluru,hss m2 round bars supplier in bengaluru,material-form-city RFQ support,"aerospace, machine shops, electronics, precision engineering and fabrication",none,low,86,material-location.html; materials.html; locations.html; quotation.html,,created,D11C quality-qualified creation page
220,rest_hss_india,india_city,material-location,High Speed Steel,HSS M2,Round Bars,Chakan and Pimpri-Chinchwad,Maharashtra,,/material-location/hss-m2-round-bars-chakan-pimpri-chinchwad.html,HSS M2 Round Bars Supplier in Chakan and Pimpri-Chinchwad,hss m2 round bars supplier in chakan and pimpri-chinchwad,material-form-city RFQ support,"automotive, engineering, machining and component fabrication clusters",none,low,86,material-location.html; materials.html; locations.html; quotation.html,,created,D11C quality-qualified creation page
221,rest_hss_india,india_city,material-location,High Speed Steel,HSS M2,Round Bars,Chennai,Tamil Nadu,,/material-location/hss-m2-round-bars-chennai.html,HSS M2 Round Bars Supplier in Chennai,hss m2 round bars supplier in chennai,material-form-city RFQ support,"automotive, process equipment, engineering and port-linked procurement",none,low,86,material-location.html; materials.html; locations.html; quotation.html,,created,D11C quality-qualified creation page
222,rest_hss_india,india_city,material-location,High Speed Steel,HSS M2,Round Bars,Hyderabad,Telangana,,/material-location/hss-m2-round-bars-hyderabad.html,HSS M2 Round Bars Supplier in Hyderabad,hss m2 round bars supplier in hyderabad,material-form-city RFQ support,"pharma, laboratory, chemical, precision fabrication and engineering buyers",none,low,86,material-location.html; materials.html; locations.html; quotation.html,,created,D11C quality-qualified creation page
223,rest_hss_india,india_city,material-location,High Speed Steel,HSS M2,Round Bars,Coimbatore,Tamil Nadu,,/material-location/hss-m2-round-bars-coimbatore.html,HSS M2 Round Bars Supplier in Coimbatore,hss m2 round bars supplier in coimbatore,material-form-city RFQ support,"machine tools, pumps, foundry support and precision engineering enquiries",none,low,84,material-location.html; materials.html; locations.html; quotation.html,,created,D11C quality-qualified creation page
224,rest_hss_india,india_city,material-location,High Speed Steel,HSS M2,Round Bars,Faridabad,Haryana,,/material-location/hss-m2-round-bars-faridabad.html,HSS M2 Round Bars Supplier in Faridabad,hss m2 round bars supplier in faridabad,material-form-city RFQ support,"fabrication, engineering, machinery and industrial components",none,low,84,material-location.html; materials.html; locations.html; quotation.html,,created,D11C quality-qualified creation page
225,rest_hss_india,india_city,material-location,High Speed Steel,HSS M2,Round Bars,Gurugram and Manesar,Haryana,,/material-location/hss-m2-round-bars-gurugram-manesar.html,HSS M2 Round Bars Supplier in Gurugram and Manesar,hss m2 round bars supplier in gurugram and manesar,material-form-city RFQ support,"automotive, engineering, components and industrial maintenance enquiries",none,low,84,material-location.html; materials.html; locations.html; quotation.html,,created,D11C quality-qualified creation page
226,rest_hss_india,india_city,material-location,High Speed Steel,HSS M2,Round Bars,Jamshedpur,Jharkhand,,/material-location/hss-m2-round-bars-jamshedpur.html,HSS M2 Round Bars Supplier in Jamshedpur,hss m2 round bars supplier in jamshedpur,material-form-city RFQ support,"steel-linked engineering, fabrication and maintenance enquiries",none,low,83,material-location.html; materials.html; locations.html; quotation.html,,created,D11C quality-qualified creation page
227,rest_india_export,india_city,material-location,Aluminium,Aluminium 6061,Fittings,Mumbai,Maharashtra,,/material-location/aluminium-6061-fittings-mumbai.html,Aluminium 6061 Fittings Supplier in Mumbai,aluminium 6061 fittings supplier in mumbai,material-form-city RFQ support,"process equipment, marine support, trading, fabrication and project procurement",none,low,87,material-location.html; materials.html; locations.html; quotation.html,,created,D11C quality-qualified creation page
228,rest_india_export,india_city,material-location,Aluminium,Aluminium 6061,Fittings,Bengaluru,Karnataka,,/material-location/aluminium-6061-fittings-bengaluru.html,Aluminium 6061 Fittings Supplier in Bengaluru,aluminium 6061 fittings supplier in bengaluru,material-form-city RFQ support,"aerospace, machine shops, electronics, precision engineering and fabrication",none,low,86,material-location.html; materials.html; locations.html; quotation.html,,created,D11C quality-qualified creation page
229,rest_india_export,india_city,material-location,Aluminium,Aluminium 6061,Fittings,Chennai,Tamil Nadu,,/material-location/aluminium-6061-fittings-chennai.html,Aluminium 6061 Fittings Supplier in Chennai,aluminium 6061 fittings supplier in chennai,material-form-city RFQ support,"automotive, process equipment, engineering and port-linked procurement",none,low,86,material-location.html; materials.html; locations.html; quotation.html,,created,D11C quality-qualified creation page
230,rest_india_export,india_city,material-location,Aluminium,Aluminium 6061,Fittings,Pune,Maharashtra,,/material-location/aluminium-6061-fittings-pune.html,Aluminium 6061 Fittings Supplier in Pune,aluminium 6061 fittings supplier in pune,material-form-city RFQ support,"automotive, engineering, machine shops and fabrication buyers",none,low,86,material-location.html; materials.html; locations.html; quotation.html,,created,D11C quality-qualified creation page
231,rest_india_export,india_city,material-location,Aluminium,Aluminium 6061,Fittings,Vadodara,Gujarat,,/material-location/aluminium-6061-fittings-vadodara.html,Aluminium 6061 Fittings Supplier in Vadodara,aluminium 6061 fittings supplier in vadodara,material-form-city RFQ support,"chemical, process equipment, power and engineering procurement",none,low,86,material-location.html; materials.html; locations.html; quotation.html,,created,D11C quality-qualified creation page
232,rest_india_export,india_city,material-location,Aluminium,Aluminium 6061,Fittings,Ahmedabad,Gujarat,,/material-location/aluminium-6061-fittings-ahmedabad.html,Aluminium 6061 Fittings Supplier in Ahmedabad,aluminium 6061 fittings supplier in ahmedabad,material-form-city RFQ support,"engineering, textile machinery, chemical and fabrication enquiries",none,low,85,material-location.html; materials.html; locations.html; quotation.html,,created,D11C quality-qualified creation page
233,rest_india_export,india_city,material-location,Aluminium,Aluminium 6061,Fittings,Hyderabad,Telangana,,/material-location/aluminium-6061-fittings-hyderabad.html,Aluminium 6061 Fittings Supplier in Hyderabad,aluminium 6061 fittings supplier in hyderabad,material-form-city RFQ support,"pharma, laboratory, chemical, precision fabrication and engineering buyers",none,low,85,material-location.html; materials.html; locations.html; quotation.html,,created,D11C quality-qualified creation page
234,rest_india_export,india_city,material-location,Aluminium,Aluminium 6061,Fittings,Delhi NCR,Delhi NCR,,/material-location/aluminium-6061-fittings-delhi.html,Aluminium 6061 Fittings Supplier in Delhi NCR,aluminium 6061 fittings supplier in delhi ncr,material-form-city RFQ support,"trading, fabrication, infrastructure support and engineering procurement",none,low,84,material-location.html; materials.html; locations.html; quotation.html,,created,D11C quality-qualified creation page
235,rest_india_export,india_city,material-location,Aluminium,Aluminium 6061,Fittings,Coimbatore,Tamil Nadu,,/material-location/aluminium-6061-fittings-coimbatore.html,Aluminium 6061 Fittings Supplier in Coimbatore,aluminium 6061 fittings supplier in coimbatore,material-form-city RFQ support,"machine tools, pumps, foundry support and precision engineering enquiries",none,low,83,material-location.html; materials.html; locations.html; quotation.html,,created,D11C quality-qualified creation page
236,rest_india_export,india_city,material-location,Aluminium,Aluminium 6061,Fittings,Faridabad,Haryana,,/material-location/aluminium-6061-fittings-faridabad.html,Aluminium 6061 Fittings Supplier in Faridabad,aluminium 6061 fittings supplier in faridabad,material-form-city RFQ support,"fabrication, engineering, machinery and industrial components",none,low,83,material-location.html; materials.html; locations.html; quotation.html,,created,D11C quality-qualified creation page
237,rest_export,export_country,export-material,Aluminium,Aluminium 6061,Flanges,,,UAE,/export-material/aluminium-6061-flanges-uae.html,Aluminium 6061 Flanges Supplier for UAE,aluminium 6061 flanges supplier for uae,export material-country RFQ support,"GCC fabrication, oil and gas, marine, construction and process-industry enquiries",none,low,83,export-material.html; export.html; quotation.html,,created,D11C quality-qualified creation page
238,rest_export,export_country,export-material,Aluminium,Aluminium 6061,Flanges,,,Saudi Arabia,/export-material/aluminium-6061-flanges-saudi-arabia.html,Aluminium 6061 Flanges Supplier for Saudi Arabia,aluminium 6061 flanges supplier for saudi arabia,export material-country RFQ support,"GCC process, oil and gas, water, fabrication and project procurement",none,low,82,export-material.html; export.html; quotation.html,,created,D11C quality-qualified creation page
239,rest_export,export_country,export-material,Aluminium,Aluminium 6061,Flanges,,,Qatar,/export-material/aluminium-6061-flanges-qatar.html,Aluminium 6061 Flanges Supplier for Qatar,aluminium 6061 flanges supplier for qatar,export material-country RFQ support,"energy, infrastructure, marine and process-industry enquiries",none,low,82,export-material.html; export.html; quotation.html,,created,D11C quality-qualified creation page
240,rest_export,export_country,export-material,Aluminium,Aluminium 6061,Flanges,,,Singapore,/export-material/aluminium-6061-flanges-singapore.html,Aluminium 6061 Flanges Supplier for Singapore,aluminium 6061 flanges supplier for singapore,export material-country RFQ support,"marine, process, precision engineering and trading hub enquiries",none,low,82,export-material.html; export.html; quotation.html,,created,D11C quality-qualified creation page
241,stainless_india,india_city,material-location,Stainless Steel,SS 304,Sheets,Mumbai,Maharashtra,,/material-location/ss-304-sheets-mumbai.html,SS 304 Sheets Supplier in Mumbai,ss 304 sheets supplier in mumbai,material-form-city RFQ support,"process equipment, marine support, trading, fabrication and project procurement",none,low,96,,,backlog,Held for later review to keep D11C inside preferred range
242,stainless_india,india_city,material-location,Stainless Steel,SS 304,Round Bars,Mumbai,Maharashtra,,/material-location/ss-304-round-bars-mumbai.html,SS 304 Round Bars Supplier in Mumbai,ss 304 round bars supplier in mumbai,material-form-city RFQ support,"process equipment, marine support, trading, fabrication and project procurement",none,low,96,,,backlog,Held for later review to keep D11C inside preferred range
243,stainless_india,india_city,material-location,Stainless Steel,SS 304,Welded Pipes,Mumbai,Maharashtra,,/material-location/ss-304-welded-pipes-mumbai.html,SS 304 Welded Pipes Supplier in Mumbai,ss 304 welded pipes supplier in mumbai,material-form-city RFQ support,"process equipment, marine support, trading, fabrication and project procurement",none,low,96,,,backlog,Held for later review to keep D11C inside preferred range
244,stainless_india,india_city,material-location,Stainless Steel,SS 304,Seamless Pipes,Mumbai,Maharashtra,,/material-location/ss-304-seamless-pipes-mumbai.html,SS 304 Seamless Pipes Supplier in Mumbai,ss 304 seamless pipes supplier in mumbai,material-form-city RFQ support,"process equipment, marine support, trading, fabrication and project procurement",none,low,96,,,backlog,Held for later review to keep D11C inside preferred range
245,stainless_india,india_city,material-location,Stainless Steel,SS 304,Tubes,Mumbai,Maharashtra,,/material-location/ss-304-tubes-mumbai.html,SS 304 Tubes Supplier in Mumbai,ss 304 tubes supplier in mumbai,material-form-city RFQ support,"process equipment, marine support, trading, fabrication and project procurement",none,low,96,,,backlog,Held for later review to keep D11C inside preferred range
246,stainless_india,india_city,material-location,Stainless Steel,SS 316,Pipes,Mumbai,Maharashtra,,/material-location/ss-316-pipes-mumbai.html,SS 316 Pipes Supplier in Mumbai,ss 316 pipes supplier in mumbai,material-form-city RFQ support,"process equipment, marine support, trading, fabrication and project procurement",none,low,96,,,backlog,Held for later review to keep D11C inside preferred range
247,stainless_india,india_city,material-location,Stainless Steel,SS 316,Sheets,Mumbai,Maharashtra,,/material-location/ss-316-sheets-mumbai.html,SS 316 Sheets Supplier in Mumbai,ss 316 sheets supplier in mumbai,material-form-city RFQ support,"process equipment, marine support, trading, fabrication and project procurement",none,low,96,,,backlog,Held for later review to keep D11C inside preferred range
248,stainless_india,india_city,material-location,Stainless Steel,SS 316,Plates,Mumbai,Maharashtra,,/material-location/ss-316-plates-mumbai.html,SS 316 Plates Supplier in Mumbai,ss 316 plates supplier in mumbai,material-form-city RFQ support,"process equipment, marine support, trading, fabrication and project procurement",none,low,96,,,backlog,Held for later review to keep D11C inside preferred range
249,stainless_india,india_city,material-location,Stainless Steel,SS 316,Round Bars,Mumbai,Maharashtra,,/material-location/ss-316-round-bars-mumbai.html,SS 316 Round Bars Supplier in Mumbai,ss 316 round bars supplier in mumbai,material-form-city RFQ support,"process equipment, marine support, trading, fabrication and project procurement",none,low,96,,,backlog,Held for later review to keep D11C inside preferred range
250,stainless_india,india_city,material-location,Stainless Steel,SS 316,Welded Pipes,Mumbai,Maharashtra,,/material-location/ss-316-welded-pipes-mumbai.html,SS 316 Welded Pipes Supplier in Mumbai,ss 316 welded pipes supplier in mumbai,material-form-city RFQ support,"process equipment, marine support, trading, fabrication and project procurement",none,low,96,,,backlog,Held for later review to keep D11C inside preferred range
251,stainless_india,india_city,material-location,Stainless Steel,SS 316,Seamless Pipes,Mumbai,Maharashtra,,/material-location/ss-316-seamless-pipes-mumbai.html,SS 316 Seamless Pipes Supplier in Mumbai,ss 316 seamless pipes supplier in mumbai,material-form-city RFQ support,"process equipment, marine support, trading, fabrication and project procurement",none,low,96,,,backlog,Held for later review to keep D11C inside preferred range
252,stainless_india,india_city,material-location,Stainless Steel,SS 316,Tubes,Mumbai,Maharashtra,,/material-location/ss-316-tubes-mumbai.html,SS 316 Tubes Supplier in Mumbai,ss 316 tubes supplier in mumbai,material-form-city RFQ support,"process equipment, marine support, trading, fabrication and project procurement",none,low,96,,,backlog,Held for later review to keep D11C inside preferred range
253,stainless_india,india_city,material-location,Stainless Steel,SS 316,Flanges,Mumbai,Maharashtra,,/material-location/ss-316-flanges-mumbai.html,SS 316 Flanges Supplier in Mumbai,ss 316 flanges supplier in mumbai,material-form-city RFQ support,"process equipment, marine support, trading, fabrication and project procurement",none,low,96,,,backlog,Held for later review to keep D11C inside preferred range
254,stainless_india,india_city,material-location,Stainless Steel,SS 316,Fittings,Mumbai,Maharashtra,,/material-location/ss-316-fittings-mumbai.html,SS 316 Fittings Supplier in Mumbai,ss 316 fittings supplier in mumbai,material-form-city RFQ support,"process equipment, marine support, trading, fabrication and project procurement",file already exists,low,96,,,rejected-existing-overlap,Existing URL or equivalent intent already covered
255,stainless_india,india_city,material-location,Stainless Steel,SS 304,Sheets,Pune,Maharashtra,,/material-location/ss-304-sheets-pune.html,SS 304 Sheets Supplier in Pune,ss 304 sheets supplier in pune,material-form-city RFQ support,"automotive, engineering, machine shops and fabrication buyers",none,low,96,,,backlog,Held for later review to keep D11C inside preferred range
256,stainless_india,india_city,material-location,Stainless Steel,SS 304,Round Bars,Pune,Maharashtra,,/material-location/ss-304-round-bars-pune.html,SS 304 Round Bars Supplier in Pune,ss 304 round bars supplier in pune,material-form-city RFQ support,"automotive, engineering, machine shops and fabrication buyers",file already exists,low,96,,,rejected-existing-overlap,Existing URL or equivalent intent already covered
257,stainless_india,india_city,material-location,Stainless Steel,SS 304,Welded Pipes,Pune,Maharashtra,,/material-location/ss-304-welded-pipes-pune.html,SS 304 Welded Pipes Supplier in Pune,ss 304 welded pipes supplier in pune,material-form-city RFQ support,"automotive, engineering, machine shops and fabrication buyers",none,low,96,,,backlog,Held for later review to keep D11C inside preferred range
258,stainless_india,india_city,material-location,Stainless Steel,SS 304,Seamless Pipes,Pune,Maharashtra,,/material-location/ss-304-seamless-pipes-pune.html,SS 304 Seamless Pipes Supplier in Pune,ss 304 seamless pipes supplier in pune,material-form-city RFQ support,"automotive, engineering, machine shops and fabrication buyers",none,low,96,,,backlog,Held for later review to keep D11C inside preferred range
259,stainless_india,india_city,material-location,Stainless Steel,SS 304,Tubes,Pune,Maharashtra,,/material-location/ss-304-tubes-pune.html,SS 304 Tubes Supplier in Pune,ss 304 tubes supplier in pune,material-form-city RFQ support,"automotive, engineering, machine shops and fabrication buyers",none,low,96,,,backlog,Held for later review to keep D11C inside preferred range
260,stainless_india,india_city,material-location,Stainless Steel,SS 316L,Pipes,Mumbai,Maharashtra,,/material-location/ss-316l-pipes-mumbai.html,SS 316L Pipes Supplier in Mumbai,ss 316l pipes supplier in mumbai,material-form-city RFQ support,"process equipment, marine support, trading, fabrication and project procurement",none,low,96,,,backlog,Held for later review to keep D11C inside preferred range
261,stainless_india,india_city,material-location,Stainless Steel,SS 316L,Sheets,Mumbai,Maharashtra,,/material-location/ss-316l-sheets-mumbai.html,SS 316L Sheets Supplier in Mumbai,ss 316l sheets supplier in mumbai,material-form-city RFQ support,"process equipment, marine support, trading, fabrication and project procurement",none,low,96,,,backlog,Held for later review to keep D11C inside preferred range
262,stainless_india,india_city,material-location,Stainless Steel,SS 316L,Plates,Mumbai,Maharashtra,,/material-location/ss-316l-plates-mumbai.html,SS 316L Plates Supplier in Mumbai,ss 316l plates supplier in mumbai,material-form-city RFQ support,"process equipment, marine support, trading, fabrication and project procurement",none,low,96,,,backlog,Held for later review to keep D11C inside preferred range
263,stainless_india,india_city,material-location,Stainless Steel,SS 316L,Round Bars,Mumbai,Maharashtra,,/material-location/ss-316l-round-bars-mumbai.html,SS 316L Round Bars Supplier in Mumbai,ss 316l round bars supplier in mumbai,material-form-city RFQ support,"process equipment, marine support, trading, fabrication and project procurement",none,low,96,,,backlog,Held for later review to keep D11C inside preferred range
264,stainless_india,india_city,material-location,Stainless Steel,SS 316L,Welded Pipes,Mumbai,Maharashtra,,/material-location/ss-316l-welded-pipes-mumbai.html,SS 316L Welded Pipes Supplier in Mumbai,ss 316l welded pipes supplier in mumbai,material-form-city RFQ support,"process equipment, marine support, trading, fabrication and project procurement",none,low,96,,,backlog,Held for later review to keep D11C inside preferred range
265,stainless_india,india_city,material-location,Stainless Steel,SS 316L,Seamless Pipes,Mumbai,Maharashtra,,/material-location/ss-316l-seamless-pipes-mumbai.html,SS 316L Seamless Pipes Supplier in Mumbai,ss 316l seamless pipes supplier in mumbai,material-form-city RFQ support,"process equipment, marine support, trading, fabrication and project procurement",none,low,96,,,backlog,Held for later review to keep D11C inside preferred range
266,stainless_india,india_city,material-location,Stainless Steel,SS 316L,Tubes,Mumbai,Maharashtra,,/material-location/ss-316l-tubes-mumbai.html,SS 316L Tubes Supplier in Mumbai,ss 316l tubes supplier in mumbai,material-form-city RFQ support,"process equipment, marine support, trading, fabrication and project procurement",none,low,96,,,backlog,Held for later review to keep D11C inside preferred range
267,stainless_india,india_city,material-location,Stainless Steel,SS 316L,Flanges,Mumbai,Maharashtra,,/material-location/ss-316l-flanges-mumbai.html,SS 316L Flanges Supplier in Mumbai,ss 316l flanges supplier in mumbai,material-form-city RFQ support,"process equipment, marine support, trading, fabrication and project procurement",none,low,96,,,backlog,Held for later review to keep D11C inside preferred range
268,stainless_india,india_city,material-location,Stainless Steel,SS 316L,Fittings,Mumbai,Maharashtra,,/material-location/ss-316l-fittings-mumbai.html,SS 316L Fittings Supplier in Mumbai,ss 316l fittings supplier in mumbai,material-form-city RFQ support,"process equipment, marine support, trading, fabrication and project procurement",none,low,96,,,backlog,Held for later review to keep D11C inside preferred range
269,stainless_india,india_city,material-location,Stainless Steel,SS 316,Pipes,Pune,Maharashtra,,/material-location/ss-316-pipes-pune.html,SS 316 Pipes Supplier in Pune,ss 316 pipes supplier in pune,material-form-city RFQ support,"automotive, engineering, machine shops and fabrication buyers",none,low,96,,,backlog,Held for later review to keep D11C inside preferred range
270,stainless_india,india_city,material-location,Stainless Steel,SS 316,Sheets,Pune,Maharashtra,,/material-location/ss-316-sheets-pune.html,SS 316 Sheets Supplier in Pune,ss 316 sheets supplier in pune,material-form-city RFQ support,"automotive, engineering, machine shops and fabrication buyers",none,low,96,,,backlog,Held for later review to keep D11C inside preferred range
271,stainless_india,india_city,material-location,Stainless Steel,SS 316,Plates,Pune,Maharashtra,,/material-location/ss-316-plates-pune.html,SS 316 Plates Supplier in Pune,ss 316 plates supplier in pune,material-form-city RFQ support,"automotive, engineering, machine shops and fabrication buyers",none,low,96,,,backlog,Held for later review to keep D11C inside preferred range
272,stainless_india,india_city,material-location,Stainless Steel,SS 316,Round Bars,Pune,Maharashtra,,/material-location/ss-316-round-bars-pune.html,SS 316 Round Bars Supplier in Pune,ss 316 round bars supplier in pune,material-form-city RFQ support,"automotive, engineering, machine shops and fabrication buyers",none,low,96,,,backlog,Held for later review to keep D11C inside preferred range
273,stainless_india,india_city,material-location,Stainless Steel,SS 316,Welded Pipes,Pune,Maharashtra,,/material-location/ss-316-welded-pipes-pune.html,SS 316 Welded Pipes Supplier in Pune,ss 316 welded pipes supplier in pune,material-form-city RFQ support,"automotive, engineering, machine shops and fabrication buyers",none,low,96,,,backlog,Held for later review to keep D11C inside preferred range
274,stainless_india,india_city,material-location,Stainless Steel,SS 316,Seamless Pipes,Pune,Maharashtra,,/material-location/ss-316-seamless-pipes-pune.html,SS 316 Seamless Pipes Supplier in Pune,ss 316 seamless pipes supplier in pune,material-form-city RFQ support,"automotive, engineering, machine shops and fabrication buyers",none,low,96,,,backlog,Held for later review to keep D11C inside preferred range
275,stainless_india,india_city,material-location,Stainless Steel,SS 316,Tubes,Pune,Maharashtra,,/material-location/ss-316-tubes-pune.html,SS 316 Tubes Supplier in Pune,ss 316 tubes supplier in pune,material-form-city RFQ support,"automotive, engineering, machine shops and fabrication buyers",none,low,96,,,backlog,Held for later review to keep D11C inside preferred range
276,stainless_india,india_city,material-location,Stainless Steel,SS 316,Flanges,Pune,Maharashtra,,/material-location/ss-316-flanges-pune.html,SS 316 Flanges Supplier in Pune,ss 316 flanges supplier in pune,material-form-city RFQ support,"automotive, engineering, machine shops and fabrication buyers",none,low,96,,,backlog,Held for later review to keep D11C inside preferred range
277,stainless_india,india_city,material-location,Stainless Steel,SS 316,Fittings,Pune,Maharashtra,,/material-location/ss-316-fittings-pune.html,SS 316 Fittings Supplier in Pune,ss 316 fittings supplier in pune,material-form-city RFQ support,"automotive, engineering, machine shops and fabrication buyers",none,low,96,,,backlog,Held for later review to keep D11C inside preferred range
278,stainless_india,india_city,material-location,Stainless Steel,SS 304,Sheets,Chakan and Pimpri-Chinchwad,Maharashtra,,/material-location/ss-304-sheets-chakan-pimpri-chinchwad.html,SS 304 Sheets Supplier in Chakan and Pimpri-Chinchwad,ss 304 sheets supplier in chakan and pimpri-chinchwad,material-form-city RFQ support,"automotive, engineering, machining and component fabrication clusters",none,low,96,,,backlog,Held for later review to keep D11C inside preferred range
279,stainless_india,india_city,material-location,Stainless Steel,SS 304,Round Bars,Chakan and Pimpri-Chinchwad,Maharashtra,,/material-location/ss-304-round-bars-chakan-pimpri-chinchwad.html,SS 304 Round Bars Supplier in Chakan and Pimpri-Chinchwad,ss 304 round bars supplier in chakan and pimpri-chinchwad,material-form-city RFQ support,"automotive, engineering, machining and component fabrication clusters",none,low,96,,,backlog,Held for later review to keep D11C inside preferred range
280,stainless_india,india_city,material-location,Stainless Steel,SS 304,Welded Pipes,Chakan and Pimpri-Chinchwad,Maharashtra,,/material-location/ss-304-welded-pipes-chakan-pimpri-chinchwad.html,SS 304 Welded Pipes Supplier in Chakan and Pimpri-Chinchwad,ss 304 welded pipes supplier in chakan and pimpri-chinchwad,material-form-city RFQ support,"automotive, engineering, machining and component fabrication clusters",none,low,96,,,backlog,Held for later review to keep D11C inside preferred range
281,stainless_india,india_city,material-location,Stainless Steel,SS 304,Seamless Pipes,Chakan and Pimpri-Chinchwad,Maharashtra,,/material-location/ss-304-seamless-pipes-chakan-pimpri-chinchwad.html,SS 304 Seamless Pipes Supplier in Chakan and Pimpri-Chinchwad,ss 304 seamless pipes supplier in chakan and pimpri-chinchwad,material-form-city RFQ support,"automotive, engineering, machining and component fabrication clusters",none,low,96,,,backlog,Held for later review to keep D11C inside preferred range
282,stainless_india,india_city,material-location,Stainless Steel,SS 304,Tubes,Chakan and Pimpri-Chinchwad,Maharashtra,,/material-location/ss-304-tubes-chakan-pimpri-chinchwad.html,SS 304 Tubes Supplier in Chakan and Pimpri-Chinchwad,ss 304 tubes supplier in chakan and pimpri-chinchwad,material-form-city RFQ support,"automotive, engineering, machining and component fabrication clusters",none,low,96,,,backlog,Held for later review to keep D11C inside preferred range
283,stainless_india,india_city,material-location,Stainless Steel,SS 304,Sheets,Ahmedabad,Gujarat,,/material-location/ss-304-sheets-ahmedabad.html,SS 304 Sheets Supplier in Ahmedabad,ss 304 sheets supplier in ahmedabad,material-form-city RFQ support,"engineering, textile machinery, chemical and fabrication enquiries",none,low,96,,,backlog,Held for later review to keep D11C inside preferred range
284,stainless_india,india_city,material-location,Stainless Steel,SS 304,Round Bars,Ahmedabad,Gujarat,,/material-location/ss-304-round-bars-ahmedabad.html,SS 304 Round Bars Supplier in Ahmedabad,ss 304 round bars supplier in ahmedabad,material-form-city RFQ support,"engineering, textile machinery, chemical and fabrication enquiries",none,low,96,,,backlog,Held for later review to keep D11C inside preferred range
285,stainless_india,india_city,material-location,Stainless Steel,SS 304,Welded Pipes,Ahmedabad,Gujarat,,/material-location/ss-304-welded-pipes-ahmedabad.html,SS 304 Welded Pipes Supplier in Ahmedabad,ss 304 welded pipes supplier in ahmedabad,material-form-city RFQ support,"engineering, textile machinery, chemical and fabrication enquiries",none,low,96,,,backlog,Held for later review to keep D11C inside preferred range
286,stainless_india,india_city,material-location,Stainless Steel,SS 304,Seamless Pipes,Ahmedabad,Gujarat,,/material-location/ss-304-seamless-pipes-ahmedabad.html,SS 304 Seamless Pipes Supplier in Ahmedabad,ss 304 seamless pipes supplier in ahmedabad,material-form-city RFQ support,"engineering, textile machinery, chemical and fabrication enquiries",none,low,96,,,backlog,Held for later review to keep D11C inside preferred range
287,stainless_india,india_city,material-location,Stainless Steel,SS 304,Tubes,Ahmedabad,Gujarat,,/material-location/ss-304-tubes-ahmedabad.html,SS 304 Tubes Supplier in Ahmedabad,ss 304 tubes supplier in ahmedabad,material-form-city RFQ support,"engineering, textile machinery, chemical and fabrication enquiries",none,low,96,,,backlog,Held for later review to keep D11C inside preferred range
288,stainless_india,india_city,material-location,Stainless Steel,SS 304,Sheets,Vadodara,Gujarat,,/material-location/ss-304-sheets-vadodara.html,SS 304 Sheets Supplier in Vadodara,ss 304 sheets supplier in vadodara,material-form-city RFQ support,"chemical, process equipment, power and engineering procurement",none,low,96,,,backlog,Held for later review to keep D11C inside preferred range
289,stainless_india,india_city,material-location,Stainless Steel,SS 304,Round Bars,Vadodara,Gujarat,,/material-location/ss-304-round-bars-vadodara.html,SS 304 Round Bars Supplier in Vadodara,ss 304 round bars supplier in vadodara,material-form-city RFQ support,"chemical, process equipment, power and engineering procurement",none,low,96,,,backlog,Held for later review to keep D11C inside preferred range
290,stainless_india,india_city,material-location,Stainless Steel,SS 304,Welded Pipes,Vadodara,Gujarat,,/material-location/ss-304-welded-pipes-vadodara.html,SS 304 Welded Pipes Supplier in Vadodara,ss 304 welded pipes supplier in vadodara,material-form-city RFQ support,"chemical, process equipment, power and engineering procurement",none,low,96,,,backlog,Held for later review to keep D11C inside preferred range
291,stainless_india,india_city,material-location,Stainless Steel,SS 304,Seamless Pipes,Vadodara,Gujarat,,/material-location/ss-304-seamless-pipes-vadodara.html,SS 304 Seamless Pipes Supplier in Vadodara,ss 304 seamless pipes supplier in vadodara,material-form-city RFQ support,"chemical, process equipment, power and engineering procurement",none,low,96,,,backlog,Held for later review to keep D11C inside preferred range
292,stainless_india,india_city,material-location,Stainless Steel,SS 304,Tubes,Vadodara,Gujarat,,/material-location/ss-304-tubes-vadodara.html,SS 304 Tubes Supplier in Vadodara,ss 304 tubes supplier in vadodara,material-form-city RFQ support,"chemical, process equipment, power and engineering procurement",none,low,96,,,backlog,Held for later review to keep D11C inside preferred range
293,stainless_india,india_city,material-location,Stainless Steel,SS 316,Pipes,Vadodara,Gujarat,,/material-location/ss-316-pipes-vadodara.html,SS 316 Pipes Supplier in Vadodara,ss 316 pipes supplier in vadodara,material-form-city RFQ support,"chemical, process equipment, power and engineering procurement",none,low,96,,,backlog,Held for later review to keep D11C inside preferred range
294,stainless_india,india_city,material-location,Stainless Steel,SS 316,Sheets,Vadodara,Gujarat,,/material-location/ss-316-sheets-vadodara.html,SS 316 Sheets Supplier in Vadodara,ss 316 sheets supplier in vadodara,material-form-city RFQ support,"chemical, process equipment, power and engineering procurement",none,low,96,,,backlog,Held for later review to keep D11C inside preferred range
295,stainless_india,india_city,material-location,Stainless Steel,SS 316,Plates,Vadodara,Gujarat,,/material-location/ss-316-plates-vadodara.html,SS 316 Plates Supplier in Vadodara,ss 316 plates supplier in vadodara,material-form-city RFQ support,"chemical, process equipment, power and engineering procurement",none,low,96,,,backlog,Held for later review to keep D11C inside preferred range
296,stainless_india,india_city,material-location,Stainless Steel,SS 316,Round Bars,Vadodara,Gujarat,,/material-location/ss-316-round-bars-vadodara.html,SS 316 Round Bars Supplier in Vadodara,ss 316 round bars supplier in vadodara,material-form-city RFQ support,"chemical, process equipment, power and engineering procurement",none,low,96,,,backlog,Held for later review to keep D11C inside preferred range
297,stainless_india,india_city,material-location,Stainless Steel,SS 316,Welded Pipes,Vadodara,Gujarat,,/material-location/ss-316-welded-pipes-vadodara.html,SS 316 Welded Pipes Supplier in Vadodara,ss 316 welded pipes supplier in vadodara,material-form-city RFQ support,"chemical, process equipment, power and engineering procurement",none,low,96,,,backlog,Held for later review to keep D11C inside preferred range
298,stainless_india,india_city,material-location,Stainless Steel,SS 316,Seamless Pipes,Vadodara,Gujarat,,/material-location/ss-316-seamless-pipes-vadodara.html,SS 316 Seamless Pipes Supplier in Vadodara,ss 316 seamless pipes supplier in vadodara,material-form-city RFQ support,"chemical, process equipment, power and engineering procurement",none,low,96,,,backlog,Held for later review to keep D11C inside preferred range
299,stainless_india,india_city,material-location,Stainless Steel,SS 316,Tubes,Vadodara,Gujarat,,/material-location/ss-316-tubes-vadodara.html,SS 316 Tubes Supplier in Vadodara,ss 316 tubes supplier in vadodara,material-form-city RFQ support,"chemical, process equipment, power and engineering procurement",none,low,96,,,backlog,Held for later review to keep D11C inside preferred range
300,stainless_india,india_city,material-location,Stainless Steel,SS 316,Flanges,Vadodara,Gujarat,,/material-location/ss-316-flanges-vadodara.html,SS 316 Flanges Supplier in Vadodara,ss 316 flanges supplier in vadodara,material-form-city RFQ support,"chemical, process equipment, power and engineering procurement",none,low,96,,,backlog,Held for later review to keep D11C inside preferred range
301,stainless_india,india_city,material-location,Stainless Steel,SS 316,Fittings,Vadodara,Gujarat,,/material-location/ss-316-fittings-vadodara.html,SS 316 Fittings Supplier in Vadodara,ss 316 fittings supplier in vadodara,material-form-city RFQ support,"chemical, process equipment, power and engineering procurement",none,low,96,,,backlog,Held for later review to keep D11C inside preferred range
302,stainless_india,india_city,material-location,Stainless Steel,SS 304,Sheets,Chennai,Tamil Nadu,,/material-location/ss-304-sheets-chennai.html,SS 304 Sheets Supplier in Chennai,ss 304 sheets supplier in chennai,material-form-city RFQ support,"automotive, process equipment, engineering and port-linked procurement",none,low,96,,,backlog,Held for later review to keep D11C inside preferred range
303,stainless_india,india_city,material-location,Stainless Steel,SS 304,Round Bars,Chennai,Tamil Nadu,,/material-location/ss-304-round-bars-chennai.html,SS 304 Round Bars Supplier in Chennai,ss 304 round bars supplier in chennai,material-form-city RFQ support,"automotive, process equipment, engineering and port-linked procurement",none,low,96,,,backlog,Held for later review to keep D11C inside preferred range
304,stainless_india,india_city,material-location,Stainless Steel,SS 304,Welded Pipes,Chennai,Tamil Nadu,,/material-location/ss-304-welded-pipes-chennai.html,SS 304 Welded Pipes Supplier in Chennai,ss 304 welded pipes supplier in chennai,material-form-city RFQ support,"automotive, process equipment, engineering and port-linked procurement",file already exists,low,96,,,rejected-existing-overlap,Existing URL or equivalent intent already covered
305,stainless_india,india_city,material-location,Stainless Steel,SS 304,Seamless Pipes,Chennai,Tamil Nadu,,/material-location/ss-304-seamless-pipes-chennai.html,SS 304 Seamless Pipes Supplier in Chennai,ss 304 seamless pipes supplier in chennai,material-form-city RFQ support,"automotive, process equipment, engineering and port-linked procurement",none,low,96,,,backlog,Held for later review to keep D11C inside preferred range
306,stainless_india,india_city,material-location,Stainless Steel,SS 304,Tubes,Chennai,Tamil Nadu,,/material-location/ss-304-tubes-chennai.html,SS 304 Tubes Supplier in Chennai,ss 304 tubes supplier in chennai,material-form-city RFQ support,"automotive, process equipment, engineering and port-linked procurement",none,low,96,,,backlog,Held for later review to keep D11C inside preferred range
307,stainless_india,india_city,material-location,Stainless Steel,SS 316,Pipes,Chennai,Tamil Nadu,,/material-location/ss-316-pipes-chennai.html,SS 316 Pipes Supplier in Chennai,ss 316 pipes supplier in chennai,material-form-city RFQ support,"automotive, process equipment, engineering and port-linked procurement",none,low,96,,,backlog,Held for later review to keep D11C inside preferred range
308,stainless_india,india_city,material-location,Stainless Steel,SS 316,Sheets,Chennai,Tamil Nadu,,/material-location/ss-316-sheets-chennai.html,SS 316 Sheets Supplier in Chennai,ss 316 sheets supplier in chennai,material-form-city RFQ support,"automotive, process equipment, engineering and port-linked procurement",none,low,96,,,backlog,Held for later review to keep D11C inside preferred range
309,stainless_india,india_city,material-location,Stainless Steel,SS 316,Plates,Chennai,Tamil Nadu,,/material-location/ss-316-plates-chennai.html,SS 316 Plates Supplier in Chennai,ss 316 plates supplier in chennai,material-form-city RFQ support,"automotive, process equipment, engineering and port-linked procurement",none,low,96,,,backlog,Held for later review to keep D11C inside preferred range
310,stainless_india,india_city,material-location,Stainless Steel,SS 316,Round Bars,Chennai,Tamil Nadu,,/material-location/ss-316-round-bars-chennai.html,SS 316 Round Bars Supplier in Chennai,ss 316 round bars supplier in chennai,material-form-city RFQ support,"automotive, process equipment, engineering and port-linked procurement",none,low,96,,,backlog,Held for later review to keep D11C inside preferred range
311,stainless_india,india_city,material-location,Stainless Steel,SS 316,Welded Pipes,Chennai,Tamil Nadu,,/material-location/ss-316-welded-pipes-chennai.html,SS 316 Welded Pipes Supplier in Chennai,ss 316 welded pipes supplier in chennai,material-form-city RFQ support,"automotive, process equipment, engineering and port-linked procurement",none,low,96,,,backlog,Held for later review to keep D11C inside preferred range
312,stainless_india,india_city,material-location,Stainless Steel,SS 316,Seamless Pipes,Chennai,Tamil Nadu,,/material-location/ss-316-seamless-pipes-chennai.html,SS 316 Seamless Pipes Supplier in Chennai,ss 316 seamless pipes supplier in chennai,material-form-city RFQ support,"automotive, process equipment, engineering and port-linked procurement",none,low,96,,,backlog,Held for later review to keep D11C inside preferred range
313,stainless_india,india_city,material-location,Stainless Steel,SS 316,Tubes,Chennai,Tamil Nadu,,/material-location/ss-316-tubes-chennai.html,SS 316 Tubes Supplier in Chennai,ss 316 tubes supplier in chennai,material-form-city RFQ support,"automotive, process equipment, engineering and port-linked procurement",none,low,96,,,backlog,Held for later review to keep D11C inside preferred range
314,stainless_india,india_city,material-location,Stainless Steel,SS 316,Flanges,Chennai,Tamil Nadu,,/material-location/ss-316-flanges-chennai.html,SS 316 Flanges Supplier in Chennai,ss 316 flanges supplier in chennai,material-form-city RFQ support,"automotive, process equipment, engineering and port-linked procurement",none,low,96,,,backlog,Held for later review to keep D11C inside preferred range
315,stainless_india,india_city,material-location,Stainless Steel,SS 316,Fittings,Chennai,Tamil Nadu,,/material-location/ss-316-fittings-chennai.html,SS 316 Fittings Supplier in Chennai,ss 316 fittings supplier in chennai,material-form-city RFQ support,"automotive, process equipment, engineering and port-linked procurement",none,low,96,,,backlog,Held for later review to keep D11C inside preferred range
316,stainless_india,india_city,material-location,Stainless Steel,SS 304,Sheets,Bengaluru,Karnataka,,/material-location/ss-304-sheets-bengaluru.html,SS 304 Sheets Supplier in Bengaluru,ss 304 sheets supplier in bengaluru,material-form-city RFQ support,"aerospace, machine shops, electronics, precision engineering and fabrication",none,low,96,,,backlog,Held for later review to keep D11C inside preferred range
317,stainless_india,india_city,material-location,Stainless Steel,SS 304,Plates,Bengaluru,Karnataka,,/material-location/ss-304-plates-bengaluru.html,SS 304 Plates Supplier in Bengaluru,ss 304 plates supplier in bengaluru,material-form-city RFQ support,"aerospace, machine shops, electronics, precision engineering and fabrication",file already exists,low,96,,,rejected-existing-overlap,Existing URL or equivalent intent already covered
318,stainless_india,india_city,material-location,Stainless Steel,SS 304,Welded Pipes,Bengaluru,Karnataka,,/material-location/ss-304-welded-pipes-bengaluru.html,SS 304 Welded Pipes Supplier in Bengaluru,ss 304 welded pipes supplier in bengaluru,material-form-city RFQ support,"aerospace, machine shops, electronics, precision engineering and fabrication",none,low,96,,,backlog,Held for later review to keep D11C inside preferred range
319,stainless_india,india_city,material-location,Stainless Steel,SS 304,Seamless Pipes,Bengaluru,Karnataka,,/material-location/ss-304-seamless-pipes-bengaluru.html,SS 304 Seamless Pipes Supplier in Bengaluru,ss 304 seamless pipes supplier in bengaluru,material-form-city RFQ support,"aerospace, machine shops, electronics, precision engineering and fabrication",none,low,96,,,backlog,Held for later review to keep D11C inside preferred range
320,stainless_india,india_city,material-location,Stainless Steel,SS 304,Tubes,Bengaluru,Karnataka,,/material-location/ss-304-tubes-bengaluru.html,SS 304 Tubes Supplier in Bengaluru,ss 304 tubes supplier in bengaluru,material-form-city RFQ support,"aerospace, machine shops, electronics, precision engineering and fabrication",none,low,96,,,backlog,Held for later review to keep D11C inside preferred range
