file_path,url,h1,title,meta_description,canonical,folder,has_ga4,has_sitewide_css
about-us.html,https://rubinoxmetal.com/about-us.html,About Rubinox Metal and Alloys,About Rubinox Metal and Alloys | Industrial Metal Supplier in India,"Learn about Rubinox Metal and Alloys, a Mumbai-based stockist, supplier, importer, exporter and project supplier for stainless steel, nickel alloys and industrial metals."" /> <meta name=""robots"" content=""index,follow"" /> <link rel=""canonical"" href=""https://rubinoxmetal.com/about-us.html"" /> <meta property=""og:locale"" content=""en_IN"" /> <meta property=""og:type"" content=""website"" /> <meta property=""og:site_name"" content=""Rubinox Metal and Alloys"" /> <meta property=""og:title"" content=""About Rubinox Metal and Alloys | Industrial Metal Supplier in India"" /> <meta property=""og:description"" content=""Learn about Rubinox Metal and Alloys, a Mumbai-based stockist, supplier, importer, exporter and project supplier for stainless steel, nickel alloys and industrial metals."" /> <meta property=""og:url"" content=""https://rubinoxmetal.com/about-us.html"" /> <meta property=""og:image"" content=""https://rubinoxmetal.com/assets/rubinox-social-preview-2026.jpg"" /> <meta property=""og:image:secure_url"" content=""https://rubinoxmetal.com/assets/rubinox-social-preview-2026.jpg"" /> <meta property=""og:image:type"" content=""image/jpeg"" /> <meta property=""og:image:width"" content=""1200"" /> <meta property=""og:image:height"" content=""630"" /> <meta property=""og:image:alt"" content=""About Rubinox Metal and Alloys | Industrial Metal Supplier in India"" /> <meta name=""twitter:card"" content=""summary_large_image"" /> <meta name=""twitter:site"" content=""@rubinoxmetal"" /> <meta name=""twitter:title"" content=""About Rubinox Metal and Alloys | Industrial Metal Supplier in India"" /> <meta name=""twitter:description"" content=""Learn about Rubinox Metal and Alloys, a Mumbai-based stockist, supplier, importer, exporter and project supplier for stainless steel, nickel alloys and industrial metals."" /> <meta name=""twitter:image"" content=""https://rubinoxmetal.com/assets/rubinox-social-preview-2026.jpg"" /> <meta name=""twitter:image:alt"" content=""About Rubinox Metal and Alloys | Industrial Metal Supplier in India"" /> <meta name=""geo.region"" content=""IN-MH"" /> <meta name=""geo.placename"" content=""Mumbai"" /> <!-- Google Analytics --> <script async src=""https://www.googletagmanager.com/gtag/js?id=G-JT5X5L5H07",,root,yes,yes
blog.html,https://rubinoxmetal.com/blog.html,Rubinox Metal Buyer Knowledge Hub,Rubinox Knowledge Hub | Metal Buyer Guides,"Rubinox Metal and Alloys Knowledge Hub with buyer guides for stainless steel, duplex, nickel alloys, titanium, SMO 254, aluminium, RFQ documentation and export enquiries.",https://rubinoxmetal.com/blog.html,root,yes,yes
blog/aluminium-6061-6063-7075-guide.html,https://rubinoxmetal.com/blog/aluminium-6061-6063-7075-guide.html,"Aluminium 6061, 6063 and 7075: Buyer Comparison Guide",Aluminium 6061 vs 6063 vs 7075 Guide | Rubinox,"Compare aluminium 6061, 6063 and 7075 for automotive, fabrication, aerospace or precision and structural RFQs with buyer checklist guidance.",https://rubinoxmetal.com/blog/aluminium-6061-6063-7075-guide.html,blog,yes,yes
blog/aluminium-vs-stainless-steel.html,https://rubinoxmetal.com/blog/aluminium-vs-stainless-steel.html,Aluminium vs Stainless Steel: Procurement Comparison Guide,Aluminium vs Stainless Steel: Procurement Comparison Guide | Rubinox,"Compare aluminium and stainless steel for weight, corrosion, fabrication, machining and industrial RFQ preparation.",https://rubinoxmetal.com/blog/aluminium-vs-stainless-steel.html,blog,yes,yes
blog/brass-c260-vs-c360.html,https://rubinoxmetal.com/blog/brass-c260-vs-c360.html,Brass C260 vs C360: Buyer Comparison Guide,Brass C260 vs C360: Buyer Comparison Guide | Rubinox,"Compare Brass C260 and C360 for sheet, plate, bar, machining, fabrication and industrial RFQs.",https://rubinoxmetal.com/blog/brass-c260-vs-c360.html,blog,yes,yes
blog/carbon-steel-vs-mild-steel.html,https://rubinoxmetal.com/blog/carbon-steel-vs-mild-steel.html,Carbon Steel vs Mild Steel: Industrial Buyer Guide,Carbon Steel vs Mild Steel: Industrial Buyer Guide | Rubinox,"Compare carbon steel and mild steel for plates, bars, structural work, fabrication and project RFQs.",https://rubinoxmetal.com/blog/carbon-steel-vs-mild-steel.html,blog,yes,yes
blog/copper-brass-phosphor-bronze-guide.html,https://rubinoxmetal.com/blog/copper-brass-phosphor-bronze-guide.html,"Copper, Brass and Phosphor Bronze: Industrial Buyer Guide",Copper Brass Phosphor Bronze Guide | Rubinox,"Compare copper, brass and phosphor bronze for electrical, machining, wear, spring, connector, marine and engineering RFQs.",https://rubinoxmetal.com/blog/copper-brass-phosphor-bronze-guide.html,blog,yes,yes
blog/copper-c101-vs-c110-vs-c122.html,https://rubinoxmetal.com/blog/copper-c101-vs-c110-vs-c122.html,Copper C101 vs C110 vs C122: Buyer Comparison Guide,Copper C101 vs C110 vs C122: Buyer Comparison Guide | Rubinox,"Compare copper C101, C110 and C122 for electrical, heat exchanger, fabrication and industrial RFQs.",https://rubinoxmetal.com/blog/copper-c101-vs-c110-vs-c122.html,blog,yes,yes
blog/duplex-2205-vs-super-duplex-2507.html,https://rubinoxmetal.com/blog/duplex-2205-vs-super-duplex-2507.html,Duplex 2205 vs Super Duplex 2507: Which Grade Should Buyers Review?,Duplex 2205 vs Super Duplex 2507 Guide | Rubinox,"Compare Duplex 2205 and Super Duplex 2507 for chloride, marine, desalination, offshore and chemical RFQs.",https://rubinoxmetal.com/blog/duplex-2205-vs-super-duplex-2507.html,blog,yes,yes
blog/duplex-stainless-steel-for-chemical-processing.html,https://rubinoxmetal.com/blog/duplex-stainless-steel-for-chemical-processing.html,Duplex Stainless Steel for Chemical Processing RFQs,Duplex Stainless Steel for Chemical Processing RFQs | Rubinox,"Buyer guide for reviewing Duplex 2205, Super Duplex 2507 and related grades for chemical processing RFQs.",https://rubinoxmetal.com/blog/duplex-stainless-steel-for-chemical-processing.html,blog,yes,yes
blog/export-metal-rfq-from-india.html,https://rubinoxmetal.com/blog/export-metal-rfq-from-india.html,Export Metal RFQ from India: What Overseas Buyers Should Share,Export Metal RFQ from India Guide | Rubinox,"Export metal RFQ guide for overseas buyers covering packing, MTC, destination country, port, documentation assistance and procurement enquiry details.",https://rubinoxmetal.com/blog/export-metal-rfq-from-india.html,blog,yes,yes
blog/hastelloy-c276-vs-c22.html,https://rubinoxmetal.com/blog/hastelloy-c276-vs-c22.html,Hastelloy C276 vs C22: Corrosion Alloy Buyer Guide,Hastelloy C276 vs C22: Corrosion Alloy Buyer Guide | Rubinox,"Review Hastelloy C276 and C22 for chemical processing, corrosion-resistant equipment and RFQ preparation.",https://rubinoxmetal.com/blog/hastelloy-c276-vs-c22.html,blog,yes,yes
blog/high-speed-steel-sourcing-guide.html,https://rubinoxmetal.com/blog/high-speed-steel-sourcing-guide.html,High Speed Steel Sourcing Guide for Tooling and Machining Buyers,High Speed Steel Sourcing Guide | Rubinox,"High speed steel sourcing guide for HSS M2, M35, M42, tool steel, cutting tools, punches, dies and RFQ preparation.",https://rubinoxmetal.com/blog/high-speed-steel-sourcing-guide.html,blog,yes,yes
blog/inconel-monel-hastelloy-selection-guide.html,https://rubinoxmetal.com/blog/inconel-monel-hastelloy-selection-guide.html,Inconel vs Monel vs Hastelloy: Nickel Alloy Selection Guide,Inconel vs Monel vs Hastelloy Guide | Rubinox,"Review Inconel, Monel and Hastelloy alloy families for high-temperature, corrosion, marine, chemical and heat exchanger RFQs.",https://rubinoxmetal.com/blog/inconel-monel-hastelloy-selection-guide.html,blog,yes,yes
blog/industrial-metal-product-forms-guide.html,https://rubinoxmetal.com/blog/industrial-metal-product-forms-guide.html,Industrial Metal Product Forms Guide for RFQ Buyers,Industrial Metal Product Forms Guide for RFQ Buyers | Rubinox,"Guide to pipes, tubes, sheets, plates, coils, bars, rods, flanges, fittings, fasteners, channels and perforated sheets for RFQs.",https://rubinoxmetal.com/blog/industrial-metal-product-forms-guide.html,blog,yes,yes
blog/marine-desalination-material-selection.html,https://rubinoxmetal.com/blog/marine-desalination-material-selection.html,"Material Selection for Marine, Offshore and Desalination Projects",Marine Desalination Material Guide | Rubinox,"Review SS 316L, Duplex, Super Duplex, SMO 254, Monel, Inconel and Titanium for marine, offshore and desalination RFQs.",https://rubinoxmetal.com/blog/marine-desalination-material-selection.html,blog,yes,yes
blog/metal-rfq-checklist-for-buyers.html,https://rubinoxmetal.com/blog/metal-rfq-checklist-for-buyers.html,Metal RFQ Checklist: What Buyers Should Share for a Faster Quote,Metal RFQ Checklist for Buyers | Rubinox,"A practical metal RFQ checklist covering grade, form, standard, size, quantity, MTC, inspection and delivery location for procurement buyers.",https://rubinoxmetal.com/blog/metal-rfq-checklist-for-buyers.html,blog,yes,yes
blog/metals-for-automotive-ev-components.html,https://rubinoxmetal.com/blog/metals-for-automotive-ev-components.html,Metals for Automotive and EV Component Buyers,Metals for Automotive and EV Buyers | Rubinox,"Metal selection guide for automotive and EV component buyers reviewing aluminium, stainless steel, carbon steel, mild steel, copper, brass and phosphor bronze RFQs.",https://rubinoxmetal.com/blog/metals-for-automotive-ev-components.html,blog,yes,yes
blog/metals-for-chemical-petrochemical-industries.html,https://rubinoxmetal.com/blog/metals-for-chemical-petrochemical-industries.html,Metals for Chemical and Petrochemical Industry RFQs,Chemical Petrochemical Metal RFQ Guide | Rubinox,"Procurement guide for chemical and petrochemical RFQs covering SS 316L, duplex, SMO 254, Hastelloy, Inconel, Monel and titanium.",https://rubinoxmetal.com/blog/metals-for-chemical-petrochemical-industries.html,blog,yes,yes
blog/mild-steel-is-2062-vs-astm-a36.html,https://rubinoxmetal.com/blog/mild-steel-is-2062-vs-astm-a36.html,IS 2062 vs ASTM A36: Mild Steel Buyer Comparison,IS 2062 vs ASTM A36: Mild Steel Buyer Comparison | Rubinox,"Compare IS 2062 and ASTM A36 for mild steel structural, fabrication and project supply RFQs.",https://rubinoxmetal.com/blog/mild-steel-is-2062-vs-astm-a36.html,blog,yes,yes
blog/monel-400-vs-k500.html,https://rubinoxmetal.com/blog/monel-400-vs-k500.html,Monel 400 vs Monel K-500: Buyer Comparison Guide,Monel 400 vs Monel K-500: Buyer Comparison Guide | Rubinox,"Compare Monel 400 and Monel K-500 for marine, chemical, fastener, pump and engineered component RFQs.",https://rubinoxmetal.com/blog/monel-400-vs-k500.html,blog,yes,yes
blog/mtc-pmi-third-party-inspection-guide.html,https://rubinoxmetal.com/blog/mtc-pmi-third-party-inspection-guide.html,"MTC, PMI and Third-Party Inspection: What Metal Buyers Should Know",MTC PMI Third Party Inspection Guide | Rubinox,"Understand MTC, PMI and third-party inspection terms for industrial metal RFQs, with documentation assistance guidance where applicable.",https://rubinoxmetal.com/blog/mtc-pmi-third-party-inspection-guide.html,blog,yes,yes
blog/nickel-alloy-625-vs-718.html,https://rubinoxmetal.com/blog/nickel-alloy-625-vs-718.html,Inconel 625 vs Inconel 718: Nickel Alloy Buyer Guide,Inconel 625 vs Inconel 718: Nickel Alloy Buyer Guide | Rubinox,"Compare Inconel 625 and Inconel 718 for corrosion, strength, heat, aerospace, marine and chemical RFQ review.",https://rubinoxmetal.com/blog/nickel-alloy-625-vs-718.html,blog,yes,yes
blog/phosphor-bronze-c510-vs-c521.html,https://rubinoxmetal.com/blog/phosphor-bronze-c510-vs-c521.html,Phosphor Bronze C510 vs C521: Buyer Comparison Guide,Phosphor Bronze C510 vs C521: Buyer Comparison Guide | Rubinox,"Compare Phosphor Bronze C510 and C521 for spring, connector, wear, electrical and engineering RFQs.",https://rubinoxmetal.com/blog/phosphor-bronze-c510-vs-c521.html,blog,yes,yes
blog/smo-254-vs-904l-vs-316l.html,https://rubinoxmetal.com/blog/smo-254-vs-904l-vs-316l.html,SMO 254 vs 904L vs 316L for Chloride Service,SMO 254 vs 904L vs 316L Guide | Rubinox,"Compare SMO 254, 904L and 316L for chloride, seawater, desalination, marine and process RFQs with buyer checklist guidance.",https://rubinoxmetal.com/blog/smo-254-vs-904l-vs-316l.html,blog,yes,yes
blog/stainless-steel-304-vs-316-vs-316l.html,https://rubinoxmetal.com/blog/stainless-steel-304-vs-316-vs-316l.html,SS 304 vs SS 316 vs SS 316L: Buyer Selection Guide,SS 304 vs 316 vs 316L Guide | Rubinox,"Compare SS 304, SS 316 and SS 316L for industrial procurement, pharma, food, marine, fabrication and RFQ preparation.",https://rubinoxmetal.com/blog/stainless-steel-304-vs-316-vs-316l.html,blog,yes,yes
blog/stainless-steel-304l-vs-316l.html,https://rubinoxmetal.com/blog/stainless-steel-304l-vs-316l.html,Stainless Steel 304L vs 316L: Buyer Comparison Guide,Stainless Steel 304L vs 316L: Buyer Comparison Guide | Rubinox,"Compare SS 304L and SS 316L for welded fabrication, pharma, food, process equipment and RFQ preparation.",https://rubinoxmetal.com/blog/stainless-steel-304l-vs-316l.html,blog,yes,yes
blog/stainless-steel-310-vs-321-vs-347.html,https://rubinoxmetal.com/blog/stainless-steel-310-vs-321-vs-347.html,Stainless Steel 310 vs 321 vs 347: High Temperature Grade Guide,SS 310 vs 321 vs 347 Guide | Rubinox,"Review SS 310, SS 321 and SS 347 for high-temperature stainless steel RFQs, fabrication and buyer specification checks.",https://rubinoxmetal.com/blog/stainless-steel-310-vs-321-vs-347.html,blog,yes,yes
blog/stainless-steel-for-pharma-food-processing.html,https://rubinoxmetal.com/blog/stainless-steel-for-pharma-food-processing.html,Stainless Steel for Pharma and Food Processing Equipment,Stainless Steel for Pharma and Food | Rubinox,"Review stainless steel grades and forms for pharma and food processing equipment RFQs, including SS 304, SS 316L, tubes, sheets and fittings.",https://rubinoxmetal.com/blog/stainless-steel-for-pharma-food-processing.html,blog,yes,yes
blog/super-duplex-for-seawater-desalination.html,https://rubinoxmetal.com/blog/super-duplex-for-seawater-desalination.html,Super Duplex for Seawater and Desalination Projects,Super Duplex for Seawater and Desalination Projects | Rubinox,"Review Super Duplex, Duplex, SMO 254 and nickel alloy considerations for seawater and desalination project RFQs.",https://rubinoxmetal.com/blog/super-duplex-for-seawater-desalination.html,blog,yes,yes
blog/titanium-grade-2-vs-grade-5.html,https://rubinoxmetal.com/blog/titanium-grade-2-vs-grade-5.html,Titanium Grade 2 vs Grade 5: Industrial Buyer Guide,Titanium Grade 2 vs Grade 5 Guide | Rubinox,"Compare Titanium Grade 2 and Grade 5 for chemical, marine, aerospace, precision and medical-component RFQs with safe buyer guidance.",https://rubinoxmetal.com/blog/titanium-grade-2-vs-grade-5.html,blog,yes,yes
blog/titanium-vs-stainless-steel.html,https://rubinoxmetal.com/blog/titanium-vs-stainless-steel.html,Titanium vs Stainless Steel: Buyer Selection Guide,Titanium vs Stainless Steel: Buyer Selection Guide | Rubinox,"Compare titanium and stainless steel for corrosion, weight, strength, chemical, marine and precision component RFQs.",https://rubinoxmetal.com/blog/titanium-vs-stainless-steel.html,blog,yes,yes
company-profile.html,https://rubinoxmetal.com/company-profile.html,Rubinox Metal and Alloys Company Profile,Company Profile | Rubinox Metal and Alloys,"Verified Rubinox Metal and Alloys company profile for vendor onboarding, RFQ review, materials supplied, product forms and contact details.",https://rubinoxmetal.com/company-profile.html,root,yes,yes
contact.html,https://rubinoxmetal.com/contact.html,Contact Rubinox Metal and Alloys,"Contact Rubinox Metal and Alloys | Metal Supplier in Mumbai, India","Contact Rubinox Metal and Alloys in Mumbai for stainless steel, nickel alloys, duplex, titanium, SMO 254 and industrial metal RFQs with PAN India and export enquiry support."" /> <meta name=""robots"" content=""index,follow"" /> <link rel=""canonical"" href=""https://rubinoxmetal.com/contact.html"" /> <meta property=""og:locale"" content=""en_IN"" /> <meta property=""og:type"" content=""website"" /> <meta property=""og:site_name"" content=""Rubinox Metal and Alloys"" /> <meta property=""og:title"" content=""Contact Rubinox Metal and Alloys | Metal Supplier in Mumbai, India"" /> <meta property=""og:description"" content=""Contact Rubinox Metal and Alloys in Mumbai for stainless steel, nickel alloys, duplex, titanium, SMO 254 and industrial metal RFQs with PAN India and export enquiry support."" /> <meta property=""og:url"" content=""https://rubinoxmetal.com/contact.html"" /> <meta property=""og:image"" content=""https://rubinoxmetal.com/assets/rubinox-social-preview-2026.jpg"" /> <meta property=""og:image:secure_url"" content=""https://rubinoxmetal.com/assets/rubinox-social-preview-2026.jpg"" /> <meta property=""og:image:type"" content=""image/jpeg"" /> <meta property=""og:image:width"" content=""1200"" /> <meta property=""og:image:height"" content=""630"" /> <meta property=""og:image:alt"" content=""Contact Rubinox Metal and Alloys in Mumbai"" /> <meta name=""twitter:card"" content=""summary_large_image"" /> <meta name=""twitter:site"" content=""@rubinoxmetal"" /> <meta name=""twitter:title"" content=""Contact Rubinox Metal and Alloys | Metal Supplier in Mumbai, India"" /> <meta name=""twitter:description"" content=""Contact Rubinox Metal and Alloys in Mumbai for stainless steel, nickel alloys, duplex, titanium, SMO 254 and industrial metal RFQs with PAN India and export enquiry support."" /> <meta name=""twitter:image"" content=""https://rubinoxmetal.com/assets/rubinox-social-preview-2026.jpg"" /> <meta name=""twitter:image:alt"" content=""Contact Rubinox Metal and Alloys in Mumbai"" /> <meta name=""geo.region"" content=""IN-MH"" /> <meta name=""geo.placename"" content=""Mumbai"" /> <!-- Google Analytics --> <script async src=""https://www.googletagmanager.com/gtag/js?id=G-JT5X5L5H07",,root,yes,yes
duplex-2205-price-factors-india.html,https://rubinoxmetal.com/duplex-2205-price-factors-india.html,Duplex 2205 Price Factors in India,Duplex 2205 Price Factors in India | RFQ Guide | Rubinox,"Duplex 2205 Price Factors in India explained for RFQ buyers without fixed public pricing, covering grade, form, size, quantity, documentation, testing, packing and logistics factors.",https://rubinoxmetal.com/duplex-2205-price-factors-india.html,root,yes,yes
export-material.html,https://rubinoxmetal.com/export-material.html,Export Material RFQ Pages,Export Material RFQ Pages | Rubinox,"Export material RFQ hub for Rubinox material, grade, form and country combination pages.",https://rubinoxmetal.com/export-material.html,root,yes,yes
export-material/aluminium-6061-flanges-qatar.html,https://rubinoxmetal.com/export-material/aluminium-6061-flanges-qatar.html,Aluminium 6061 Flanges Supplier for Qatar,Aluminium 6061 Flanges Supplier for Qatar | Rubinox,"Aluminium 6061 flanges supplier for Qatar. Rubinox reviews size, grade, quantity, standards and documentation-led RFQs.",https://rubinoxmetal.com/export-material/aluminium-6061-flanges-qatar.html,export-material,yes,yes
export-material/aluminium-6061-flanges-saudi-arabia.html,https://rubinoxmetal.com/export-material/aluminium-6061-flanges-saudi-arabia.html,Aluminium 6061 Flanges Supplier for Saudi Arabia,Aluminium 6061 Flanges Supplier for Saudi Arabia | Rubinox,"Aluminium 6061 flanges supplier for Saudi Arabia. Rubinox reviews size, grade, quantity, standards and documentation-led RFQs.",https://rubinoxmetal.com/export-material/aluminium-6061-flanges-saudi-arabia.html,export-material,yes,yes
export-material/aluminium-6061-flanges-singapore.html,https://rubinoxmetal.com/export-material/aluminium-6061-flanges-singapore.html,Aluminium 6061 Flanges Supplier for Singapore,Aluminium 6061 Flanges Supplier for Singapore | Rubinox,"Aluminium 6061 flanges supplier for Singapore. Rubinox reviews size, grade, quantity, standards and documentation-led RFQs.",https://rubinoxmetal.com/export-material/aluminium-6061-flanges-singapore.html,export-material,yes,yes
export-material/aluminium-6061-flanges-uae.html,https://rubinoxmetal.com/export-material/aluminium-6061-flanges-uae.html,Aluminium 6061 Flanges Supplier for UAE,Aluminium 6061 Flanges Supplier for UAE | Rubinox,"Aluminium 6061 flanges supplier for UAE. Rubinox reviews size, grade, quantity, standards and documentation-led RFQs.",https://rubinoxmetal.com/export-material/aluminium-6061-flanges-uae.html,export-material,yes,yes
export-material/duplex-2205-fittings-bahrain.html,https://rubinoxmetal.com/export-material/duplex-2205-fittings-bahrain.html,Duplex 2205 Fittings Supplier for Bahrain,Duplex 2205 Fittings Supplier for Bahrain | Rubinox,"Duplex 2205 fittings supplier for Bahrain. Rubinox reviews size, grade, quantity, standards and documentation-led RFQs.",https://rubinoxmetal.com/export-material/duplex-2205-fittings-bahrain.html,export-material,yes,yes
export-material/duplex-2205-fittings-canada.html,https://rubinoxmetal.com/export-material/duplex-2205-fittings-canada.html,Duplex 2205 Fittings Supplier for Canada,Duplex 2205 Fittings Supplier for Canada | Rubinox,"Duplex 2205 fittings supplier for Canada. Rubinox reviews size, grade, quantity, standards and documentation-led RFQs.",https://rubinoxmetal.com/export-material/duplex-2205-fittings-canada.html,export-material,yes,yes
export-material/duplex-2205-fittings-egypt.html,https://rubinoxmetal.com/export-material/duplex-2205-fittings-egypt.html,Duplex 2205 Fittings Supplier for Egypt,Duplex 2205 Fittings Supplier for Egypt | Rubinox,"Duplex 2205 fittings supplier for Egypt. Rubinox reviews size, grade, quantity, standards and documentation-led RFQs.",https://rubinoxmetal.com/export-material/duplex-2205-fittings-egypt.html,export-material,yes,yes
export-material/duplex-2205-fittings-italy.html,https://rubinoxmetal.com/export-material/duplex-2205-fittings-italy.html,Duplex 2205 Fittings Supplier for Italy,Duplex 2205 Fittings Supplier for Italy | Rubinox,"Duplex 2205 fittings supplier for Italy. Rubinox reviews size, grade, quantity, standards and documentation-led RFQs.",https://rubinoxmetal.com/export-material/duplex-2205-fittings-italy.html,export-material,yes,yes
export-material/duplex-2205-fittings-kuwait.html,https://rubinoxmetal.com/export-material/duplex-2205-fittings-kuwait.html,Duplex 2205 Fittings Supplier for Kuwait,Duplex 2205 Fittings Supplier for Kuwait | Rubinox,"Duplex 2205 fittings supplier for Kuwait. Rubinox reviews size, grade, quantity, standards and documentation-led RFQs.",https://rubinoxmetal.com/export-material/duplex-2205-fittings-kuwait.html,export-material,yes,yes
export-material/duplex-2205-fittings-malaysia.html,https://rubinoxmetal.com/export-material/duplex-2205-fittings-malaysia.html,Duplex 2205 Fittings Supplier for Malaysia,Duplex 2205 Fittings Supplier for Malaysia | Rubinox,"Duplex 2205 fittings supplier for Malaysia. Rubinox reviews size, grade, quantity, standards and documentation-led RFQs.",https://rubinoxmetal.com/export-material/duplex-2205-fittings-malaysia.html,export-material,yes,yes
export-material/duplex-2205-fittings-netherlands.html,https://rubinoxmetal.com/export-material/duplex-2205-fittings-netherlands.html,Duplex 2205 Fittings Supplier for Netherlands,Duplex 2205 Fittings Supplier for Netherlands | Rubinox,"Duplex 2205 fittings supplier for Netherlands. Rubinox reviews size, grade, quantity, standards and documentation-led RFQs.",https://rubinoxmetal.com/export-material/duplex-2205-fittings-netherlands.html,export-material,yes,yes
export-material/duplex-2205-fittings-oman.html,https://rubinoxmetal.com/export-material/duplex-2205-fittings-oman.html,Duplex 2205 Fittings Supplier for Oman,Duplex 2205 Fittings Supplier for Oman | Rubinox,"Duplex 2205 fittings supplier for Oman. Rubinox reviews size, grade, quantity, standards and documentation-led RFQs.",https://rubinoxmetal.com/export-material/duplex-2205-fittings-oman.html,export-material,yes,yes
export-material/duplex-2205-fittings-philippines.html,https://rubinoxmetal.com/export-material/duplex-2205-fittings-philippines.html,Duplex 2205 Fittings Supplier for Philippines,Duplex 2205 Fittings Supplier for Philippines | Rubinox,"Duplex 2205 fittings supplier for Philippines. Rubinox reviews size, grade, quantity, standards and documentation-led RFQs.",https://rubinoxmetal.com/export-material/duplex-2205-fittings-philippines.html,export-material,yes,yes
export-material/duplex-2205-fittings-south-africa.html,https://rubinoxmetal.com/export-material/duplex-2205-fittings-south-africa.html,Duplex 2205 Fittings Supplier for South Africa,Duplex 2205 Fittings Supplier for South Africa | Rubinox,"Duplex 2205 fittings supplier for South Africa. Rubinox reviews size, grade, quantity, standards and documentation-led RFQs.",https://rubinoxmetal.com/export-material/duplex-2205-fittings-south-africa.html,export-material,yes,yes
export-material/duplex-2205-fittings-south-korea.html,https://rubinoxmetal.com/export-material/duplex-2205-fittings-south-korea.html,Duplex 2205 Fittings Supplier for South Korea,Duplex 2205 Fittings Supplier for South Korea | Rubinox,"Duplex 2205 fittings supplier for South Korea. Rubinox reviews size, grade, quantity, standards and documentation-led RFQs.",https://rubinoxmetal.com/export-material/duplex-2205-fittings-south-korea.html,export-material,yes,yes
export-material/duplex-2205-fittings-thailand.html,https://rubinoxmetal.com/export-material/duplex-2205-fittings-thailand.html,Duplex 2205 Fittings Supplier for Thailand,Duplex 2205 Fittings Supplier for Thailand | Rubinox,"Duplex 2205 fittings supplier for Thailand. Rubinox reviews size, grade, quantity, standards and documentation-led RFQs.",https://rubinoxmetal.com/export-material/duplex-2205-fittings-thailand.html,export-material,yes,yes
export-material/duplex-2205-flanges-kuwait.html,https://rubinoxmetal.com/export-material/duplex-2205-flanges-kuwait.html,Duplex 2205 Flanges Supplier for Kuwait,Duplex 2205 Flanges Supplier for Kuwait | Rubinox,"Duplex 2205 flanges supplier for Kuwait. Rubinox reviews size, grade, quantity, standards and documentation-led RFQs.",https://rubinoxmetal.com/export-material/duplex-2205-flanges-kuwait.html,export-material,yes,yes
export-material/duplex-2205-flanges-malaysia.html,https://rubinoxmetal.com/export-material/duplex-2205-flanges-malaysia.html,Duplex 2205 Flanges Supplier for Malaysia,Duplex 2205 Flanges Supplier for Malaysia | Rubinox,"Duplex 2205 flanges supplier for Malaysia. Rubinox reviews size, grade, quantity, standards and documentation-led RFQs.",https://rubinoxmetal.com/export-material/duplex-2205-flanges-malaysia.html,export-material,yes,yes
export-material/duplex-2205-flanges-netherlands.html,https://rubinoxmetal.com/export-material/duplex-2205-flanges-netherlands.html,Duplex 2205 Flanges Supplier for Netherlands,Duplex 2205 Flanges Supplier for Netherlands | Rubinox,"Duplex 2205 flanges supplier for Netherlands. Rubinox reviews size, grade, quantity, standards and documentation-led RFQs.",https://rubinoxmetal.com/export-material/duplex-2205-flanges-netherlands.html,export-material,yes,yes
export-material/duplex-2205-flanges-oman.html,https://rubinoxmetal.com/export-material/duplex-2205-flanges-oman.html,Duplex 2205 Flanges Supplier for Oman,Duplex 2205 Flanges Supplier for Oman | Rubinox,"Duplex 2205 flanges supplier for Oman. Rubinox reviews size, grade, quantity, standards and documentation-led RFQs.",https://rubinoxmetal.com/export-material/duplex-2205-flanges-oman.html,export-material,yes,yes
export-material/inconel-625-fittings-australia.html,https://rubinoxmetal.com/export-material/inconel-625-fittings-australia.html,Inconel 625 Fittings Supplier for Australia,Inconel 625 Fittings Supplier for Australia | Rubinox,"Inconel 625 fittings supplier for Australia. Rubinox reviews size, grade, quantity, standards and documentation-led RFQs.",https://rubinoxmetal.com/export-material/inconel-625-fittings-australia.html,export-material,yes,yes
export-material/inconel-625-fittings-germany.html,https://rubinoxmetal.com/export-material/inconel-625-fittings-germany.html,Inconel 625 Fittings Supplier for Germany,Inconel 625 Fittings Supplier for Germany | Rubinox,"Inconel 625 fittings supplier for Germany. Rubinox reviews size, grade, quantity, standards and documentation-led RFQs.",https://rubinoxmetal.com/export-material/inconel-625-fittings-germany.html,export-material,yes,yes
export-material/inconel-625-fittings-indonesia.html,https://rubinoxmetal.com/export-material/inconel-625-fittings-indonesia.html,Inconel 625 Fittings Supplier for Indonesia,Inconel 625 Fittings Supplier for Indonesia | Rubinox,"Inconel 625 fittings supplier for Indonesia. Rubinox reviews size, grade, quantity, standards and documentation-led RFQs.",https://rubinoxmetal.com/export-material/inconel-625-fittings-indonesia.html,export-material,yes,yes
export-material/inconel-625-fittings-japan.html,https://rubinoxmetal.com/export-material/inconel-625-fittings-japan.html,Inconel 625 Fittings Supplier for Japan,Inconel 625 Fittings Supplier for Japan | Rubinox,"Inconel 625 fittings supplier for Japan. Rubinox reviews size, grade, quantity, standards and documentation-led RFQs.",https://rubinoxmetal.com/export-material/inconel-625-fittings-japan.html,export-material,yes,yes
export-material/inconel-625-fittings-mexico.html,https://rubinoxmetal.com/export-material/inconel-625-fittings-mexico.html,Inconel 625 Fittings Supplier for Mexico,Inconel 625 Fittings Supplier for Mexico | Rubinox,"Inconel 625 fittings supplier for Mexico. Rubinox reviews size, grade, quantity, standards and documentation-led RFQs.",https://rubinoxmetal.com/export-material/inconel-625-fittings-mexico.html,export-material,yes,yes
export-material/inconel-625-fittings-qatar.html,https://rubinoxmetal.com/export-material/inconel-625-fittings-qatar.html,Inconel 625 Fittings Supplier for Qatar,Inconel 625 Fittings Supplier for Qatar | Rubinox,"Inconel 625 fittings supplier for Qatar. Rubinox reviews size, grade, quantity, standards and documentation-led RFQs.",https://rubinoxmetal.com/export-material/inconel-625-fittings-qatar.html,export-material,yes,yes
export-material/inconel-625-fittings-saudi-arabia.html,https://rubinoxmetal.com/export-material/inconel-625-fittings-saudi-arabia.html,Inconel 625 Fittings Supplier for Saudi Arabia,Inconel 625 Fittings Supplier for Saudi Arabia | Rubinox,"Inconel 625 fittings supplier for Saudi Arabia. Rubinox reviews size, grade, quantity, standards and documentation-led RFQs.",https://rubinoxmetal.com/export-material/inconel-625-fittings-saudi-arabia.html,export-material,yes,yes
export-material/inconel-625-fittings-singapore.html,https://rubinoxmetal.com/export-material/inconel-625-fittings-singapore.html,Inconel 625 Fittings Supplier for Singapore,Inconel 625 Fittings Supplier for Singapore | Rubinox,"Inconel 625 fittings supplier for Singapore. Rubinox reviews size, grade, quantity, standards and documentation-led RFQs.",https://rubinoxmetal.com/export-material/inconel-625-fittings-singapore.html,export-material,yes,yes
export-material/inconel-625-fittings-spain.html,https://rubinoxmetal.com/export-material/inconel-625-fittings-spain.html,Inconel 625 Fittings Supplier for Spain,Inconel 625 Fittings Supplier for Spain | Rubinox,"Inconel 625 fittings supplier for Spain. Rubinox reviews size, grade, quantity, standards and documentation-led RFQs.",https://rubinoxmetal.com/export-material/inconel-625-fittings-spain.html,export-material,yes,yes
export-material/inconel-625-fittings-uae.html,https://rubinoxmetal.com/export-material/inconel-625-fittings-uae.html,Inconel 625 Fittings Supplier for UAE,Inconel 625 Fittings Supplier for UAE | Rubinox,"Inconel 625 fittings supplier for UAE. Rubinox reviews size, grade, quantity, standards and documentation-led RFQs.",https://rubinoxmetal.com/export-material/inconel-625-fittings-uae.html,export-material,yes,yes
export-material/inconel-625-fittings-united-kingdom.html,https://rubinoxmetal.com/export-material/inconel-625-fittings-united-kingdom.html,Inconel 625 Fittings Supplier for United Kingdom,Inconel 625 Fittings Supplier for United Kingdom | Rubinox,"Inconel 625 fittings supplier for United Kingdom. Rubinox reviews size, grade, quantity, standards and documentation-led RFQs.",https://rubinoxmetal.com/export-material/inconel-625-fittings-united-kingdom.html,export-material,yes,yes
export-material/inconel-625-fittings-united-states.html,https://rubinoxmetal.com/export-material/inconel-625-fittings-united-states.html,Inconel 625 Fittings Supplier for United States,Inconel 625 Fittings Supplier for United States | Rubinox,"Inconel 625 fittings supplier for United States. Rubinox reviews size, grade, quantity, standards and documentation-led RFQs.",https://rubinoxmetal.com/export-material/inconel-625-fittings-united-states.html,export-material,yes,yes
export-material/inconel-625-fittings-vietnam.html,https://rubinoxmetal.com/export-material/inconel-625-fittings-vietnam.html,Inconel 625 Fittings Supplier for Vietnam,Inconel 625 Fittings Supplier for Vietnam | Rubinox,"Inconel 625 fittings supplier for Vietnam. Rubinox reviews size, grade, quantity, standards and documentation-led RFQs.",https://rubinoxmetal.com/export-material/inconel-625-fittings-vietnam.html,export-material,yes,yes
export-material/inconel-625-flanges-australia.html,https://rubinoxmetal.com/export-material/inconel-625-flanges-australia.html,Inconel 625 Flanges Supplier for Australia,Inconel 625 Flanges Supplier for Australia | Rubinox,"Inconel 625 flanges supplier for Australia. Rubinox reviews size, grade, quantity, standards and documentation-led RFQs.",https://rubinoxmetal.com/export-material/inconel-625-flanges-australia.html,export-material,yes,yes
export-material/inconel-625-flanges-germany.html,https://rubinoxmetal.com/export-material/inconel-625-flanges-germany.html,Inconel 625 Flanges Supplier for Germany,Inconel 625 Flanges Supplier for Germany | Rubinox,"Inconel 625 flanges supplier for Germany. Rubinox reviews size, grade, quantity, standards and documentation-led RFQs.",https://rubinoxmetal.com/export-material/inconel-625-flanges-germany.html,export-material,yes,yes
export-material/inconel-625-flanges-qatar.html,https://rubinoxmetal.com/export-material/inconel-625-flanges-qatar.html,Inconel 625 Flanges Supplier for Qatar,Inconel 625 Flanges Supplier for Qatar | Rubinox,"Inconel 625 flanges supplier for Qatar. Rubinox reviews size, grade, quantity, standards and documentation-led RFQs.",https://rubinoxmetal.com/export-material/inconel-625-flanges-qatar.html,export-material,yes,yes
export-material/inconel-625-flanges-saudi-arabia.html,https://rubinoxmetal.com/export-material/inconel-625-flanges-saudi-arabia.html,Inconel 625 Flanges Supplier for Saudi Arabia,Inconel 625 Flanges Supplier for Saudi Arabia | Rubinox,"Inconel 625 flanges supplier for Saudi Arabia. Rubinox reviews size, grade, quantity, standards and documentation-led RFQs.",https://rubinoxmetal.com/export-material/inconel-625-flanges-saudi-arabia.html,export-material,yes,yes
export-material/inconel-625-flanges-singapore.html,https://rubinoxmetal.com/export-material/inconel-625-flanges-singapore.html,Inconel 625 Flanges Supplier for Singapore,Inconel 625 Flanges Supplier for Singapore | Rubinox,"Inconel 625 flanges supplier for Singapore. Rubinox reviews size, grade, quantity, standards and documentation-led RFQs.",https://rubinoxmetal.com/export-material/inconel-625-flanges-singapore.html,export-material,yes,yes
export-material/inconel-625-flanges-uae.html,https://rubinoxmetal.com/export-material/inconel-625-flanges-uae.html,Inconel 625 Flanges Supplier for UAE,Inconel 625 Flanges Supplier for UAE | Rubinox,"Inconel 625 flanges supplier for UAE. Rubinox reviews size, grade, quantity, standards and documentation-led RFQs.",https://rubinoxmetal.com/export-material/inconel-625-flanges-uae.html,export-material,yes,yes
export-material/inconel-625-flanges-united-states.html,https://rubinoxmetal.com/export-material/inconel-625-flanges-united-states.html,Inconel 625 Flanges Supplier for United States,Inconel 625 Flanges Supplier for United States | Rubinox,"Inconel 625 flanges supplier for United States. Rubinox reviews size, grade, quantity, standards and documentation-led RFQs.",https://rubinoxmetal.com/export-material/inconel-625-flanges-united-states.html,export-material,yes,yes
export.html,https://rubinoxmetal.com/export.html,Metal Export Enquiry Support from India,Metal Export Enquiry Support from India | Rubinox Metal and Alloys,"Rubinox Metal and Alloys supports export RFQs from India for stainless steel, duplex, nickel alloys, titanium, SMO 254, aluminium, copper, brass, carbon steel, mild steel and industrial metal products."" /> <meta name=""robots"" content=""index,follow"" /> <link rel=""canonical"" href=""https://rubinoxmetal.com/export.html"" /> <meta property=""og:locale"" content=""en_IN"" /> <meta property=""og:type"" content=""website"" /> <meta property=""og:site_name"" content=""Rubinox Metal and Alloys"" /> <meta property=""og:title"" content=""Metal Export Enquiry Support from India | Rubinox Metal and Alloys"" /> <meta property=""og:description"" content=""Rubinox Metal and Alloys supports export RFQs from India for stainless steel, duplex, nickel alloys, titanium, SMO 254, aluminium, copper, brass, carbon steel, mild steel and industrial metal products."" /> <meta property=""og:url"" content=""https://rubinoxmetal.com/export.html"" /> <meta property=""og:image"" content=""https://rubinoxmetal.com/assets/rubinox-social-preview-2026.jpg"" /> <meta property=""og:image:secure_url"" content=""https://rubinoxmetal.com/assets/rubinox-social-preview-2026.jpg"" /> <meta property=""og:image:type"" content=""image/jpeg"" /> <meta property=""og:image:width"" content=""1200"" /> <meta property=""og:image:height"" content=""630"" /> <meta property=""og:image:alt"" content=""Metal Export Enquiry Support from India"" /> <meta name=""twitter:card"" content=""summary_large_image"" /> <meta name=""twitter:site"" content=""@rubinoxmetal"" /> <meta name=""twitter:title"" content=""Metal Export Enquiry Support from India | Rubinox Metal and Alloys"" /> <meta name=""twitter:description"" content=""Rubinox Metal and Alloys supports export RFQs from India for stainless steel, duplex, nickel alloys, titanium, SMO 254, aluminium, copper, brass, carbon steel, mild steel and industrial metal products."" /> <meta name=""twitter:image"" content=""https://rubinoxmetal.com/assets/rubinox-social-preview-2026.jpg"" /> <meta name=""twitter:image:alt"" content=""Metal Export Enquiry Support from India"" /> <!-- Google Analytics --> <script async src=""https://www.googletagmanager.com/gtag/js?id=G-JT5X5L5H07",,root,yes,yes
export/australia.html,https://rubinoxmetal.com/export/australia.html,Industrial Metal Exporter from India for Australia Enquiries,Industrial Metal Exporter from India for Australia RFQs | Rubinox,"Rubinox supports Australia export RFQs from India for stainless steel, duplex steel, nickel alloys, carbon steel and non-ferrous metals with packing and documentation review where applicable."" /> <meta name=""robots"" content=""index,follow"" /> <link rel=""canonical"" href=""https://rubinoxmetal.com/export/australia.html"" /> <meta property=""og:locale"" content=""en_IN"" /> <meta property=""og:type"" content=""website"" /> <meta property=""og:site_name"" content=""Rubinox Metal and Alloys"" /> <meta property=""og:title"" content=""Industrial Metal Exporter from India for Australia RFQs | Rubinox"" /> <meta property=""og:description"" content=""Rubinox supports Australia export RFQs from India for stainless steel, duplex steel, nickel alloys, carbon steel and non-ferrous metals with packing and documentation review where applicable."" /> <meta property=""og:url"" content=""https://rubinoxmetal.com/export/australia.html"" /> <meta property=""og:image"" content=""https://rubinoxmetal.com/assets/rubinox-social-preview-2026.jpg"" /> <meta property=""og:image:secure_url"" content=""https://rubinoxmetal.com/assets/rubinox-social-preview-2026.jpg"" /> <meta property=""og:image:type"" content=""image/jpeg"" /> <meta property=""og:image:width"" content=""1200"" /> <meta property=""og:image:height"" content=""630"" /> <meta property=""og:image:alt"" content=""Metal Export Enquiry Support from India to Australia"" /> <meta name=""twitter:card"" content=""summary_large_image"" /> <meta name=""twitter:site"" content=""@rubinoxmetal"" /> <meta name=""twitter:title"" content=""Industrial Metal Exporter from India for Australia RFQs | Rubinox"" /> <meta name=""twitter:description"" content=""Rubinox supports Australia export RFQs from India for stainless steel, duplex steel, nickel alloys, carbon steel and non-ferrous metals with packing and documentation review where applicable."" /> <meta name=""twitter:image"" content=""https://rubinoxmetal.com/assets/rubinox-social-preview-2026.jpg"" /> <meta name=""twitter:image:alt"" content=""Metal Export Enquiry Support from India to Australia"" /> <!-- Google Analytics --> <script async src=""https://www.googletagmanager.com/gtag/js?id=G-JT5X5L5H07",,export,yes,yes
export/bahrain.html,https://rubinoxmetal.com/export/bahrain.html,Industrial Metal Exporter from India for Bahrain Enquiries,Industrial Metal Exporter from India for Bahrain RFQs | Rubinox,"Rubinox supports Bahrain export RFQs from India for stainless steel, duplex steel, nickel alloys, carbon steel and non-ferrous metals with packing and documentation review where applicable."" /> <meta name=""robots"" content=""index,follow"" /> <link rel=""canonical"" href=""https://rubinoxmetal.com/export/bahrain.html"" /> <meta property=""og:locale"" content=""en_IN"" /> <meta property=""og:type"" content=""website"" /> <meta property=""og:site_name"" content=""Rubinox Metal and Alloys"" /> <meta property=""og:title"" content=""Industrial Metal Exporter from India for Bahrain RFQs | Rubinox"" /> <meta property=""og:description"" content=""Rubinox supports Bahrain export RFQs from India for stainless steel, duplex steel, nickel alloys, carbon steel and non-ferrous metals with packing and documentation review where applicable."" /> <meta property=""og:url"" content=""https://rubinoxmetal.com/export/bahrain.html"" /> <meta property=""og:image"" content=""https://rubinoxmetal.com/assets/rubinox-social-preview-2026.jpg"" /> <meta property=""og:image:secure_url"" content=""https://rubinoxmetal.com/assets/rubinox-social-preview-2026.jpg"" /> <meta property=""og:image:type"" content=""image/jpeg"" /> <meta property=""og:image:width"" content=""1200"" /> <meta property=""og:image:height"" content=""630"" /> <meta property=""og:image:alt"" content=""Metal Export Enquiry Support from India to Bahrain"" /> <meta name=""twitter:card"" content=""summary_large_image"" /> <meta name=""twitter:site"" content=""@rubinoxmetal"" /> <meta name=""twitter:title"" content=""Industrial Metal Exporter from India for Bahrain RFQs | Rubinox"" /> <meta name=""twitter:description"" content=""Rubinox supports Bahrain export RFQs from India for stainless steel, duplex steel, nickel alloys, carbon steel and non-ferrous metals with packing and documentation review where applicable."" /> <meta name=""twitter:image"" content=""https://rubinoxmetal.com/assets/rubinox-social-preview-2026.jpg"" /> <meta name=""twitter:image:alt"" content=""Metal Export Enquiry Support from India to Bahrain"" /> <!-- Google Analytics --> <script async src=""https://www.googletagmanager.com/gtag/js?id=G-JT5X5L5H07",,export,yes,yes
export/germany.html,https://rubinoxmetal.com/export/germany.html,Industrial Metal Exporter from India for Germany Enquiries,Industrial Metal Exporter from India for Germany RFQs | Rubinox,"Rubinox supports Germany export RFQs from India for stainless steel, duplex steel, nickel alloys, carbon steel and non-ferrous metals with packing and documentation review where applicable."" /> <meta name=""robots"" content=""index,follow"" /> <link rel=""canonical"" href=""https://rubinoxmetal.com/export/germany.html"" /> <meta property=""og:locale"" content=""en_IN"" /> <meta property=""og:type"" content=""website"" /> <meta property=""og:site_name"" content=""Rubinox Metal and Alloys"" /> <meta property=""og:title"" content=""Industrial Metal Exporter from India for Germany RFQs | Rubinox"" /> <meta property=""og:description"" content=""Rubinox supports Germany export RFQs from India for stainless steel, duplex steel, nickel alloys, carbon steel and non-ferrous metals with packing and documentation review where applicable."" /> <meta property=""og:url"" content=""https://rubinoxmetal.com/export/germany.html"" /> <meta property=""og:image"" content=""https://rubinoxmetal.com/assets/rubinox-social-preview-2026.jpg"" /> <meta property=""og:image:secure_url"" content=""https://rubinoxmetal.com/assets/rubinox-social-preview-2026.jpg"" /> <meta property=""og:image:type"" content=""image/jpeg"" /> <meta property=""og:image:width"" content=""1200"" /> <meta property=""og:image:height"" content=""630"" /> <meta property=""og:image:alt"" content=""Metal Export Enquiry Support from India to Germany"" /> <meta name=""twitter:card"" content=""summary_large_image"" /> <meta name=""twitter:site"" content=""@rubinoxmetal"" /> <meta name=""twitter:title"" content=""Industrial Metal Exporter from India for Germany RFQs | Rubinox"" /> <meta name=""twitter:description"" content=""Rubinox supports Germany export RFQs from India for stainless steel, duplex steel, nickel alloys, carbon steel and non-ferrous metals with packing and documentation review where applicable."" /> <meta name=""twitter:image"" content=""https://rubinoxmetal.com/assets/rubinox-social-preview-2026.jpg"" /> <meta name=""twitter:image:alt"" content=""Metal Export Enquiry Support from India to Germany"" /> <!-- Google Analytics --> <script async src=""https://www.googletagmanager.com/gtag/js?id=G-JT5X5L5H07",,export,yes,yes
export/kuwait.html,https://rubinoxmetal.com/export/kuwait.html,Industrial Metal Exporter from India for Kuwait Enquiries,Industrial Metal Exporter from India for Kuwait RFQs | Rubinox,"Rubinox supports Kuwait export RFQs from India for stainless steel, duplex steel, nickel alloys, carbon steel and non-ferrous metals with packing and documentation review where applicable."" /> <meta name=""robots"" content=""index,follow"" /> <link rel=""canonical"" href=""https://rubinoxmetal.com/export/kuwait.html"" /> <meta property=""og:locale"" content=""en_IN"" /> <meta property=""og:type"" content=""website"" /> <meta property=""og:site_name"" content=""Rubinox Metal and Alloys"" /> <meta property=""og:title"" content=""Industrial Metal Exporter from India for Kuwait RFQs | Rubinox"" /> <meta property=""og:description"" content=""Rubinox supports Kuwait export RFQs from India for stainless steel, duplex steel, nickel alloys, carbon steel and non-ferrous metals with packing and documentation review where applicable."" /> <meta property=""og:url"" content=""https://rubinoxmetal.com/export/kuwait.html"" /> <meta property=""og:image"" content=""https://rubinoxmetal.com/assets/rubinox-social-preview-2026.jpg"" /> <meta property=""og:image:secure_url"" content=""https://rubinoxmetal.com/assets/rubinox-social-preview-2026.jpg"" /> <meta property=""og:image:type"" content=""image/jpeg"" /> <meta property=""og:image:width"" content=""1200"" /> <meta property=""og:image:height"" content=""630"" /> <meta property=""og:image:alt"" content=""Metal Export Enquiry Support from India to Kuwait"" /> <meta name=""twitter:card"" content=""summary_large_image"" /> <meta name=""twitter:site"" content=""@rubinoxmetal"" /> <meta name=""twitter:title"" content=""Industrial Metal Exporter from India for Kuwait RFQs | Rubinox"" /> <meta name=""twitter:description"" content=""Rubinox supports Kuwait export RFQs from India for stainless steel, duplex steel, nickel alloys, carbon steel and non-ferrous metals with packing and documentation review where applicable."" /> <meta name=""twitter:image"" content=""https://rubinoxmetal.com/assets/rubinox-social-preview-2026.jpg"" /> <meta name=""twitter:image:alt"" content=""Metal Export Enquiry Support from India to Kuwait"" /> <!-- Google Analytics --> <script async src=""https://www.googletagmanager.com/gtag/js?id=G-JT5X5L5H07",,export,yes,yes
export/malaysia.html,https://rubinoxmetal.com/export/malaysia.html,Industrial Metal Exporter from India for Malaysia Enquiries,Industrial Metal Exporter from India for Malaysia RFQs | Rubinox,"Rubinox supports Malaysia export RFQs from India for stainless steel, duplex steel, nickel alloys, carbon steel and non-ferrous metals with packing and documentation review where applicable."" /> <meta name=""robots"" content=""index,follow"" /> <link rel=""canonical"" href=""https://rubinoxmetal.com/export/malaysia.html"" /> <meta property=""og:locale"" content=""en_IN"" /> <meta property=""og:type"" content=""website"" /> <meta property=""og:site_name"" content=""Rubinox Metal and Alloys"" /> <meta property=""og:title"" content=""Industrial Metal Exporter from India for Malaysia RFQs | Rubinox"" /> <meta property=""og:description"" content=""Rubinox supports Malaysia export RFQs from India for stainless steel, duplex steel, nickel alloys, carbon steel and non-ferrous metals with packing and documentation review where applicable."" /> <meta property=""og:url"" content=""https://rubinoxmetal.com/export/malaysia.html"" /> <meta property=""og:image"" content=""https://rubinoxmetal.com/assets/rubinox-social-preview-2026.jpg"" /> <meta property=""og:image:secure_url"" content=""https://rubinoxmetal.com/assets/rubinox-social-preview-2026.jpg"" /> <meta property=""og:image:type"" content=""image/jpeg"" /> <meta property=""og:image:width"" content=""1200"" /> <meta property=""og:image:height"" content=""630"" /> <meta property=""og:image:alt"" content=""Metal Export Enquiry Support from India to Malaysia"" /> <meta name=""twitter:card"" content=""summary_large_image"" /> <meta name=""twitter:site"" content=""@rubinoxmetal"" /> <meta name=""twitter:title"" content=""Industrial Metal Exporter from India for Malaysia RFQs | Rubinox"" /> <meta name=""twitter:description"" content=""Rubinox supports Malaysia export RFQs from India for stainless steel, duplex steel, nickel alloys, carbon steel and non-ferrous metals with packing and documentation review where applicable."" /> <meta name=""twitter:image"" content=""https://rubinoxmetal.com/assets/rubinox-social-preview-2026.jpg"" /> <meta name=""twitter:image:alt"" content=""Metal Export Enquiry Support from India to Malaysia"" /> <!-- Google Analytics --> <script async src=""https://www.googletagmanager.com/gtag/js?id=G-JT5X5L5H07",,export,yes,yes
export/netherlands.html,https://rubinoxmetal.com/export/netherlands.html,Industrial Metal Exporter from India for Netherlands Enquiries,Exporter from India for Netherlands RFQs | Rubinox,"Rubinox supports Netherlands export RFQs from India for stainless steel, duplex steel, nickel alloys, carbon steel and non-ferrous metals with packing and documentation review where applicable."" /> <meta name=""robots"" content=""index,follow"" /> <link rel=""canonical"" href=""https://rubinoxmetal.com/export/netherlands.html"" /> <meta property=""og:locale"" content=""en_IN"" /> <meta property=""og:type"" content=""website"" /> <meta property=""og:site_name"" content=""Rubinox Metal and Alloys"" /> <meta property=""og:title"" content=""Exporter from India for Netherlands RFQs | Rubinox"" /> <meta property=""og:description"" content=""Rubinox supports Netherlands export RFQs from India for stainless steel, duplex steel, nickel alloys, carbon steel and non-ferrous metals with packing and documentation review where applicable."" /> <meta property=""og:url"" content=""https://rubinoxmetal.com/export/netherlands.html"" /> <meta property=""og:image"" content=""https://rubinoxmetal.com/assets/rubinox-social-preview-2026.jpg"" /> <meta property=""og:image:secure_url"" content=""https://rubinoxmetal.com/assets/rubinox-social-preview-2026.jpg"" /> <meta property=""og:image:type"" content=""image/jpeg"" /> <meta property=""og:image:width"" content=""1200"" /> <meta property=""og:image:height"" content=""630"" /> <meta property=""og:image:alt"" content=""Industrial Metal Exporter from India for Netherlands Enquiries"" /> <meta name=""twitter:card"" content=""summary_large_image"" /> <meta name=""twitter:site"" content=""@rubinoxmetal"" /> <meta name=""twitter:title"" content=""Exporter from India for Netherlands RFQs | Rubinox"" /> <meta name=""twitter:description"" content=""Rubinox supports Netherlands export RFQs from India for stainless steel, duplex steel, nickel alloys, carbon steel and non-ferrous metals with packing and documentation review where applicable."" /> <meta name=""twitter:image"" content=""https://rubinoxmetal.com/assets/rubinox-social-preview-2026.jpg"" /> <meta name=""twitter:image:alt"" content=""Industrial Metal Exporter from India for Netherlands Enquiries"" /> <!-- Google Analytics --> <script async src=""https://www.googletagmanager.com/gtag/js?id=G-JT5X5L5H07",,export,yes,yes
export/oman.html,https://rubinoxmetal.com/export/oman.html,Industrial Metal Exporter from India for Oman Enquiries,Industrial Metal Exporter from India for Oman RFQs | Rubinox,"Rubinox supports Oman export RFQs from India for stainless steel, duplex steel, nickel alloys, carbon steel and non-ferrous metals with packing and documentation review where applicable."" /> <meta name=""robots"" content=""index,follow"" /> <link rel=""canonical"" href=""https://rubinoxmetal.com/export/oman.html"" /> <meta property=""og:locale"" content=""en_IN"" /> <meta property=""og:type"" content=""website"" /> <meta property=""og:site_name"" content=""Rubinox Metal and Alloys"" /> <meta property=""og:title"" content=""Industrial Metal Exporter from India for Oman RFQs | Rubinox"" /> <meta property=""og:description"" content=""Rubinox supports Oman export RFQs from India for stainless steel, duplex steel, nickel alloys, carbon steel and non-ferrous metals with packing and documentation review where applicable."" /> <meta property=""og:url"" content=""https://rubinoxmetal.com/export/oman.html"" /> <meta property=""og:image"" content=""https://rubinoxmetal.com/assets/rubinox-social-preview-2026.jpg"" /> <meta property=""og:image:secure_url"" content=""https://rubinoxmetal.com/assets/rubinox-social-preview-2026.jpg"" /> <meta property=""og:image:type"" content=""image/jpeg"" /> <meta property=""og:image:width"" content=""1200"" /> <meta property=""og:image:height"" content=""630"" /> <meta property=""og:image:alt"" content=""Metal Export Enquiry Support from India to Oman"" /> <meta name=""twitter:card"" content=""summary_large_image"" /> <meta name=""twitter:site"" content=""@rubinoxmetal"" /> <meta name=""twitter:title"" content=""Industrial Metal Exporter from India for Oman RFQs | Rubinox"" /> <meta name=""twitter:description"" content=""Rubinox supports Oman export RFQs from India for stainless steel, duplex steel, nickel alloys, carbon steel and non-ferrous metals with packing and documentation review where applicable."" /> <meta name=""twitter:image"" content=""https://rubinoxmetal.com/assets/rubinox-social-preview-2026.jpg"" /> <meta name=""twitter:image:alt"" content=""Metal Export Enquiry Support from India to Oman"" /> <!-- Google Analytics --> <script async src=""https://www.googletagmanager.com/gtag/js?id=G-JT5X5L5H07",,export,yes,yes
export/qatar.html,https://rubinoxmetal.com/export/qatar.html,Industrial Metal Exporter from India for Qatar Enquiries,Industrial Metal Exporter from India for Qatar RFQs | Rubinox,"Rubinox supports Qatar export RFQs from India for stainless steel, duplex steel, nickel alloys, carbon steel and non-ferrous metals with packing and documentation review where applicable."" /> <meta name=""robots"" content=""index,follow"" /> <link rel=""canonical"" href=""https://rubinoxmetal.com/export/qatar.html"" /> <meta property=""og:locale"" content=""en_IN"" /> <meta property=""og:type"" content=""website"" /> <meta property=""og:site_name"" content=""Rubinox Metal and Alloys"" /> <meta property=""og:title"" content=""Industrial Metal Exporter from India for Qatar RFQs | Rubinox"" /> <meta property=""og:description"" content=""Rubinox supports Qatar export RFQs from India for stainless steel, duplex steel, nickel alloys, carbon steel and non-ferrous metals with packing and documentation review where applicable."" /> <meta property=""og:url"" content=""https://rubinoxmetal.com/export/qatar.html"" /> <meta property=""og:image"" content=""https://rubinoxmetal.com/assets/rubinox-social-preview-2026.jpg"" /> <meta property=""og:image:secure_url"" content=""https://rubinoxmetal.com/assets/rubinox-social-preview-2026.jpg"" /> <meta property=""og:image:type"" content=""image/jpeg"" /> <meta property=""og:image:width"" content=""1200"" /> <meta property=""og:image:height"" content=""630"" /> <meta property=""og:image:alt"" content=""Metal Export Enquiry Support from India to Qatar"" /> <meta name=""twitter:card"" content=""summary_large_image"" /> <meta name=""twitter:site"" content=""@rubinoxmetal"" /> <meta name=""twitter:title"" content=""Industrial Metal Exporter from India for Qatar RFQs | Rubinox"" /> <meta name=""twitter:description"" content=""Rubinox supports Qatar export RFQs from India for stainless steel, duplex steel, nickel alloys, carbon steel and non-ferrous metals with packing and documentation review where applicable."" /> <meta name=""twitter:image"" content=""https://rubinoxmetal.com/assets/rubinox-social-preview-2026.jpg"" /> <meta name=""twitter:image:alt"" content=""Metal Export Enquiry Support from India to Qatar"" /> <!-- Google Analytics --> <script async src=""https://www.googletagmanager.com/gtag/js?id=G-JT5X5L5H07",,export,yes,yes
export/saudi-arabia.html,https://rubinoxmetal.com/export/saudi-arabia.html,Industrial Metal Exporter from India for Saudi Arabia Enquiries,Industrial Metal Exporter from India for Saudi Arabia RFQs | Rubinox,"Rubinox supports Saudi Arabia export RFQs from India for stainless steel, duplex steel, nickel alloys, carbon steel and non-ferrous metals with packing and documentation review where applicable."" /> <meta name=""robots"" content=""index,follow"" /> <link rel=""canonical"" href=""https://rubinoxmetal.com/export/saudi-arabia.html"" /> <meta property=""og:locale"" content=""en_IN"" /> <meta property=""og:type"" content=""website"" /> <meta property=""og:site_name"" content=""Rubinox Metal and Alloys"" /> <meta property=""og:title"" content=""Industrial Metal Exporter from India for Saudi Arabia RFQs | Rubinox"" /> <meta property=""og:description"" content=""Rubinox supports Saudi Arabia export RFQs from India for stainless steel, duplex steel, nickel alloys, carbon steel and non-ferrous metals with packing and documentation review where applicable."" /> <meta property=""og:url"" content=""https://rubinoxmetal.com/export/saudi-arabia.html"" /> <meta property=""og:image"" content=""https://rubinoxmetal.com/assets/rubinox-social-preview-2026.jpg"" /> <meta property=""og:image:secure_url"" content=""https://rubinoxmetal.com/assets/rubinox-social-preview-2026.jpg"" /> <meta property=""og:image:type"" content=""image/jpeg"" /> <meta property=""og:image:width"" content=""1200"" /> <meta property=""og:image:height"" content=""630"" /> <meta property=""og:image:alt"" content=""Metal Export Enquiry Support from India to Saudi Arabia"" /> <meta name=""twitter:card"" content=""summary_large_image"" /> <meta name=""twitter:site"" content=""@rubinoxmetal"" /> <meta name=""twitter:title"" content=""Industrial Metal Exporter from India for Saudi Arabia RFQs | Rubinox"" /> <meta name=""twitter:description"" content=""Rubinox supports Saudi Arabia export RFQs from India for stainless steel, duplex steel, nickel alloys, carbon steel and non-ferrous metals with packing and documentation review where applicable."" /> <meta name=""twitter:image"" content=""https://rubinoxmetal.com/assets/rubinox-social-preview-2026.jpg"" /> <meta name=""twitter:image:alt"" content=""Metal Export Enquiry Support from India to Saudi Arabia"" /> <!-- Google Analytics --> <script async src=""https://www.googletagmanager.com/gtag/js?id=G-JT5X5L5H07",,export,yes,yes
export/singapore.html,https://rubinoxmetal.com/export/singapore.html,Industrial Metal Exporter from India for Singapore Enquiries,Industrial Metal Exporter from India for Singapore RFQs | Rubinox,"Rubinox supports Singapore export RFQs from India for stainless steel, duplex steel, nickel alloys, carbon steel and non-ferrous metals with packing and documentation review where applicable."" /> <meta name=""robots"" content=""index,follow"" /> <link rel=""canonical"" href=""https://rubinoxmetal.com/export/singapore.html"" /> <meta property=""og:locale"" content=""en_IN"" /> <meta property=""og:type"" content=""website"" /> <meta property=""og:site_name"" content=""Rubinox Metal and Alloys"" /> <meta property=""og:title"" content=""Industrial Metal Exporter from India for Singapore RFQs | Rubinox"" /> <meta property=""og:description"" content=""Rubinox supports Singapore export RFQs from India for stainless steel, duplex steel, nickel alloys, carbon steel and non-ferrous metals with packing and documentation review where applicable."" /> <meta property=""og:url"" content=""https://rubinoxmetal.com/export/singapore.html"" /> <meta property=""og:image"" content=""https://rubinoxmetal.com/assets/rubinox-social-preview-2026.jpg"" /> <meta property=""og:image:secure_url"" content=""https://rubinoxmetal.com/assets/rubinox-social-preview-2026.jpg"" /> <meta property=""og:image:type"" content=""image/jpeg"" /> <meta property=""og:image:width"" content=""1200"" /> <meta property=""og:image:height"" content=""630"" /> <meta property=""og:image:alt"" content=""Metal Export Enquiry Support from India to Singapore"" /> <meta name=""twitter:card"" content=""summary_large_image"" /> <meta name=""twitter:site"" content=""@rubinoxmetal"" /> <meta name=""twitter:title"" content=""Industrial Metal Exporter from India for Singapore RFQs | Rubinox"" /> <meta name=""twitter:description"" content=""Rubinox supports Singapore export RFQs from India for stainless steel, duplex steel, nickel alloys, carbon steel and non-ferrous metals with packing and documentation review where applicable."" /> <meta name=""twitter:image"" content=""https://rubinoxmetal.com/assets/rubinox-social-preview-2026.jpg"" /> <meta name=""twitter:image:alt"" content=""Metal Export Enquiry Support from India to Singapore"" /> <!-- Google Analytics --> <script async src=""https://www.googletagmanager.com/gtag/js?id=G-JT5X5L5H07",,export,yes,yes
export/thailand.html,https://rubinoxmetal.com/export/thailand.html,Industrial Metal Exporter from India for Thailand Enquiries,Exporter from India for Thailand RFQs | Rubinox,"Rubinox supports Thailand export RFQs from India for stainless steel, duplex steel, nickel alloys, carbon steel and non-ferrous metals with packing and documentation review where applicable."" /> <meta name=""robots"" content=""index,follow"" /> <link rel=""canonical"" href=""https://rubinoxmetal.com/export/thailand.html"" /> <meta property=""og:locale"" content=""en_IN"" /> <meta property=""og:type"" content=""website"" /> <meta property=""og:site_name"" content=""Rubinox Metal and Alloys"" /> <meta property=""og:title"" content=""Exporter from India for Thailand RFQs | Rubinox"" /> <meta property=""og:description"" content=""Rubinox supports Thailand export RFQs from India for stainless steel, duplex steel, nickel alloys, carbon steel and non-ferrous metals with packing and documentation review where applicable."" /> <meta property=""og:url"" content=""https://rubinoxmetal.com/export/thailand.html"" /> <meta property=""og:image"" content=""https://rubinoxmetal.com/assets/rubinox-social-preview-2026.jpg"" /> <meta property=""og:image:secure_url"" content=""https://rubinoxmetal.com/assets/rubinox-social-preview-2026.jpg"" /> <meta property=""og:image:type"" content=""image/jpeg"" /> <meta property=""og:image:width"" content=""1200"" /> <meta property=""og:image:height"" content=""630"" /> <meta property=""og:image:alt"" content=""Industrial Metal Exporter from India for Thailand Enquiries"" /> <meta name=""twitter:card"" content=""summary_large_image"" /> <meta name=""twitter:site"" content=""@rubinoxmetal"" /> <meta name=""twitter:title"" content=""Exporter from India for Thailand RFQs | Rubinox"" /> <meta name=""twitter:description"" content=""Rubinox supports Thailand export RFQs from India for stainless steel, duplex steel, nickel alloys, carbon steel and non-ferrous metals with packing and documentation review where applicable."" /> <meta name=""twitter:image"" content=""https://rubinoxmetal.com/assets/rubinox-social-preview-2026.jpg"" /> <meta name=""twitter:image:alt"" content=""Industrial Metal Exporter from India for Thailand Enquiries"" /> <!-- Google Analytics --> <script async src=""https://www.googletagmanager.com/gtag/js?id=G-JT5X5L5H07",,export,yes,yes
export/uae.html,https://rubinoxmetal.com/export/uae.html,Industrial Metal Exporter from India for UAE / Dubai Enquiries,Industrial Metal Exporter from India for UAE / Dubai RFQs | Rubinox,"Rubinox supports UAE and Dubai export enquiries from India for stainless steel, duplex steel, nickel alloys, carbon steel and non-ferrous metal RFQs with documentation and packing review where applicable."" /> <meta name=""robots"" content=""index,follow"" /> <link rel=""canonical"" href=""https://rubinoxmetal.com/export/uae.html"" /> <meta property=""og:locale"" content=""en_IN"" /> <meta property=""og:type"" content=""website"" /> <meta property=""og:site_name"" content=""Rubinox Metal and Alloys"" /> <meta property=""og:title"" content=""Industrial Metal Exporter from India for UAE / Dubai RFQs | Rubinox"" /> <meta property=""og:description"" content=""Rubinox supports UAE and Dubai export enquiries from India for stainless steel, duplex steel, nickel alloys, carbon steel and non-ferrous metal RFQs with documentation and packing review where applicable."" /> <meta property=""og:url"" content=""https://rubinoxmetal.com/export/uae.html"" /> <meta property=""og:image"" content=""https://rubinoxmetal.com/assets/rubinox-social-preview-2026.jpg"" /> <meta property=""og:image:secure_url"" content=""https://rubinoxmetal.com/assets/rubinox-social-preview-2026.jpg"" /> <meta property=""og:image:type"" content=""image/jpeg"" /> <meta property=""og:image:width"" content=""1200"" /> <meta property=""og:image:height"" content=""630"" /> <meta property=""og:image:alt"" content=""Metal Export Enquiry Support from India to UAE"" /> <meta name=""twitter:card"" content=""summary_large_image"" /> <meta name=""twitter:site"" content=""@rubinoxmetal"" /> <meta name=""twitter:title"" content=""Industrial Metal Exporter from India for UAE / Dubai RFQs | Rubinox"" /> <meta name=""twitter:description"" content=""Rubinox supports UAE and Dubai export enquiries from India for stainless steel, duplex steel, nickel alloys, carbon steel and non-ferrous metal RFQs with documentation and packing review where applicable."" /> <meta name=""twitter:image"" content=""https://rubinoxmetal.com/assets/rubinox-social-preview-2026.jpg"" /> <meta name=""twitter:image:alt"" content=""Metal Export Enquiry Support from India to UAE"" /> <!-- Google Analytics --> <script async src=""https://www.googletagmanager.com/gtag/js?id=G-JT5X5L5H07",,export,yes,yes
export/uk.html,https://rubinoxmetal.com/export/uk.html,Industrial Metal Exporter from India for UK Enquiries,Industrial Metal Exporter from India for UK RFQs | Rubinox,"Rubinox supports UK export RFQs from India for stainless steel, duplex steel, nickel alloys, carbon steel and non-ferrous metals with packing and documentation review where applicable."" /> <meta name=""robots"" content=""index,follow"" /> <link rel=""canonical"" href=""https://rubinoxmetal.com/export/uk.html"" /> <meta property=""og:locale"" content=""en_IN"" /> <meta property=""og:type"" content=""website"" /> <meta property=""og:site_name"" content=""Rubinox Metal and Alloys"" /> <meta property=""og:title"" content=""Industrial Metal Exporter from India for UK RFQs | Rubinox"" /> <meta property=""og:description"" content=""Rubinox supports UK export RFQs from India for stainless steel, duplex steel, nickel alloys, carbon steel and non-ferrous metals with packing and documentation review where applicable."" /> <meta property=""og:url"" content=""https://rubinoxmetal.com/export/uk.html"" /> <meta property=""og:image"" content=""https://rubinoxmetal.com/assets/rubinox-social-preview-2026.jpg"" /> <meta property=""og:image:secure_url"" content=""https://rubinoxmetal.com/assets/rubinox-social-preview-2026.jpg"" /> <meta property=""og:image:type"" content=""image/jpeg"" /> <meta property=""og:image:width"" content=""1200"" /> <meta property=""og:image:height"" content=""630"" /> <meta property=""og:image:alt"" content=""Metal Export Enquiry Support from India to UK"" /> <meta name=""twitter:card"" content=""summary_large_image"" /> <meta name=""twitter:site"" content=""@rubinoxmetal"" /> <meta name=""twitter:title"" content=""Industrial Metal Exporter from India for UK RFQs | Rubinox"" /> <meta name=""twitter:description"" content=""Rubinox supports UK export RFQs from India for stainless steel, duplex steel, nickel alloys, carbon steel and non-ferrous metals with packing and documentation review where applicable."" /> <meta name=""twitter:image"" content=""https://rubinoxmetal.com/assets/rubinox-social-preview-2026.jpg"" /> <meta name=""twitter:image:alt"" content=""Metal Export Enquiry Support from India to UK"" /> <!-- Google Analytics --> <script async src=""https://www.googletagmanager.com/gtag/js?id=G-JT5X5L5H07",,export,yes,yes
export/usa.html,https://rubinoxmetal.com/export/usa.html,Industrial Metal Exporter from India for USA Enquiries,Exporter from India for USA RFQs | Rubinox,"Rubinox supports USA export RFQs from India for stainless steel, duplex steel, nickel alloys, carbon steel and non-ferrous metals with packing and documentation review where applicable."" /> <meta name=""robots"" content=""index,follow"" /> <link rel=""canonical"" href=""https://rubinoxmetal.com/export/usa.html"" /> <meta property=""og:locale"" content=""en_IN"" /> <meta property=""og:type"" content=""website"" /> <meta property=""og:site_name"" content=""Rubinox Metal and Alloys"" /> <meta property=""og:title"" content=""Exporter from India for USA RFQs | Rubinox"" /> <meta property=""og:description"" content=""Rubinox supports USA export RFQs from India for stainless steel, duplex steel, nickel alloys, carbon steel and non-ferrous metals with packing and documentation review where applicable."" /> <meta property=""og:url"" content=""https://rubinoxmetal.com/export/usa.html"" /> <meta property=""og:image"" content=""https://rubinoxmetal.com/assets/rubinox-social-preview-2026.jpg"" /> <meta property=""og:image:secure_url"" content=""https://rubinoxmetal.com/assets/rubinox-social-preview-2026.jpg"" /> <meta property=""og:image:type"" content=""image/jpeg"" /> <meta property=""og:image:width"" content=""1200"" /> <meta property=""og:image:height"" content=""630"" /> <meta property=""og:image:alt"" content=""Industrial Metal Exporter from India for USA Enquiries"" /> <meta name=""twitter:card"" content=""summary_large_image"" /> <meta name=""twitter:site"" content=""@rubinoxmetal"" /> <meta name=""twitter:title"" content=""Exporter from India for USA RFQs | Rubinox"" /> <meta name=""twitter:description"" content=""Rubinox supports USA export RFQs from India for stainless steel, duplex steel, nickel alloys, carbon steel and non-ferrous metals with packing and documentation review where applicable."" /> <meta name=""twitter:image"" content=""https://rubinoxmetal.com/assets/rubinox-social-preview-2026.jpg"" /> <meta name=""twitter:image:alt"" content=""Industrial Metal Exporter from India for USA Enquiries"" /> <!-- Google Analytics --> <script async src=""https://www.googletagmanager.com/gtag/js?id=G-JT5X5L5H07",,export,yes,yes
export/vietnam.html,https://rubinoxmetal.com/export/vietnam.html,Industrial Metal Exporter from India for Vietnam Enquiries,Exporter from India for Vietnam RFQs | Rubinox,"Rubinox supports Vietnam export RFQs from India for stainless steel, duplex steel, nickel alloys, carbon steel and non-ferrous metals with packing and documentation review where applicable."" /> <meta name=""robots"" content=""index,follow"" /> <link rel=""canonical"" href=""https://rubinoxmetal.com/export/vietnam.html"" /> <meta property=""og:locale"" content=""en_IN"" /> <meta property=""og:type"" content=""website"" /> <meta property=""og:site_name"" content=""Rubinox Metal and Alloys"" /> <meta property=""og:title"" content=""Exporter from India for Vietnam RFQs | Rubinox"" /> <meta property=""og:description"" content=""Rubinox supports Vietnam export RFQs from India for stainless steel, duplex steel, nickel alloys, carbon steel and non-ferrous metals with packing and documentation review where applicable."" /> <meta property=""og:url"" content=""https://rubinoxmetal.com/export/vietnam.html"" /> <meta property=""og:image"" content=""https://rubinoxmetal.com/assets/rubinox-social-preview-2026.jpg"" /> <meta property=""og:image:secure_url"" content=""https://rubinoxmetal.com/assets/rubinox-social-preview-2026.jpg"" /> <meta property=""og:image:type"" content=""image/jpeg"" /> <meta property=""og:image:width"" content=""1200"" /> <meta property=""og:image:height"" content=""630"" /> <meta property=""og:image:alt"" content=""Industrial Metal Exporter from India for Vietnam Enquiries"" /> <meta name=""twitter:card"" content=""summary_large_image"" /> <meta name=""twitter:site"" content=""@rubinoxmetal"" /> <meta name=""twitter:title"" content=""Exporter from India for Vietnam RFQs | Rubinox"" /> <meta name=""twitter:description"" content=""Rubinox supports Vietnam export RFQs from India for stainless steel, duplex steel, nickel alloys, carbon steel and non-ferrous metals with packing and documentation review where applicable."" /> <meta name=""twitter:image"" content=""https://rubinoxmetal.com/assets/rubinox-social-preview-2026.jpg"" /> <meta name=""twitter:image:alt"" content=""Industrial Metal Exporter from India for Vietnam Enquiries"" /> <!-- Google Analytics --> <script async src=""https://www.googletagmanager.com/gtag/js?id=G-JT5X5L5H07",,export,yes,yes
grades.html,https://rubinoxmetal.com/grades.html,Material Grades,"Material Grades | Stainless, Duplex, Nickel and Titanium | Rubinox","Browse material grades available for RFQ review at Rubinox Metal and Alloys, including SS 304, 316L, 904L, Duplex 2205, Super Duplex 2507, Inconel, Monel, Hastelloy, Nickel, Titanium and SMO 254 grades.",https://rubinoxmetal.com/grades.html,root,yes,yes
hss-location.html,https://rubinoxmetal.com/hss-location.html,High Speed Steel Location RFQ Pages,High Speed Steel Location RFQ Pages | Rubinox,"High Speed Steel location RFQ hub for HSS M2, M35 and M42 form-city pages in India.",https://rubinoxmetal.com/hss-location.html,root,yes,yes
inconel-625-price-factors-india.html,https://rubinoxmetal.com/inconel-625-price-factors-india.html,Inconel 625 Price Factors in India,Inconel 625 Price Factors in India | RFQ Guide | Rubinox,"Inconel 625 Price Factors in India explained for RFQ buyers without fixed public pricing, covering grade, form, size, quantity, documentation, testing, packing and logistics factors.",https://rubinoxmetal.com/inconel-625-price-factors-india.html,root,yes,yes
index.html,https://rubinoxmetal.com/,"Stainless Steel Supplier, Stockist &amp; Exporter in Mumbai, India | Nickel Alloy &amp; Duplex Metals","Stainless Steel Supplier in Mumbai, India | Rubinox","Rubinox is a Mumbai stockist and supplier of stainless steel, nickel alloys, duplex, titanium and industrial metals across India and worldwide."" /> <link rel=""canonical"" href=""https://rubinoxmetal.com/"" /> <meta property=""og:locale"" content=""en_IN"" /> <meta property=""og:type"" content=""website"" /> <meta property=""og:site_name"" content=""Rubinox Metal and Alloys"" /> <meta property=""og:title"" content=""Stainless Steel Supplier in Mumbai, India | Rubinox"" /> <meta property=""og:description"" content=""Rubinox is a Mumbai stockist and supplier of stainless steel, nickel alloys, duplex, titanium and industrial metals across India and worldwide."" /> <meta property=""og:url"" content=""https://rubinoxmetal.com/"" /> <meta property=""og:image"" content=""https://rubinoxmetal.com/assets/rubinox-social-preview-2026.jpg"" /> <meta property=""og:image:secure_url"" content=""https://rubinoxmetal.com/assets/rubinox-social-preview-2026.jpg"" /> <meta property=""og:image:type"" content=""image/jpeg"" /> <meta property=""og:image:width"" content=""1200"" /> <meta property=""og:image:height"" content=""630"" /> <meta property=""og:image:alt"" content=""Stainless Steel Supplier in Mumbai, India | Rubinox"" /> <meta name=""twitter:card"" content=""summary_large_image"" /> <meta name=""twitter:site"" content=""@rubinoxmetal"" /> <meta name=""twitter:title"" content=""Stainless Steel Supplier in Mumbai, India | Rubinox"" /> <meta name=""twitter:description"" content=""Rubinox is a Mumbai stockist and supplier of stainless steel, nickel alloys, duplex, titanium and industrial metals across India and worldwide."" /> <meta name=""twitter:image"" content=""https://rubinoxmetal.com/assets/rubinox-social-preview-2026.jpg"" /> <meta name=""twitter:image:alt"" content=""Stainless Steel Supplier in Mumbai, India | Rubinox"" /> <meta name=""geo.region"" content=""IN-MH"" /> <meta name=""geo.placename"" content=""Mumbai"" /> <!-- Google Analytics --> <script async src=""https://www.googletagmanager.com/gtag/js?id=G-JT5X5L5H07",,root,yes,yes
industries.html,https://rubinoxmetal.com/industries.html,Industries We Serve,Industries We Serve | Industrial Metal Supplier | Rubinox,"Metals for oil and gas, chemical, marine, power, fabrication and infrastructure projects. PAN India supply, export support and fast quotations."" /> <meta name=""robots"" content=""index,follow"" /> <link rel=""canonical"" href=""https://rubinoxmetal.com/industries.html"" /> <meta property=""og:locale"" content=""en_IN"" /> <meta property=""og:type"" content=""website"" /> <meta property=""og:site_name"" content=""Rubinox Metal and Alloys"" /> <meta property=""og:title"" content=""Industries We Serve | Industrial Metal Supplier | Rubinox"" /> <meta property=""og:description"" content=""Metals for oil and gas, chemical, marine, power, fabrication and infrastructure projects. PAN India supply, export support and fast quotations."" /> <meta property=""og:url"" content=""https://rubinoxmetal.com/industries.html"" /> <meta property=""og:image"" content=""https://rubinoxmetal.com/assets/rubinox-social-preview-2026.jpg"" /> <meta property=""og:image:secure_url"" content=""https://rubinoxmetal.com/assets/rubinox-social-preview-2026.jpg"" /> <meta property=""og:image:type"" content=""image/jpeg"" /> <meta property=""og:image:width"" content=""1200"" /> <meta property=""og:image:height"" content=""630"" /> <meta property=""og:image:alt"" content=""Industries We Serve | Industrial Metal Supplier | Rubinox"" /> <meta name=""twitter:card"" content=""summary_large_image"" /> <meta name=""twitter:site"" content=""@rubinoxmetal"" /> <meta name=""twitter:title"" content=""Industries We Serve | Industrial Metal Supplier | Rubinox"" /> <meta name=""twitter:description"" content=""Metals for oil and gas, chemical, marine, power, fabrication and infrastructure projects. PAN India supply, export support and fast quotations."" /> <meta name=""twitter:image"" content=""https://rubinoxmetal.com/assets/rubinox-social-preview-2026.jpg"" /> <meta name=""twitter:image:alt"" content=""Industries We Serve | Industrial Metal Supplier | Rubinox"" /> <!-- Google Analytics --> <script async src=""https://www.googletagmanager.com/gtag/js?id=G-JT5X5L5H07",,root,yes,yes
knowledge-hub-author.html,https://rubinoxmetal.com/knowledge-hub-author.html,Rubinox Metal and Alloys Procurement Team,Rubinox Metal and Alloys Procurement Team | Editorial Review,"Editorial review information for Rubinox Metal and Alloys Knowledge Hub buyer guides, RFQ guidance, material standards and documentation support content.",https://rubinoxmetal.com/knowledge-hub-author.html,root,yes,yes
locations.html,https://rubinoxmetal.com/locations.html,PAN India Metal Supply Locations,PAN India Metal Supply Locations | Rubinox Metal and Alloys,"Rubinox Metal and Alloys supports PAN India RFQs for stainless steel, duplex, nickel alloys, titanium, SMO 254, aluminium, copper, brass, carbon steel, mild steel and industrial metal products."" /> <meta name=""robots"" content=""index,follow"" /> <link rel=""canonical"" href=""https://rubinoxmetal.com/locations.html"" /> <meta property=""og:locale"" content=""en_IN"" /> <meta property=""og:type"" content=""website"" /> <meta property=""og:site_name"" content=""Rubinox Metal and Alloys"" /> <meta property=""og:title"" content=""PAN India Metal Supply Locations | Rubinox Metal and Alloys"" /> <meta property=""og:description"" content=""Rubinox Metal and Alloys supports PAN India RFQs for stainless steel, duplex, nickel alloys, titanium, SMO 254, aluminium, copper, brass, carbon steel, mild steel and industrial metal products."" /> <meta property=""og:url"" content=""https://rubinoxmetal.com/locations.html"" /> <meta property=""og:image"" content=""https://rubinoxmetal.com/assets/rubinox-social-preview-2026.jpg"" /> <meta property=""og:image:secure_url"" content=""https://rubinoxmetal.com/assets/rubinox-social-preview-2026.jpg"" /> <meta property=""og:image:type"" content=""image/jpeg"" /> <meta property=""og:image:width"" content=""1200"" /> <meta property=""og:image:height"" content=""630"" /> <meta property=""og:image:alt"" content=""PAN India Metal Supply Locations"" /> <meta name=""twitter:card"" content=""summary_large_image"" /> <meta name=""twitter:site"" content=""@rubinoxmetal"" /> <meta name=""twitter:title"" content=""PAN India Metal Supply Locations | Rubinox Metal and Alloys"" /> <meta name=""twitter:description"" content=""Rubinox Metal and Alloys supports PAN India RFQs for stainless steel, duplex, nickel alloys, titanium, SMO 254, aluminium, copper, brass, carbon steel, mild steel and industrial metal products."" /> <meta name=""twitter:image"" content=""https://rubinoxmetal.com/assets/rubinox-social-preview-2026.jpg"" /> <meta name=""twitter:image:alt"" content=""PAN India Metal Supply Locations"" /> <!-- Google Analytics --> <script async src=""https://www.googletagmanager.com/gtag/js?id=G-JT5X5L5H07",,root,yes,yes
locations/ahmedabad.html,https://rubinoxmetal.com/locations/ahmedabad.html,Metal Supplier in Ahmedabad,Metal Supplier in Ahmedabad | Stainless Steel &amp; Alloys | Rubinox,"Rubinox supports Ahmedabad RFQs for stainless steel, duplex, nickel alloys, carbon steel and non-ferrous metals as a stockist, supplier, importer, exporter and project supplier."" /> <meta name=""robots"" content=""index,follow"" /> <link rel=""canonical"" href=""https://rubinoxmetal.com/locations/ahmedabad.html"" /> <meta property=""og:locale"" content=""en_IN"" /> <meta property=""og:type"" content=""website"" /> <meta property=""og:site_name"" content=""Rubinox Metal and Alloys"" /> <meta property=""og:title"" content=""Metal Supplier in Ahmedabad | Stainless Steel &amp; Alloys | Rubinox"" /> <meta property=""og:description"" content=""Rubinox supports Ahmedabad RFQs for stainless steel, duplex, nickel alloys, carbon steel and non-ferrous metals as a stockist, supplier, importer, exporter and project supplier."" /> <meta property=""og:url"" content=""https://rubinoxmetal.com/locations/ahmedabad.html"" /> <meta property=""og:image"" content=""https://rubinoxmetal.com/assets/rubinox-social-preview-2026.jpg"" /> <meta property=""og:image:secure_url"" content=""https://rubinoxmetal.com/assets/rubinox-social-preview-2026.jpg"" /> <meta property=""og:image:type"" content=""image/jpeg"" /> <meta property=""og:image:width"" content=""1200"" /> <meta property=""og:image:height"" content=""630"" /> <meta property=""og:image:alt"" content=""Metal Supplier in Ahmedabad"" /> <meta name=""twitter:card"" content=""summary_large_image"" /> <meta name=""twitter:site"" content=""@rubinoxmetal"" /> <meta name=""twitter:title"" content=""Metal Supplier in Ahmedabad | Stainless Steel &amp; Alloys | Rubinox"" /> <meta name=""twitter:description"" content=""Rubinox supports Ahmedabad RFQs for stainless steel, duplex, nickel alloys, carbon steel and non-ferrous metals as a stockist, supplier, importer, exporter and project supplier."" /> <meta name=""twitter:image"" content=""https://rubinoxmetal.com/assets/rubinox-social-preview-2026.jpg"" /> <meta name=""twitter:image:alt"" content=""Metal Supplier in Ahmedabad"" /> <!-- Google Analytics --> <script async src=""https://www.googletagmanager.com/gtag/js?id=G-JT5X5L5H07",,locations,yes,yes
locations/ankleshwar.html,https://rubinoxmetal.com/locations/ankleshwar.html,Metal Supplier in Ankleshwar,Metal Supplier in Ankleshwar | Stainless Steel &amp; Alloys | Rubinox,"Rubinox supports Ankleshwar RFQs for chemical, pharma, process equipment, utilities, fabrication and maintenance with stainless steel, duplex steel, nickel alloys, carbon steel and non-ferrous metal quotation support from Mumbai for PAN India enquiries."" /> <meta name=""robots"" content=""index,follow"" /> <link rel=""canonical"" href=""https://rubinoxmetal.com/locations/ankleshwar.html"" /> <meta property=""og:locale"" content=""en_IN"" /> <meta property=""og:type"" content=""website"" /> <meta property=""og:site_name"" content=""Rubinox Metal and Alloys"" /> <meta property=""og:title"" content=""Metal Supplier in Ankleshwar | Stainless Steel &amp; Alloys | Rubinox"" /> <meta property=""og:description"" content=""Rubinox supports Ankleshwar RFQs for chemical, pharma, process equipment, utilities, fabrication and maintenance with stainless steel, duplex steel, nickel alloys, carbon steel and non-ferrous metal quotation support from Mumbai for PAN India enquiries."" /> <meta property=""og:url"" content=""https://rubinoxmetal.com/locations/ankleshwar.html"" /> <meta property=""og:image"" content=""https://rubinoxmetal.com/assets/rubinox-social-preview-2026.jpg"" /> <meta property=""og:image:secure_url"" content=""https://rubinoxmetal.com/assets/rubinox-social-preview-2026.jpg"" /> <meta property=""og:image:type"" content=""image/jpeg"" /> <meta property=""og:image:width"" content=""1200"" /> <meta property=""og:image:height"" content=""630"" /> <meta property=""og:image:alt"" content=""Metal Supplier in Ankleshwar"" /> <meta name=""twitter:card"" content=""summary_large_image"" /> <meta name=""twitter:site"" content=""@rubinoxmetal"" /> <meta name=""twitter:title"" content=""Metal Supplier in Ankleshwar | Stainless Steel &amp; Alloys | Rubinox"" /> <meta name=""twitter:description"" content=""Rubinox supports Ankleshwar RFQs for chemical, pharma, process equipment, utilities, fabrication and maintenance with stainless steel, duplex steel, nickel alloys, carbon steel and non-ferrous metal quotation support from Mumbai for PAN India enquiries."" /> <meta name=""twitter:image"" content=""https://rubinoxmetal.com/assets/rubinox-social-preview-2026.jpg"" /> <meta name=""twitter:image:alt"" content=""Metal Supplier in Ankleshwar"" /> <!-- Google Analytics --> <script async src=""https://www.googletagmanager.com/gtag/js?id=G-JT5X5L5H07",,locations,yes,yes
locations/bengaluru.html,https://rubinoxmetal.com/locations/bengaluru.html,Metal Supplier in Bengaluru,Metal Supplier in Bengaluru | Stainless Steel &amp; Alloys | Rubinox,"Rubinox supports Bengaluru RFQs for stainless steel, duplex, nickel alloys, carbon steel and non-ferrous metals as a stockist, supplier, importer, exporter and project supplier."" /> <meta name=""robots"" content=""index,follow"" /> <link rel=""canonical"" href=""https://rubinoxmetal.com/locations/bengaluru.html"" /> <meta property=""og:locale"" content=""en_IN"" /> <meta property=""og:type"" content=""website"" /> <meta property=""og:site_name"" content=""Rubinox Metal and Alloys"" /> <meta property=""og:title"" content=""Metal Supplier in Bengaluru | Stainless Steel &amp; Alloys | Rubinox"" /> <meta property=""og:description"" content=""Rubinox supports Bengaluru RFQs for stainless steel, duplex, nickel alloys, carbon steel and non-ferrous metals as a stockist, supplier, importer, exporter and project supplier."" /> <meta property=""og:url"" content=""https://rubinoxmetal.com/locations/bengaluru.html"" /> <meta property=""og:image"" content=""https://rubinoxmetal.com/assets/rubinox-social-preview-2026.jpg"" /> <meta property=""og:image:secure_url"" content=""https://rubinoxmetal.com/assets/rubinox-social-preview-2026.jpg"" /> <meta property=""og:image:type"" content=""image/jpeg"" /> <meta property=""og:image:width"" content=""1200"" /> <meta property=""og:image:height"" content=""630"" /> <meta property=""og:image:alt"" content=""Metal Supplier in Bengaluru"" /> <meta name=""twitter:card"" content=""summary_large_image"" /> <meta name=""twitter:site"" content=""@rubinoxmetal"" /> <meta name=""twitter:title"" content=""Metal Supplier in Bengaluru | Stainless Steel &amp; Alloys | Rubinox"" /> <meta name=""twitter:description"" content=""Rubinox supports Bengaluru RFQs for stainless steel, duplex, nickel alloys, carbon steel and non-ferrous metals as a stockist, supplier, importer, exporter and project supplier."" /> <meta name=""twitter:image"" content=""https://rubinoxmetal.com/assets/rubinox-social-preview-2026.jpg"" /> <meta name=""twitter:image:alt"" content=""Metal Supplier in Bengaluru"" /> <!-- Google Analytics --> <script async src=""https://www.googletagmanager.com/gtag/js?id=G-JT5X5L5H07",,locations,yes,yes
locations/bharuch.html,https://rubinoxmetal.com/locations/bharuch.html,Metal Supplier in Bharuch,Metal Supplier in Bharuch | Stainless Steel &amp; Alloys | Rubinox,"Rubinox supports Bharuch RFQs for chemical, petrochemical, fertilizer, process plants, EPC and maintenance with stainless steel, duplex steel, nickel alloys, carbon steel and non-ferrous metal quotation support from Mumbai for PAN India enquiries."" /> <meta name=""robots"" content=""index,follow"" /> <link rel=""canonical"" href=""https://rubinoxmetal.com/locations/bharuch.html"" /> <meta property=""og:locale"" content=""en_IN"" /> <meta property=""og:type"" content=""website"" /> <meta property=""og:site_name"" content=""Rubinox Metal and Alloys"" /> <meta property=""og:title"" content=""Metal Supplier in Bharuch | Stainless Steel &amp; Alloys | Rubinox"" /> <meta property=""og:description"" content=""Rubinox supports Bharuch RFQs for chemical, petrochemical, fertilizer, process plants, EPC and maintenance with stainless steel, duplex steel, nickel alloys, carbon steel and non-ferrous metal quotation support from Mumbai for PAN India enquiries."" /> <meta property=""og:url"" content=""https://rubinoxmetal.com/locations/bharuch.html"" /> <meta property=""og:image"" content=""https://rubinoxmetal.com/assets/rubinox-social-preview-2026.jpg"" /> <meta property=""og:image:secure_url"" content=""https://rubinoxmetal.com/assets/rubinox-social-preview-2026.jpg"" /> <meta property=""og:image:type"" content=""image/jpeg"" /> <meta property=""og:image:width"" content=""1200"" /> <meta property=""og:image:height"" content=""630"" /> <meta property=""og:image:alt"" content=""Metal Supplier in Bharuch"" /> <meta name=""twitter:card"" content=""summary_large_image"" /> <meta name=""twitter:site"" content=""@rubinoxmetal"" /> <meta name=""twitter:title"" content=""Metal Supplier in Bharuch | Stainless Steel &amp; Alloys | Rubinox"" /> <meta name=""twitter:description"" content=""Rubinox supports Bharuch RFQs for chemical, petrochemical, fertilizer, process plants, EPC and maintenance with stainless steel, duplex steel, nickel alloys, carbon steel and non-ferrous metal quotation support from Mumbai for PAN India enquiries."" /> <meta name=""twitter:image"" content=""https://rubinoxmetal.com/assets/rubinox-social-preview-2026.jpg"" /> <meta name=""twitter:image:alt"" content=""Metal Supplier in Bharuch"" /> <!-- Google Analytics --> <script async src=""https://www.googletagmanager.com/gtag/js?id=G-JT5X5L5H07",,locations,yes,yes
locations/bhilai.html,https://rubinoxmetal.com/locations/bhilai.html,Metal Supplier in Bhilai,Metal Supplier in Bhilai | Stainless Steel &amp; Alloys | Rubinox,"Rubinox supports Bhilai RFQs for steel, fabrication, power, rail, mining and maintenance with stainless steel, duplex steel, nickel alloys, carbon steel and non-ferrous metal quotation support from Mumbai for PAN India enquiries."" /> <meta name=""robots"" content=""index,follow"" /> <link rel=""canonical"" href=""https://rubinoxmetal.com/locations/bhilai.html"" /> <meta property=""og:locale"" content=""en_IN"" /> <meta property=""og:type"" content=""website"" /> <meta property=""og:site_name"" content=""Rubinox Metal and Alloys"" /> <meta property=""og:title"" content=""Metal Supplier in Bhilai | Stainless Steel &amp; Alloys | Rubinox"" /> <meta property=""og:description"" content=""Rubinox supports Bhilai RFQs for steel, fabrication, power, rail, mining and maintenance with stainless steel, duplex steel, nickel alloys, carbon steel and non-ferrous metal quotation support from Mumbai for PAN India enquiries."" /> <meta property=""og:url"" content=""https://rubinoxmetal.com/locations/bhilai.html"" /> <meta property=""og:image"" content=""https://rubinoxmetal.com/assets/rubinox-social-preview-2026.jpg"" /> <meta property=""og:image:secure_url"" content=""https://rubinoxmetal.com/assets/rubinox-social-preview-2026.jpg"" /> <meta property=""og:image:type"" content=""image/jpeg"" /> <meta property=""og:image:width"" content=""1200"" /> <meta property=""og:image:height"" content=""630"" /> <meta property=""og:image:alt"" content=""Metal Supplier in Bhilai"" /> <meta name=""twitter:card"" content=""summary_large_image"" /> <meta name=""twitter:site"" content=""@rubinoxmetal"" /> <meta name=""twitter:title"" content=""Metal Supplier in Bhilai | Stainless Steel &amp; Alloys | Rubinox"" /> <meta name=""twitter:description"" content=""Rubinox supports Bhilai RFQs for steel, fabrication, power, rail, mining and maintenance with stainless steel, duplex steel, nickel alloys, carbon steel and non-ferrous metal quotation support from Mumbai for PAN India enquiries."" /> <meta name=""twitter:image"" content=""https://rubinoxmetal.com/assets/rubinox-social-preview-2026.jpg"" /> <meta name=""twitter:image:alt"" content=""Metal Supplier in Bhilai"" /> <!-- Google Analytics --> <script async src=""https://www.googletagmanager.com/gtag/js?id=G-JT5X5L5H07",,locations,yes,yes
locations/bhopal-mandideep.html,https://rubinoxmetal.com/locations/bhopal-mandideep.html,Metal Supplier in Bhopal / Mandideep,Metal Supplier in Bhopal / Mandideep | Rubinox,"Rubinox supports Bhopal / Mandideep RFQs for pharma, engineering, fabrication, process equipment and project buying with stainless steel, duplex steel, nickel alloys, carbon steel and non-ferrous metal quotation support from Mumbai for PAN India enquiries."" /> <meta name=""robots"" content=""index,follow"" /> <link rel=""canonical"" href=""https://rubinoxmetal.com/locations/bhopal-mandideep.html"" /> <meta property=""og:locale"" content=""en_IN"" /> <meta property=""og:type"" content=""website"" /> <meta property=""og:site_name"" content=""Rubinox Metal and Alloys"" /> <meta property=""og:title"" content=""Metal Supplier in Bhopal / Mandideep | Rubinox"" /> <meta property=""og:description"" content=""Rubinox supports Bhopal / Mandideep RFQs for pharma, engineering, fabrication, process equipment and project buying with stainless steel, duplex steel, nickel alloys, carbon steel and non-ferrous metal quotation support from Mumbai for PAN India enquiries."" /> <meta property=""og:url"" content=""https://rubinoxmetal.com/locations/bhopal-mandideep.html"" /> <meta property=""og:image"" content=""https://rubinoxmetal.com/assets/rubinox-social-preview-2026.jpg"" /> <meta property=""og:image:secure_url"" content=""https://rubinoxmetal.com/assets/rubinox-social-preview-2026.jpg"" /> <meta property=""og:image:type"" content=""image/jpeg"" /> <meta property=""og:image:width"" content=""1200"" /> <meta property=""og:image:height"" content=""630"" /> <meta property=""og:image:alt"" content=""Metal Supplier in Bhopal / Mandideep"" /> <meta name=""twitter:card"" content=""summary_large_image"" /> <meta name=""twitter:site"" content=""@rubinoxmetal"" /> <meta name=""twitter:title"" content=""Metal Supplier in Bhopal / Mandideep | Rubinox"" /> <meta name=""twitter:description"" content=""Rubinox supports Bhopal / Mandideep RFQs for pharma, engineering, fabrication, process equipment and project buying with stainless steel, duplex steel, nickel alloys, carbon steel and non-ferrous metal quotation support from Mumbai for PAN India enquiries."" /> <meta name=""twitter:image"" content=""https://rubinoxmetal.com/assets/rubinox-social-preview-2026.jpg"" /> <meta name=""twitter:image:alt"" content=""Metal Supplier in Bhopal / Mandideep"" /> <!-- Google Analytics --> <script async src=""https://www.googletagmanager.com/gtag/js?id=G-JT5X5L5H07",,locations,yes,yes
locations/chakan-pimpri-chinchwad.html,https://rubinoxmetal.com/locations/chakan-pimpri-chinchwad.html,Metal Supplier in Chakan / Pimpri-Chinchwad,Metal Supplier in Chakan / Pimpri-Chinchwad | Rubinox,"Rubinox supports Chakan / Pimpri-Chinchwad RFQs for automotive, engineering, fabrication, machinery and project buying with stainless steel, duplex steel, nickel alloys, carbon steel and non-ferrous metal quotation support from Mumbai for PAN India enquiries."" /> <meta name=""robots"" content=""index,follow"" /> <link rel=""canonical"" href=""https://rubinoxmetal.com/locations/chakan-pimpri-chinchwad.html"" /> <meta property=""og:locale"" content=""en_IN"" /> <meta property=""og:type"" content=""website"" /> <meta property=""og:site_name"" content=""Rubinox Metal and Alloys"" /> <meta property=""og:title"" content=""Metal Supplier in Chakan / Pimpri-Chinchwad | Rubinox"" /> <meta property=""og:description"" content=""Rubinox supports Chakan / Pimpri-Chinchwad RFQs for automotive, engineering, fabrication, machinery and project buying with stainless steel, duplex steel, nickel alloys, carbon steel and non-ferrous metal quotation support from Mumbai for PAN India enquiries."" /> <meta property=""og:url"" content=""https://rubinoxmetal.com/locations/chakan-pimpri-chinchwad.html"" /> <meta property=""og:image"" content=""https://rubinoxmetal.com/assets/rubinox-social-preview-2026.jpg"" /> <meta property=""og:image:secure_url"" content=""https://rubinoxmetal.com/assets/rubinox-social-preview-2026.jpg"" /> <meta property=""og:image:type"" content=""image/jpeg"" /> <meta property=""og:image:width"" content=""1200"" /> <meta property=""og:image:height"" content=""630"" /> <meta property=""og:image:alt"" content=""Metal Supplier in Chakan / Pimpri-Chinchwad"" /> <meta name=""twitter:card"" content=""summary_large_image"" /> <meta name=""twitter:site"" content=""@rubinoxmetal"" /> <meta name=""twitter:title"" content=""Metal Supplier in Chakan / Pimpri-Chinchwad | Rubinox"" /> <meta name=""twitter:description"" content=""Rubinox supports Chakan / Pimpri-Chinchwad RFQs for automotive, engineering, fabrication, machinery and project buying with stainless steel, duplex steel, nickel alloys, carbon steel and non-ferrous metal quotation support from Mumbai for PAN India enquiries."" /> <meta name=""twitter:image"" content=""https://rubinoxmetal.com/assets/rubinox-social-preview-2026.jpg"" /> <meta name=""twitter:image:alt"" content=""Metal Supplier in Chakan / Pimpri-Chinchwad"" /> <!-- Google Analytics --> <script async src=""https://www.googletagmanager.com/gtag/js?id=G-JT5X5L5H07",,locations,yes,yes
locations/chennai.html,https://rubinoxmetal.com/locations/chennai.html,Metal Supplier in Chennai,Metal Supplier in Chennai | Stainless Steel &amp; Alloys | Rubinox,"Rubinox supports Chennai RFQs for stainless steel, duplex, nickel alloys, carbon steel and non-ferrous metals as a stockist, supplier, importer, exporter and project supplier."" /> <meta name=""robots"" content=""index,follow"" /> <link rel=""canonical"" href=""https://rubinoxmetal.com/locations/chennai.html"" /> <meta property=""og:locale"" content=""en_IN"" /> <meta property=""og:type"" content=""website"" /> <meta property=""og:site_name"" content=""Rubinox Metal and Alloys"" /> <meta property=""og:title"" content=""Metal Supplier in Chennai | Stainless Steel &amp; Alloys | Rubinox"" /> <meta property=""og:description"" content=""Rubinox supports Chennai RFQs for stainless steel, duplex, nickel alloys, carbon steel and non-ferrous metals as a stockist, supplier, importer, exporter and project supplier."" /> <meta property=""og:url"" content=""https://rubinoxmetal.com/locations/chennai.html"" /> <meta property=""og:image"" content=""https://rubinoxmetal.com/assets/rubinox-social-preview-2026.jpg"" /> <meta property=""og:image:secure_url"" content=""https://rubinoxmetal.com/assets/rubinox-social-preview-2026.jpg"" /> <meta property=""og:image:type"" content=""image/jpeg"" /> <meta property=""og:image:width"" content=""1200"" /> <meta property=""og:image:height"" content=""630"" /> <meta property=""og:image:alt"" content=""Metal Supplier in Chennai"" /> <meta name=""twitter:card"" content=""summary_large_image"" /> <meta name=""twitter:site"" content=""@rubinoxmetal"" /> <meta name=""twitter:title"" content=""Metal Supplier in Chennai | Stainless Steel &amp; Alloys | Rubinox"" /> <meta name=""twitter:description"" content=""Rubinox supports Chennai RFQs for stainless steel, duplex, nickel alloys, carbon steel and non-ferrous metals as a stockist, supplier, importer, exporter and project supplier."" /> <meta name=""twitter:image"" content=""https://rubinoxmetal.com/assets/rubinox-social-preview-2026.jpg"" /> <meta name=""twitter:image:alt"" content=""Metal Supplier in Chennai"" /> <!-- Google Analytics --> <script async src=""https://www.googletagmanager.com/gtag/js?id=G-JT5X5L5H07",,locations,yes,yes
locations/chhatrapati-sambhajinagar-aurangabad.html,https://rubinoxmetal.com/locations/chhatrapati-sambhajinagar-aurangabad.html,Metal Supplier in Chhatrapati Sambhajinagar / Aurangabad,Metal Supplier in Sambhajinagar / Aurangabad | Rubinox,"Rubinox supports Chhatrapati Sambhajinagar / Aurangabad RFQs for automotive, engineering, pharma, beverage processing, fabrication and infrastructure with stainless steel, duplex steel, nickel alloys, carbon steel and non-ferrous metal quotation support from Mumbai for PAN India enquiries."" /> <meta name=""robots"" content=""index,follow"" /> <link rel=""canonical"" href=""https://rubinoxmetal.com/locations/chhatrapati-sambhajinagar-aurangabad.html"" /> <meta property=""og:locale"" content=""en_IN"" /> <meta property=""og:type"" content=""website"" /> <meta property=""og:site_name"" content=""Rubinox Metal and Alloys"" /> <meta property=""og:title"" content=""Metal Supplier in Sambhajinagar / Aurangabad | Rubinox"" /> <meta property=""og:description"" content=""Rubinox supports Chhatrapati Sambhajinagar / Aurangabad RFQs for automotive, engineering, pharma, beverage processing, fabrication and infrastructure with stainless steel, duplex steel, nickel alloys, carbon steel and non-ferrous metal quotation support from Mumbai for PAN India enquiries."" /> <meta property=""og:url"" content=""https://rubinoxmetal.com/locations/chhatrapati-sambhajinagar-aurangabad.html"" /> <meta property=""og:image"" content=""https://rubinoxmetal.com/assets/rubinox-social-preview-2026.jpg"" /> <meta property=""og:image:secure_url"" content=""https://rubinoxmetal.com/assets/rubinox-social-preview-2026.jpg"" /> <meta property=""og:image:type"" content=""image/jpeg"" /> <meta property=""og:image:width"" content=""1200"" /> <meta property=""og:image:height"" content=""630"" /> <meta property=""og:image:alt"" content=""Metal Supplier in Chhatrapati Sambhajinagar / Aurangabad"" /> <meta name=""twitter:card"" content=""summary_large_image"" /> <meta name=""twitter:site"" content=""@rubinoxmetal"" /> <meta name=""twitter:title"" content=""Metal Supplier in Sambhajinagar / Aurangabad | Rubinox"" /> <meta name=""twitter:description"" content=""Rubinox supports Chhatrapati Sambhajinagar / Aurangabad RFQs for automotive, engineering, pharma, beverage processing, fabrication and infrastructure with stainless steel, duplex steel, nickel alloys, carbon steel and non-ferrous metal quotation support from Mumbai for PAN India enquiries."" /> <meta name=""twitter:image"" content=""https://rubinoxmetal.com/assets/rubinox-social-preview-2026.jpg"" /> <meta name=""twitter:image:alt"" content=""Metal Supplier in Chhatrapati Sambhajinagar / Aurangabad"" /> <!-- Google Analytics --> <script async src=""https://www.googletagmanager.com/gtag/js?id=G-JT5X5L5H07",,locations,yes,yes
locations/coimbatore.html,https://rubinoxmetal.com/locations/coimbatore.html,Metal Supplier in Coimbatore,Metal Supplier in Coimbatore | Stainless Steel &amp; Alloys | Rubinox,"Rubinox supports Coimbatore RFQs for pumps, textile machinery, engineering, foundry, fabrication and equipment with stainless steel, duplex steel, nickel alloys, carbon steel and non-ferrous metal quotation support from Mumbai for PAN India enquiries."" /> <meta name=""robots"" content=""index,follow"" /> <link rel=""canonical"" href=""https://rubinoxmetal.com/locations/coimbatore.html"" /> <meta property=""og:locale"" content=""en_IN"" /> <meta property=""og:type"" content=""website"" /> <meta property=""og:site_name"" content=""Rubinox Metal and Alloys"" /> <meta property=""og:title"" content=""Metal Supplier in Coimbatore | Stainless Steel &amp; Alloys | Rubinox"" /> <meta property=""og:description"" content=""Rubinox supports Coimbatore RFQs for pumps, textile machinery, engineering, foundry, fabrication and equipment with stainless steel, duplex steel, nickel alloys, carbon steel and non-ferrous metal quotation support from Mumbai for PAN India enquiries."" /> <meta property=""og:url"" content=""https://rubinoxmetal.com/locations/coimbatore.html"" /> <meta property=""og:image"" content=""https://rubinoxmetal.com/assets/rubinox-social-preview-2026.jpg"" /> <meta property=""og:image:secure_url"" content=""https://rubinoxmetal.com/assets/rubinox-social-preview-2026.jpg"" /> <meta property=""og:image:type"" content=""image/jpeg"" /> <meta property=""og:image:width"" content=""1200"" /> <meta property=""og:image:height"" content=""630"" /> <meta property=""og:image:alt"" content=""Metal Supplier in Coimbatore"" /> <meta name=""twitter:card"" content=""summary_large_image"" /> <meta name=""twitter:site"" content=""@rubinoxmetal"" /> <meta name=""twitter:title"" content=""Metal Supplier in Coimbatore | Stainless Steel &amp; Alloys | Rubinox"" /> <meta name=""twitter:description"" content=""Rubinox supports Coimbatore RFQs for pumps, textile machinery, engineering, foundry, fabrication and equipment with stainless steel, duplex steel, nickel alloys, carbon steel and non-ferrous metal quotation support from Mumbai for PAN India enquiries."" /> <meta name=""twitter:image"" content=""https://rubinoxmetal.com/assets/rubinox-social-preview-2026.jpg"" /> <meta name=""twitter:image:alt"" content=""Metal Supplier in Coimbatore"" /> <!-- Google Analytics --> <script async src=""https://www.googletagmanager.com/gtag/js?id=G-JT5X5L5H07",,locations,yes,yes
locations/delhi.html,https://rubinoxmetal.com/locations/delhi.html,Metal Supplier in Delhi NCR,Metal Supplier in Delhi NCR | Stainless Steel &amp; Alloys | Rubinox,"Rubinox supports Delhi NCR RFQs for stainless steel, duplex, nickel alloys, carbon steel and non-ferrous metals as a stockist, supplier, importer, exporter and project supplier."" /> <meta name=""robots"" content=""index,follow"" /> <link rel=""canonical"" href=""https://rubinoxmetal.com/locations/delhi.html"" /> <meta property=""og:locale"" content=""en_IN"" /> <meta property=""og:type"" content=""website"" /> <meta property=""og:site_name"" content=""Rubinox Metal and Alloys"" /> <meta property=""og:title"" content=""Metal Supplier in Delhi NCR | Stainless Steel &amp; Alloys | Rubinox"" /> <meta property=""og:description"" content=""Rubinox supports Delhi NCR RFQs for stainless steel, duplex, nickel alloys, carbon steel and non-ferrous metals as a stockist, supplier, importer, exporter and project supplier."" /> <meta property=""og:url"" content=""https://rubinoxmetal.com/locations/delhi.html"" /> <meta property=""og:image"" content=""https://rubinoxmetal.com/assets/rubinox-social-preview-2026.jpg"" /> <meta property=""og:image:secure_url"" content=""https://rubinoxmetal.com/assets/rubinox-social-preview-2026.jpg"" /> <meta property=""og:image:type"" content=""image/jpeg"" /> <meta property=""og:image:width"" content=""1200"" /> <meta property=""og:image:height"" content=""630"" /> <meta property=""og:image:alt"" content=""Metal Supplier in Delhi"" /> <meta name=""twitter:card"" content=""summary_large_image"" /> <meta name=""twitter:site"" content=""@rubinoxmetal"" /> <meta name=""twitter:title"" content=""Metal Supplier in Delhi NCR | Stainless Steel &amp; Alloys | Rubinox"" /> <meta name=""twitter:description"" content=""Rubinox supports Delhi NCR RFQs for stainless steel, duplex, nickel alloys, carbon steel and non-ferrous metals as a stockist, supplier, importer, exporter and project supplier."" /> <meta name=""twitter:image"" content=""https://rubinoxmetal.com/assets/rubinox-social-preview-2026.jpg"" /> <meta name=""twitter:image:alt"" content=""Metal Supplier in Delhi"" /> <!-- Google Analytics --> <script async src=""https://www.googletagmanager.com/gtag/js?id=G-JT5X5L5H07",,locations,yes,yes
locations/dholera-sanand.html,https://rubinoxmetal.com/locations/dholera-sanand.html,Metal Supplier in Dholera / Sanand,Metal Supplier in Dholera / Sanand | Rubinox,"Rubinox supports Dholera / Sanand RFQs for automotive, engineering, infrastructure, industrial parks and project buying with stainless steel, duplex steel, nickel alloys, carbon steel and non-ferrous metal quotation support from Mumbai for PAN India enquiries."" /> <meta name=""robots"" content=""index,follow"" /> <link rel=""canonical"" href=""https://rubinoxmetal.com/locations/dholera-sanand.html"" /> <meta property=""og:locale"" content=""en_IN"" /> <meta property=""og:type"" content=""website"" /> <meta property=""og:site_name"" content=""Rubinox Metal and Alloys"" /> <meta property=""og:title"" content=""Metal Supplier in Dholera / Sanand | Rubinox"" /> <meta property=""og:description"" content=""Rubinox supports Dholera / Sanand RFQs for automotive, engineering, infrastructure, industrial parks and project buying with stainless steel, duplex steel, nickel alloys, carbon steel and non-ferrous metal quotation support from Mumbai for PAN India enquiries."" /> <meta property=""og:url"" content=""https://rubinoxmetal.com/locations/dholera-sanand.html"" /> <meta property=""og:image"" content=""https://rubinoxmetal.com/assets/rubinox-social-preview-2026.jpg"" /> <meta property=""og:image:secure_url"" content=""https://rubinoxmetal.com/assets/rubinox-social-preview-2026.jpg"" /> <meta property=""og:image:type"" content=""image/jpeg"" /> <meta property=""og:image:width"" content=""1200"" /> <meta property=""og:image:height"" content=""630"" /> <meta property=""og:image:alt"" content=""Metal Supplier in Dholera / Sanand"" /> <meta name=""twitter:card"" content=""summary_large_image"" /> <meta name=""twitter:site"" content=""@rubinoxmetal"" /> <meta name=""twitter:title"" content=""Metal Supplier in Dholera / Sanand | Rubinox"" /> <meta name=""twitter:description"" content=""Rubinox supports Dholera / Sanand RFQs for automotive, engineering, infrastructure, industrial parks and project buying with stainless steel, duplex steel, nickel alloys, carbon steel and non-ferrous metal quotation support from Mumbai for PAN India enquiries."" /> <meta name=""twitter:image"" content=""https://rubinoxmetal.com/assets/rubinox-social-preview-2026.jpg"" /> <meta name=""twitter:image:alt"" content=""Metal Supplier in Dholera / Sanand"" /> <!-- Google Analytics --> <script async src=""https://www.googletagmanager.com/gtag/js?id=G-JT5X5L5H07",,locations,yes,yes
locations/faridabad.html,https://rubinoxmetal.com/locations/faridabad.html,Metal Supplier in Faridabad,Metal Supplier in Faridabad | Stainless Steel &amp; Alloys | Rubinox,"Rubinox supports Faridabad RFQs for fabrication, machinery, engineering, automotive, power and EPC with stainless steel, duplex steel, nickel alloys, carbon steel and non-ferrous metal quotation support from Mumbai for PAN India enquiries."" /> <meta name=""robots"" content=""index,follow"" /> <link rel=""canonical"" href=""https://rubinoxmetal.com/locations/faridabad.html"" /> <meta property=""og:locale"" content=""en_IN"" /> <meta property=""og:type"" content=""website"" /> <meta property=""og:site_name"" content=""Rubinox Metal and Alloys"" /> <meta property=""og:title"" content=""Metal Supplier in Faridabad | Stainless Steel &amp; Alloys | Rubinox"" /> <meta property=""og:description"" content=""Rubinox supports Faridabad RFQs for fabrication, machinery, engineering, automotive, power and EPC with stainless steel, duplex steel, nickel alloys, carbon steel and non-ferrous metal quotation support from Mumbai for PAN India enquiries."" /> <meta property=""og:url"" content=""https://rubinoxmetal.com/locations/faridabad.html"" /> <meta property=""og:image"" content=""https://rubinoxmetal.com/assets/rubinox-social-preview-2026.jpg"" /> <meta property=""og:image:secure_url"" content=""https://rubinoxmetal.com/assets/rubinox-social-preview-2026.jpg"" /> <meta property=""og:image:type"" content=""image/jpeg"" /> <meta property=""og:image:width"" content=""1200"" /> <meta property=""og:image:height"" content=""630"" /> <meta property=""og:image:alt"" content=""Metal Supplier in Faridabad"" /> <meta name=""twitter:card"" content=""summary_large_image"" /> <meta name=""twitter:site"" content=""@rubinoxmetal"" /> <meta name=""twitter:title"" content=""Metal Supplier in Faridabad | Stainless Steel &amp; Alloys | Rubinox"" /> <meta name=""twitter:description"" content=""Rubinox supports Faridabad RFQs for fabrication, machinery, engineering, automotive, power and EPC with stainless steel, duplex steel, nickel alloys, carbon steel and non-ferrous metal quotation support from Mumbai for PAN India enquiries."" /> <meta name=""twitter:image"" content=""https://rubinoxmetal.com/assets/rubinox-social-preview-2026.jpg"" /> <meta name=""twitter:image:alt"" content=""Metal Supplier in Faridabad"" /> <!-- Google Analytics --> <script async src=""https://www.googletagmanager.com/gtag/js?id=G-JT5X5L5H07",,locations,yes,yes
locations/ghaziabad.html,https://rubinoxmetal.com/locations/ghaziabad.html,Metal Supplier in Ghaziabad,Metal Supplier in Ghaziabad | Stainless Steel &amp; Alloys | Rubinox,"Rubinox supports Ghaziabad RFQs for engineering, fabrication, construction, rail, machinery and infrastructure with stainless steel, duplex steel, nickel alloys, carbon steel and non-ferrous metal quotation support from Mumbai for PAN India enquiries."" /> <meta name=""robots"" content=""index,follow"" /> <link rel=""canonical"" href=""https://rubinoxmetal.com/locations/ghaziabad.html"" /> <meta property=""og:locale"" content=""en_IN"" /> <meta property=""og:type"" content=""website"" /> <meta property=""og:site_name"" content=""Rubinox Metal and Alloys"" /> <meta property=""og:title"" content=""Metal Supplier in Ghaziabad | Stainless Steel &amp; Alloys | Rubinox"" /> <meta property=""og:description"" content=""Rubinox supports Ghaziabad RFQs for engineering, fabrication, construction, rail, machinery and infrastructure with stainless steel, duplex steel, nickel alloys, carbon steel and non-ferrous metal quotation support from Mumbai for PAN India enquiries."" /> <meta property=""og:url"" content=""https://rubinoxmetal.com/locations/ghaziabad.html"" /> <meta property=""og:image"" content=""https://rubinoxmetal.com/assets/rubinox-social-preview-2026.jpg"" /> <meta property=""og:image:secure_url"" content=""https://rubinoxmetal.com/assets/rubinox-social-preview-2026.jpg"" /> <meta property=""og:image:type"" content=""image/jpeg"" /> <meta property=""og:image:width"" content=""1200"" /> <meta property=""og:image:height"" content=""630"" /> <meta property=""og:image:alt"" content=""Metal Supplier in Ghaziabad"" /> <meta name=""twitter:card"" content=""summary_large_image"" /> <meta name=""twitter:site"" content=""@rubinoxmetal"" /> <meta name=""twitter:title"" content=""Metal Supplier in Ghaziabad | Stainless Steel &amp; Alloys | Rubinox"" /> <meta name=""twitter:description"" content=""Rubinox supports Ghaziabad RFQs for engineering, fabrication, construction, rail, machinery and infrastructure with stainless steel, duplex steel, nickel alloys, carbon steel and non-ferrous metal quotation support from Mumbai for PAN India enquiries."" /> <meta name=""twitter:image"" content=""https://rubinoxmetal.com/assets/rubinox-social-preview-2026.jpg"" /> <meta name=""twitter:image:alt"" content=""Metal Supplier in Ghaziabad"" /> <!-- Google Analytics --> <script async src=""https://www.googletagmanager.com/gtag/js?id=G-JT5X5L5H07",,locations,yes,yes
locations/greater-noida.html,https://rubinoxmetal.com/locations/greater-noida.html,Metal Supplier in Greater Noida,Metal Supplier in Greater Noida | Rubinox,"Rubinox supports Greater Noida RFQs for electronics, automotive, engineering, fabrication and project buying with stainless steel, duplex steel, nickel alloys, carbon steel and non-ferrous metal quotation support from Mumbai for PAN India enquiries."" /> <meta name=""robots"" content=""index,follow"" /> <link rel=""canonical"" href=""https://rubinoxmetal.com/locations/greater-noida.html"" /> <meta property=""og:locale"" content=""en_IN"" /> <meta property=""og:type"" content=""website"" /> <meta property=""og:site_name"" content=""Rubinox Metal and Alloys"" /> <meta property=""og:title"" content=""Metal Supplier in Greater Noida | Rubinox"" /> <meta property=""og:description"" content=""Rubinox supports Greater Noida RFQs for electronics, automotive, engineering, fabrication and project buying with stainless steel, duplex steel, nickel alloys, carbon steel and non-ferrous metal quotation support from Mumbai for PAN India enquiries."" /> <meta property=""og:url"" content=""https://rubinoxmetal.com/locations/greater-noida.html"" /> <meta property=""og:image"" content=""https://rubinoxmetal.com/assets/rubinox-social-preview-2026.jpg"" /> <meta property=""og:image:secure_url"" content=""https://rubinoxmetal.com/assets/rubinox-social-preview-2026.jpg"" /> <meta property=""og:image:type"" content=""image/jpeg"" /> <meta property=""og:image:width"" content=""1200"" /> <meta property=""og:image:height"" content=""630"" /> <meta property=""og:image:alt"" content=""Metal Supplier in Greater Noida"" /> <meta name=""twitter:card"" content=""summary_large_image"" /> <meta name=""twitter:site"" content=""@rubinoxmetal"" /> <meta name=""twitter:title"" content=""Metal Supplier in Greater Noida | Rubinox"" /> <meta name=""twitter:description"" content=""Rubinox supports Greater Noida RFQs for electronics, automotive, engineering, fabrication and project buying with stainless steel, duplex steel, nickel alloys, carbon steel and non-ferrous metal quotation support from Mumbai for PAN India enquiries."" /> <meta name=""twitter:image"" content=""https://rubinoxmetal.com/assets/rubinox-social-preview-2026.jpg"" /> <meta name=""twitter:image:alt"" content=""Metal Supplier in Greater Noida"" /> <!-- Google Analytics --> <script async src=""https://www.googletagmanager.com/gtag/js?id=G-JT5X5L5H07",,locations,yes,yes
locations/gurugram-manesar.html,https://rubinoxmetal.com/locations/gurugram-manesar.html,Metal Supplier in Gurugram / Manesar,Metal Supplier in Gurugram / Manesar | Rubinox,"Rubinox supports Gurugram / Manesar RFQs for automotive, engineering, fabrication, machinery, EPC and maintenance with stainless steel, duplex steel, nickel alloys, carbon steel and non-ferrous metal quotation support from Mumbai for PAN India enquiries."" /> <meta name=""robots"" content=""index,follow"" /> <link rel=""canonical"" href=""https://rubinoxmetal.com/locations/gurugram-manesar.html"" /> <meta property=""og:locale"" content=""en_IN"" /> <meta property=""og:type"" content=""website"" /> <meta property=""og:site_name"" content=""Rubinox Metal and Alloys"" /> <meta property=""og:title"" content=""Metal Supplier in Gurugram / Manesar | Rubinox"" /> <meta property=""og:description"" content=""Rubinox supports Gurugram / Manesar RFQs for automotive, engineering, fabrication, machinery, EPC and maintenance with stainless steel, duplex steel, nickel alloys, carbon steel and non-ferrous metal quotation support from Mumbai for PAN India enquiries."" /> <meta property=""og:url"" content=""https://rubinoxmetal.com/locations/gurugram-manesar.html"" /> <meta property=""og:image"" content=""https://rubinoxmetal.com/assets/rubinox-social-preview-2026.jpg"" /> <meta property=""og:image:secure_url"" content=""https://rubinoxmetal.com/assets/rubinox-social-preview-2026.jpg"" /> <meta property=""og:image:type"" content=""image/jpeg"" /> <meta property=""og:image:width"" content=""1200"" /> <meta property=""og:image:height"" content=""630"" /> <meta property=""og:image:alt"" content=""Metal Supplier in Gurugram / Manesar"" /> <meta name=""twitter:card"" content=""summary_large_image"" /> <meta name=""twitter:site"" content=""@rubinoxmetal"" /> <meta name=""twitter:title"" content=""Metal Supplier in Gurugram / Manesar | Rubinox"" /> <meta name=""twitter:description"" content=""Rubinox supports Gurugram / Manesar RFQs for automotive, engineering, fabrication, machinery, EPC and maintenance with stainless steel, duplex steel, nickel alloys, carbon steel and non-ferrous metal quotation support from Mumbai for PAN India enquiries."" /> <meta name=""twitter:image"" content=""https://rubinoxmetal.com/assets/rubinox-social-preview-2026.jpg"" /> <meta name=""twitter:image:alt"" content=""Metal Supplier in Gurugram / Manesar"" /> <!-- Google Analytics --> <script async src=""https://www.googletagmanager.com/gtag/js?id=G-JT5X5L5H07",,locations,yes,yes
locations/haridwar-rudrapur.html,https://rubinoxmetal.com/locations/haridwar-rudrapur.html,Metal Supplier in Haridwar / Rudrapur,Metal Supplier in Haridwar / Rudrapur | Rubinox,"Rubinox supports Haridwar / Rudrapur RFQs for automotive, engineering, fabrication, pharma and project buying with stainless steel, duplex steel, nickel alloys, carbon steel and non-ferrous metal quotation support from Mumbai for PAN India enquiries."" /> <meta name=""robots"" content=""index,follow"" /> <link rel=""canonical"" href=""https://rubinoxmetal.com/locations/haridwar-rudrapur.html"" /> <meta property=""og:locale"" content=""en_IN"" /> <meta property=""og:type"" content=""website"" /> <meta property=""og:site_name"" content=""Rubinox Metal and Alloys"" /> <meta property=""og:title"" content=""Metal Supplier in Haridwar / Rudrapur | Rubinox"" /> <meta property=""og:description"" content=""Rubinox supports Haridwar / Rudrapur RFQs for automotive, engineering, fabrication, pharma and project buying with stainless steel, duplex steel, nickel alloys, carbon steel and non-ferrous metal quotation support from Mumbai for PAN India enquiries."" /> <meta property=""og:url"" content=""https://rubinoxmetal.com/locations/haridwar-rudrapur.html"" /> <meta property=""og:image"" content=""https://rubinoxmetal.com/assets/rubinox-social-preview-2026.jpg"" /> <meta property=""og:image:secure_url"" content=""https://rubinoxmetal.com/assets/rubinox-social-preview-2026.jpg"" /> <meta property=""og:image:type"" content=""image/jpeg"" /> <meta property=""og:image:width"" content=""1200"" /> <meta property=""og:image:height"" content=""630"" /> <meta property=""og:image:alt"" content=""Metal Supplier in Haridwar / Rudrapur"" /> <meta name=""twitter:card"" content=""summary_large_image"" /> <meta name=""twitter:site"" content=""@rubinoxmetal"" /> <meta name=""twitter:title"" content=""Metal Supplier in Haridwar / Rudrapur | Rubinox"" /> <meta name=""twitter:description"" content=""Rubinox supports Haridwar / Rudrapur RFQs for automotive, engineering, fabrication, pharma and project buying with stainless steel, duplex steel, nickel alloys, carbon steel and non-ferrous metal quotation support from Mumbai for PAN India enquiries."" /> <meta name=""twitter:image"" content=""https://rubinoxmetal.com/assets/rubinox-social-preview-2026.jpg"" /> <meta name=""twitter:image:alt"" content=""Metal Supplier in Haridwar / Rudrapur"" /> <!-- Google Analytics --> <script async src=""https://www.googletagmanager.com/gtag/js?id=G-JT5X5L5H07",,locations,yes,yes
locations/hosur.html,https://rubinoxmetal.com/locations/hosur.html,Metal Supplier in Hosur,Metal Supplier in Hosur | Stainless Steel &amp; Alloys | Rubinox,"Rubinox supports Hosur RFQs for automotive, engineering, fabrication, electronics, machinery and project buying with stainless steel, duplex steel, nickel alloys, carbon steel and non-ferrous metal quotation support from Mumbai for PAN India enquiries."" /> <meta name=""robots"" content=""index,follow"" /> <link rel=""canonical"" href=""https://rubinoxmetal.com/locations/hosur.html"" /> <meta property=""og:locale"" content=""en_IN"" /> <meta property=""og:type"" content=""website"" /> <meta property=""og:site_name"" content=""Rubinox Metal and Alloys"" /> <meta property=""og:title"" content=""Metal Supplier in Hosur | Stainless Steel &amp; Alloys | Rubinox"" /> <meta property=""og:description"" content=""Rubinox supports Hosur RFQs for automotive, engineering, fabrication, electronics, machinery and project buying with stainless steel, duplex steel, nickel alloys, carbon steel and non-ferrous metal quotation support from Mumbai for PAN India enquiries."" /> <meta property=""og:url"" content=""https://rubinoxmetal.com/locations/hosur.html"" /> <meta property=""og:image"" content=""https://rubinoxmetal.com/assets/rubinox-social-preview-2026.jpg"" /> <meta property=""og:image:secure_url"" content=""https://rubinoxmetal.com/assets/rubinox-social-preview-2026.jpg"" /> <meta property=""og:image:type"" content=""image/jpeg"" /> <meta property=""og:image:width"" content=""1200"" /> <meta property=""og:image:height"" content=""630"" /> <meta property=""og:image:alt"" content=""Metal Supplier in Hosur"" /> <meta name=""twitter:card"" content=""summary_large_image"" /> <meta name=""twitter:site"" content=""@rubinoxmetal"" /> <meta name=""twitter:title"" content=""Metal Supplier in Hosur | Stainless Steel &amp; Alloys | Rubinox"" /> <meta name=""twitter:description"" content=""Rubinox supports Hosur RFQs for automotive, engineering, fabrication, electronics, machinery and project buying with stainless steel, duplex steel, nickel alloys, carbon steel and non-ferrous metal quotation support from Mumbai for PAN India enquiries."" /> <meta name=""twitter:image"" content=""https://rubinoxmetal.com/assets/rubinox-social-preview-2026.jpg"" /> <meta name=""twitter:image:alt"" content=""Metal Supplier in Hosur"" /> <!-- Google Analytics --> <script async src=""https://www.googletagmanager.com/gtag/js?id=G-JT5X5L5H07",,locations,yes,yes
locations/hyderabad.html,https://rubinoxmetal.com/locations/hyderabad.html,Metal Supplier in Hyderabad,Metal Supplier in Hyderabad | Stainless Steel &amp; Alloys | Rubinox,"Rubinox supports Hyderabad RFQs for pharma, aerospace, engineering, fabrication, EPC and infrastructure with stainless steel, duplex steel, nickel alloys, carbon steel and non-ferrous metal quotation support from Mumbai for PAN India enquiries."" /> <meta name=""robots"" content=""index,follow"" /> <link rel=""canonical"" href=""https://rubinoxmetal.com/locations/hyderabad.html"" /> <meta property=""og:locale"" content=""en_IN"" /> <meta property=""og:type"" content=""website"" /> <meta property=""og:site_name"" content=""Rubinox Metal and Alloys"" /> <meta property=""og:title"" content=""Metal Supplier in Hyderabad | Stainless Steel &amp; Alloys | Rubinox"" /> <meta property=""og:description"" content=""Rubinox supports Hyderabad RFQs for pharma, aerospace, engineering, fabrication, EPC and infrastructure with stainless steel, duplex steel, nickel alloys, carbon steel and non-ferrous metal quotation support from Mumbai for PAN India enquiries."" /> <meta property=""og:url"" content=""https://rubinoxmetal.com/locations/hyderabad.html"" /> <meta property=""og:image"" content=""https://rubinoxmetal.com/assets/rubinox-social-preview-2026.jpg"" /> <meta property=""og:image:secure_url"" content=""https://rubinoxmetal.com/assets/rubinox-social-preview-2026.jpg"" /> <meta property=""og:image:type"" content=""image/jpeg"" /> <meta property=""og:image:width"" content=""1200"" /> <meta property=""og:image:height"" content=""630"" /> <meta property=""og:image:alt"" content=""Metal Supplier in Hyderabad"" /> <meta name=""twitter:card"" content=""summary_large_image"" /> <meta name=""twitter:site"" content=""@rubinoxmetal"" /> <meta name=""twitter:title"" content=""Metal Supplier in Hyderabad | Stainless Steel &amp; Alloys | Rubinox"" /> <meta name=""twitter:description"" content=""Rubinox supports Hyderabad RFQs for pharma, aerospace, engineering, fabrication, EPC and infrastructure with stainless steel, duplex steel, nickel alloys, carbon steel and non-ferrous metal quotation support from Mumbai for PAN India enquiries."" /> <meta name=""twitter:image"" content=""https://rubinoxmetal.com/assets/rubinox-social-preview-2026.jpg"" /> <meta name=""twitter:image:alt"" content=""Metal Supplier in Hyderabad"" /> <!-- Google Analytics --> <script async src=""https://www.googletagmanager.com/gtag/js?id=G-JT5X5L5H07",,locations,yes,yes
locations/indore-pithampur.html,https://rubinoxmetal.com/locations/indore-pithampur.html,Metal Supplier in Indore / Pithampur,Metal Supplier in Indore / Pithampur | Rubinox,"Rubinox supports Indore / Pithampur RFQs for automotive, pharma, engineering, fabrication, food processing and infrastructure with stainless steel, duplex steel, nickel alloys, carbon steel and non-ferrous metal quotation support from Mumbai for PAN India enquiries."" /> <meta name=""robots"" content=""index,follow"" /> <link rel=""canonical"" href=""https://rubinoxmetal.com/locations/indore-pithampur.html"" /> <meta property=""og:locale"" content=""en_IN"" /> <meta property=""og:type"" content=""website"" /> <meta property=""og:site_name"" content=""Rubinox Metal and Alloys"" /> <meta property=""og:title"" content=""Metal Supplier in Indore / Pithampur | Rubinox"" /> <meta property=""og:description"" content=""Rubinox supports Indore / Pithampur RFQs for automotive, pharma, engineering, fabrication, food processing and infrastructure with stainless steel, duplex steel, nickel alloys, carbon steel and non-ferrous metal quotation support from Mumbai for PAN India enquiries."" /> <meta property=""og:url"" content=""https://rubinoxmetal.com/locations/indore-pithampur.html"" /> <meta property=""og:image"" content=""https://rubinoxmetal.com/assets/rubinox-social-preview-2026.jpg"" /> <meta property=""og:image:secure_url"" content=""https://rubinoxmetal.com/assets/rubinox-social-preview-2026.jpg"" /> <meta property=""og:image:type"" content=""image/jpeg"" /> <meta property=""og:image:width"" content=""1200"" /> <meta property=""og:image:height"" content=""630"" /> <meta property=""og:image:alt"" content=""Metal Supplier in Indore / Pithampur"" /> <meta name=""twitter:card"" content=""summary_large_image"" /> <meta name=""twitter:site"" content=""@rubinoxmetal"" /> <meta name=""twitter:title"" content=""Metal Supplier in Indore / Pithampur | Rubinox"" /> <meta name=""twitter:description"" content=""Rubinox supports Indore / Pithampur RFQs for automotive, pharma, engineering, fabrication, food processing and infrastructure with stainless steel, duplex steel, nickel alloys, carbon steel and non-ferrous metal quotation support from Mumbai for PAN India enquiries."" /> <meta name=""twitter:image"" content=""https://rubinoxmetal.com/assets/rubinox-social-preview-2026.jpg"" /> <meta name=""twitter:image:alt"" content=""Metal Supplier in Indore / Pithampur"" /> <!-- Google Analytics --> <script async src=""https://www.googletagmanager.com/gtag/js?id=G-JT5X5L5H07",,locations,yes,yes
locations/jaipur.html,https://rubinoxmetal.com/locations/jaipur.html,Metal Supplier in Jaipur,Metal Supplier in Jaipur | Stainless Steel &amp; Alloys | Rubinox,"Rubinox supports Jaipur RFQs for infrastructure, stone processing, engineering, fabrication, process equipment and project buying with stainless steel, duplex steel, nickel alloys, carbon steel and non-ferrous metal quotation support from Mumbai for PAN India enquiries."" /> <meta name=""robots"" content=""index,follow"" /> <link rel=""canonical"" href=""https://rubinoxmetal.com/locations/jaipur.html"" /> <meta property=""og:locale"" content=""en_IN"" /> <meta property=""og:type"" content=""website"" /> <meta property=""og:site_name"" content=""Rubinox Metal and Alloys"" /> <meta property=""og:title"" content=""Metal Supplier in Jaipur | Stainless Steel &amp; Alloys | Rubinox"" /> <meta property=""og:description"" content=""Rubinox supports Jaipur RFQs for infrastructure, stone processing, engineering, fabrication, process equipment and project buying with stainless steel, duplex steel, nickel alloys, carbon steel and non-ferrous metal quotation support from Mumbai for PAN India enquiries."" /> <meta property=""og:url"" content=""https://rubinoxmetal.com/locations/jaipur.html"" /> <meta property=""og:image"" content=""https://rubinoxmetal.com/assets/rubinox-social-preview-2026.jpg"" /> <meta property=""og:image:secure_url"" content=""https://rubinoxmetal.com/assets/rubinox-social-preview-2026.jpg"" /> <meta property=""og:image:type"" content=""image/jpeg"" /> <meta property=""og:image:width"" content=""1200"" /> <meta property=""og:image:height"" content=""630"" /> <meta property=""og:image:alt"" content=""Metal Supplier in Jaipur"" /> <meta name=""twitter:card"" content=""summary_large_image"" /> <meta name=""twitter:site"" content=""@rubinoxmetal"" /> <meta name=""twitter:title"" content=""Metal Supplier in Jaipur | Stainless Steel &amp; Alloys | Rubinox"" /> <meta name=""twitter:description"" content=""Rubinox supports Jaipur RFQs for infrastructure, stone processing, engineering, fabrication, process equipment and project buying with stainless steel, duplex steel, nickel alloys, carbon steel and non-ferrous metal quotation support from Mumbai for PAN India enquiries."" /> <meta name=""twitter:image"" content=""https://rubinoxmetal.com/assets/rubinox-social-preview-2026.jpg"" /> <meta name=""twitter:image:alt"" content=""Metal Supplier in Jaipur"" /> <!-- Google Analytics --> <script async src=""https://www.googletagmanager.com/gtag/js?id=G-JT5X5L5H07",,locations,yes,yes
locations/jamnagar.html,https://rubinoxmetal.com/locations/jamnagar.html,Metal Supplier in Jamnagar,Metal Supplier in Jamnagar | Stainless Steel &amp; Alloys | Rubinox,"Rubinox supports Jamnagar RFQs for stainless steel, duplex, nickel alloys, carbon steel and non-ferrous metals as a stockist, supplier, importer, exporter and project supplier."" /> <meta name=""robots"" content=""index,follow"" /> <link rel=""canonical"" href=""https://rubinoxmetal.com/locations/jamnagar.html"" /> <meta property=""og:locale"" content=""en_IN"" /> <meta property=""og:type"" content=""website"" /> <meta property=""og:site_name"" content=""Rubinox Metal and Alloys"" /> <meta property=""og:title"" content=""Metal Supplier in Jamnagar | Stainless Steel &amp; Alloys | Rubinox"" /> <meta property=""og:description"" content=""Rubinox supports Jamnagar RFQs for stainless steel, duplex, nickel alloys, carbon steel and non-ferrous metals as a stockist, supplier, importer, exporter and project supplier."" /> <meta property=""og:url"" content=""https://rubinoxmetal.com/locations/jamnagar.html"" /> <meta property=""og:image"" content=""https://rubinoxmetal.com/assets/rubinox-social-preview-2026.jpg"" /> <meta property=""og:image:secure_url"" content=""https://rubinoxmetal.com/assets/rubinox-social-preview-2026.jpg"" /> <meta property=""og:image:type"" content=""image/jpeg"" /> <meta property=""og:image:width"" content=""1200"" /> <meta property=""og:image:height"" content=""630"" /> <meta property=""og:image:alt"" content=""Metal Supplier in Jamnagar"" /> <meta name=""twitter:card"" content=""summary_large_image"" /> <meta name=""twitter:site"" content=""@rubinoxmetal"" /> <meta name=""twitter:title"" content=""Metal Supplier in Jamnagar | Stainless Steel &amp; Alloys | Rubinox"" /> <meta name=""twitter:description"" content=""Rubinox supports Jamnagar RFQs for stainless steel, duplex, nickel alloys, carbon steel and non-ferrous metals as a stockist, supplier, importer, exporter and project supplier."" /> <meta name=""twitter:image"" content=""https://rubinoxmetal.com/assets/rubinox-social-preview-2026.jpg"" /> <meta name=""twitter:image:alt"" content=""Metal Supplier in Jamnagar"" /> <!-- Google Analytics --> <script async src=""https://www.googletagmanager.com/gtag/js?id=G-JT5X5L5H07",,locations,yes,yes
locations/jamshedpur.html,https://rubinoxmetal.com/locations/jamshedpur.html,Metal Supplier in Jamshedpur,Metal Supplier in Jamshedpur | Stainless Steel &amp; Alloys | Rubinox,"Rubinox supports Jamshedpur RFQs for steel, automotive, engineering, fabrication, power and maintenance with stainless steel, duplex steel, nickel alloys, carbon steel and non-ferrous metal quotation support from Mumbai for PAN India enquiries."" /> <meta name=""robots"" content=""index,follow"" /> <link rel=""canonical"" href=""https://rubinoxmetal.com/locations/jamshedpur.html"" /> <meta property=""og:locale"" content=""en_IN"" /> <meta property=""og:type"" content=""website"" /> <meta property=""og:site_name"" content=""Rubinox Metal and Alloys"" /> <meta property=""og:title"" content=""Metal Supplier in Jamshedpur | Stainless Steel &amp; Alloys | Rubinox"" /> <meta property=""og:description"" content=""Rubinox supports Jamshedpur RFQs for steel, automotive, engineering, fabrication, power and maintenance with stainless steel, duplex steel, nickel alloys, carbon steel and non-ferrous metal quotation support from Mumbai for PAN India enquiries."" /> <meta property=""og:url"" content=""https://rubinoxmetal.com/locations/jamshedpur.html"" /> <meta property=""og:image"" content=""https://rubinoxmetal.com/assets/rubinox-social-preview-2026.jpg"" /> <meta property=""og:image:secure_url"" content=""https://rubinoxmetal.com/assets/rubinox-social-preview-2026.jpg"" /> <meta property=""og:image:type"" content=""image/jpeg"" /> <meta property=""og:image:width"" content=""1200"" /> <meta property=""og:image:height"" content=""630"" /> <meta property=""og:image:alt"" content=""Metal Supplier in Jamshedpur"" /> <meta name=""twitter:card"" content=""summary_large_image"" /> <meta name=""twitter:site"" content=""@rubinoxmetal"" /> <meta name=""twitter:title"" content=""Metal Supplier in Jamshedpur | Stainless Steel &amp; Alloys | Rubinox"" /> <meta name=""twitter:description"" content=""Rubinox supports Jamshedpur RFQs for steel, automotive, engineering, fabrication, power and maintenance with stainless steel, duplex steel, nickel alloys, carbon steel and non-ferrous metal quotation support from Mumbai for PAN India enquiries."" /> <meta name=""twitter:image"" content=""https://rubinoxmetal.com/assets/rubinox-social-preview-2026.jpg"" /> <meta name=""twitter:image:alt"" content=""Metal Supplier in Jamshedpur"" /> <!-- Google Analytics --> <script async src=""https://www.googletagmanager.com/gtag/js?id=G-JT5X5L5H07",,locations,yes,yes
locations/jodhpur-pali.html,https://rubinoxmetal.com/locations/jodhpur-pali.html,Metal Supplier in Jodhpur / Pali,Metal Supplier in Jodhpur / Pali | Rubinox,"Rubinox supports Jodhpur / Pali RFQs for textile processing, stone processing, fabrication, engineering and project buying with stainless steel, duplex steel, nickel alloys, carbon steel and non-ferrous metal quotation support from Mumbai for PAN India enquiries."" /> <meta name=""robots"" content=""index,follow"" /> <link rel=""canonical"" href=""https://rubinoxmetal.com/locations/jodhpur-pali.html"" /> <meta property=""og:locale"" content=""en_IN"" /> <meta property=""og:type"" content=""website"" /> <meta property=""og:site_name"" content=""Rubinox Metal and Alloys"" /> <meta property=""og:title"" content=""Metal Supplier in Jodhpur / Pali | Rubinox"" /> <meta property=""og:description"" content=""Rubinox supports Jodhpur / Pali RFQs for textile processing, stone processing, fabrication, engineering and project buying with stainless steel, duplex steel, nickel alloys, carbon steel and non-ferrous metal quotation support from Mumbai for PAN India enquiries."" /> <meta property=""og:url"" content=""https://rubinoxmetal.com/locations/jodhpur-pali.html"" /> <meta property=""og:image"" content=""https://rubinoxmetal.com/assets/rubinox-social-preview-2026.jpg"" /> <meta property=""og:image:secure_url"" content=""https://rubinoxmetal.com/assets/rubinox-social-preview-2026.jpg"" /> <meta property=""og:image:type"" content=""image/jpeg"" /> <meta property=""og:image:width"" content=""1200"" /> <meta property=""og:image:height"" content=""630"" /> <meta property=""og:image:alt"" content=""Metal Supplier in Jodhpur / Pali"" /> <meta name=""twitter:card"" content=""summary_large_image"" /> <meta name=""twitter:site"" content=""@rubinoxmetal"" /> <meta name=""twitter:title"" content=""Metal Supplier in Jodhpur / Pali | Rubinox"" /> <meta name=""twitter:description"" content=""Rubinox supports Jodhpur / Pali RFQs for textile processing, stone processing, fabrication, engineering and project buying with stainless steel, duplex steel, nickel alloys, carbon steel and non-ferrous metal quotation support from Mumbai for PAN India enquiries."" /> <meta name=""twitter:image"" content=""https://rubinoxmetal.com/assets/rubinox-social-preview-2026.jpg"" /> <meta name=""twitter:image:alt"" content=""Metal Supplier in Jodhpur / Pali"" /> <!-- Google Analytics --> <script async src=""https://www.googletagmanager.com/gtag/js?id=G-JT5X5L5H07",,locations,yes,yes
locations/kakinada.html,https://rubinoxmetal.com/locations/kakinada.html,Metal Supplier in Kakinada,Metal Supplier in Kakinada | Rubinox,"Rubinox supports Kakinada RFQs for port, marine, fertilizer, oil and gas support and project buying with stainless steel, duplex steel, nickel alloys, carbon steel and non-ferrous metal quotation support from Mumbai for PAN India enquiries."" /> <meta name=""robots"" content=""index,follow"" /> <link rel=""canonical"" href=""https://rubinoxmetal.com/locations/kakinada.html"" /> <meta property=""og:locale"" content=""en_IN"" /> <meta property=""og:type"" content=""website"" /> <meta property=""og:site_name"" content=""Rubinox Metal and Alloys"" /> <meta property=""og:title"" content=""Metal Supplier in Kakinada | Rubinox"" /> <meta property=""og:description"" content=""Rubinox supports Kakinada RFQs for port, marine, fertilizer, oil and gas support and project buying with stainless steel, duplex steel, nickel alloys, carbon steel and non-ferrous metal quotation support from Mumbai for PAN India enquiries."" /> <meta property=""og:url"" content=""https://rubinoxmetal.com/locations/kakinada.html"" /> <meta property=""og:image"" content=""https://rubinoxmetal.com/assets/rubinox-social-preview-2026.jpg"" /> <meta property=""og:image:secure_url"" content=""https://rubinoxmetal.com/assets/rubinox-social-preview-2026.jpg"" /> <meta property=""og:image:type"" content=""image/jpeg"" /> <meta property=""og:image:width"" content=""1200"" /> <meta property=""og:image:height"" content=""630"" /> <meta property=""og:image:alt"" content=""Metal Supplier in Kakinada"" /> <meta name=""twitter:card"" content=""summary_large_image"" /> <meta name=""twitter:site"" content=""@rubinoxmetal"" /> <meta name=""twitter:title"" content=""Metal Supplier in Kakinada | Rubinox"" /> <meta name=""twitter:description"" content=""Rubinox supports Kakinada RFQs for port, marine, fertilizer, oil and gas support and project buying with stainless steel, duplex steel, nickel alloys, carbon steel and non-ferrous metal quotation support from Mumbai for PAN India enquiries."" /> <meta name=""twitter:image"" content=""https://rubinoxmetal.com/assets/rubinox-social-preview-2026.jpg"" /> <meta name=""twitter:image:alt"" content=""Metal Supplier in Kakinada"" /> <!-- Google Analytics --> <script async src=""https://www.googletagmanager.com/gtag/js?id=G-JT5X5L5H07",,locations,yes,yes
locations/kolkata-howrah-durgapur.html,https://rubinoxmetal.com/locations/kolkata-howrah-durgapur.html,Metal Supplier in Kolkata / Howrah / Durgapur,Metal Supplier in Kolkata / Howrah / Durgapur | Rubinox,"Rubinox supports Kolkata / Howrah / Durgapur RFQs for engineering, steel, fabrication, power, rail and infrastructure with stainless steel, duplex steel, nickel alloys, carbon steel and non-ferrous metal quotation support from Mumbai for PAN India enquiries."" /> <meta name=""robots"" content=""index,follow"" /> <link rel=""canonical"" href=""https://rubinoxmetal.com/locations/kolkata-howrah-durgapur.html"" /> <meta property=""og:locale"" content=""en_IN"" /> <meta property=""og:type"" content=""website"" /> <meta property=""og:site_name"" content=""Rubinox Metal and Alloys"" /> <meta property=""og:title"" content=""Metal Supplier in Kolkata / Howrah / Durgapur | Rubinox"" /> <meta property=""og:description"" content=""Rubinox supports Kolkata / Howrah / Durgapur RFQs for engineering, steel, fabrication, power, rail and infrastructure with stainless steel, duplex steel, nickel alloys, carbon steel and non-ferrous metal quotation support from Mumbai for PAN India enquiries."" /> <meta property=""og:url"" content=""https://rubinoxmetal.com/locations/kolkata-howrah-durgapur.html"" /> <meta property=""og:image"" content=""https://rubinoxmetal.com/assets/rubinox-social-preview-2026.jpg"" /> <meta property=""og:image:secure_url"" content=""https://rubinoxmetal.com/assets/rubinox-social-preview-2026.jpg"" /> <meta property=""og:image:type"" content=""image/jpeg"" /> <meta property=""og:image:width"" content=""1200"" /> <meta property=""og:image:height"" content=""630"" /> <meta property=""og:image:alt"" content=""Metal Supplier in Kolkata / Howrah / Durgapur"" /> <meta name=""twitter:card"" content=""summary_large_image"" /> <meta name=""twitter:site"" content=""@rubinoxmetal"" /> <meta name=""twitter:title"" content=""Metal Supplier in Kolkata / Howrah / Durgapur | Rubinox"" /> <meta name=""twitter:description"" content=""Rubinox supports Kolkata / Howrah / Durgapur RFQs for engineering, steel, fabrication, power, rail and infrastructure with stainless steel, duplex steel, nickel alloys, carbon steel and non-ferrous metal quotation support from Mumbai for PAN India enquiries."" /> <meta name=""twitter:image"" content=""https://rubinoxmetal.com/assets/rubinox-social-preview-2026.jpg"" /> <meta name=""twitter:image:alt"" content=""Metal Supplier in Kolkata / Howrah / Durgapur"" /> <!-- Google Analytics --> <script async src=""https://www.googletagmanager.com/gtag/js?id=G-JT5X5L5H07",,locations,yes,yes
locations/ludhiana.html,https://rubinoxmetal.com/locations/ludhiana.html,Metal Supplier in Ludhiana,Metal Supplier in Ludhiana | Stainless Steel &amp; Alloys | Rubinox,"Rubinox supports Ludhiana RFQs for auto components, machine tools, fabrication, fasteners, engineering and agricultural equipment with stainless steel, duplex steel, nickel alloys, carbon steel and non-ferrous metal quotation support from Mumbai for PAN India enquiries."" /> <meta name=""robots"" content=""index,follow"" /> <link rel=""canonical"" href=""https://rubinoxmetal.com/locations/ludhiana.html"" /> <meta property=""og:locale"" content=""en_IN"" /> <meta property=""og:type"" content=""website"" /> <meta property=""og:site_name"" content=""Rubinox Metal and Alloys"" /> <meta property=""og:title"" content=""Metal Supplier in Ludhiana | Stainless Steel &amp; Alloys | Rubinox"" /> <meta property=""og:description"" content=""Rubinox supports Ludhiana RFQs for auto components, machine tools, fabrication, fasteners, engineering and agricultural equipment with stainless steel, duplex steel, nickel alloys, carbon steel and non-ferrous metal quotation support from Mumbai for PAN India enquiries."" /> <meta property=""og:url"" content=""https://rubinoxmetal.com/locations/ludhiana.html"" /> <meta property=""og:image"" content=""https://rubinoxmetal.com/assets/rubinox-social-preview-2026.jpg"" /> <meta property=""og:image:secure_url"" content=""https://rubinoxmetal.com/assets/rubinox-social-preview-2026.jpg"" /> <meta property=""og:image:type"" content=""image/jpeg"" /> <meta property=""og:image:width"" content=""1200"" /> <meta property=""og:image:height"" content=""630"" /> <meta property=""og:image:alt"" content=""Metal Supplier in Ludhiana"" /> <meta name=""twitter:card"" content=""summary_large_image"" /> <meta name=""twitter:site"" content=""@rubinoxmetal"" /> <meta name=""twitter:title"" content=""Metal Supplier in Ludhiana | Stainless Steel &amp; Alloys | Rubinox"" /> <meta name=""twitter:description"" content=""Rubinox supports Ludhiana RFQs for auto components, machine tools, fabrication, fasteners, engineering and agricultural equipment with stainless steel, duplex steel, nickel alloys, carbon steel and non-ferrous metal quotation support from Mumbai for PAN India enquiries."" /> <meta name=""twitter:image"" content=""https://rubinoxmetal.com/assets/rubinox-social-preview-2026.jpg"" /> <meta name=""twitter:image:alt"" content=""Metal Supplier in Ludhiana"" /> <!-- Google Analytics --> <script async src=""https://www.googletagmanager.com/gtag/js?id=G-JT5X5L5H07",,locations,yes,yes
locations/mangaluru.html,https://rubinoxmetal.com/locations/mangaluru.html,Metal Supplier in Mangaluru / Mangalore,Metal Supplier in Mangaluru / Mangalore | Rubinox,"Rubinox supports Mangaluru / Mangalore RFQs for refinery, petrochemical, marine, port, fertilizer and fabrication with stainless steel, duplex steel, nickel alloys, carbon steel and non-ferrous metal quotation support from Mumbai for PAN India enquiries."" /> <meta name=""robots"" content=""index,follow"" /> <link rel=""canonical"" href=""https://rubinoxmetal.com/locations/mangaluru.html"" /> <meta property=""og:locale"" content=""en_IN"" /> <meta property=""og:type"" content=""website"" /> <meta property=""og:site_name"" content=""Rubinox Metal and Alloys"" /> <meta property=""og:title"" content=""Metal Supplier in Mangaluru / Mangalore | Rubinox"" /> <meta property=""og:description"" content=""Rubinox supports Mangaluru / Mangalore RFQs for refinery, petrochemical, marine, port, fertilizer and fabrication with stainless steel, duplex steel, nickel alloys, carbon steel and non-ferrous metal quotation support from Mumbai for PAN India enquiries."" /> <meta property=""og:url"" content=""https://rubinoxmetal.com/locations/mangaluru.html"" /> <meta property=""og:image"" content=""https://rubinoxmetal.com/assets/rubinox-social-preview-2026.jpg"" /> <meta property=""og:image:secure_url"" content=""https://rubinoxmetal.com/assets/rubinox-social-preview-2026.jpg"" /> <meta property=""og:image:type"" content=""image/jpeg"" /> <meta property=""og:image:width"" content=""1200"" /> <meta property=""og:image:height"" content=""630"" /> <meta property=""og:image:alt"" content=""Metal Supplier in Mangaluru"" /> <meta name=""twitter:card"" content=""summary_large_image"" /> <meta name=""twitter:site"" content=""@rubinoxmetal"" /> <meta name=""twitter:title"" content=""Metal Supplier in Mangaluru / Mangalore | Rubinox"" /> <meta name=""twitter:description"" content=""Rubinox supports Mangaluru / Mangalore RFQs for refinery, petrochemical, marine, port, fertilizer and fabrication with stainless steel, duplex steel, nickel alloys, carbon steel and non-ferrous metal quotation support from Mumbai for PAN India enquiries."" /> <meta name=""twitter:image"" content=""https://rubinoxmetal.com/assets/rubinox-social-preview-2026.jpg"" /> <meta name=""twitter:image:alt"" content=""Metal Supplier in Mangaluru"" /> <!-- Google Analytics --> <script async src=""https://www.googletagmanager.com/gtag/js?id=G-JT5X5L5H07",,locations,yes,yes
locations/mumbai.html,https://rubinoxmetal.com/locations/mumbai.html,Metal Supplier in Mumbai,Metal Supplier in Mumbai | Stainless Steel &amp; Alloys | Rubinox,"Rubinox supports Mumbai RFQs for stainless steel, duplex, nickel alloys, carbon steel and non-ferrous metals as a stockist, supplier, importer, exporter and project supplier."" /> <meta name=""robots"" content=""index,follow"" /> <link rel=""canonical"" href=""https://rubinoxmetal.com/locations/mumbai.html"" /> <meta property=""og:locale"" content=""en_IN"" /> <meta property=""og:type"" content=""website"" /> <meta property=""og:site_name"" content=""Rubinox Metal and Alloys"" /> <meta property=""og:title"" content=""Metal Supplier in Mumbai | Stainless Steel &amp; Alloys | Rubinox"" /> <meta property=""og:description"" content=""Rubinox supports Mumbai RFQs for stainless steel, duplex, nickel alloys, carbon steel and non-ferrous metals as a stockist, supplier, importer, exporter and project supplier."" /> <meta property=""og:url"" content=""https://rubinoxmetal.com/locations/mumbai.html"" /> <meta property=""og:image"" content=""https://rubinoxmetal.com/assets/rubinox-social-preview-2026.jpg"" /> <meta property=""og:image:secure_url"" content=""https://rubinoxmetal.com/assets/rubinox-social-preview-2026.jpg"" /> <meta property=""og:image:type"" content=""image/jpeg"" /> <meta property=""og:image:width"" content=""1200"" /> <meta property=""og:image:height"" content=""630"" /> <meta property=""og:image:alt"" content=""Metal Supplier in Mumbai"" /> <meta name=""twitter:card"" content=""summary_large_image"" /> <meta name=""twitter:site"" content=""@rubinoxmetal"" /> <meta name=""twitter:title"" content=""Metal Supplier in Mumbai | Stainless Steel &amp; Alloys | Rubinox"" /> <meta name=""twitter:description"" content=""Rubinox supports Mumbai RFQs for stainless steel, duplex, nickel alloys, carbon steel and non-ferrous metals as a stockist, supplier, importer, exporter and project supplier."" /> <meta name=""twitter:image"" content=""https://rubinoxmetal.com/assets/rubinox-social-preview-2026.jpg"" /> <meta name=""twitter:image:alt"" content=""Metal Supplier in Mumbai"" /> <!-- Google Analytics --> <script async src=""https://www.googletagmanager.com/gtag/js?id=G-JT5X5L5H07",,locations,yes,yes
locations/mysuru.html,https://rubinoxmetal.com/locations/mysuru.html,Metal Supplier in Mysuru,Metal Supplier in Mysuru | Rubinox,"Rubinox supports Mysuru RFQs for engineering, food processing, automotive, fabrication and project buying with stainless steel, duplex steel, nickel alloys, carbon steel and non-ferrous metal quotation support from Mumbai for PAN India enquiries."" /> <meta name=""robots"" content=""index,follow"" /> <link rel=""canonical"" href=""https://rubinoxmetal.com/locations/mysuru.html"" /> <meta property=""og:locale"" content=""en_IN"" /> <meta property=""og:type"" content=""website"" /> <meta property=""og:site_name"" content=""Rubinox Metal and Alloys"" /> <meta property=""og:title"" content=""Metal Supplier in Mysuru | Rubinox"" /> <meta property=""og:description"" content=""Rubinox supports Mysuru RFQs for engineering, food processing, automotive, fabrication and project buying with stainless steel, duplex steel, nickel alloys, carbon steel and non-ferrous metal quotation support from Mumbai for PAN India enquiries."" /> <meta property=""og:url"" content=""https://rubinoxmetal.com/locations/mysuru.html"" /> <meta property=""og:image"" content=""https://rubinoxmetal.com/assets/rubinox-social-preview-2026.jpg"" /> <meta property=""og:image:secure_url"" content=""https://rubinoxmetal.com/assets/rubinox-social-preview-2026.jpg"" /> <meta property=""og:image:type"" content=""image/jpeg"" /> <meta property=""og:image:width"" content=""1200"" /> <meta property=""og:image:height"" content=""630"" /> <meta property=""og:image:alt"" content=""Metal Supplier in Mysuru"" /> <meta name=""twitter:card"" content=""summary_large_image"" /> <meta name=""twitter:site"" content=""@rubinoxmetal"" /> <meta name=""twitter:title"" content=""Metal Supplier in Mysuru | Rubinox"" /> <meta name=""twitter:description"" content=""Rubinox supports Mysuru RFQs for engineering, food processing, automotive, fabrication and project buying with stainless steel, duplex steel, nickel alloys, carbon steel and non-ferrous metal quotation support from Mumbai for PAN India enquiries."" /> <meta name=""twitter:image"" content=""https://rubinoxmetal.com/assets/rubinox-social-preview-2026.jpg"" /> <meta name=""twitter:image:alt"" content=""Metal Supplier in Mysuru"" /> <!-- Google Analytics --> <script async src=""https://www.googletagmanager.com/gtag/js?id=G-JT5X5L5H07",,locations,yes,yes
locations/nagpur.html,https://rubinoxmetal.com/locations/nagpur.html,Metal Supplier in Nagpur,Metal Supplier in Nagpur | Stainless Steel &amp; Alloys | Rubinox,"Rubinox supports Nagpur RFQs for infrastructure, power, mining, fabrication, engineering and rail and MRO with stainless steel, duplex steel, nickel alloys, carbon steel and non-ferrous metal quotation support from Mumbai for PAN India enquiries."" /> <meta name=""robots"" content=""index,follow"" /> <link rel=""canonical"" href=""https://rubinoxmetal.com/locations/nagpur.html"" /> <meta property=""og:locale"" content=""en_IN"" /> <meta property=""og:type"" content=""website"" /> <meta property=""og:site_name"" content=""Rubinox Metal and Alloys"" /> <meta property=""og:title"" content=""Metal Supplier in Nagpur | Stainless Steel &amp; Alloys | Rubinox"" /> <meta property=""og:description"" content=""Rubinox supports Nagpur RFQs for infrastructure, power, mining, fabrication, engineering and rail and MRO with stainless steel, duplex steel, nickel alloys, carbon steel and non-ferrous metal quotation support from Mumbai for PAN India enquiries."" /> <meta property=""og:url"" content=""https://rubinoxmetal.com/locations/nagpur.html"" /> <meta property=""og:image"" content=""https://rubinoxmetal.com/assets/rubinox-social-preview-2026.jpg"" /> <meta property=""og:image:secure_url"" content=""https://rubinoxmetal.com/assets/rubinox-social-preview-2026.jpg"" /> <meta property=""og:image:type"" content=""image/jpeg"" /> <meta property=""og:image:width"" content=""1200"" /> <meta property=""og:image:height"" content=""630"" /> <meta property=""og:image:alt"" content=""Metal Supplier in Nagpur"" /> <meta name=""twitter:card"" content=""summary_large_image"" /> <meta name=""twitter:site"" content=""@rubinoxmetal"" /> <meta name=""twitter:title"" content=""Metal Supplier in Nagpur | Stainless Steel &amp; Alloys | Rubinox"" /> <meta name=""twitter:description"" content=""Rubinox supports Nagpur RFQs for infrastructure, power, mining, fabrication, engineering and rail and MRO with stainless steel, duplex steel, nickel alloys, carbon steel and non-ferrous metal quotation support from Mumbai for PAN India enquiries."" /> <meta name=""twitter:image"" content=""https://rubinoxmetal.com/assets/rubinox-social-preview-2026.jpg"" /> <meta name=""twitter:image:alt"" content=""Metal Supplier in Nagpur"" /> <!-- Google Analytics --> <script async src=""https://www.googletagmanager.com/gtag/js?id=G-JT5X5L5H07",,locations,yes,yes
locations/nashik.html,https://rubinoxmetal.com/locations/nashik.html,Metal Supplier in Nashik,Metal Supplier in Nashik | Stainless Steel &amp; Alloys | Rubinox,"Rubinox supports Nashik RFQs for engineering, automotive, food processing, pharma, fabrication and infrastructure with stainless steel, duplex steel, nickel alloys, carbon steel and non-ferrous metal quotation support from Mumbai for PAN India enquiries."" /> <meta name=""robots"" content=""index,follow"" /> <link rel=""canonical"" href=""https://rubinoxmetal.com/locations/nashik.html"" /> <meta property=""og:locale"" content=""en_IN"" /> <meta property=""og:type"" content=""website"" /> <meta property=""og:site_name"" content=""Rubinox Metal and Alloys"" /> <meta property=""og:title"" content=""Metal Supplier in Nashik | Stainless Steel &amp; Alloys | Rubinox"" /> <meta property=""og:description"" content=""Rubinox supports Nashik RFQs for engineering, automotive, food processing, pharma, fabrication and infrastructure with stainless steel, duplex steel, nickel alloys, carbon steel and non-ferrous metal quotation support from Mumbai for PAN India enquiries."" /> <meta property=""og:url"" content=""https://rubinoxmetal.com/locations/nashik.html"" /> <meta property=""og:image"" content=""https://rubinoxmetal.com/assets/rubinox-social-preview-2026.jpg"" /> <meta property=""og:image:secure_url"" content=""https://rubinoxmetal.com/assets/rubinox-social-preview-2026.jpg"" /> <meta property=""og:image:type"" content=""image/jpeg"" /> <meta property=""og:image:width"" content=""1200"" /> <meta property=""og:image:height"" content=""630"" /> <meta property=""og:image:alt"" content=""Metal Supplier in Nashik"" /> <meta name=""twitter:card"" content=""summary_large_image"" /> <meta name=""twitter:site"" content=""@rubinoxmetal"" /> <meta name=""twitter:title"" content=""Metal Supplier in Nashik | Stainless Steel &amp; Alloys | Rubinox"" /> <meta name=""twitter:description"" content=""Rubinox supports Nashik RFQs for engineering, automotive, food processing, pharma, fabrication and infrastructure with stainless steel, duplex steel, nickel alloys, carbon steel and non-ferrous metal quotation support from Mumbai for PAN India enquiries."" /> <meta name=""twitter:image"" content=""https://rubinoxmetal.com/assets/rubinox-social-preview-2026.jpg"" /> <meta name=""twitter:image:alt"" content=""Metal Supplier in Nashik"" /> <!-- Google Analytics --> <script async src=""https://www.googletagmanager.com/gtag/js?id=G-JT5X5L5H07",,locations,yes,yes
locations/navi-mumbai.html,https://rubinoxmetal.com/locations/navi-mumbai.html,Metal Supplier in Navi Mumbai,Metal Supplier in Navi Mumbai | Stainless Steel &amp; Alloys | Rubinox,"Rubinox supports Navi Mumbai RFQs for EPC, logistics, fabrication, chemical and port-linked projects with stainless steel, duplex steel, nickel alloys, carbon steel and non-ferrous metal quotation support from Mumbai for PAN India enquiries."" /> <meta name=""robots"" content=""index,follow"" /> <link rel=""canonical"" href=""https://rubinoxmetal.com/locations/navi-mumbai.html"" /> <meta property=""og:locale"" content=""en_IN"" /> <meta property=""og:type"" content=""website"" /> <meta property=""og:site_name"" content=""Rubinox Metal and Alloys"" /> <meta property=""og:title"" content=""Metal Supplier in Navi Mumbai | Stainless Steel &amp; Alloys | Rubinox"" /> <meta property=""og:description"" content=""Rubinox supports Navi Mumbai RFQs for EPC, logistics, fabrication, chemical and port-linked projects with stainless steel, duplex steel, nickel alloys, carbon steel and non-ferrous metal quotation support from Mumbai for PAN India enquiries."" /> <meta property=""og:url"" content=""https://rubinoxmetal.com/locations/navi-mumbai.html"" /> <meta property=""og:image"" content=""https://rubinoxmetal.com/assets/rubinox-social-preview-2026.jpg"" /> <meta property=""og:image:secure_url"" content=""https://rubinoxmetal.com/assets/rubinox-social-preview-2026.jpg"" /> <meta property=""og:image:type"" content=""image/jpeg"" /> <meta property=""og:image:width"" content=""1200"" /> <meta property=""og:image:height"" content=""630"" /> <meta property=""og:image:alt"" content=""Metal Supplier in Navi Mumbai"" /> <meta name=""twitter:card"" content=""summary_large_image"" /> <meta name=""twitter:site"" content=""@rubinoxmetal"" /> <meta name=""twitter:title"" content=""Metal Supplier in Navi Mumbai | Stainless Steel &amp; Alloys | Rubinox"" /> <meta name=""twitter:description"" content=""Rubinox supports Navi Mumbai RFQs for EPC, logistics, fabrication, chemical and port-linked projects with stainless steel, duplex steel, nickel alloys, carbon steel and non-ferrous metal quotation support from Mumbai for PAN India enquiries."" /> <meta name=""twitter:image"" content=""https://rubinoxmetal.com/assets/rubinox-social-preview-2026.jpg"" /> <meta name=""twitter:image:alt"" content=""Metal Supplier in Navi Mumbai"" /> <!-- Google Analytics --> <script async src=""https://www.googletagmanager.com/gtag/js?id=G-JT5X5L5H07",,locations,yes,yes
locations/nellore-krishnapatnam.html,https://rubinoxmetal.com/locations/nellore-krishnapatnam.html,Metal Supplier in Nellore / Krishnapatnam,Metal Supplier in Nellore / Krishnapatnam | Rubinox,"Rubinox supports Nellore / Krishnapatnam RFQs for port, marine, power, process industries and project buying with stainless steel, duplex steel, nickel alloys, carbon steel and non-ferrous metal quotation support from Mumbai for PAN India enquiries."" /> <meta name=""robots"" content=""index,follow"" /> <link rel=""canonical"" href=""https://rubinoxmetal.com/locations/nellore-krishnapatnam.html"" /> <meta property=""og:locale"" content=""en_IN"" /> <meta property=""og:type"" content=""website"" /> <meta property=""og:site_name"" content=""Rubinox Metal and Alloys"" /> <meta property=""og:title"" content=""Metal Supplier in Nellore / Krishnapatnam | Rubinox"" /> <meta property=""og:description"" content=""Rubinox supports Nellore / Krishnapatnam RFQs for port, marine, power, process industries and project buying with stainless steel, duplex steel, nickel alloys, carbon steel and non-ferrous metal quotation support from Mumbai for PAN India enquiries."" /> <meta property=""og:url"" content=""https://rubinoxmetal.com/locations/nellore-krishnapatnam.html"" /> <meta property=""og:image"" content=""https://rubinoxmetal.com/assets/rubinox-social-preview-2026.jpg"" /> <meta property=""og:image:secure_url"" content=""https://rubinoxmetal.com/assets/rubinox-social-preview-2026.jpg"" /> <meta property=""og:image:type"" content=""image/jpeg"" /> <meta property=""og:image:width"" content=""1200"" /> <meta property=""og:image:height"" content=""630"" /> <meta property=""og:image:alt"" content=""Metal Supplier in Nellore / Krishnapatnam"" /> <meta name=""twitter:card"" content=""summary_large_image"" /> <meta name=""twitter:site"" content=""@rubinoxmetal"" /> <meta name=""twitter:title"" content=""Metal Supplier in Nellore / Krishnapatnam | Rubinox"" /> <meta name=""twitter:description"" content=""Rubinox supports Nellore / Krishnapatnam RFQs for port, marine, power, process industries and project buying with stainless steel, duplex steel, nickel alloys, carbon steel and non-ferrous metal quotation support from Mumbai for PAN India enquiries."" /> <meta name=""twitter:image"" content=""https://rubinoxmetal.com/assets/rubinox-social-preview-2026.jpg"" /> <meta name=""twitter:image:alt"" content=""Metal Supplier in Nellore / Krishnapatnam"" /> <!-- Google Analytics --> <script async src=""https://www.googletagmanager.com/gtag/js?id=G-JT5X5L5H07",,locations,yes,yes
locations/noida.html,https://rubinoxmetal.com/locations/noida.html,Metal Supplier in Noida,Metal Supplier in Noida | Stainless Steel &amp; Alloys | Rubinox,"Rubinox supports Noida RFQs for electronics, fabrication, engineering, HVAC, infrastructure and EPC with stainless steel, duplex steel, nickel alloys, carbon steel and non-ferrous metal quotation support from Mumbai for PAN India enquiries."" /> <meta name=""robots"" content=""index,follow"" /> <link rel=""canonical"" href=""https://rubinoxmetal.com/locations/noida.html"" /> <meta property=""og:locale"" content=""en_IN"" /> <meta property=""og:type"" content=""website"" /> <meta property=""og:site_name"" content=""Rubinox Metal and Alloys"" /> <meta property=""og:title"" content=""Metal Supplier in Noida | Stainless Steel &amp; Alloys | Rubinox"" /> <meta property=""og:description"" content=""Rubinox supports Noida RFQs for electronics, fabrication, engineering, HVAC, infrastructure and EPC with stainless steel, duplex steel, nickel alloys, carbon steel and non-ferrous metal quotation support from Mumbai for PAN India enquiries."" /> <meta property=""og:url"" content=""https://rubinoxmetal.com/locations/noida.html"" /> <meta property=""og:image"" content=""https://rubinoxmetal.com/assets/rubinox-social-preview-2026.jpg"" /> <meta property=""og:image:secure_url"" content=""https://rubinoxmetal.com/assets/rubinox-social-preview-2026.jpg"" /> <meta property=""og:image:type"" content=""image/jpeg"" /> <meta property=""og:image:width"" content=""1200"" /> <meta property=""og:image:height"" content=""630"" /> <meta property=""og:image:alt"" content=""Metal Supplier in Noida"" /> <meta name=""twitter:card"" content=""summary_large_image"" /> <meta name=""twitter:site"" content=""@rubinoxmetal"" /> <meta name=""twitter:title"" content=""Metal Supplier in Noida | Stainless Steel &amp; Alloys | Rubinox"" /> <meta name=""twitter:description"" content=""Rubinox supports Noida RFQs for electronics, fabrication, engineering, HVAC, infrastructure and EPC with stainless steel, duplex steel, nickel alloys, carbon steel and non-ferrous metal quotation support from Mumbai for PAN India enquiries."" /> <meta name=""twitter:image"" content=""https://rubinoxmetal.com/assets/rubinox-social-preview-2026.jpg"" /> <meta name=""twitter:image:alt"" content=""Metal Supplier in Noida"" /> <!-- Google Analytics --> <script async src=""https://www.googletagmanager.com/gtag/js?id=G-JT5X5L5H07",,locations,yes,yes
locations/pune.html,https://rubinoxmetal.com/locations/pune.html,Metal Supplier in Pune,Metal Supplier in Pune | Stainless Steel &amp; Alloys | Rubinox,"Rubinox supports Pune RFQs for stainless steel, duplex, nickel alloys, carbon steel and non-ferrous metals as a stockist, supplier, importer, exporter and project supplier."" /> <meta name=""robots"" content=""index,follow"" /> <link rel=""canonical"" href=""https://rubinoxmetal.com/locations/pune.html"" /> <meta property=""og:locale"" content=""en_IN"" /> <meta property=""og:type"" content=""website"" /> <meta property=""og:site_name"" content=""Rubinox Metal and Alloys"" /> <meta property=""og:title"" content=""Metal Supplier in Pune | Stainless Steel &amp; Alloys | Rubinox"" /> <meta property=""og:description"" content=""Rubinox supports Pune RFQs for stainless steel, duplex, nickel alloys, carbon steel and non-ferrous metals as a stockist, supplier, importer, exporter and project supplier."" /> <meta property=""og:url"" content=""https://rubinoxmetal.com/locations/pune.html"" /> <meta property=""og:image"" content=""https://rubinoxmetal.com/assets/rubinox-social-preview-2026.jpg"" /> <meta property=""og:image:secure_url"" content=""https://rubinoxmetal.com/assets/rubinox-social-preview-2026.jpg"" /> <meta property=""og:image:type"" content=""image/jpeg"" /> <meta property=""og:image:width"" content=""1200"" /> <meta property=""og:image:height"" content=""630"" /> <meta property=""og:image:alt"" content=""Metal Supplier in Pune"" /> <meta name=""twitter:card"" content=""summary_large_image"" /> <meta name=""twitter:site"" content=""@rubinoxmetal"" /> <meta name=""twitter:title"" content=""Metal Supplier in Pune | Stainless Steel &amp; Alloys | Rubinox"" /> <meta name=""twitter:description"" content=""Rubinox supports Pune RFQs for stainless steel, duplex, nickel alloys, carbon steel and non-ferrous metals as a stockist, supplier, importer, exporter and project supplier."" /> <meta name=""twitter:image"" content=""https://rubinoxmetal.com/assets/rubinox-social-preview-2026.jpg"" /> <meta name=""twitter:image:alt"" content=""Metal Supplier in Pune"" /> <!-- Google Analytics --> <script async src=""https://www.googletagmanager.com/gtag/js?id=G-JT5X5L5H07",,locations,yes,yes
locations/raipur.html,https://rubinoxmetal.com/locations/raipur.html,Metal Supplier in Raipur,Metal Supplier in Raipur | Stainless Steel &amp; Alloys | Rubinox,"Rubinox supports Raipur RFQs for steel, power, cement, mining, fabrication and project buying with stainless steel, duplex steel, nickel alloys, carbon steel and non-ferrous metal quotation support from Mumbai for PAN India enquiries."" /> <meta name=""robots"" content=""index,follow"" /> <link rel=""canonical"" href=""https://rubinoxmetal.com/locations/raipur.html"" /> <meta property=""og:locale"" content=""en_IN"" /> <meta property=""og:type"" content=""website"" /> <meta property=""og:site_name"" content=""Rubinox Metal and Alloys"" /> <meta property=""og:title"" content=""Metal Supplier in Raipur | Stainless Steel &amp; Alloys | Rubinox"" /> <meta property=""og:description"" content=""Rubinox supports Raipur RFQs for steel, power, cement, mining, fabrication and project buying with stainless steel, duplex steel, nickel alloys, carbon steel and non-ferrous metal quotation support from Mumbai for PAN India enquiries."" /> <meta property=""og:url"" content=""https://rubinoxmetal.com/locations/raipur.html"" /> <meta property=""og:image"" content=""https://rubinoxmetal.com/assets/rubinox-social-preview-2026.jpg"" /> <meta property=""og:image:secure_url"" content=""https://rubinoxmetal.com/assets/rubinox-social-preview-2026.jpg"" /> <meta property=""og:image:type"" content=""image/jpeg"" /> <meta property=""og:image:width"" content=""1200"" /> <meta property=""og:image:height"" content=""630"" /> <meta property=""og:image:alt"" content=""Metal Supplier in Raipur"" /> <meta name=""twitter:card"" content=""summary_large_image"" /> <meta name=""twitter:site"" content=""@rubinoxmetal"" /> <meta name=""twitter:title"" content=""Metal Supplier in Raipur | Stainless Steel &amp; Alloys | Rubinox"" /> <meta name=""twitter:description"" content=""Rubinox supports Raipur RFQs for steel, power, cement, mining, fabrication and project buying with stainless steel, duplex steel, nickel alloys, carbon steel and non-ferrous metal quotation support from Mumbai for PAN India enquiries."" /> <meta name=""twitter:image"" content=""https://rubinoxmetal.com/assets/rubinox-social-preview-2026.jpg"" /> <meta name=""twitter:image:alt"" content=""Metal Supplier in Raipur"" /> <!-- Google Analytics --> <script async src=""https://www.googletagmanager.com/gtag/js?id=G-JT5X5L5H07",,locations,yes,yes
locations/rajkot.html,https://rubinoxmetal.com/locations/rajkot.html,Metal Supplier in Rajkot,Metal Supplier in Rajkot | Stainless Steel &amp; Alloys | Rubinox,"Rubinox supports Rajkot RFQs for engineering, casting, machine tools, fabrication, pumps and project buying with stainless steel, duplex steel, nickel alloys, carbon steel and non-ferrous metal quotation support from Mumbai for PAN India enquiries."" /> <meta name=""robots"" content=""index,follow"" /> <link rel=""canonical"" href=""https://rubinoxmetal.com/locations/rajkot.html"" /> <meta property=""og:locale"" content=""en_IN"" /> <meta property=""og:type"" content=""website"" /> <meta property=""og:site_name"" content=""Rubinox Metal and Alloys"" /> <meta property=""og:title"" content=""Metal Supplier in Rajkot | Stainless Steel &amp; Alloys | Rubinox"" /> <meta property=""og:description"" content=""Rubinox supports Rajkot RFQs for engineering, casting, machine tools, fabrication, pumps and project buying with stainless steel, duplex steel, nickel alloys, carbon steel and non-ferrous metal quotation support from Mumbai for PAN India enquiries."" /> <meta property=""og:url"" content=""https://rubinoxmetal.com/locations/rajkot.html"" /> <meta property=""og:image"" content=""https://rubinoxmetal.com/assets/rubinox-social-preview-2026.jpg"" /> <meta property=""og:image:secure_url"" content=""https://rubinoxmetal.com/assets/rubinox-social-preview-2026.jpg"" /> <meta property=""og:image:type"" content=""image/jpeg"" /> <meta property=""og:image:width"" content=""1200"" /> <meta property=""og:image:height"" content=""630"" /> <meta property=""og:image:alt"" content=""Metal Supplier in Rajkot"" /> <meta name=""twitter:card"" content=""summary_large_image"" /> <meta name=""twitter:site"" content=""@rubinoxmetal"" /> <meta name=""twitter:title"" content=""Metal Supplier in Rajkot | Stainless Steel &amp; Alloys | Rubinox"" /> <meta name=""twitter:description"" content=""Rubinox supports Rajkot RFQs for engineering, casting, machine tools, fabrication, pumps and project buying with stainless steel, duplex steel, nickel alloys, carbon steel and non-ferrous metal quotation support from Mumbai for PAN India enquiries."" /> <meta name=""twitter:image"" content=""https://rubinoxmetal.com/assets/rubinox-social-preview-2026.jpg"" /> <meta name=""twitter:image:alt"" content=""Metal Supplier in Rajkot"" /> <!-- Google Analytics --> <script async src=""https://www.googletagmanager.com/gtag/js?id=G-JT5X5L5H07",,locations,yes,yes
locations/salem.html,https://rubinoxmetal.com/locations/salem.html,Metal Supplier in Salem,Metal Supplier in Salem | Rubinox,"Rubinox supports Salem RFQs for steel, foundry, textile machinery, fabrication and project buying with stainless steel, duplex steel, nickel alloys, carbon steel and non-ferrous metal quotation support from Mumbai for PAN India enquiries."" /> <meta name=""robots"" content=""index,follow"" /> <link rel=""canonical"" href=""https://rubinoxmetal.com/locations/salem.html"" /> <meta property=""og:locale"" content=""en_IN"" /> <meta property=""og:type"" content=""website"" /> <meta property=""og:site_name"" content=""Rubinox Metal and Alloys"" /> <meta property=""og:title"" content=""Metal Supplier in Salem | Rubinox"" /> <meta property=""og:description"" content=""Rubinox supports Salem RFQs for steel, foundry, textile machinery, fabrication and project buying with stainless steel, duplex steel, nickel alloys, carbon steel and non-ferrous metal quotation support from Mumbai for PAN India enquiries."" /> <meta property=""og:url"" content=""https://rubinoxmetal.com/locations/salem.html"" /> <meta property=""og:image"" content=""https://rubinoxmetal.com/assets/rubinox-social-preview-2026.jpg"" /> <meta property=""og:image:secure_url"" content=""https://rubinoxmetal.com/assets/rubinox-social-preview-2026.jpg"" /> <meta property=""og:image:type"" content=""image/jpeg"" /> <meta property=""og:image:width"" content=""1200"" /> <meta property=""og:image:height"" content=""630"" /> <meta property=""og:image:alt"" content=""Metal Supplier in Salem"" /> <meta name=""twitter:card"" content=""summary_large_image"" /> <meta name=""twitter:site"" content=""@rubinoxmetal"" /> <meta name=""twitter:title"" content=""Metal Supplier in Salem | Rubinox"" /> <meta name=""twitter:description"" content=""Rubinox supports Salem RFQs for steel, foundry, textile machinery, fabrication and project buying with stainless steel, duplex steel, nickel alloys, carbon steel and non-ferrous metal quotation support from Mumbai for PAN India enquiries."" /> <meta name=""twitter:image"" content=""https://rubinoxmetal.com/assets/rubinox-social-preview-2026.jpg"" /> <meta name=""twitter:image:alt"" content=""Metal Supplier in Salem"" /> <!-- Google Analytics --> <script async src=""https://www.googletagmanager.com/gtag/js?id=G-JT5X5L5H07",,locations,yes,yes
locations/sriperumbudur-oragadam.html,https://rubinoxmetal.com/locations/sriperumbudur-oragadam.html,Metal Supplier in Sriperumbudur / Oragadam,Metal Supplier in Sriperumbudur / Oragadam | Rubinox,"Rubinox supports Sriperumbudur / Oragadam RFQs for automotive, electronics, engineering, fabrication and project buying with stainless steel, duplex steel, nickel alloys, carbon steel and non-ferrous metal quotation support from Mumbai for PAN India enquiries."" /> <meta name=""robots"" content=""index,follow"" /> <link rel=""canonical"" href=""https://rubinoxmetal.com/locations/sriperumbudur-oragadam.html"" /> <meta property=""og:locale"" content=""en_IN"" /> <meta property=""og:type"" content=""website"" /> <meta property=""og:site_name"" content=""Rubinox Metal and Alloys"" /> <meta property=""og:title"" content=""Metal Supplier in Sriperumbudur / Oragadam | Rubinox"" /> <meta property=""og:description"" content=""Rubinox supports Sriperumbudur / Oragadam RFQs for automotive, electronics, engineering, fabrication and project buying with stainless steel, duplex steel, nickel alloys, carbon steel and non-ferrous metal quotation support from Mumbai for PAN India enquiries."" /> <meta property=""og:url"" content=""https://rubinoxmetal.com/locations/sriperumbudur-oragadam.html"" /> <meta property=""og:image"" content=""https://rubinoxmetal.com/assets/rubinox-social-preview-2026.jpg"" /> <meta property=""og:image:secure_url"" content=""https://rubinoxmetal.com/assets/rubinox-social-preview-2026.jpg"" /> <meta property=""og:image:type"" content=""image/jpeg"" /> <meta property=""og:image:width"" content=""1200"" /> <meta property=""og:image:height"" content=""630"" /> <meta property=""og:image:alt"" content=""Metal Supplier in Sriperumbudur / Oragadam"" /> <meta name=""twitter:card"" content=""summary_large_image"" /> <meta name=""twitter:site"" content=""@rubinoxmetal"" /> <meta name=""twitter:title"" content=""Metal Supplier in Sriperumbudur / Oragadam | Rubinox"" /> <meta name=""twitter:description"" content=""Rubinox supports Sriperumbudur / Oragadam RFQs for automotive, electronics, engineering, fabrication and project buying with stainless steel, duplex steel, nickel alloys, carbon steel and non-ferrous metal quotation support from Mumbai for PAN India enquiries."" /> <meta name=""twitter:image"" content=""https://rubinoxmetal.com/assets/rubinox-social-preview-2026.jpg"" /> <meta name=""twitter:image:alt"" content=""Metal Supplier in Sriperumbudur / Oragadam"" /> <!-- Google Analytics --> <script async src=""https://www.googletagmanager.com/gtag/js?id=G-JT5X5L5H07",,locations,yes,yes
locations/surat.html,https://rubinoxmetal.com/locations/surat.html,Metal Supplier in Surat,Metal Supplier in Surat | Stainless Steel &amp; Alloys | Rubinox,"Rubinox supports Surat RFQs for stainless steel, duplex, nickel alloys, carbon steel and non-ferrous metals as a stockist, supplier, importer, exporter and project supplier."" /> <meta name=""robots"" content=""index,follow"" /> <link rel=""canonical"" href=""https://rubinoxmetal.com/locations/surat.html"" /> <meta property=""og:locale"" content=""en_IN"" /> <meta property=""og:type"" content=""website"" /> <meta property=""og:site_name"" content=""Rubinox Metal and Alloys"" /> <meta property=""og:title"" content=""Metal Supplier in Surat | Stainless Steel &amp; Alloys | Rubinox"" /> <meta property=""og:description"" content=""Rubinox supports Surat RFQs for stainless steel, duplex, nickel alloys, carbon steel and non-ferrous metals as a stockist, supplier, importer, exporter and project supplier."" /> <meta property=""og:url"" content=""https://rubinoxmetal.com/locations/surat.html"" /> <meta property=""og:image"" content=""https://rubinoxmetal.com/assets/rubinox-social-preview-2026.jpg"" /> <meta property=""og:image:secure_url"" content=""https://rubinoxmetal.com/assets/rubinox-social-preview-2026.jpg"" /> <meta property=""og:image:type"" content=""image/jpeg"" /> <meta property=""og:image:width"" content=""1200"" /> <meta property=""og:image:height"" content=""630"" /> <meta property=""og:image:alt"" content=""Metal Supplier in Surat"" /> <meta name=""twitter:card"" content=""summary_large_image"" /> <meta name=""twitter:site"" content=""@rubinoxmetal"" /> <meta name=""twitter:title"" content=""Metal Supplier in Surat | Stainless Steel &amp; Alloys | Rubinox"" /> <meta name=""twitter:description"" content=""Rubinox supports Surat RFQs for stainless steel, duplex, nickel alloys, carbon steel and non-ferrous metals as a stockist, supplier, importer, exporter and project supplier."" /> <meta name=""twitter:image"" content=""https://rubinoxmetal.com/assets/rubinox-social-preview-2026.jpg"" /> <meta name=""twitter:image:alt"" content=""Metal Supplier in Surat"" /> <!-- Google Analytics --> <script async src=""https://www.googletagmanager.com/gtag/js?id=G-JT5X5L5H07",,locations,yes,yes
locations/thane.html,https://rubinoxmetal.com/locations/thane.html,Metal Supplier in Thane,Metal Supplier in Thane | Stainless Steel &amp; Alloys | Rubinox,"Rubinox supports Thane RFQs for engineering, pharma, chemical, fabrication, MRO and infrastructure with stainless steel, duplex steel, nickel alloys, carbon steel and non-ferrous metal quotation support from Mumbai for PAN India enquiries."" /> <meta name=""robots"" content=""index,follow"" /> <link rel=""canonical"" href=""https://rubinoxmetal.com/locations/thane.html"" /> <meta property=""og:locale"" content=""en_IN"" /> <meta property=""og:type"" content=""website"" /> <meta property=""og:site_name"" content=""Rubinox Metal and Alloys"" /> <meta property=""og:title"" content=""Metal Supplier in Thane | Stainless Steel &amp; Alloys | Rubinox"" /> <meta property=""og:description"" content=""Rubinox supports Thane RFQs for engineering, pharma, chemical, fabrication, MRO and infrastructure with stainless steel, duplex steel, nickel alloys, carbon steel and non-ferrous metal quotation support from Mumbai for PAN India enquiries."" /> <meta property=""og:url"" content=""https://rubinoxmetal.com/locations/thane.html"" /> <meta property=""og:image"" content=""https://rubinoxmetal.com/assets/rubinox-social-preview-2026.jpg"" /> <meta property=""og:image:secure_url"" content=""https://rubinoxmetal.com/assets/rubinox-social-preview-2026.jpg"" /> <meta property=""og:image:type"" content=""image/jpeg"" /> <meta property=""og:image:width"" content=""1200"" /> <meta property=""og:image:height"" content=""630"" /> <meta property=""og:image:alt"" content=""Metal Supplier in Thane"" /> <meta name=""twitter:card"" content=""summary_large_image"" /> <meta name=""twitter:site"" content=""@rubinoxmetal"" /> <meta name=""twitter:title"" content=""Metal Supplier in Thane | Stainless Steel &amp; Alloys | Rubinox"" /> <meta name=""twitter:description"" content=""Rubinox supports Thane RFQs for engineering, pharma, chemical, fabrication, MRO and infrastructure with stainless steel, duplex steel, nickel alloys, carbon steel and non-ferrous metal quotation support from Mumbai for PAN India enquiries."" /> <meta name=""twitter:image"" content=""https://rubinoxmetal.com/assets/rubinox-social-preview-2026.jpg"" /> <meta name=""twitter:image:alt"" content=""Metal Supplier in Thane"" /> <!-- Google Analytics --> <script async src=""https://www.googletagmanager.com/gtag/js?id=G-JT5X5L5H07",,locations,yes,yes
locations/thoothukudi.html,https://rubinoxmetal.com/locations/thoothukudi.html,Metal Supplier in Thoothukudi,Metal Supplier in Thoothukudi | Rubinox,"Rubinox supports Thoothukudi RFQs for port, marine, chemical, fertilizer and project buying with stainless steel, duplex steel, nickel alloys, carbon steel and non-ferrous metal quotation support from Mumbai for PAN India enquiries."" /> <meta name=""robots"" content=""index,follow"" /> <link rel=""canonical"" href=""https://rubinoxmetal.com/locations/thoothukudi.html"" /> <meta property=""og:locale"" content=""en_IN"" /> <meta property=""og:type"" content=""website"" /> <meta property=""og:site_name"" content=""Rubinox Metal and Alloys"" /> <meta property=""og:title"" content=""Metal Supplier in Thoothukudi | Rubinox"" /> <meta property=""og:description"" content=""Rubinox supports Thoothukudi RFQs for port, marine, chemical, fertilizer and project buying with stainless steel, duplex steel, nickel alloys, carbon steel and non-ferrous metal quotation support from Mumbai for PAN India enquiries."" /> <meta property=""og:url"" content=""https://rubinoxmetal.com/locations/thoothukudi.html"" /> <meta property=""og:image"" content=""https://rubinoxmetal.com/assets/rubinox-social-preview-2026.jpg"" /> <meta property=""og:image:secure_url"" content=""https://rubinoxmetal.com/assets/rubinox-social-preview-2026.jpg"" /> <meta property=""og:image:type"" content=""image/jpeg"" /> <meta property=""og:image:width"" content=""1200"" /> <meta property=""og:image:height"" content=""630"" /> <meta property=""og:image:alt"" content=""Metal Supplier in Thoothukudi"" /> <meta name=""twitter:card"" content=""summary_large_image"" /> <meta name=""twitter:site"" content=""@rubinoxmetal"" /> <meta name=""twitter:title"" content=""Metal Supplier in Thoothukudi | Rubinox"" /> <meta name=""twitter:description"" content=""Rubinox supports Thoothukudi RFQs for port, marine, chemical, fertilizer and project buying with stainless steel, duplex steel, nickel alloys, carbon steel and non-ferrous metal quotation support from Mumbai for PAN India enquiries."" /> <meta name=""twitter:image"" content=""https://rubinoxmetal.com/assets/rubinox-social-preview-2026.jpg"" /> <meta name=""twitter:image:alt"" content=""Metal Supplier in Thoothukudi"" /> <!-- Google Analytics --> <script async src=""https://www.googletagmanager.com/gtag/js?id=G-JT5X5L5H07",,locations,yes,yes
locations/tiruchirappalli.html,https://rubinoxmetal.com/locations/tiruchirappalli.html,Metal Supplier in Tiruchirappalli,Metal Supplier in Tiruchirappalli | Rubinox,"Rubinox supports Tiruchirappalli RFQs for fabrication, boiler equipment, engineering, power and project buying with stainless steel, duplex steel, nickel alloys, carbon steel and non-ferrous metal quotation support from Mumbai for PAN India enquiries."" /> <meta name=""robots"" content=""index,follow"" /> <link rel=""canonical"" href=""https://rubinoxmetal.com/locations/tiruchirappalli.html"" /> <meta property=""og:locale"" content=""en_IN"" /> <meta property=""og:type"" content=""website"" /> <meta property=""og:site_name"" content=""Rubinox Metal and Alloys"" /> <meta property=""og:title"" content=""Metal Supplier in Tiruchirappalli | Rubinox"" /> <meta property=""og:description"" content=""Rubinox supports Tiruchirappalli RFQs for fabrication, boiler equipment, engineering, power and project buying with stainless steel, duplex steel, nickel alloys, carbon steel and non-ferrous metal quotation support from Mumbai for PAN India enquiries."" /> <meta property=""og:url"" content=""https://rubinoxmetal.com/locations/tiruchirappalli.html"" /> <meta property=""og:image"" content=""https://rubinoxmetal.com/assets/rubinox-social-preview-2026.jpg"" /> <meta property=""og:image:secure_url"" content=""https://rubinoxmetal.com/assets/rubinox-social-preview-2026.jpg"" /> <meta property=""og:image:type"" content=""image/jpeg"" /> <meta property=""og:image:width"" content=""1200"" /> <meta property=""og:image:height"" content=""630"" /> <meta property=""og:image:alt"" content=""Metal Supplier in Tiruchirappalli"" /> <meta name=""twitter:card"" content=""summary_large_image"" /> <meta name=""twitter:site"" content=""@rubinoxmetal"" /> <meta name=""twitter:title"" content=""Metal Supplier in Tiruchirappalli | Rubinox"" /> <meta name=""twitter:description"" content=""Rubinox supports Tiruchirappalli RFQs for fabrication, boiler equipment, engineering, power and project buying with stainless steel, duplex steel, nickel alloys, carbon steel and non-ferrous metal quotation support from Mumbai for PAN India enquiries."" /> <meta name=""twitter:image"" content=""https://rubinoxmetal.com/assets/rubinox-social-preview-2026.jpg"" /> <meta name=""twitter:image:alt"" content=""Metal Supplier in Tiruchirappalli"" /> <!-- Google Analytics --> <script async src=""https://www.googletagmanager.com/gtag/js?id=G-JT5X5L5H07",,locations,yes,yes
locations/tumakuru.html,https://rubinoxmetal.com/locations/tumakuru.html,Metal Supplier in Tumakuru,Metal Supplier in Tumakuru | Rubinox,"Rubinox supports Tumakuru RFQs for automotive, engineering, fabrication, industrial parks and project buying with stainless steel, duplex steel, nickel alloys, carbon steel and non-ferrous metal quotation support from Mumbai for PAN India enquiries."" /> <meta name=""robots"" content=""index,follow"" /> <link rel=""canonical"" href=""https://rubinoxmetal.com/locations/tumakuru.html"" /> <meta property=""og:locale"" content=""en_IN"" /> <meta property=""og:type"" content=""website"" /> <meta property=""og:site_name"" content=""Rubinox Metal and Alloys"" /> <meta property=""og:title"" content=""Metal Supplier in Tumakuru | Rubinox"" /> <meta property=""og:description"" content=""Rubinox supports Tumakuru RFQs for automotive, engineering, fabrication, industrial parks and project buying with stainless steel, duplex steel, nickel alloys, carbon steel and non-ferrous metal quotation support from Mumbai for PAN India enquiries."" /> <meta property=""og:url"" content=""https://rubinoxmetal.com/locations/tumakuru.html"" /> <meta property=""og:image"" content=""https://rubinoxmetal.com/assets/rubinox-social-preview-2026.jpg"" /> <meta property=""og:image:secure_url"" content=""https://rubinoxmetal.com/assets/rubinox-social-preview-2026.jpg"" /> <meta property=""og:image:type"" content=""image/jpeg"" /> <meta property=""og:image:width"" content=""1200"" /> <meta property=""og:image:height"" content=""630"" /> <meta property=""og:image:alt"" content=""Metal Supplier in Tumakuru"" /> <meta name=""twitter:card"" content=""summary_large_image"" /> <meta name=""twitter:site"" content=""@rubinoxmetal"" /> <meta name=""twitter:title"" content=""Metal Supplier in Tumakuru | Rubinox"" /> <meta name=""twitter:description"" content=""Rubinox supports Tumakuru RFQs for automotive, engineering, fabrication, industrial parks and project buying with stainless steel, duplex steel, nickel alloys, carbon steel and non-ferrous metal quotation support from Mumbai for PAN India enquiries."" /> <meta name=""twitter:image"" content=""https://rubinoxmetal.com/assets/rubinox-social-preview-2026.jpg"" /> <meta name=""twitter:image:alt"" content=""Metal Supplier in Tumakuru"" /> <!-- Google Analytics --> <script async src=""https://www.googletagmanager.com/gtag/js?id=G-JT5X5L5H07",,locations,yes,yes
locations/vadodara.html,https://rubinoxmetal.com/locations/vadodara.html,Metal Supplier in Vadodara,Metal Supplier in Vadodara | Stainless Steel &amp; Alloys | Rubinox,"Rubinox supports Vadodara RFQs for stainless steel, duplex, nickel alloys, carbon steel and non-ferrous metals as a stockist, supplier, importer, exporter and project supplier."" /> <meta name=""robots"" content=""index,follow"" /> <link rel=""canonical"" href=""https://rubinoxmetal.com/locations/vadodara.html"" /> <meta property=""og:locale"" content=""en_IN"" /> <meta property=""og:type"" content=""website"" /> <meta property=""og:site_name"" content=""Rubinox Metal and Alloys"" /> <meta property=""og:title"" content=""Metal Supplier in Vadodara | Stainless Steel &amp; Alloys | Rubinox"" /> <meta property=""og:description"" content=""Rubinox supports Vadodara RFQs for stainless steel, duplex, nickel alloys, carbon steel and non-ferrous metals as a stockist, supplier, importer, exporter and project supplier."" /> <meta property=""og:url"" content=""https://rubinoxmetal.com/locations/vadodara.html"" /> <meta property=""og:image"" content=""https://rubinoxmetal.com/assets/rubinox-social-preview-2026.jpg"" /> <meta property=""og:image:secure_url"" content=""https://rubinoxmetal.com/assets/rubinox-social-preview-2026.jpg"" /> <meta property=""og:image:type"" content=""image/jpeg"" /> <meta property=""og:image:width"" content=""1200"" /> <meta property=""og:image:height"" content=""630"" /> <meta property=""og:image:alt"" content=""Metal Supplier in Vadodara"" /> <meta name=""twitter:card"" content=""summary_large_image"" /> <meta name=""twitter:site"" content=""@rubinoxmetal"" /> <meta name=""twitter:title"" content=""Metal Supplier in Vadodara | Stainless Steel &amp; Alloys | Rubinox"" /> <meta name=""twitter:description"" content=""Rubinox supports Vadodara RFQs for stainless steel, duplex, nickel alloys, carbon steel and non-ferrous metals as a stockist, supplier, importer, exporter and project supplier."" /> <meta name=""twitter:image"" content=""https://rubinoxmetal.com/assets/rubinox-social-preview-2026.jpg"" /> <meta name=""twitter:image:alt"" content=""Metal Supplier in Vadodara"" /> <!-- Google Analytics --> <script async src=""https://www.googletagmanager.com/gtag/js?id=G-JT5X5L5H07",,locations,yes,yes
locations/vapi.html,https://rubinoxmetal.com/locations/vapi.html,Metal Supplier in Vapi,Metal Supplier in Vapi | Stainless Steel &amp; Alloys | Rubinox,"Rubinox supports Vapi RFQs for chemical, pharma, process plants, fabrication, utilities and maintenance with stainless steel, duplex steel, nickel alloys, carbon steel and non-ferrous metal quotation support from Mumbai for PAN India enquiries."" /> <meta name=""robots"" content=""index,follow"" /> <link rel=""canonical"" href=""https://rubinoxmetal.com/locations/vapi.html"" /> <meta property=""og:locale"" content=""en_IN"" /> <meta property=""og:type"" content=""website"" /> <meta property=""og:site_name"" content=""Rubinox Metal and Alloys"" /> <meta property=""og:title"" content=""Metal Supplier in Vapi | Stainless Steel &amp; Alloys | Rubinox"" /> <meta property=""og:description"" content=""Rubinox supports Vapi RFQs for chemical, pharma, process plants, fabrication, utilities and maintenance with stainless steel, duplex steel, nickel alloys, carbon steel and non-ferrous metal quotation support from Mumbai for PAN India enquiries."" /> <meta property=""og:url"" content=""https://rubinoxmetal.com/locations/vapi.html"" /> <meta property=""og:image"" content=""https://rubinoxmetal.com/assets/rubinox-social-preview-2026.jpg"" /> <meta property=""og:image:secure_url"" content=""https://rubinoxmetal.com/assets/rubinox-social-preview-2026.jpg"" /> <meta property=""og:image:type"" content=""image/jpeg"" /> <meta property=""og:image:width"" content=""1200"" /> <meta property=""og:image:height"" content=""630"" /> <meta property=""og:image:alt"" content=""Metal Supplier in Vapi"" /> <meta name=""twitter:card"" content=""summary_large_image"" /> <meta name=""twitter:site"" content=""@rubinoxmetal"" /> <meta name=""twitter:title"" content=""Metal Supplier in Vapi | Stainless Steel &amp; Alloys | Rubinox"" /> <meta name=""twitter:description"" content=""Rubinox supports Vapi RFQs for chemical, pharma, process plants, fabrication, utilities and maintenance with stainless steel, duplex steel, nickel alloys, carbon steel and non-ferrous metal quotation support from Mumbai for PAN India enquiries."" /> <meta name=""twitter:image"" content=""https://rubinoxmetal.com/assets/rubinox-social-preview-2026.jpg"" /> <meta name=""twitter:image:alt"" content=""Metal Supplier in Vapi"" /> <!-- Google Analytics --> <script async src=""https://www.googletagmanager.com/gtag/js?id=G-JT5X5L5H07",,locations,yes,yes
locations/vijayawada.html,https://rubinoxmetal.com/locations/vijayawada.html,Metal Supplier in Vijayawada,Metal Supplier in Vijayawada | Rubinox,"Rubinox supports Vijayawada RFQs for infrastructure, fabrication, food processing, engineering and project buying with stainless steel, duplex steel, nickel alloys, carbon steel and non-ferrous metal quotation support from Mumbai for PAN India enquiries."" /> <meta name=""robots"" content=""index,follow"" /> <link rel=""canonical"" href=""https://rubinoxmetal.com/locations/vijayawada.html"" /> <meta property=""og:locale"" content=""en_IN"" /> <meta property=""og:type"" content=""website"" /> <meta property=""og:site_name"" content=""Rubinox Metal and Alloys"" /> <meta property=""og:title"" content=""Metal Supplier in Vijayawada | Rubinox"" /> <meta property=""og:description"" content=""Rubinox supports Vijayawada RFQs for infrastructure, fabrication, food processing, engineering and project buying with stainless steel, duplex steel, nickel alloys, carbon steel and non-ferrous metal quotation support from Mumbai for PAN India enquiries."" /> <meta property=""og:url"" content=""https://rubinoxmetal.com/locations/vijayawada.html"" /> <meta property=""og:image"" content=""https://rubinoxmetal.com/assets/rubinox-social-preview-2026.jpg"" /> <meta property=""og:image:secure_url"" content=""https://rubinoxmetal.com/assets/rubinox-social-preview-2026.jpg"" /> <meta property=""og:image:type"" content=""image/jpeg"" /> <meta property=""og:image:width"" content=""1200"" /> <meta property=""og:image:height"" content=""630"" /> <meta property=""og:image:alt"" content=""Metal Supplier in Vijayawada"" /> <meta name=""twitter:card"" content=""summary_large_image"" /> <meta name=""twitter:site"" content=""@rubinoxmetal"" /> <meta name=""twitter:title"" content=""Metal Supplier in Vijayawada | Rubinox"" /> <meta name=""twitter:description"" content=""Rubinox supports Vijayawada RFQs for infrastructure, fabrication, food processing, engineering and project buying with stainless steel, duplex steel, nickel alloys, carbon steel and non-ferrous metal quotation support from Mumbai for PAN India enquiries."" /> <meta name=""twitter:image"" content=""https://rubinoxmetal.com/assets/rubinox-social-preview-2026.jpg"" /> <meta name=""twitter:image:alt"" content=""Metal Supplier in Vijayawada"" /> <!-- Google Analytics --> <script async src=""https://www.googletagmanager.com/gtag/js?id=G-JT5X5L5H07",,locations,yes,yes
locations/visakhapatnam.html,https://rubinoxmetal.com/locations/visakhapatnam.html,Metal Supplier in Visakhapatnam,Metal Supplier in Visakhapatnam | Rubinox,"Rubinox supports Visakhapatnam RFQs for marine, steel, shipyard, port, power, EPC and fabrication with stainless steel, duplex steel, nickel alloys, carbon steel and non-ferrous metal quotation support from Mumbai for PAN India enquiries."" /> <meta name=""robots"" content=""index,follow"" /> <link rel=""canonical"" href=""https://rubinoxmetal.com/locations/visakhapatnam.html"" /> <meta property=""og:locale"" content=""en_IN"" /> <meta property=""og:type"" content=""website"" /> <meta property=""og:site_name"" content=""Rubinox Metal and Alloys"" /> <meta property=""og:title"" content=""Metal Supplier in Visakhapatnam | Rubinox"" /> <meta property=""og:description"" content=""Rubinox supports Visakhapatnam RFQs for marine, steel, shipyard, port, power, EPC and fabrication with stainless steel, duplex steel, nickel alloys, carbon steel and non-ferrous metal quotation support from Mumbai for PAN India enquiries."" /> <meta property=""og:url"" content=""https://rubinoxmetal.com/locations/visakhapatnam.html"" /> <meta property=""og:image"" content=""https://rubinoxmetal.com/assets/rubinox-social-preview-2026.jpg"" /> <meta property=""og:image:secure_url"" content=""https://rubinoxmetal.com/assets/rubinox-social-preview-2026.jpg"" /> <meta property=""og:image:type"" content=""image/jpeg"" /> <meta property=""og:image:width"" content=""1200"" /> <meta property=""og:image:height"" content=""630"" /> <meta property=""og:image:alt"" content=""Metal Supplier in Visakhapatnam"" /> <meta name=""twitter:card"" content=""summary_large_image"" /> <meta name=""twitter:site"" content=""@rubinoxmetal"" /> <meta name=""twitter:title"" content=""Metal Supplier in Visakhapatnam | Rubinox"" /> <meta name=""twitter:description"" content=""Rubinox supports Visakhapatnam RFQs for marine, steel, shipyard, port, power, EPC and fabrication with stainless steel, duplex steel, nickel alloys, carbon steel and non-ferrous metal quotation support from Mumbai for PAN India enquiries."" /> <meta name=""twitter:image"" content=""https://rubinoxmetal.com/assets/rubinox-social-preview-2026.jpg"" /> <meta name=""twitter:image:alt"" content=""Metal Supplier in Visakhapatnam"" /> <!-- Google Analytics --> <script async src=""https://www.googletagmanager.com/gtag/js?id=G-JT5X5L5H07",,locations,yes,yes
locations/zaheerabad.html,https://rubinoxmetal.com/locations/zaheerabad.html,Metal Supplier in Zaheerabad,Metal Supplier in Zaheerabad | Rubinox,"Rubinox supports Zaheerabad RFQs for automotive, fabrication, engineering, pharma and project buying with stainless steel, duplex steel, nickel alloys, carbon steel and non-ferrous metal quotation support from Mumbai for PAN India enquiries."" /> <meta name=""robots"" content=""index,follow"" /> <link rel=""canonical"" href=""https://rubinoxmetal.com/locations/zaheerabad.html"" /> <meta property=""og:locale"" content=""en_IN"" /> <meta property=""og:type"" content=""website"" /> <meta property=""og:site_name"" content=""Rubinox Metal and Alloys"" /> <meta property=""og:title"" content=""Metal Supplier in Zaheerabad | Rubinox"" /> <meta property=""og:description"" content=""Rubinox supports Zaheerabad RFQs for automotive, fabrication, engineering, pharma and project buying with stainless steel, duplex steel, nickel alloys, carbon steel and non-ferrous metal quotation support from Mumbai for PAN India enquiries."" /> <meta property=""og:url"" content=""https://rubinoxmetal.com/locations/zaheerabad.html"" /> <meta property=""og:image"" content=""https://rubinoxmetal.com/assets/rubinox-social-preview-2026.jpg"" /> <meta property=""og:image:secure_url"" content=""https://rubinoxmetal.com/assets/rubinox-social-preview-2026.jpg"" /> <meta property=""og:image:type"" content=""image/jpeg"" /> <meta property=""og:image:width"" content=""1200"" /> <meta property=""og:image:height"" content=""630"" /> <meta property=""og:image:alt"" content=""Metal Supplier in Zaheerabad"" /> <meta name=""twitter:card"" content=""summary_large_image"" /> <meta name=""twitter:site"" content=""@rubinoxmetal"" /> <meta name=""twitter:title"" content=""Metal Supplier in Zaheerabad | Rubinox"" /> <meta name=""twitter:description"" content=""Rubinox supports Zaheerabad RFQs for automotive, fabrication, engineering, pharma and project buying with stainless steel, duplex steel, nickel alloys, carbon steel and non-ferrous metal quotation support from Mumbai for PAN India enquiries."" /> <meta name=""twitter:image"" content=""https://rubinoxmetal.com/assets/rubinox-social-preview-2026.jpg"" /> <meta name=""twitter:image:alt"" content=""Metal Supplier in Zaheerabad"" /> <!-- Google Analytics --> <script async src=""https://www.googletagmanager.com/gtag/js?id=G-JT5X5L5H07",,locations,yes,yes
material-location.html,https://rubinoxmetal.com/material-location.html,Material Location RFQ Pages,Material Location RFQ Pages | Rubinox,"Material-location RFQ hub for Rubinox material, grade, form and city combination pages across India.",https://rubinoxmetal.com/material-location.html,root,yes,yes
material-location/aluminium-6061-fittings-ahmedabad.html,https://rubinoxmetal.com/material-location/aluminium-6061-fittings-ahmedabad.html,Aluminium 6061 Fittings Supplier in Ahmedabad,Aluminium 6061 Fittings Supplier in Ahmedabad | Rubinox,"Aluminium 6061 fittings supplier in Ahmedabad. Rubinox reviews size, grade, quantity, standards and documentation-led RFQs.",https://rubinoxmetal.com/material-location/aluminium-6061-fittings-ahmedabad.html,material-location,yes,yes
material-location/aluminium-6061-fittings-bengaluru.html,https://rubinoxmetal.com/material-location/aluminium-6061-fittings-bengaluru.html,Aluminium 6061 Fittings Supplier in Bengaluru,Aluminium 6061 Fittings Supplier in Bengaluru | Rubinox,"Aluminium 6061 fittings supplier in Bengaluru. Rubinox reviews size, grade, quantity, standards and documentation-led RFQs.",https://rubinoxmetal.com/material-location/aluminium-6061-fittings-bengaluru.html,material-location,yes,yes
material-location/aluminium-6061-fittings-chennai.html,https://rubinoxmetal.com/material-location/aluminium-6061-fittings-chennai.html,Aluminium 6061 Fittings Supplier in Chennai,Aluminium 6061 Fittings Supplier in Chennai | Rubinox,"Aluminium 6061 fittings supplier in Chennai. Rubinox reviews size, grade, quantity, standards and documentation-led RFQs.",https://rubinoxmetal.com/material-location/aluminium-6061-fittings-chennai.html,material-location,yes,yes
material-location/aluminium-6061-fittings-coimbatore.html,https://rubinoxmetal.com/material-location/aluminium-6061-fittings-coimbatore.html,Aluminium 6061 Fittings Supplier in Coimbatore,Aluminium 6061 Fittings Supplier in Coimbatore | Rubinox,"Aluminium 6061 fittings supplier in Coimbatore. Rubinox reviews size, grade, quantity, standards and documentation-led RFQs.",https://rubinoxmetal.com/material-location/aluminium-6061-fittings-coimbatore.html,material-location,yes,yes
material-location/aluminium-6061-fittings-delhi.html,https://rubinoxmetal.com/material-location/aluminium-6061-fittings-delhi.html,Aluminium 6061 Fittings Supplier in Delhi NCR,Aluminium 6061 Fittings Supplier in Delhi NCR | Rubinox,"Aluminium 6061 fittings supplier in Delhi NCR. Rubinox reviews size, grade, quantity, standards and documentation-led RFQs.",https://rubinoxmetal.com/material-location/aluminium-6061-fittings-delhi.html,material-location,yes,yes
material-location/aluminium-6061-fittings-faridabad.html,https://rubinoxmetal.com/material-location/aluminium-6061-fittings-faridabad.html,Aluminium 6061 Fittings Supplier in Faridabad,Aluminium 6061 Fittings Supplier in Faridabad | Rubinox,"Aluminium 6061 fittings supplier in Faridabad. Rubinox reviews size, grade, quantity, standards and documentation-led RFQs.",https://rubinoxmetal.com/material-location/aluminium-6061-fittings-faridabad.html,material-location,yes,yes
material-location/aluminium-6061-fittings-hyderabad.html,https://rubinoxmetal.com/material-location/aluminium-6061-fittings-hyderabad.html,Aluminium 6061 Fittings Supplier in Hyderabad,Aluminium 6061 Fittings Supplier in Hyderabad | Rubinox,"Aluminium 6061 fittings supplier in Hyderabad. Rubinox reviews size, grade, quantity, standards and documentation-led RFQs.",https://rubinoxmetal.com/material-location/aluminium-6061-fittings-hyderabad.html,material-location,yes,yes
material-location/aluminium-6061-fittings-mumbai.html,https://rubinoxmetal.com/material-location/aluminium-6061-fittings-mumbai.html,Aluminium 6061 Fittings Supplier in Mumbai,Aluminium 6061 Fittings Supplier in Mumbai | Rubinox,"Aluminium 6061 fittings supplier in Mumbai. Rubinox reviews size, grade, quantity, standards and documentation-led RFQs.",https://rubinoxmetal.com/material-location/aluminium-6061-fittings-mumbai.html,material-location,yes,yes
material-location/aluminium-6061-fittings-pune.html,https://rubinoxmetal.com/material-location/aluminium-6061-fittings-pune.html,Aluminium 6061 Fittings Supplier in Pune,Aluminium 6061 Fittings Supplier in Pune | Rubinox,"Aluminium 6061 fittings supplier in Pune. Rubinox reviews size, grade, quantity, standards and documentation-led RFQs.",https://rubinoxmetal.com/material-location/aluminium-6061-fittings-pune.html,material-location,yes,yes
material-location/aluminium-6061-fittings-vadodara.html,https://rubinoxmetal.com/material-location/aluminium-6061-fittings-vadodara.html,Aluminium 6061 Fittings Supplier in Vadodara,Aluminium 6061 Fittings Supplier in Vadodara | Rubinox,"Aluminium 6061 fittings supplier in Vadodara. Rubinox reviews size, grade, quantity, standards and documentation-led RFQs.",https://rubinoxmetal.com/material-location/aluminium-6061-fittings-vadodara.html,material-location,yes,yes
material-location/duplex-2205-fittings-bharuch.html,https://rubinoxmetal.com/material-location/duplex-2205-fittings-bharuch.html,Duplex 2205 Fittings Supplier in Bharuch,Duplex 2205 Fittings Supplier in Bharuch | Rubinox,"Duplex 2205 fittings supplier in Bharuch. Rubinox reviews size, grade, quantity, standards and documentation-led RFQs.",https://rubinoxmetal.com/material-location/duplex-2205-fittings-bharuch.html,material-location,yes,yes
material-location/duplex-2205-fittings-coimbatore.html,https://rubinoxmetal.com/material-location/duplex-2205-fittings-coimbatore.html,Duplex 2205 Fittings Supplier in Coimbatore,Duplex 2205 Fittings Supplier in Coimbatore | Rubinox,"Duplex 2205 fittings supplier in Coimbatore. Rubinox reviews size, grade, quantity, standards and documentation-led RFQs.",https://rubinoxmetal.com/material-location/duplex-2205-fittings-coimbatore.html,material-location,yes,yes
material-location/duplex-2205-fittings-kakinada.html,https://rubinoxmetal.com/material-location/duplex-2205-fittings-kakinada.html,Duplex 2205 Fittings Supplier in Kakinada,Duplex 2205 Fittings Supplier in Kakinada | Rubinox,"Duplex 2205 fittings supplier in Kakinada. Rubinox reviews size, grade, quantity, standards and documentation-led RFQs.",https://rubinoxmetal.com/material-location/duplex-2205-fittings-kakinada.html,material-location,yes,yes
material-location/duplex-2205-fittings-visakhapatnam.html,https://rubinoxmetal.com/material-location/duplex-2205-fittings-visakhapatnam.html,Duplex 2205 Fittings Supplier in Visakhapatnam,Duplex 2205 Fittings Supplier in Visakhapatnam | Rubinox,"Duplex 2205 fittings supplier in Visakhapatnam. Rubinox reviews size, grade, quantity, standards and documentation-led RFQs.",https://rubinoxmetal.com/material-location/duplex-2205-fittings-visakhapatnam.html,material-location,yes,yes
material-location/duplex-2205-flanges-bharuch.html,https://rubinoxmetal.com/material-location/duplex-2205-flanges-bharuch.html,Duplex 2205 Flanges Supplier in Bharuch,Duplex 2205 Flanges Supplier in Bharuch | Rubinox,"Duplex 2205 flanges supplier in Bharuch. Rubinox reviews size, grade, quantity, standards and documentation-led RFQs.",https://rubinoxmetal.com/material-location/duplex-2205-flanges-bharuch.html,material-location,yes,yes
material-location/duplex-2205-flanges-coimbatore.html,https://rubinoxmetal.com/material-location/duplex-2205-flanges-coimbatore.html,Duplex 2205 Flanges Supplier in Coimbatore,Duplex 2205 Flanges Supplier in Coimbatore | Rubinox,"Duplex 2205 flanges supplier in Coimbatore. Rubinox reviews size, grade, quantity, standards and documentation-led RFQs.",https://rubinoxmetal.com/material-location/duplex-2205-flanges-coimbatore.html,material-location,yes,yes
material-location/duplex-2205-flanges-kakinada.html,https://rubinoxmetal.com/material-location/duplex-2205-flanges-kakinada.html,Duplex 2205 Flanges Supplier in Kakinada,Duplex 2205 Flanges Supplier in Kakinada | Rubinox,"Duplex 2205 flanges supplier in Kakinada. Rubinox reviews size, grade, quantity, standards and documentation-led RFQs.",https://rubinoxmetal.com/material-location/duplex-2205-flanges-kakinada.html,material-location,yes,yes
material-location/duplex-2205-flanges-visakhapatnam.html,https://rubinoxmetal.com/material-location/duplex-2205-flanges-visakhapatnam.html,Duplex 2205 Flanges Supplier in Visakhapatnam,Duplex 2205 Flanges Supplier in Visakhapatnam | Rubinox,"Duplex 2205 flanges supplier in Visakhapatnam. Rubinox reviews size, grade, quantity, standards and documentation-led RFQs.",https://rubinoxmetal.com/material-location/duplex-2205-flanges-visakhapatnam.html,material-location,yes,yes
material-location/duplex-2205-pipes-mumbai.html,https://rubinoxmetal.com/material-location/duplex-2205-pipes-mumbai.html,Duplex 2205 Pipes Supplier in Mumbai,Duplex 2205 Pipes Supplier in Mumbai | Rubinox,"Duplex 2205 pipes supplier for Mumbai RFQs. Rubinox reviews NPS/NB, schedule, seamless or welded type, standard, testing and documents.",https://rubinoxmetal.com/material-location/duplex-2205-pipes-mumbai.html,material-location,yes,yes
material-location/hss-m2-round-bars-ahmedabad.html,https://rubinoxmetal.com/material-location/hss-m2-round-bars-ahmedabad.html,HSS M2 Round Bars Supplier in Ahmedabad,HSS M2 Round Bars Supplier in Ahmedabad | Rubinox,"HSS M2 round bars supplier in Ahmedabad. Rubinox reviews size, grade, quantity, standards and documentation-led RFQs.",https://rubinoxmetal.com/material-location/hss-m2-round-bars-ahmedabad.html,material-location,yes,yes
material-location/hss-m2-round-bars-bengaluru.html,https://rubinoxmetal.com/material-location/hss-m2-round-bars-bengaluru.html,HSS M2 Round Bars Supplier in Bengaluru,HSS M2 Round Bars Supplier in Bengaluru | Rubinox,"HSS M2 round bars supplier in Bengaluru. Rubinox reviews size, grade, quantity, standards and documentation-led RFQs.",https://rubinoxmetal.com/material-location/hss-m2-round-bars-bengaluru.html,material-location,yes,yes
material-location/hss-m2-round-bars-chakan-pimpri-chinchwad.html,https://rubinoxmetal.com/material-location/hss-m2-round-bars-chakan-pimpri-chinchwad.html,HSS M2 Round Bars Supplier in Chakan and Pimpri-Chinchwad,HSS M2 Round Bars Supplier in Chakan and Pimpri-Chinchwad | Rubinox,"HSS M2 round bars supplier in Chakan and Pimpri-Chinchwad. Rubinox reviews size, grade, quantity, standards and documentation-led RFQs.",https://rubinoxmetal.com/material-location/hss-m2-round-bars-chakan-pimpri-chinchwad.html,material-location,yes,yes
material-location/hss-m2-round-bars-chennai.html,https://rubinoxmetal.com/material-location/hss-m2-round-bars-chennai.html,HSS M2 Round Bars Supplier in Chennai,HSS M2 Round Bars Supplier in Chennai | Rubinox,"HSS M2 round bars supplier in Chennai. Rubinox reviews size, grade, quantity, standards and documentation-led RFQs.",https://rubinoxmetal.com/material-location/hss-m2-round-bars-chennai.html,material-location,yes,yes
material-location/hss-m2-round-bars-coimbatore.html,https://rubinoxmetal.com/material-location/hss-m2-round-bars-coimbatore.html,HSS M2 Round Bars Supplier in Coimbatore,HSS M2 Round Bars Supplier in Coimbatore | Rubinox,"HSS M2 round bars supplier in Coimbatore. Rubinox reviews size, grade, quantity, standards and documentation-led RFQs.",https://rubinoxmetal.com/material-location/hss-m2-round-bars-coimbatore.html,material-location,yes,yes
material-location/hss-m2-round-bars-faridabad.html,https://rubinoxmetal.com/material-location/hss-m2-round-bars-faridabad.html,HSS M2 Round Bars Supplier in Faridabad,HSS M2 Round Bars Supplier in Faridabad | Rubinox,"HSS M2 round bars supplier in Faridabad. Rubinox reviews size, grade, quantity, standards and documentation-led RFQs.",https://rubinoxmetal.com/material-location/hss-m2-round-bars-faridabad.html,material-location,yes,yes
material-location/hss-m2-round-bars-gurugram-manesar.html,https://rubinoxmetal.com/material-location/hss-m2-round-bars-gurugram-manesar.html,HSS M2 Round Bars Supplier in Gurugram and Manesar,HSS M2 Round Bars Supplier in Gurugram and Manesar | Rubinox,"HSS M2 round bars supplier in Gurugram and Manesar. Rubinox reviews size, grade, quantity, standards and documentation-led RFQs.",https://rubinoxmetal.com/material-location/hss-m2-round-bars-gurugram-manesar.html,material-location,yes,yes
material-location/hss-m2-round-bars-hyderabad.html,https://rubinoxmetal.com/material-location/hss-m2-round-bars-hyderabad.html,HSS M2 Round Bars Supplier in Hyderabad,HSS M2 Round Bars Supplier in Hyderabad | Rubinox,"HSS M2 round bars supplier in Hyderabad. Rubinox reviews size, grade, quantity, standards and documentation-led RFQs.",https://rubinoxmetal.com/material-location/hss-m2-round-bars-hyderabad.html,material-location,yes,yes
material-location/hss-m2-round-bars-jamshedpur.html,https://rubinoxmetal.com/material-location/hss-m2-round-bars-jamshedpur.html,HSS M2 Round Bars Supplier in Jamshedpur,HSS M2 Round Bars Supplier in Jamshedpur | Rubinox,"HSS M2 round bars supplier in Jamshedpur. Rubinox reviews size, grade, quantity, standards and documentation-led RFQs.",https://rubinoxmetal.com/material-location/hss-m2-round-bars-jamshedpur.html,material-location,yes,yes
material-location/hss-m2-round-bars-pune.html,https://rubinoxmetal.com/material-location/hss-m2-round-bars-pune.html,HSS M2 Round Bars Supplier in Pune,HSS M2 Round Bars Supplier in Pune | Rubinox,"HSS M2 round bars supplier in Pune. Rubinox reviews size, grade, quantity, standards and documentation-led RFQs.",https://rubinoxmetal.com/material-location/hss-m2-round-bars-pune.html,material-location,yes,yes
material-location/inconel-625-fittings-ankleshwar.html,https://rubinoxmetal.com/material-location/inconel-625-fittings-ankleshwar.html,Inconel 625 Fittings Supplier in Ankleshwar,Inconel 625 Fittings Supplier in Ankleshwar | Rubinox,"Inconel 625 fittings supplier in Ankleshwar. Rubinox reviews size, grade, quantity, standards and documentation-led RFQs.",https://rubinoxmetal.com/material-location/inconel-625-fittings-ankleshwar.html,material-location,yes,yes
material-location/inconel-625-fittings-bengaluru.html,https://rubinoxmetal.com/material-location/inconel-625-fittings-bengaluru.html,Inconel 625 Fittings Supplier in Bengaluru,Inconel 625 Fittings Supplier in Bengaluru | Rubinox,"Inconel 625 fittings supplier in Bengaluru. Rubinox reviews size, grade, quantity, standards and documentation-led RFQs.",https://rubinoxmetal.com/material-location/inconel-625-fittings-bengaluru.html,material-location,yes,yes
material-location/inconel-625-fittings-chennai.html,https://rubinoxmetal.com/material-location/inconel-625-fittings-chennai.html,Inconel 625 Fittings Supplier in Chennai,Inconel 625 Fittings Supplier in Chennai | Rubinox,"Inconel 625 fittings supplier in Chennai. Rubinox reviews size, grade, quantity, standards and documentation-led RFQs.",https://rubinoxmetal.com/material-location/inconel-625-fittings-chennai.html,material-location,yes,yes
material-location/inconel-625-fittings-delhi.html,https://rubinoxmetal.com/material-location/inconel-625-fittings-delhi.html,Inconel 625 Fittings Supplier in Delhi NCR,Inconel 625 Fittings Supplier in Delhi NCR | Rubinox,"Inconel 625 fittings supplier in Delhi NCR. Rubinox reviews size, grade, quantity, standards and documentation-led RFQs.",https://rubinoxmetal.com/material-location/inconel-625-fittings-delhi.html,material-location,yes,yes
material-location/inconel-625-fittings-faridabad.html,https://rubinoxmetal.com/material-location/inconel-625-fittings-faridabad.html,Inconel 625 Fittings Supplier in Faridabad,Inconel 625 Fittings Supplier in Faridabad | Rubinox,"Inconel 625 fittings supplier in Faridabad. Rubinox reviews size, grade, quantity, standards and documentation-led RFQs.",https://rubinoxmetal.com/material-location/inconel-625-fittings-faridabad.html,material-location,yes,yes
material-location/inconel-625-fittings-hyderabad.html,https://rubinoxmetal.com/material-location/inconel-625-fittings-hyderabad.html,Inconel 625 Fittings Supplier in Hyderabad,Inconel 625 Fittings Supplier in Hyderabad | Rubinox,"Inconel 625 fittings supplier in Hyderabad. Rubinox reviews size, grade, quantity, standards and documentation-led RFQs.",https://rubinoxmetal.com/material-location/inconel-625-fittings-hyderabad.html,material-location,yes,yes
material-location/inconel-625-fittings-indore-pithampur.html,https://rubinoxmetal.com/material-location/inconel-625-fittings-indore-pithampur.html,Inconel 625 Fittings Supplier in Indore and Pithampur,Inconel 625 Fittings Supplier in Indore and Pithampur | Rubinox,"Inconel 625 fittings supplier in Indore and Pithampur. Rubinox reviews size, grade, quantity, standards and documentation-led RFQs.",https://rubinoxmetal.com/material-location/inconel-625-fittings-indore-pithampur.html,material-location,yes,yes
material-location/inconel-625-fittings-jamnagar.html,https://rubinoxmetal.com/material-location/inconel-625-fittings-jamnagar.html,Inconel 625 Fittings Supplier in Jamnagar,Inconel 625 Fittings Supplier in Jamnagar | Rubinox,"Inconel 625 fittings supplier in Jamnagar. Rubinox reviews size, grade, quantity, standards and documentation-led RFQs.",https://rubinoxmetal.com/material-location/inconel-625-fittings-jamnagar.html,material-location,yes,yes
material-location/inconel-625-fittings-jamshedpur.html,https://rubinoxmetal.com/material-location/inconel-625-fittings-jamshedpur.html,Inconel 625 Fittings Supplier in Jamshedpur,Inconel 625 Fittings Supplier in Jamshedpur | Rubinox,"Inconel 625 fittings supplier in Jamshedpur. Rubinox reviews size, grade, quantity, standards and documentation-led RFQs.",https://rubinoxmetal.com/material-location/inconel-625-fittings-jamshedpur.html,material-location,yes,yes
material-location/inconel-625-fittings-mangaluru.html,https://rubinoxmetal.com/material-location/inconel-625-fittings-mangaluru.html,Inconel 625 Fittings Supplier in Mangaluru,Inconel 625 Fittings Supplier in Mangaluru | Rubinox,"Inconel 625 fittings supplier in Mangaluru. Rubinox reviews size, grade, quantity, standards and documentation-led RFQs.",https://rubinoxmetal.com/material-location/inconel-625-fittings-mangaluru.html,material-location,yes,yes
material-location/inconel-625-fittings-mumbai.html,https://rubinoxmetal.com/material-location/inconel-625-fittings-mumbai.html,Inconel 625 Fittings Supplier in Mumbai,Inconel 625 Fittings Supplier in Mumbai | Rubinox,"Inconel 625 fittings supplier in Mumbai. Rubinox reviews size, grade, quantity, standards and documentation-led RFQs.",https://rubinoxmetal.com/material-location/inconel-625-fittings-mumbai.html,material-location,yes,yes
material-location/inconel-625-fittings-pune.html,https://rubinoxmetal.com/material-location/inconel-625-fittings-pune.html,Inconel 625 Fittings Supplier in Pune,Inconel 625 Fittings Supplier in Pune | Rubinox,"Inconel 625 fittings supplier in Pune. Rubinox reviews size, grade, quantity, standards and documentation-led RFQs.",https://rubinoxmetal.com/material-location/inconel-625-fittings-pune.html,material-location,yes,yes
material-location/inconel-625-fittings-vadodara.html,https://rubinoxmetal.com/material-location/inconel-625-fittings-vadodara.html,Inconel 625 Fittings Supplier in Vadodara,Inconel 625 Fittings Supplier in Vadodara | Rubinox,"Inconel 625 fittings supplier in Vadodara. Rubinox reviews size, grade, quantity, standards and documentation-led RFQs.",https://rubinoxmetal.com/material-location/inconel-625-fittings-vadodara.html,material-location,yes,yes
material-location/inconel-625-fittings-vapi.html,https://rubinoxmetal.com/material-location/inconel-625-fittings-vapi.html,Inconel 625 Fittings Supplier in Vapi,Inconel 625 Fittings Supplier in Vapi | Rubinox,"Inconel 625 fittings supplier in Vapi. Rubinox reviews size, grade, quantity, standards and documentation-led RFQs.",https://rubinoxmetal.com/material-location/inconel-625-fittings-vapi.html,material-location,yes,yes
material-location/inconel-625-flanges-ankleshwar.html,https://rubinoxmetal.com/material-location/inconel-625-flanges-ankleshwar.html,Inconel 625 Flanges Supplier in Ankleshwar,Inconel 625 Flanges Supplier in Ankleshwar | Rubinox,"Inconel 625 flanges supplier in Ankleshwar. Rubinox reviews size, grade, quantity, standards and documentation-led RFQs.",https://rubinoxmetal.com/material-location/inconel-625-flanges-ankleshwar.html,material-location,yes,yes
material-location/inconel-625-flanges-bengaluru.html,https://rubinoxmetal.com/material-location/inconel-625-flanges-bengaluru.html,Inconel 625 Flanges Supplier in Bengaluru,Inconel 625 Flanges Supplier in Bengaluru | Rubinox,"Inconel 625 flanges supplier in Bengaluru. Rubinox reviews size, grade, quantity, standards and documentation-led RFQs.",https://rubinoxmetal.com/material-location/inconel-625-flanges-bengaluru.html,material-location,yes,yes
material-location/inconel-625-flanges-chennai.html,https://rubinoxmetal.com/material-location/inconel-625-flanges-chennai.html,Inconel 625 Flanges Supplier in Chennai,Inconel 625 Flanges Supplier in Chennai | Rubinox,"Inconel 625 flanges supplier in Chennai. Rubinox reviews size, grade, quantity, standards and documentation-led RFQs.",https://rubinoxmetal.com/material-location/inconel-625-flanges-chennai.html,material-location,yes,yes
material-location/inconel-625-flanges-delhi.html,https://rubinoxmetal.com/material-location/inconel-625-flanges-delhi.html,Inconel 625 Flanges Supplier in Delhi NCR,Inconel 625 Flanges Supplier in Delhi NCR | Rubinox,"Inconel 625 flanges supplier in Delhi NCR. Rubinox reviews size, grade, quantity, standards and documentation-led RFQs.",https://rubinoxmetal.com/material-location/inconel-625-flanges-delhi.html,material-location,yes,yes
material-location/inconel-625-flanges-faridabad.html,https://rubinoxmetal.com/material-location/inconel-625-flanges-faridabad.html,Inconel 625 Flanges Supplier in Faridabad,Inconel 625 Flanges Supplier in Faridabad | Rubinox,"Inconel 625 flanges supplier in Faridabad. Rubinox reviews size, grade, quantity, standards and documentation-led RFQs.",https://rubinoxmetal.com/material-location/inconel-625-flanges-faridabad.html,material-location,yes,yes
material-location/inconel-625-flanges-hyderabad.html,https://rubinoxmetal.com/material-location/inconel-625-flanges-hyderabad.html,Inconel 625 Flanges Supplier in Hyderabad,Inconel 625 Flanges Supplier in Hyderabad | Rubinox,"Inconel 625 flanges supplier in Hyderabad. Rubinox reviews size, grade, quantity, standards and documentation-led RFQs.",https://rubinoxmetal.com/material-location/inconel-625-flanges-hyderabad.html,material-location,yes,yes
material-location/inconel-625-flanges-indore-pithampur.html,https://rubinoxmetal.com/material-location/inconel-625-flanges-indore-pithampur.html,Inconel 625 Flanges Supplier in Indore and Pithampur,Inconel 625 Flanges Supplier in Indore and Pithampur | Rubinox,"Inconel 625 flanges supplier in Indore and Pithampur. Rubinox reviews size, grade, quantity, standards and documentation-led RFQs.",https://rubinoxmetal.com/material-location/inconel-625-flanges-indore-pithampur.html,material-location,yes,yes
material-location/inconel-625-flanges-jamnagar.html,https://rubinoxmetal.com/material-location/inconel-625-flanges-jamnagar.html,Inconel 625 Flanges Supplier in Jamnagar,Inconel 625 Flanges Supplier in Jamnagar | Rubinox,"Inconel 625 flanges supplier in Jamnagar. Rubinox reviews size, grade, quantity, standards and documentation-led RFQs.",https://rubinoxmetal.com/material-location/inconel-625-flanges-jamnagar.html,material-location,yes,yes
material-location/inconel-625-flanges-jamshedpur.html,https://rubinoxmetal.com/material-location/inconel-625-flanges-jamshedpur.html,Inconel 625 Flanges Supplier in Jamshedpur,Inconel 625 Flanges Supplier in Jamshedpur | Rubinox,"Inconel 625 flanges supplier in Jamshedpur. Rubinox reviews size, grade, quantity, standards and documentation-led RFQs.",https://rubinoxmetal.com/material-location/inconel-625-flanges-jamshedpur.html,material-location,yes,yes
material-location/inconel-625-flanges-mangaluru.html,https://rubinoxmetal.com/material-location/inconel-625-flanges-mangaluru.html,Inconel 625 Flanges Supplier in Mangaluru,Inconel 625 Flanges Supplier in Mangaluru | Rubinox,"Inconel 625 flanges supplier in Mangaluru. Rubinox reviews size, grade, quantity, standards and documentation-led RFQs.",https://rubinoxmetal.com/material-location/inconel-625-flanges-mangaluru.html,material-location,yes,yes
material-location/inconel-625-flanges-mumbai.html,https://rubinoxmetal.com/material-location/inconel-625-flanges-mumbai.html,Inconel 625 Flanges Supplier in Mumbai,Inconel 625 Flanges Supplier in Mumbai | Rubinox,"Inconel 625 flanges supplier in Mumbai. Rubinox reviews size, grade, quantity, standards and documentation-led RFQs.",https://rubinoxmetal.com/material-location/inconel-625-flanges-mumbai.html,material-location,yes,yes
material-location/inconel-625-flanges-pune.html,https://rubinoxmetal.com/material-location/inconel-625-flanges-pune.html,Inconel 625 Flanges Supplier in Pune,Inconel 625 Flanges Supplier in Pune | Rubinox,"Inconel 625 flanges supplier in Pune. Rubinox reviews size, grade, quantity, standards and documentation-led RFQs.",https://rubinoxmetal.com/material-location/inconel-625-flanges-pune.html,material-location,yes,yes
material-location/inconel-625-flanges-vadodara.html,https://rubinoxmetal.com/material-location/inconel-625-flanges-vadodara.html,Inconel 625 Flanges Supplier in Vadodara,Inconel 625 Flanges Supplier in Vadodara | Rubinox,"Inconel 625 flanges supplier in Vadodara. Rubinox reviews size, grade, quantity, standards and documentation-led RFQs.",https://rubinoxmetal.com/material-location/inconel-625-flanges-vadodara.html,material-location,yes,yes
material-location/inconel-625-flanges-vapi.html,https://rubinoxmetal.com/material-location/inconel-625-flanges-vapi.html,Inconel 625 Flanges Supplier in Vapi,Inconel 625 Flanges Supplier in Vapi | Rubinox,"Inconel 625 flanges supplier in Vapi. Rubinox reviews size, grade, quantity, standards and documentation-led RFQs.",https://rubinoxmetal.com/material-location/inconel-625-flanges-vapi.html,material-location,yes,yes
material-location/inconel-625-round-bars-hyderabad.html,https://rubinoxmetal.com/material-location/inconel-625-round-bars-hyderabad.html,Inconel 625 Round Bars Supplier in Hyderabad,Inconel 625 Round Bars Supplier in Hyderabad | Rubinox,"Inconel 625 round bars supplier for Hyderabad RFQs. Rubinox reviews diameter, length, specification, MTC, testing notes and quantity.",https://rubinoxmetal.com/material-location/inconel-625-round-bars-hyderabad.html,material-location,yes,yes
material-location/ss-304-fittings-ahmedabad.html,https://rubinoxmetal.com/material-location/ss-304-fittings-ahmedabad.html,SS 304 Fittings Supplier in Ahmedabad,SS 304 Fittings Supplier in Ahmedabad | Rubinox,"SS 304 fittings supplier in Ahmedabad. Rubinox reviews size, grade, quantity, standards and documentation-led RFQs.",https://rubinoxmetal.com/material-location/ss-304-fittings-ahmedabad.html,material-location,yes,yes
material-location/ss-304-fittings-ankleshwar.html,https://rubinoxmetal.com/material-location/ss-304-fittings-ankleshwar.html,SS 304 Fittings Supplier in Ankleshwar,SS 304 Fittings Supplier in Ankleshwar | Rubinox,"SS 304 fittings supplier in Ankleshwar. Rubinox reviews size, grade, quantity, standards and documentation-led RFQs.",https://rubinoxmetal.com/material-location/ss-304-fittings-ankleshwar.html,material-location,yes,yes
material-location/ss-304-fittings-bengaluru.html,https://rubinoxmetal.com/material-location/ss-304-fittings-bengaluru.html,SS 304 Fittings Supplier in Bengaluru,SS 304 Fittings Supplier in Bengaluru | Rubinox,"SS 304 fittings supplier in Bengaluru. Rubinox reviews size, grade, quantity, standards and documentation-led RFQs.",https://rubinoxmetal.com/material-location/ss-304-fittings-bengaluru.html,material-location,yes,yes
material-location/ss-304-fittings-bharuch.html,https://rubinoxmetal.com/material-location/ss-304-fittings-bharuch.html,SS 304 Fittings Supplier in Bharuch,SS 304 Fittings Supplier in Bharuch | Rubinox,"SS 304 fittings supplier in Bharuch. Rubinox reviews size, grade, quantity, standards and documentation-led RFQs.",https://rubinoxmetal.com/material-location/ss-304-fittings-bharuch.html,material-location,yes,yes
material-location/ss-304-fittings-bhopal-mandideep.html,https://rubinoxmetal.com/material-location/ss-304-fittings-bhopal-mandideep.html,SS 304 Fittings Supplier in Bhopal and Mandideep,SS 304 Fittings Supplier in Bhopal and Mandideep | Rubinox,"SS 304 fittings supplier in Bhopal and Mandideep. Rubinox reviews size, grade, quantity, standards and documentation-led RFQs.",https://rubinoxmetal.com/material-location/ss-304-fittings-bhopal-mandideep.html,material-location,yes,yes
material-location/ss-304-fittings-chakan-pimpri-chinchwad.html,https://rubinoxmetal.com/material-location/ss-304-fittings-chakan-pimpri-chinchwad.html,SS 304 Fittings Supplier in Chakan and Pimpri-Chinchwad,SS 304 Fittings Supplier in Chakan and Pimpri-Chinchwad | Rubinox,"SS 304 fittings supplier in Chakan and Pimpri-Chinchwad. Rubinox reviews size, grade, quantity, standards and documentation-led RFQs.",https://rubinoxmetal.com/material-location/ss-304-fittings-chakan-pimpri-chinchwad.html,material-location,yes,yes
material-location/ss-304-fittings-chennai.html,https://rubinoxmetal.com/material-location/ss-304-fittings-chennai.html,SS 304 Fittings Supplier in Chennai,SS 304 Fittings Supplier in Chennai | Rubinox,"SS 304 fittings supplier in Chennai. Rubinox reviews size, grade, quantity, standards and documentation-led RFQs.",https://rubinoxmetal.com/material-location/ss-304-fittings-chennai.html,material-location,yes,yes
material-location/ss-304-fittings-chhatrapati-sambhajinagar-aurangabad.html,https://rubinoxmetal.com/material-location/ss-304-fittings-chhatrapati-sambhajinagar-aurangabad.html,SS 304 Fittings Supplier in Chhatrapati Sambhajinagar / Aurangabad,SS 304 Fittings Supplier in Chhatrapati Sambhajinagar / Aurangabad | Rubinox,"SS 304 fittings supplier in Chhatrapati Sambhajinagar / Aurangabad. Rubinox reviews size, grade, quantity, standards and documentation-led RFQs.",https://rubinoxmetal.com/material-location/ss-304-fittings-chhatrapati-sambhajinagar-aurangabad.html,material-location,yes,yes
material-location/ss-304-fittings-coimbatore.html,https://rubinoxmetal.com/material-location/ss-304-fittings-coimbatore.html,SS 304 Fittings Supplier in Coimbatore,SS 304 Fittings Supplier in Coimbatore | Rubinox,"SS 304 fittings supplier in Coimbatore. Rubinox reviews size, grade, quantity, standards and documentation-led RFQs.",https://rubinoxmetal.com/material-location/ss-304-fittings-coimbatore.html,material-location,yes,yes
material-location/ss-304-fittings-delhi.html,https://rubinoxmetal.com/material-location/ss-304-fittings-delhi.html,SS 304 Fittings Supplier in Delhi NCR,SS 304 Fittings Supplier in Delhi NCR | Rubinox,"SS 304 fittings supplier in Delhi NCR. Rubinox reviews size, grade, quantity, standards and documentation-led RFQs.",https://rubinoxmetal.com/material-location/ss-304-fittings-delhi.html,material-location,yes,yes
material-location/ss-304-fittings-dholera-sanand.html,https://rubinoxmetal.com/material-location/ss-304-fittings-dholera-sanand.html,SS 304 Fittings Supplier in Dholera and Sanand,SS 304 Fittings Supplier in Dholera and Sanand | Rubinox,"SS 304 fittings supplier in Dholera and Sanand. Rubinox reviews size, grade, quantity, standards and documentation-led RFQs.",https://rubinoxmetal.com/material-location/ss-304-fittings-dholera-sanand.html,material-location,yes,yes
material-location/ss-304-fittings-faridabad.html,https://rubinoxmetal.com/material-location/ss-304-fittings-faridabad.html,SS 304 Fittings Supplier in Faridabad,SS 304 Fittings Supplier in Faridabad | Rubinox,"SS 304 fittings supplier in Faridabad. Rubinox reviews size, grade, quantity, standards and documentation-led RFQs.",https://rubinoxmetal.com/material-location/ss-304-fittings-faridabad.html,material-location,yes,yes
material-location/ss-304-fittings-ghaziabad.html,https://rubinoxmetal.com/material-location/ss-304-fittings-ghaziabad.html,SS 304 Fittings Supplier in Ghaziabad,SS 304 Fittings Supplier in Ghaziabad | Rubinox,"SS 304 fittings supplier in Ghaziabad. Rubinox reviews size, grade, quantity, standards and documentation-led RFQs.",https://rubinoxmetal.com/material-location/ss-304-fittings-ghaziabad.html,material-location,yes,yes
material-location/ss-304-fittings-greater-noida.html,https://rubinoxmetal.com/material-location/ss-304-fittings-greater-noida.html,SS 304 Fittings Supplier in Greater Noida,SS 304 Fittings Supplier in Greater Noida | Rubinox,"SS 304 fittings supplier in Greater Noida. Rubinox reviews size, grade, quantity, standards and documentation-led RFQs.",https://rubinoxmetal.com/material-location/ss-304-fittings-greater-noida.html,material-location,yes,yes
material-location/ss-304-fittings-gurugram-manesar.html,https://rubinoxmetal.com/material-location/ss-304-fittings-gurugram-manesar.html,SS 304 Fittings Supplier in Gurugram and Manesar,SS 304 Fittings Supplier in Gurugram and Manesar | Rubinox,"SS 304 fittings supplier in Gurugram and Manesar. Rubinox reviews size, grade, quantity, standards and documentation-led RFQs.",https://rubinoxmetal.com/material-location/ss-304-fittings-gurugram-manesar.html,material-location,yes,yes
material-location/ss-304-fittings-hosur.html,https://rubinoxmetal.com/material-location/ss-304-fittings-hosur.html,SS 304 Fittings Supplier in Hosur,SS 304 Fittings Supplier in Hosur | Rubinox,"SS 304 fittings supplier in Hosur. Rubinox reviews size, grade, quantity, standards and documentation-led RFQs.",https://rubinoxmetal.com/material-location/ss-304-fittings-hosur.html,material-location,yes,yes
material-location/ss-304-fittings-hyderabad.html,https://rubinoxmetal.com/material-location/ss-304-fittings-hyderabad.html,SS 304 Fittings Supplier in Hyderabad,SS 304 Fittings Supplier in Hyderabad | Rubinox,"SS 304 fittings supplier in Hyderabad. Rubinox reviews size, grade, quantity, standards and documentation-led RFQs.",https://rubinoxmetal.com/material-location/ss-304-fittings-hyderabad.html,material-location,yes,yes
material-location/ss-304-fittings-indore-pithampur.html,https://rubinoxmetal.com/material-location/ss-304-fittings-indore-pithampur.html,SS 304 Fittings Supplier in Indore and Pithampur,SS 304 Fittings Supplier in Indore and Pithampur | Rubinox,"SS 304 fittings supplier in Indore and Pithampur. Rubinox reviews size, grade, quantity, standards and documentation-led RFQs.",https://rubinoxmetal.com/material-location/ss-304-fittings-indore-pithampur.html,material-location,yes,yes
material-location/ss-304-fittings-jaipur.html,https://rubinoxmetal.com/material-location/ss-304-fittings-jaipur.html,SS 304 Fittings Supplier in Jaipur,SS 304 Fittings Supplier in Jaipur | Rubinox,"SS 304 fittings supplier in Jaipur. Rubinox reviews size, grade, quantity, standards and documentation-led RFQs.",https://rubinoxmetal.com/material-location/ss-304-fittings-jaipur.html,material-location,yes,yes
material-location/ss-304-fittings-jamnagar.html,https://rubinoxmetal.com/material-location/ss-304-fittings-jamnagar.html,SS 304 Fittings Supplier in Jamnagar,SS 304 Fittings Supplier in Jamnagar | Rubinox,"SS 304 fittings supplier in Jamnagar. Rubinox reviews size, grade, quantity, standards and documentation-led RFQs.",https://rubinoxmetal.com/material-location/ss-304-fittings-jamnagar.html,material-location,yes,yes
material-location/ss-304-fittings-jamshedpur.html,https://rubinoxmetal.com/material-location/ss-304-fittings-jamshedpur.html,SS 304 Fittings Supplier in Jamshedpur,SS 304 Fittings Supplier in Jamshedpur | Rubinox,"SS 304 fittings supplier in Jamshedpur. Rubinox reviews size, grade, quantity, standards and documentation-led RFQs.",https://rubinoxmetal.com/material-location/ss-304-fittings-jamshedpur.html,material-location,yes,yes
material-location/ss-304-fittings-kakinada.html,https://rubinoxmetal.com/material-location/ss-304-fittings-kakinada.html,SS 304 Fittings Supplier in Kakinada,SS 304 Fittings Supplier in Kakinada | Rubinox,"SS 304 fittings supplier in Kakinada. Rubinox reviews size, grade, quantity, standards and documentation-led RFQs.",https://rubinoxmetal.com/material-location/ss-304-fittings-kakinada.html,material-location,yes,yes
material-location/ss-304-fittings-kolkata-howrah-durgapur.html,https://rubinoxmetal.com/material-location/ss-304-fittings-kolkata-howrah-durgapur.html,"SS 304 Fittings Supplier in Kolkata, Howrah and Durgapur","SS 304 Fittings Supplier in Kolkata, Howrah and Durgapur | Rubinox","SS 304 fittings supplier in Kolkata, Howrah and Durgapur. Rubinox reviews size, grade, quantity, standards and documentation-led RFQs.",https://rubinoxmetal.com/material-location/ss-304-fittings-kolkata-howrah-durgapur.html,material-location,yes,yes
material-location/ss-304-fittings-ludhiana.html,https://rubinoxmetal.com/material-location/ss-304-fittings-ludhiana.html,SS 304 Fittings Supplier in Ludhiana,SS 304 Fittings Supplier in Ludhiana | Rubinox,"SS 304 fittings supplier in Ludhiana. Rubinox reviews size, grade, quantity, standards and documentation-led RFQs.",https://rubinoxmetal.com/material-location/ss-304-fittings-ludhiana.html,material-location,yes,yes
material-location/ss-304-fittings-mangaluru.html,https://rubinoxmetal.com/material-location/ss-304-fittings-mangaluru.html,SS 304 Fittings Supplier in Mangaluru,SS 304 Fittings Supplier in Mangaluru | Rubinox,"SS 304 fittings supplier in Mangaluru. Rubinox reviews size, grade, quantity, standards and documentation-led RFQs.",https://rubinoxmetal.com/material-location/ss-304-fittings-mangaluru.html,material-location,yes,yes
material-location/ss-304-fittings-mumbai.html,https://rubinoxmetal.com/material-location/ss-304-fittings-mumbai.html,SS 304 Fittings Supplier in Mumbai,SS 304 Fittings Supplier in Mumbai | Rubinox,"SS 304 fittings supplier in Mumbai. Rubinox reviews size, grade, quantity, standards and documentation-led RFQs.",https://rubinoxmetal.com/material-location/ss-304-fittings-mumbai.html,material-location,yes,yes
material-location/ss-304-fittings-mysuru.html,https://rubinoxmetal.com/material-location/ss-304-fittings-mysuru.html,SS 304 Fittings Supplier in Mysuru,SS 304 Fittings Supplier in Mysuru | Rubinox,"SS 304 fittings supplier in Mysuru. Rubinox reviews size, grade, quantity, standards and documentation-led RFQs.",https://rubinoxmetal.com/material-location/ss-304-fittings-mysuru.html,material-location,yes,yes
material-location/ss-304-fittings-nagpur.html,https://rubinoxmetal.com/material-location/ss-304-fittings-nagpur.html,SS 304 Fittings Supplier in Nagpur / Butibori,SS 304 Fittings Supplier in Nagpur / Butibori | Rubinox,"SS 304 fittings supplier in Nagpur / Butibori. Rubinox reviews size, grade, quantity, standards and documentation-led RFQs.",https://rubinoxmetal.com/material-location/ss-304-fittings-nagpur.html,material-location,yes,yes
material-location/ss-304-fittings-nashik.html,https://rubinoxmetal.com/material-location/ss-304-fittings-nashik.html,SS 304 Fittings Supplier in Nashik,SS 304 Fittings Supplier in Nashik | Rubinox,"SS 304 fittings supplier in Nashik. Rubinox reviews size, grade, quantity, standards and documentation-led RFQs.",https://rubinoxmetal.com/material-location/ss-304-fittings-nashik.html,material-location,yes,yes
material-location/ss-304-fittings-navi-mumbai.html,https://rubinoxmetal.com/material-location/ss-304-fittings-navi-mumbai.html,SS 304 Fittings Supplier in Navi Mumbai,SS 304 Fittings Supplier in Navi Mumbai | Rubinox,"SS 304 fittings supplier in Navi Mumbai. Rubinox reviews size, grade, quantity, standards and documentation-led RFQs.",https://rubinoxmetal.com/material-location/ss-304-fittings-navi-mumbai.html,material-location,yes,yes
material-location/ss-304-fittings-noida.html,https://rubinoxmetal.com/material-location/ss-304-fittings-noida.html,SS 304 Fittings Supplier in Noida,SS 304 Fittings Supplier in Noida | Rubinox,"SS 304 fittings supplier in Noida. Rubinox reviews size, grade, quantity, standards and documentation-led RFQs.",https://rubinoxmetal.com/material-location/ss-304-fittings-noida.html,material-location,yes,yes
material-location/ss-304-fittings-pune.html,https://rubinoxmetal.com/material-location/ss-304-fittings-pune.html,SS 304 Fittings Supplier in Pune,SS 304 Fittings Supplier in Pune | Rubinox,"SS 304 fittings supplier in Pune. Rubinox reviews size, grade, quantity, standards and documentation-led RFQs.",https://rubinoxmetal.com/material-location/ss-304-fittings-pune.html,material-location,yes,yes
material-location/ss-304-fittings-rajkot.html,https://rubinoxmetal.com/material-location/ss-304-fittings-rajkot.html,SS 304 Fittings Supplier in Rajkot,SS 304 Fittings Supplier in Rajkot | Rubinox,"SS 304 fittings supplier in Rajkot. Rubinox reviews size, grade, quantity, standards and documentation-led RFQs.",https://rubinoxmetal.com/material-location/ss-304-fittings-rajkot.html,material-location,yes,yes
material-location/ss-304-fittings-salem.html,https://rubinoxmetal.com/material-location/ss-304-fittings-salem.html,SS 304 Fittings Supplier in Salem,SS 304 Fittings Supplier in Salem | Rubinox,"SS 304 fittings supplier in Salem. Rubinox reviews size, grade, quantity, standards and documentation-led RFQs.",https://rubinoxmetal.com/material-location/ss-304-fittings-salem.html,material-location,yes,yes
material-location/ss-304-fittings-sriperumbudur-oragadam.html,https://rubinoxmetal.com/material-location/ss-304-fittings-sriperumbudur-oragadam.html,SS 304 Fittings Supplier in Sriperumbudur and Oragadam,SS 304 Fittings Supplier in Sriperumbudur and Oragadam | Rubinox,"SS 304 fittings supplier in Sriperumbudur and Oragadam. Rubinox reviews size, grade, quantity, standards and documentation-led RFQs.",https://rubinoxmetal.com/material-location/ss-304-fittings-sriperumbudur-oragadam.html,material-location,yes,yes
material-location/ss-304-fittings-surat.html,https://rubinoxmetal.com/material-location/ss-304-fittings-surat.html,SS 304 Fittings Supplier in Surat,SS 304 Fittings Supplier in Surat | Rubinox,"SS 304 fittings supplier in Surat. Rubinox reviews size, grade, quantity, standards and documentation-led RFQs.",https://rubinoxmetal.com/material-location/ss-304-fittings-surat.html,material-location,yes,yes
material-location/ss-304-fittings-thane.html,https://rubinoxmetal.com/material-location/ss-304-fittings-thane.html,SS 304 Fittings Supplier in Thane,SS 304 Fittings Supplier in Thane | Rubinox,"SS 304 fittings supplier in Thane. Rubinox reviews size, grade, quantity, standards and documentation-led RFQs.",https://rubinoxmetal.com/material-location/ss-304-fittings-thane.html,material-location,yes,yes
material-location/ss-304-fittings-tiruchirappalli.html,https://rubinoxmetal.com/material-location/ss-304-fittings-tiruchirappalli.html,SS 304 Fittings Supplier in Tiruchirappalli / Trichy,SS 304 Fittings Supplier in Tiruchirappalli / Trichy | Rubinox,"SS 304 fittings supplier in Tiruchirappalli / Trichy. Rubinox reviews size, grade, quantity, standards and documentation-led RFQs.",https://rubinoxmetal.com/material-location/ss-304-fittings-tiruchirappalli.html,material-location,yes,yes
material-location/ss-304-fittings-vadodara.html,https://rubinoxmetal.com/material-location/ss-304-fittings-vadodara.html,SS 304 Fittings Supplier in Vadodara,SS 304 Fittings Supplier in Vadodara | Rubinox,"SS 304 fittings supplier in Vadodara. Rubinox reviews size, grade, quantity, standards and documentation-led RFQs.",https://rubinoxmetal.com/material-location/ss-304-fittings-vadodara.html,material-location,yes,yes
material-location/ss-304-fittings-vapi.html,https://rubinoxmetal.com/material-location/ss-304-fittings-vapi.html,SS 304 Fittings Supplier in Vapi,SS 304 Fittings Supplier in Vapi | Rubinox,"SS 304 fittings supplier in Vapi. Rubinox reviews size, grade, quantity, standards and documentation-led RFQs.",https://rubinoxmetal.com/material-location/ss-304-fittings-vapi.html,material-location,yes,yes
material-location/ss-304-fittings-vijayawada.html,https://rubinoxmetal.com/material-location/ss-304-fittings-vijayawada.html,SS 304 Fittings Supplier in Vijayawada,SS 304 Fittings Supplier in Vijayawada | Rubinox,"SS 304 fittings supplier in Vijayawada. Rubinox reviews size, grade, quantity, standards and documentation-led RFQs.",https://rubinoxmetal.com/material-location/ss-304-fittings-vijayawada.html,material-location,yes,yes
material-location/ss-304-fittings-visakhapatnam.html,https://rubinoxmetal.com/material-location/ss-304-fittings-visakhapatnam.html,SS 304 Fittings Supplier in Visakhapatnam,SS 304 Fittings Supplier in Visakhapatnam | Rubinox,"SS 304 fittings supplier in Visakhapatnam. Rubinox reviews size, grade, quantity, standards and documentation-led RFQs.",https://rubinoxmetal.com/material-location/ss-304-fittings-visakhapatnam.html,material-location,yes,yes
material-location/ss-304-fittings-zaheerabad.html,https://rubinoxmetal.com/material-location/ss-304-fittings-zaheerabad.html,SS 304 Fittings Supplier in Zaheerabad,SS 304 Fittings Supplier in Zaheerabad | Rubinox,"SS 304 fittings supplier in Zaheerabad. Rubinox reviews size, grade, quantity, standards and documentation-led RFQs.",https://rubinoxmetal.com/material-location/ss-304-fittings-zaheerabad.html,material-location,yes,yes
material-location/ss-304-flanges-ahmedabad.html,https://rubinoxmetal.com/material-location/ss-304-flanges-ahmedabad.html,SS 304 Flanges Supplier in Ahmedabad,SS 304 Flanges Supplier in Ahmedabad | Rubinox,"SS 304 flanges supplier in Ahmedabad. Rubinox reviews size, grade, quantity, standards and documentation-led RFQs.",https://rubinoxmetal.com/material-location/ss-304-flanges-ahmedabad.html,material-location,yes,yes
material-location/ss-304-flanges-ankleshwar.html,https://rubinoxmetal.com/material-location/ss-304-flanges-ankleshwar.html,SS 304 Flanges Supplier in Ankleshwar,SS 304 Flanges Supplier in Ankleshwar | Rubinox,"SS 304 flanges supplier in Ankleshwar. Rubinox reviews size, grade, quantity, standards and documentation-led RFQs.",https://rubinoxmetal.com/material-location/ss-304-flanges-ankleshwar.html,material-location,yes,yes
material-location/ss-304-flanges-bengaluru.html,https://rubinoxmetal.com/material-location/ss-304-flanges-bengaluru.html,SS 304 Flanges Supplier in Bengaluru,SS 304 Flanges Supplier in Bengaluru | Rubinox,"SS 304 flanges supplier in Bengaluru. Rubinox reviews size, grade, quantity, standards and documentation-led RFQs.",https://rubinoxmetal.com/material-location/ss-304-flanges-bengaluru.html,material-location,yes,yes
material-location/ss-304-flanges-bharuch.html,https://rubinoxmetal.com/material-location/ss-304-flanges-bharuch.html,SS 304 Flanges Supplier in Bharuch,SS 304 Flanges Supplier in Bharuch | Rubinox,"SS 304 flanges supplier in Bharuch. Rubinox reviews size, grade, quantity, standards and documentation-led RFQs.",https://rubinoxmetal.com/material-location/ss-304-flanges-bharuch.html,material-location,yes,yes
material-location/ss-304-flanges-bhopal-mandideep.html,https://rubinoxmetal.com/material-location/ss-304-flanges-bhopal-mandideep.html,SS 304 Flanges Supplier in Bhopal and Mandideep,SS 304 Flanges Supplier in Bhopal and Mandideep | Rubinox,"SS 304 flanges supplier in Bhopal and Mandideep. Rubinox reviews size, grade, quantity, standards and documentation-led RFQs.",https://rubinoxmetal.com/material-location/ss-304-flanges-bhopal-mandideep.html,material-location,yes,yes
material-location/ss-304-flanges-chakan-pimpri-chinchwad.html,https://rubinoxmetal.com/material-location/ss-304-flanges-chakan-pimpri-chinchwad.html,SS 304 Flanges Supplier in Chakan and Pimpri-Chinchwad,SS 304 Flanges Supplier in Chakan and Pimpri-Chinchwad | Rubinox,"SS 304 flanges supplier in Chakan and Pimpri-Chinchwad. Rubinox reviews size, grade, quantity, standards and documentation-led RFQs.",https://rubinoxmetal.com/material-location/ss-304-flanges-chakan-pimpri-chinchwad.html,material-location,yes,yes
material-location/ss-304-flanges-chennai.html,https://rubinoxmetal.com/material-location/ss-304-flanges-chennai.html,SS 304 Flanges Supplier in Chennai,SS 304 Flanges Supplier in Chennai | Rubinox,"SS 304 flanges supplier in Chennai. Rubinox reviews size, grade, quantity, standards and documentation-led RFQs.",https://rubinoxmetal.com/material-location/ss-304-flanges-chennai.html,material-location,yes,yes
material-location/ss-304-flanges-chhatrapati-sambhajinagar-aurangabad.html,https://rubinoxmetal.com/material-location/ss-304-flanges-chhatrapati-sambhajinagar-aurangabad.html,SS 304 Flanges Supplier in Chhatrapati Sambhajinagar / Aurangabad,SS 304 Flanges Supplier in Chhatrapati Sambhajinagar / Aurangabad | Rubinox,"SS 304 flanges supplier in Chhatrapati Sambhajinagar / Aurangabad. Rubinox reviews size, grade, quantity, standards and documentation-led RFQs.",https://rubinoxmetal.com/material-location/ss-304-flanges-chhatrapati-sambhajinagar-aurangabad.html,material-location,yes,yes
material-location/ss-304-flanges-coimbatore.html,https://rubinoxmetal.com/material-location/ss-304-flanges-coimbatore.html,SS 304 Flanges Supplier in Coimbatore,SS 304 Flanges Supplier in Coimbatore | Rubinox,"SS 304 flanges supplier in Coimbatore. Rubinox reviews size, grade, quantity, standards and documentation-led RFQs.",https://rubinoxmetal.com/material-location/ss-304-flanges-coimbatore.html,material-location,yes,yes
material-location/ss-304-flanges-delhi.html,https://rubinoxmetal.com/material-location/ss-304-flanges-delhi.html,SS 304 Flanges Supplier in Delhi NCR,SS 304 Flanges Supplier in Delhi NCR | Rubinox,"SS 304 flanges supplier in Delhi NCR. Rubinox reviews size, grade, quantity, standards and documentation-led RFQs.",https://rubinoxmetal.com/material-location/ss-304-flanges-delhi.html,material-location,yes,yes
material-location/ss-304-flanges-dholera-sanand.html,https://rubinoxmetal.com/material-location/ss-304-flanges-dholera-sanand.html,SS 304 Flanges Supplier in Dholera and Sanand,SS 304 Flanges Supplier in Dholera and Sanand | Rubinox,"SS 304 flanges supplier in Dholera and Sanand. Rubinox reviews size, grade, quantity, standards and documentation-led RFQs.",https://rubinoxmetal.com/material-location/ss-304-flanges-dholera-sanand.html,material-location,yes,yes
material-location/ss-304-flanges-faridabad.html,https://rubinoxmetal.com/material-location/ss-304-flanges-faridabad.html,SS 304 Flanges Supplier in Faridabad,SS 304 Flanges Supplier in Faridabad | Rubinox,"SS 304 flanges supplier in Faridabad. Rubinox reviews size, grade, quantity, standards and documentation-led RFQs.",https://rubinoxmetal.com/material-location/ss-304-flanges-faridabad.html,material-location,yes,yes
material-location/ss-304-flanges-ghaziabad.html,https://rubinoxmetal.com/material-location/ss-304-flanges-ghaziabad.html,SS 304 Flanges Supplier in Ghaziabad,SS 304 Flanges Supplier in Ghaziabad | Rubinox,"SS 304 flanges supplier in Ghaziabad. Rubinox reviews size, grade, quantity, standards and documentation-led RFQs.",https://rubinoxmetal.com/material-location/ss-304-flanges-ghaziabad.html,material-location,yes,yes
material-location/ss-304-flanges-greater-noida.html,https://rubinoxmetal.com/material-location/ss-304-flanges-greater-noida.html,SS 304 Flanges Supplier in Greater Noida,SS 304 Flanges Supplier in Greater Noida | Rubinox,"SS 304 flanges supplier in Greater Noida. Rubinox reviews size, grade, quantity, standards and documentation-led RFQs.",https://rubinoxmetal.com/material-location/ss-304-flanges-greater-noida.html,material-location,yes,yes
material-location/ss-304-flanges-gurugram-manesar.html,https://rubinoxmetal.com/material-location/ss-304-flanges-gurugram-manesar.html,SS 304 Flanges Supplier in Gurugram and Manesar,SS 304 Flanges Supplier in Gurugram and Manesar | Rubinox,"SS 304 flanges supplier in Gurugram and Manesar. Rubinox reviews size, grade, quantity, standards and documentation-led RFQs.",https://rubinoxmetal.com/material-location/ss-304-flanges-gurugram-manesar.html,material-location,yes,yes
material-location/ss-304-flanges-hosur.html,https://rubinoxmetal.com/material-location/ss-304-flanges-hosur.html,SS 304 Flanges Supplier in Hosur,SS 304 Flanges Supplier in Hosur | Rubinox,"SS 304 flanges supplier in Hosur. Rubinox reviews size, grade, quantity, standards and documentation-led RFQs.",https://rubinoxmetal.com/material-location/ss-304-flanges-hosur.html,material-location,yes,yes
material-location/ss-304-flanges-hyderabad.html,https://rubinoxmetal.com/material-location/ss-304-flanges-hyderabad.html,SS 304 Flanges Supplier in Hyderabad,SS 304 Flanges Supplier in Hyderabad | Rubinox,"SS 304 flanges supplier in Hyderabad. Rubinox reviews size, grade, quantity, standards and documentation-led RFQs.",https://rubinoxmetal.com/material-location/ss-304-flanges-hyderabad.html,material-location,yes,yes
material-location/ss-304-flanges-indore-pithampur.html,https://rubinoxmetal.com/material-location/ss-304-flanges-indore-pithampur.html,SS 304 Flanges Supplier in Indore and Pithampur,SS 304 Flanges Supplier in Indore and Pithampur | Rubinox,"SS 304 flanges supplier in Indore and Pithampur. Rubinox reviews size, grade, quantity, standards and documentation-led RFQs.",https://rubinoxmetal.com/material-location/ss-304-flanges-indore-pithampur.html,material-location,yes,yes
material-location/ss-304-flanges-jaipur.html,https://rubinoxmetal.com/material-location/ss-304-flanges-jaipur.html,SS 304 Flanges Supplier in Jaipur,SS 304 Flanges Supplier in Jaipur | Rubinox,"SS 304 flanges supplier in Jaipur. Rubinox reviews size, grade, quantity, standards and documentation-led RFQs.",https://rubinoxmetal.com/material-location/ss-304-flanges-jaipur.html,material-location,yes,yes
material-location/ss-304-flanges-jamnagar.html,https://rubinoxmetal.com/material-location/ss-304-flanges-jamnagar.html,SS 304 Flanges Supplier in Jamnagar,SS 304 Flanges Supplier in Jamnagar | Rubinox,"SS 304 flanges supplier in Jamnagar. Rubinox reviews size, grade, quantity, standards and documentation-led RFQs.",https://rubinoxmetal.com/material-location/ss-304-flanges-jamnagar.html,material-location,yes,yes
material-location/ss-304-flanges-jamshedpur.html,https://rubinoxmetal.com/material-location/ss-304-flanges-jamshedpur.html,SS 304 Flanges Supplier in Jamshedpur,SS 304 Flanges Supplier in Jamshedpur | Rubinox,"SS 304 flanges supplier in Jamshedpur. Rubinox reviews size, grade, quantity, standards and documentation-led RFQs.",https://rubinoxmetal.com/material-location/ss-304-flanges-jamshedpur.html,material-location,yes,yes
material-location/ss-304-flanges-kakinada.html,https://rubinoxmetal.com/material-location/ss-304-flanges-kakinada.html,SS 304 Flanges Supplier in Kakinada,SS 304 Flanges Supplier in Kakinada | Rubinox,"SS 304 flanges supplier in Kakinada. Rubinox reviews size, grade, quantity, standards and documentation-led RFQs.",https://rubinoxmetal.com/material-location/ss-304-flanges-kakinada.html,material-location,yes,yes
material-location/ss-304-flanges-kolkata-howrah-durgapur.html,https://rubinoxmetal.com/material-location/ss-304-flanges-kolkata-howrah-durgapur.html,"SS 304 Flanges Supplier in Kolkata, Howrah and Durgapur","SS 304 Flanges Supplier in Kolkata, Howrah and Durgapur | Rubinox","SS 304 flanges supplier in Kolkata, Howrah and Durgapur. Rubinox reviews size, grade, quantity, standards and documentation-led RFQs.",https://rubinoxmetal.com/material-location/ss-304-flanges-kolkata-howrah-durgapur.html,material-location,yes,yes
material-location/ss-304-flanges-ludhiana.html,https://rubinoxmetal.com/material-location/ss-304-flanges-ludhiana.html,SS 304 Flanges Supplier in Ludhiana,SS 304 Flanges Supplier in Ludhiana | Rubinox,"SS 304 flanges supplier in Ludhiana. Rubinox reviews size, grade, quantity, standards and documentation-led RFQs.",https://rubinoxmetal.com/material-location/ss-304-flanges-ludhiana.html,material-location,yes,yes
material-location/ss-304-flanges-mangaluru.html,https://rubinoxmetal.com/material-location/ss-304-flanges-mangaluru.html,SS 304 Flanges Supplier in Mangaluru,SS 304 Flanges Supplier in Mangaluru | Rubinox,"SS 304 flanges supplier in Mangaluru. Rubinox reviews size, grade, quantity, standards and documentation-led RFQs.",https://rubinoxmetal.com/material-location/ss-304-flanges-mangaluru.html,material-location,yes,yes
material-location/ss-304-flanges-mumbai.html,https://rubinoxmetal.com/material-location/ss-304-flanges-mumbai.html,SS 304 Flanges Supplier in Mumbai,SS 304 Flanges Supplier in Mumbai | Rubinox,"SS 304 flanges supplier in Mumbai. Rubinox reviews size, grade, quantity, standards and documentation-led RFQs.",https://rubinoxmetal.com/material-location/ss-304-flanges-mumbai.html,material-location,yes,yes
material-location/ss-304-flanges-mysuru.html,https://rubinoxmetal.com/material-location/ss-304-flanges-mysuru.html,SS 304 Flanges Supplier in Mysuru,SS 304 Flanges Supplier in Mysuru | Rubinox,"SS 304 flanges supplier in Mysuru. Rubinox reviews size, grade, quantity, standards and documentation-led RFQs.",https://rubinoxmetal.com/material-location/ss-304-flanges-mysuru.html,material-location,yes,yes
material-location/ss-304-flanges-nagpur.html,https://rubinoxmetal.com/material-location/ss-304-flanges-nagpur.html,SS 304 Flanges Supplier in Nagpur / Butibori,SS 304 Flanges Supplier in Nagpur / Butibori | Rubinox,"SS 304 flanges supplier in Nagpur / Butibori. Rubinox reviews size, grade, quantity, standards and documentation-led RFQs.",https://rubinoxmetal.com/material-location/ss-304-flanges-nagpur.html,material-location,yes,yes
material-location/ss-304-flanges-nashik.html,https://rubinoxmetal.com/material-location/ss-304-flanges-nashik.html,SS 304 Flanges Supplier in Nashik,SS 304 Flanges Supplier in Nashik | Rubinox,"SS 304 flanges supplier in Nashik. Rubinox reviews size, grade, quantity, standards and documentation-led RFQs.",https://rubinoxmetal.com/material-location/ss-304-flanges-nashik.html,material-location,yes,yes
material-location/ss-304-flanges-navi-mumbai.html,https://rubinoxmetal.com/material-location/ss-304-flanges-navi-mumbai.html,SS 304 Flanges Supplier in Navi Mumbai,SS 304 Flanges Supplier in Navi Mumbai | Rubinox,"SS 304 flanges supplier in Navi Mumbai. Rubinox reviews size, grade, quantity, standards and documentation-led RFQs.",https://rubinoxmetal.com/material-location/ss-304-flanges-navi-mumbai.html,material-location,yes,yes
material-location/ss-304-flanges-noida.html,https://rubinoxmetal.com/material-location/ss-304-flanges-noida.html,SS 304 Flanges Supplier in Noida,SS 304 Flanges Supplier in Noida | Rubinox,"SS 304 flanges supplier in Noida. Rubinox reviews size, grade, quantity, standards and documentation-led RFQs.",https://rubinoxmetal.com/material-location/ss-304-flanges-noida.html,material-location,yes,yes
material-location/ss-304-flanges-pune.html,https://rubinoxmetal.com/material-location/ss-304-flanges-pune.html,SS 304 Flanges Supplier in Pune,SS 304 Flanges Supplier in Pune | Rubinox,"SS 304 flanges supplier in Pune. Rubinox reviews size, grade, quantity, standards and documentation-led RFQs.",https://rubinoxmetal.com/material-location/ss-304-flanges-pune.html,material-location,yes,yes
material-location/ss-304-flanges-rajkot.html,https://rubinoxmetal.com/material-location/ss-304-flanges-rajkot.html,SS 304 Flanges Supplier in Rajkot,SS 304 Flanges Supplier in Rajkot | Rubinox,"SS 304 flanges supplier in Rajkot. Rubinox reviews size, grade, quantity, standards and documentation-led RFQs.",https://rubinoxmetal.com/material-location/ss-304-flanges-rajkot.html,material-location,yes,yes
material-location/ss-304-flanges-salem.html,https://rubinoxmetal.com/material-location/ss-304-flanges-salem.html,SS 304 Flanges Supplier in Salem,SS 304 Flanges Supplier in Salem | Rubinox,"SS 304 flanges supplier in Salem. Rubinox reviews size, grade, quantity, standards and documentation-led RFQs.",https://rubinoxmetal.com/material-location/ss-304-flanges-salem.html,material-location,yes,yes
material-location/ss-304-flanges-sriperumbudur-oragadam.html,https://rubinoxmetal.com/material-location/ss-304-flanges-sriperumbudur-oragadam.html,SS 304 Flanges Supplier in Sriperumbudur and Oragadam,SS 304 Flanges Supplier in Sriperumbudur and Oragadam | Rubinox,"SS 304 flanges supplier in Sriperumbudur and Oragadam. Rubinox reviews size, grade, quantity, standards and documentation-led RFQs.",https://rubinoxmetal.com/material-location/ss-304-flanges-sriperumbudur-oragadam.html,material-location,yes,yes
material-location/ss-304-flanges-surat.html,https://rubinoxmetal.com/material-location/ss-304-flanges-surat.html,SS 304 Flanges Supplier in Surat,SS 304 Flanges Supplier in Surat | Rubinox,"SS 304 flanges supplier in Surat. Rubinox reviews size, grade, quantity, standards and documentation-led RFQs.",https://rubinoxmetal.com/material-location/ss-304-flanges-surat.html,material-location,yes,yes
material-location/ss-304-flanges-thane.html,https://rubinoxmetal.com/material-location/ss-304-flanges-thane.html,SS 304 Flanges Supplier in Thane,SS 304 Flanges Supplier in Thane | Rubinox,"SS 304 flanges supplier in Thane. Rubinox reviews size, grade, quantity, standards and documentation-led RFQs.",https://rubinoxmetal.com/material-location/ss-304-flanges-thane.html,material-location,yes,yes
material-location/ss-304-flanges-tiruchirappalli.html,https://rubinoxmetal.com/material-location/ss-304-flanges-tiruchirappalli.html,SS 304 Flanges Supplier in Tiruchirappalli / Trichy,SS 304 Flanges Supplier in Tiruchirappalli / Trichy | Rubinox,"SS 304 flanges supplier in Tiruchirappalli / Trichy. Rubinox reviews size, grade, quantity, standards and documentation-led RFQs.",https://rubinoxmetal.com/material-location/ss-304-flanges-tiruchirappalli.html,material-location,yes,yes
material-location/ss-304-flanges-vadodara.html,https://rubinoxmetal.com/material-location/ss-304-flanges-vadodara.html,SS 304 Flanges Supplier in Vadodara,SS 304 Flanges Supplier in Vadodara | Rubinox,"SS 304 flanges supplier in Vadodara. Rubinox reviews size, grade, quantity, standards and documentation-led RFQs.",https://rubinoxmetal.com/material-location/ss-304-flanges-vadodara.html,material-location,yes,yes
material-location/ss-304-flanges-vapi.html,https://rubinoxmetal.com/material-location/ss-304-flanges-vapi.html,SS 304 Flanges Supplier in Vapi,SS 304 Flanges Supplier in Vapi | Rubinox,"SS 304 flanges supplier in Vapi. Rubinox reviews size, grade, quantity, standards and documentation-led RFQs.",https://rubinoxmetal.com/material-location/ss-304-flanges-vapi.html,material-location,yes,yes
material-location/ss-304-flanges-vijayawada.html,https://rubinoxmetal.com/material-location/ss-304-flanges-vijayawada.html,SS 304 Flanges Supplier in Vijayawada,SS 304 Flanges Supplier in Vijayawada | Rubinox,"SS 304 flanges supplier in Vijayawada. Rubinox reviews size, grade, quantity, standards and documentation-led RFQs.",https://rubinoxmetal.com/material-location/ss-304-flanges-vijayawada.html,material-location,yes,yes
material-location/ss-304-flanges-visakhapatnam.html,https://rubinoxmetal.com/material-location/ss-304-flanges-visakhapatnam.html,SS 304 Flanges Supplier in Visakhapatnam,SS 304 Flanges Supplier in Visakhapatnam | Rubinox,"SS 304 flanges supplier in Visakhapatnam. Rubinox reviews size, grade, quantity, standards and documentation-led RFQs.",https://rubinoxmetal.com/material-location/ss-304-flanges-visakhapatnam.html,material-location,yes,yes
material-location/ss-304-flanges-zaheerabad.html,https://rubinoxmetal.com/material-location/ss-304-flanges-zaheerabad.html,SS 304 Flanges Supplier in Zaheerabad,SS 304 Flanges Supplier in Zaheerabad | Rubinox,"SS 304 flanges supplier in Zaheerabad. Rubinox reviews size, grade, quantity, standards and documentation-led RFQs.",https://rubinoxmetal.com/material-location/ss-304-flanges-zaheerabad.html,material-location,yes,yes
material-location/ss-304-pipes-ahmedabad.html,https://rubinoxmetal.com/material-location/ss-304-pipes-ahmedabad.html,SS 304 Pipes Supplier in Ahmedabad,SS 304 Pipes Supplier in Ahmedabad | Rubinox,"SS 304 pipes supplier in Ahmedabad. Rubinox reviews size, grade, quantity, standards and documentation-led RFQs.",https://rubinoxmetal.com/material-location/ss-304-pipes-ahmedabad.html,material-location,yes,yes
material-location/ss-304-pipes-ankleshwar.html,https://rubinoxmetal.com/material-location/ss-304-pipes-ankleshwar.html,SS 304 Pipes Supplier in Ankleshwar,SS 304 Pipes Supplier in Ankleshwar | Rubinox,"SS 304 pipes supplier in Ankleshwar. Rubinox reviews size, grade, quantity, standards and documentation-led RFQs.",https://rubinoxmetal.com/material-location/ss-304-pipes-ankleshwar.html,material-location,yes,yes
material-location/ss-304-pipes-bengaluru.html,https://rubinoxmetal.com/material-location/ss-304-pipes-bengaluru.html,SS 304 Pipes Supplier in Bengaluru,SS 304 Pipes Supplier in Bengaluru | Rubinox,"SS 304 pipes supplier in Bengaluru. Rubinox reviews size, grade, quantity, standards and documentation-led RFQs.",https://rubinoxmetal.com/material-location/ss-304-pipes-bengaluru.html,material-location,yes,yes
material-location/ss-304-pipes-bharuch.html,https://rubinoxmetal.com/material-location/ss-304-pipes-bharuch.html,SS 304 Pipes Supplier in Bharuch,SS 304 Pipes Supplier in Bharuch | Rubinox,"SS 304 pipes supplier in Bharuch. Rubinox reviews size, grade, quantity, standards and documentation-led RFQs.",https://rubinoxmetal.com/material-location/ss-304-pipes-bharuch.html,material-location,yes,yes
material-location/ss-304-pipes-bhopal-mandideep.html,https://rubinoxmetal.com/material-location/ss-304-pipes-bhopal-mandideep.html,SS 304 Pipes Supplier in Bhopal and Mandideep,SS 304 Pipes Supplier in Bhopal and Mandideep | Rubinox,"SS 304 pipes supplier in Bhopal and Mandideep. Rubinox reviews size, grade, quantity, standards and documentation-led RFQs.",https://rubinoxmetal.com/material-location/ss-304-pipes-bhopal-mandideep.html,material-location,yes,yes
material-location/ss-304-pipes-chakan-pimpri-chinchwad.html,https://rubinoxmetal.com/material-location/ss-304-pipes-chakan-pimpri-chinchwad.html,SS 304 Pipes Supplier in Chakan and Pimpri-Chinchwad,SS 304 Pipes Supplier in Chakan and Pimpri-Chinchwad | Rubinox,"SS 304 pipes supplier in Chakan and Pimpri-Chinchwad. Rubinox reviews size, grade, quantity, standards and documentation-led RFQs.",https://rubinoxmetal.com/material-location/ss-304-pipes-chakan-pimpri-chinchwad.html,material-location,yes,yes
material-location/ss-304-pipes-chennai.html,https://rubinoxmetal.com/material-location/ss-304-pipes-chennai.html,SS 304 Pipes Supplier in Chennai,SS 304 Pipes Supplier in Chennai | Rubinox,"SS 304 pipes supplier in Chennai. Rubinox reviews size, grade, quantity, standards and documentation-led RFQs.",https://rubinoxmetal.com/material-location/ss-304-pipes-chennai.html,material-location,yes,yes
material-location/ss-304-pipes-chhatrapati-sambhajinagar-aurangabad.html,https://rubinoxmetal.com/material-location/ss-304-pipes-chhatrapati-sambhajinagar-aurangabad.html,SS 304 Pipes Supplier in Chhatrapati Sambhajinagar / Aurangabad,SS 304 Pipes Supplier in Chhatrapati Sambhajinagar / Aurangabad | Rubinox,"SS 304 pipes supplier in Chhatrapati Sambhajinagar / Aurangabad. Rubinox reviews size, grade, quantity, standards and documentation-led RFQs.",https://rubinoxmetal.com/material-location/ss-304-pipes-chhatrapati-sambhajinagar-aurangabad.html,material-location,yes,yes
material-location/ss-304-pipes-coimbatore.html,https://rubinoxmetal.com/material-location/ss-304-pipes-coimbatore.html,SS 304 Pipes Supplier in Coimbatore,SS 304 Pipes Supplier in Coimbatore | Rubinox,"SS 304 pipes supplier in Coimbatore. Rubinox reviews size, grade, quantity, standards and documentation-led RFQs.",https://rubinoxmetal.com/material-location/ss-304-pipes-coimbatore.html,material-location,yes,yes
material-location/ss-304-pipes-delhi.html,https://rubinoxmetal.com/material-location/ss-304-pipes-delhi.html,SS 304 Pipes Supplier in Delhi NCR,SS 304 Pipes Supplier in Delhi NCR | Rubinox,"SS 304 pipes supplier in Delhi NCR. Rubinox reviews size, grade, quantity, standards and documentation-led RFQs.",https://rubinoxmetal.com/material-location/ss-304-pipes-delhi.html,material-location,yes,yes
material-location/ss-304-pipes-dholera-sanand.html,https://rubinoxmetal.com/material-location/ss-304-pipes-dholera-sanand.html,SS 304 Pipes Supplier in Dholera and Sanand,SS 304 Pipes Supplier in Dholera and Sanand | Rubinox,"SS 304 pipes supplier in Dholera and Sanand. Rubinox reviews size, grade, quantity, standards and documentation-led RFQs.",https://rubinoxmetal.com/material-location/ss-304-pipes-dholera-sanand.html,material-location,yes,yes
material-location/ss-304-pipes-faridabad.html,https://rubinoxmetal.com/material-location/ss-304-pipes-faridabad.html,SS 304 Pipes Supplier in Faridabad,SS 304 Pipes Supplier in Faridabad | Rubinox,"SS 304 pipes supplier in Faridabad. Rubinox reviews size, grade, quantity, standards and documentation-led RFQs.",https://rubinoxmetal.com/material-location/ss-304-pipes-faridabad.html,material-location,yes,yes
material-location/ss-304-pipes-ghaziabad.html,https://rubinoxmetal.com/material-location/ss-304-pipes-ghaziabad.html,SS 304 Pipes Supplier in Ghaziabad,SS 304 Pipes Supplier in Ghaziabad | Rubinox,"SS 304 pipes supplier in Ghaziabad. Rubinox reviews size, grade, quantity, standards and documentation-led RFQs.",https://rubinoxmetal.com/material-location/ss-304-pipes-ghaziabad.html,material-location,yes,yes
material-location/ss-304-pipes-greater-noida.html,https://rubinoxmetal.com/material-location/ss-304-pipes-greater-noida.html,SS 304 Pipes Supplier in Greater Noida,SS 304 Pipes Supplier in Greater Noida | Rubinox,"SS 304 pipes supplier in Greater Noida. Rubinox reviews size, grade, quantity, standards and documentation-led RFQs.",https://rubinoxmetal.com/material-location/ss-304-pipes-greater-noida.html,material-location,yes,yes
material-location/ss-304-pipes-gurugram-manesar.html,https://rubinoxmetal.com/material-location/ss-304-pipes-gurugram-manesar.html,SS 304 Pipes Supplier in Gurugram and Manesar,SS 304 Pipes Supplier in Gurugram and Manesar | Rubinox,"SS 304 pipes supplier in Gurugram and Manesar. Rubinox reviews size, grade, quantity, standards and documentation-led RFQs.",https://rubinoxmetal.com/material-location/ss-304-pipes-gurugram-manesar.html,material-location,yes,yes
material-location/ss-304-pipes-hosur.html,https://rubinoxmetal.com/material-location/ss-304-pipes-hosur.html,SS 304 Pipes Supplier in Hosur,SS 304 Pipes Supplier in Hosur | Rubinox,"SS 304 pipes supplier in Hosur. Rubinox reviews size, grade, quantity, standards and documentation-led RFQs.",https://rubinoxmetal.com/material-location/ss-304-pipes-hosur.html,material-location,yes,yes
material-location/ss-304-pipes-hyderabad.html,https://rubinoxmetal.com/material-location/ss-304-pipes-hyderabad.html,SS 304 Pipes Supplier in Hyderabad,SS 304 Pipes Supplier in Hyderabad | Rubinox,"SS 304 pipes supplier in Hyderabad. Rubinox reviews size, grade, quantity, standards and documentation-led RFQs.",https://rubinoxmetal.com/material-location/ss-304-pipes-hyderabad.html,material-location,yes,yes
material-location/ss-304-pipes-indore-pithampur.html,https://rubinoxmetal.com/material-location/ss-304-pipes-indore-pithampur.html,SS 304 Pipes Supplier in Indore and Pithampur,SS 304 Pipes Supplier in Indore and Pithampur | Rubinox,"SS 304 pipes supplier in Indore and Pithampur. Rubinox reviews size, grade, quantity, standards and documentation-led RFQs.",https://rubinoxmetal.com/material-location/ss-304-pipes-indore-pithampur.html,material-location,yes,yes
material-location/ss-304-pipes-jaipur.html,https://rubinoxmetal.com/material-location/ss-304-pipes-jaipur.html,SS 304 Pipes Supplier in Jaipur,SS 304 Pipes Supplier in Jaipur | Rubinox,"SS 304 pipes supplier in Jaipur. Rubinox reviews size, grade, quantity, standards and documentation-led RFQs.",https://rubinoxmetal.com/material-location/ss-304-pipes-jaipur.html,material-location,yes,yes
material-location/ss-304-pipes-jamnagar.html,https://rubinoxmetal.com/material-location/ss-304-pipes-jamnagar.html,SS 304 Pipes Supplier in Jamnagar,SS 304 Pipes Supplier in Jamnagar | Rubinox,"SS 304 pipes supplier in Jamnagar. Rubinox reviews size, grade, quantity, standards and documentation-led RFQs.",https://rubinoxmetal.com/material-location/ss-304-pipes-jamnagar.html,material-location,yes,yes
material-location/ss-304-pipes-jamshedpur.html,https://rubinoxmetal.com/material-location/ss-304-pipes-jamshedpur.html,SS 304 Pipes Supplier in Jamshedpur,SS 304 Pipes Supplier in Jamshedpur | Rubinox,"SS 304 pipes supplier in Jamshedpur. Rubinox reviews size, grade, quantity, standards and documentation-led RFQs.",https://rubinoxmetal.com/material-location/ss-304-pipes-jamshedpur.html,material-location,yes,yes
material-location/ss-304-pipes-kakinada.html,https://rubinoxmetal.com/material-location/ss-304-pipes-kakinada.html,SS 304 Pipes Supplier in Kakinada,SS 304 Pipes Supplier in Kakinada | Rubinox,"SS 304 pipes supplier in Kakinada. Rubinox reviews size, grade, quantity, standards and documentation-led RFQs.",https://rubinoxmetal.com/material-location/ss-304-pipes-kakinada.html,material-location,yes,yes
material-location/ss-304-pipes-kolkata-howrah-durgapur.html,https://rubinoxmetal.com/material-location/ss-304-pipes-kolkata-howrah-durgapur.html,"SS 304 Pipes Supplier in Kolkata, Howrah and Durgapur","SS 304 Pipes Supplier in Kolkata, Howrah and Durgapur | Rubinox","SS 304 pipes supplier in Kolkata, Howrah and Durgapur. Rubinox reviews size, grade, quantity, standards and documentation-led RFQs.",https://rubinoxmetal.com/material-location/ss-304-pipes-kolkata-howrah-durgapur.html,material-location,yes,yes
material-location/ss-304-pipes-ludhiana.html,https://rubinoxmetal.com/material-location/ss-304-pipes-ludhiana.html,SS 304 Pipes Supplier in Ludhiana,SS 304 Pipes Supplier in Ludhiana | Rubinox,"SS 304 pipes supplier in Ludhiana. Rubinox reviews size, grade, quantity, standards and documentation-led RFQs.",https://rubinoxmetal.com/material-location/ss-304-pipes-ludhiana.html,material-location,yes,yes
material-location/ss-304-pipes-mangaluru.html,https://rubinoxmetal.com/material-location/ss-304-pipes-mangaluru.html,SS 304 Pipes Supplier in Mangaluru,SS 304 Pipes Supplier in Mangaluru | Rubinox,"SS 304 pipes supplier in Mangaluru. Rubinox reviews size, grade, quantity, standards and documentation-led RFQs.",https://rubinoxmetal.com/material-location/ss-304-pipes-mangaluru.html,material-location,yes,yes
material-location/ss-304-pipes-mumbai.html,https://rubinoxmetal.com/material-location/ss-304-pipes-mumbai.html,SS 304 Pipes Supplier in Mumbai,SS 304 Pipes Supplier in Mumbai | Rubinox,"SS 304 pipes supplier in Mumbai. Rubinox reviews size, grade, quantity, standards and documentation-led RFQs.",https://rubinoxmetal.com/material-location/ss-304-pipes-mumbai.html,material-location,yes,yes
material-location/ss-304-pipes-mysuru.html,https://rubinoxmetal.com/material-location/ss-304-pipes-mysuru.html,SS 304 Pipes Supplier in Mysuru,SS 304 Pipes Supplier in Mysuru | Rubinox,"SS 304 pipes supplier in Mysuru. Rubinox reviews size, grade, quantity, standards and documentation-led RFQs.",https://rubinoxmetal.com/material-location/ss-304-pipes-mysuru.html,material-location,yes,yes
material-location/ss-304-pipes-nagpur.html,https://rubinoxmetal.com/material-location/ss-304-pipes-nagpur.html,SS 304 Pipes Supplier in Nagpur / Butibori,SS 304 Pipes Supplier in Nagpur / Butibori | Rubinox,"SS 304 pipes supplier in Nagpur / Butibori. Rubinox reviews size, grade, quantity, standards and documentation-led RFQs.",https://rubinoxmetal.com/material-location/ss-304-pipes-nagpur.html,material-location,yes,yes
material-location/ss-304-pipes-nashik.html,https://rubinoxmetal.com/material-location/ss-304-pipes-nashik.html,SS 304 Pipes Supplier in Nashik,SS 304 Pipes Supplier in Nashik | Rubinox,"SS 304 pipes supplier in Nashik. Rubinox reviews size, grade, quantity, standards and documentation-led RFQs.",https://rubinoxmetal.com/material-location/ss-304-pipes-nashik.html,material-location,yes,yes
material-location/ss-304-pipes-navi-mumbai.html,https://rubinoxmetal.com/material-location/ss-304-pipes-navi-mumbai.html,SS 304 Pipes Supplier in Navi Mumbai,SS 304 Pipes Supplier in Navi Mumbai | Rubinox,"SS 304 pipes supplier in Navi Mumbai. Rubinox reviews size, grade, quantity, standards and documentation-led RFQs.",https://rubinoxmetal.com/material-location/ss-304-pipes-navi-mumbai.html,material-location,yes,yes
material-location/ss-304-pipes-noida.html,https://rubinoxmetal.com/material-location/ss-304-pipes-noida.html,SS 304 Pipes Supplier in Noida,SS 304 Pipes Supplier in Noida | Rubinox,"SS 304 pipes supplier in Noida. Rubinox reviews size, grade, quantity, standards and documentation-led RFQs.",https://rubinoxmetal.com/material-location/ss-304-pipes-noida.html,material-location,yes,yes
material-location/ss-304-pipes-pune.html,https://rubinoxmetal.com/material-location/ss-304-pipes-pune.html,SS 304 Pipes Supplier in Pune,SS 304 Pipes Supplier in Pune | Rubinox,"SS 304 pipes supplier in Pune. Rubinox reviews size, grade, quantity, standards and documentation-led RFQs.",https://rubinoxmetal.com/material-location/ss-304-pipes-pune.html,material-location,yes,yes
material-location/ss-304-pipes-rajkot.html,https://rubinoxmetal.com/material-location/ss-304-pipes-rajkot.html,SS 304 Pipes Supplier in Rajkot,SS 304 Pipes Supplier in Rajkot | Rubinox,"SS 304 pipes supplier in Rajkot. Rubinox reviews size, grade, quantity, standards and documentation-led RFQs.",https://rubinoxmetal.com/material-location/ss-304-pipes-rajkot.html,material-location,yes,yes
material-location/ss-304-pipes-salem.html,https://rubinoxmetal.com/material-location/ss-304-pipes-salem.html,SS 304 Pipes Supplier in Salem,SS 304 Pipes Supplier in Salem | Rubinox,"SS 304 pipes supplier in Salem. Rubinox reviews size, grade, quantity, standards and documentation-led RFQs.",https://rubinoxmetal.com/material-location/ss-304-pipes-salem.html,material-location,yes,yes
material-location/ss-304-pipes-sriperumbudur-oragadam.html,https://rubinoxmetal.com/material-location/ss-304-pipes-sriperumbudur-oragadam.html,SS 304 Pipes Supplier in Sriperumbudur and Oragadam,SS 304 Pipes Supplier in Sriperumbudur and Oragadam | Rubinox,"SS 304 pipes supplier in Sriperumbudur and Oragadam. Rubinox reviews size, grade, quantity, standards and documentation-led RFQs.",https://rubinoxmetal.com/material-location/ss-304-pipes-sriperumbudur-oragadam.html,material-location,yes,yes
material-location/ss-304-pipes-surat.html,https://rubinoxmetal.com/material-location/ss-304-pipes-surat.html,SS 304 Pipes Supplier in Surat,SS 304 Pipes Supplier in Surat | Rubinox,"SS 304 pipes supplier in Surat. Rubinox reviews size, grade, quantity, standards and documentation-led RFQs.",https://rubinoxmetal.com/material-location/ss-304-pipes-surat.html,material-location,yes,yes
material-location/ss-304-pipes-thane.html,https://rubinoxmetal.com/material-location/ss-304-pipes-thane.html,SS 304 Pipes Supplier in Thane,SS 304 Pipes Supplier in Thane | Rubinox,"SS 304 pipes supplier in Thane. Rubinox reviews size, grade, quantity, standards and documentation-led RFQs.",https://rubinoxmetal.com/material-location/ss-304-pipes-thane.html,material-location,yes,yes
material-location/ss-304-pipes-tiruchirappalli.html,https://rubinoxmetal.com/material-location/ss-304-pipes-tiruchirappalli.html,SS 304 Pipes Supplier in Tiruchirappalli / Trichy,SS 304 Pipes Supplier in Tiruchirappalli / Trichy | Rubinox,"SS 304 pipes supplier in Tiruchirappalli / Trichy. Rubinox reviews size, grade, quantity, standards and documentation-led RFQs.",https://rubinoxmetal.com/material-location/ss-304-pipes-tiruchirappalli.html,material-location,yes,yes
material-location/ss-304-pipes-vadodara.html,https://rubinoxmetal.com/material-location/ss-304-pipes-vadodara.html,SS 304 Pipes Supplier in Vadodara,SS 304 Pipes Supplier in Vadodara | Rubinox,"SS 304 pipes supplier in Vadodara. Rubinox reviews size, grade, quantity, standards and documentation-led RFQs.",https://rubinoxmetal.com/material-location/ss-304-pipes-vadodara.html,material-location,yes,yes
material-location/ss-304-pipes-vapi.html,https://rubinoxmetal.com/material-location/ss-304-pipes-vapi.html,SS 304 Pipes Supplier in Vapi,SS 304 Pipes Supplier in Vapi | Rubinox,"SS 304 pipes supplier in Vapi. Rubinox reviews size, grade, quantity, standards and documentation-led RFQs.",https://rubinoxmetal.com/material-location/ss-304-pipes-vapi.html,material-location,yes,yes
material-location/ss-304-pipes-vijayawada.html,https://rubinoxmetal.com/material-location/ss-304-pipes-vijayawada.html,SS 304 Pipes Supplier in Vijayawada,SS 304 Pipes Supplier in Vijayawada | Rubinox,"SS 304 pipes supplier in Vijayawada. Rubinox reviews size, grade, quantity, standards and documentation-led RFQs.",https://rubinoxmetal.com/material-location/ss-304-pipes-vijayawada.html,material-location,yes,yes
material-location/ss-304-pipes-visakhapatnam.html,https://rubinoxmetal.com/material-location/ss-304-pipes-visakhapatnam.html,SS 304 Pipes Supplier in Visakhapatnam,SS 304 Pipes Supplier in Visakhapatnam | Rubinox,"SS 304 pipes supplier in Visakhapatnam. Rubinox reviews size, grade, quantity, standards and documentation-led RFQs.",https://rubinoxmetal.com/material-location/ss-304-pipes-visakhapatnam.html,material-location,yes,yes
material-location/ss-304-pipes-zaheerabad.html,https://rubinoxmetal.com/material-location/ss-304-pipes-zaheerabad.html,SS 304 Pipes Supplier in Zaheerabad,SS 304 Pipes Supplier in Zaheerabad | Rubinox,"SS 304 pipes supplier in Zaheerabad. Rubinox reviews size, grade, quantity, standards and documentation-led RFQs.",https://rubinoxmetal.com/material-location/ss-304-pipes-zaheerabad.html,material-location,yes,yes
material-location/ss-304-plates-ahmedabad.html,https://rubinoxmetal.com/material-location/ss-304-plates-ahmedabad.html,SS 304 Plates Supplier in Ahmedabad,SS 304 Plates Supplier in Ahmedabad | Rubinox,"SS 304 plates supplier in Ahmedabad. Rubinox reviews size, grade, quantity, standards and documentation-led RFQs.",https://rubinoxmetal.com/material-location/ss-304-plates-ahmedabad.html,material-location,yes,yes
material-location/ss-304-plates-ankleshwar.html,https://rubinoxmetal.com/material-location/ss-304-plates-ankleshwar.html,SS 304 Plates Supplier in Ankleshwar,SS 304 Plates Supplier in Ankleshwar | Rubinox,"SS 304 plates supplier in Ankleshwar. Rubinox reviews size, grade, quantity, standards and documentation-led RFQs.",https://rubinoxmetal.com/material-location/ss-304-plates-ankleshwar.html,material-location,yes,yes
material-location/ss-304-plates-bengaluru.html,https://rubinoxmetal.com/material-location/ss-304-plates-bengaluru.html,SS 304 Plates Supplier in Bengaluru,SS 304 Plates Supplier in Bengaluru | Rubinox,"SS 304 plates supplier for Bengaluru RFQs. Rubinox reviews thickness, width, length, cut size, finish and documentation requirements.",https://rubinoxmetal.com/material-location/ss-304-plates-bengaluru.html,material-location,yes,yes
material-location/ss-304-plates-bharuch.html,https://rubinoxmetal.com/material-location/ss-304-plates-bharuch.html,SS 304 Plates Supplier in Bharuch,SS 304 Plates Supplier in Bharuch | Rubinox,"SS 304 plates supplier in Bharuch. Rubinox reviews size, grade, quantity, standards and documentation-led RFQs.",https://rubinoxmetal.com/material-location/ss-304-plates-bharuch.html,material-location,yes,yes
material-location/ss-304-plates-chakan-pimpri-chinchwad.html,https://rubinoxmetal.com/material-location/ss-304-plates-chakan-pimpri-chinchwad.html,SS 304 Plates Supplier in Chakan and Pimpri-Chinchwad,SS 304 Plates Supplier in Chakan and Pimpri-Chinchwad | Rubinox,"SS 304 plates supplier in Chakan and Pimpri-Chinchwad. Rubinox reviews size, grade, quantity, standards and documentation-led RFQs.",https://rubinoxmetal.com/material-location/ss-304-plates-chakan-pimpri-chinchwad.html,material-location,yes,yes
material-location/ss-304-plates-chennai.html,https://rubinoxmetal.com/material-location/ss-304-plates-chennai.html,SS 304 Plates Supplier in Chennai,SS 304 Plates Supplier in Chennai | Rubinox,"SS 304 plates supplier in Chennai. Rubinox reviews size, grade, quantity, standards and documentation-led RFQs.",https://rubinoxmetal.com/material-location/ss-304-plates-chennai.html,material-location,yes,yes
material-location/ss-304-plates-coimbatore.html,https://rubinoxmetal.com/material-location/ss-304-plates-coimbatore.html,SS 304 Plates Supplier in Coimbatore,SS 304 Plates Supplier in Coimbatore | Rubinox,"SS 304 plates supplier in Coimbatore. Rubinox reviews size, grade, quantity, standards and documentation-led RFQs.",https://rubinoxmetal.com/material-location/ss-304-plates-coimbatore.html,material-location,yes,yes
material-location/ss-304-plates-delhi.html,https://rubinoxmetal.com/material-location/ss-304-plates-delhi.html,SS 304 Plates Supplier in Delhi NCR,SS 304 Plates Supplier in Delhi NCR | Rubinox,"SS 304 plates supplier in Delhi NCR. Rubinox reviews size, grade, quantity, standards and documentation-led RFQs.",https://rubinoxmetal.com/material-location/ss-304-plates-delhi.html,material-location,yes,yes
material-location/ss-304-plates-faridabad.html,https://rubinoxmetal.com/material-location/ss-304-plates-faridabad.html,SS 304 Plates Supplier in Faridabad,SS 304 Plates Supplier in Faridabad | Rubinox,"SS 304 plates supplier in Faridabad. Rubinox reviews size, grade, quantity, standards and documentation-led RFQs.",https://rubinoxmetal.com/material-location/ss-304-plates-faridabad.html,material-location,yes,yes
material-location/ss-304-plates-gurugram-manesar.html,https://rubinoxmetal.com/material-location/ss-304-plates-gurugram-manesar.html,SS 304 Plates Supplier in Gurugram and Manesar,SS 304 Plates Supplier in Gurugram and Manesar | Rubinox,"SS 304 plates supplier in Gurugram and Manesar. Rubinox reviews size, grade, quantity, standards and documentation-led RFQs.",https://rubinoxmetal.com/material-location/ss-304-plates-gurugram-manesar.html,material-location,yes,yes
material-location/ss-304-plates-hyderabad.html,https://rubinoxmetal.com/material-location/ss-304-plates-hyderabad.html,SS 304 Plates Supplier in Hyderabad,SS 304 Plates Supplier in Hyderabad | Rubinox,"SS 304 plates supplier in Hyderabad. Rubinox reviews size, grade, quantity, standards and documentation-led RFQs.",https://rubinoxmetal.com/material-location/ss-304-plates-hyderabad.html,material-location,yes,yes
material-location/ss-304-plates-mumbai.html,https://rubinoxmetal.com/material-location/ss-304-plates-mumbai.html,SS 304 Plates Supplier in Mumbai,SS 304 Plates Supplier in Mumbai | Rubinox,"SS 304 plates supplier in Mumbai. Rubinox reviews size, grade, quantity, standards and documentation-led RFQs.",https://rubinoxmetal.com/material-location/ss-304-plates-mumbai.html,material-location,yes,yes
material-location/ss-304-plates-pune.html,https://rubinoxmetal.com/material-location/ss-304-plates-pune.html,SS 304 Plates Supplier in Pune,SS 304 Plates Supplier in Pune | Rubinox,"SS 304 plates supplier in Pune. Rubinox reviews size, grade, quantity, standards and documentation-led RFQs.",https://rubinoxmetal.com/material-location/ss-304-plates-pune.html,material-location,yes,yes
material-location/ss-304-plates-vadodara.html,https://rubinoxmetal.com/material-location/ss-304-plates-vadodara.html,SS 304 Plates Supplier in Vadodara,SS 304 Plates Supplier in Vadodara | Rubinox,"SS 304 plates supplier in Vadodara. Rubinox reviews size, grade, quantity, standards and documentation-led RFQs.",https://rubinoxmetal.com/material-location/ss-304-plates-vadodara.html,material-location,yes,yes
material-location/ss-304-plates-vapi.html,https://rubinoxmetal.com/material-location/ss-304-plates-vapi.html,SS 304 Plates Supplier in Vapi,SS 304 Plates Supplier in Vapi | Rubinox,"SS 304 plates supplier in Vapi. Rubinox reviews size, grade, quantity, standards and documentation-led RFQs.",https://rubinoxmetal.com/material-location/ss-304-plates-vapi.html,material-location,yes,yes
material-location/ss-304-round-bars-bengaluru.html,https://rubinoxmetal.com/material-location/ss-304-round-bars-bengaluru.html,SS 304 Round Bars Supplier in Bengaluru,SS 304 Round Bars Supplier in Bengaluru | Rubinox,"SS 304 round bars supplier in Bengaluru. Rubinox reviews size, grade, quantity, standards and documentation-led RFQs.",https://rubinoxmetal.com/material-location/ss-304-round-bars-bengaluru.html,material-location,yes,yes
material-location/ss-304-round-bars-pune.html,https://rubinoxmetal.com/material-location/ss-304-round-bars-pune.html,SS 304 Round Bars Supplier in Pune,SS 304 Round Bars Supplier in Pune | Rubinox,"SS 304 round bars supplier for Pune RFQs. Rubinox reviews diameter, length, tolerance, finish, quantity and MTC or PMI needs.",https://rubinoxmetal.com/material-location/ss-304-round-bars-pune.html,material-location,yes,yes
material-location/ss-304-welded-pipes-chennai.html,https://rubinoxmetal.com/material-location/ss-304-welded-pipes-chennai.html,SS 304 Welded Pipes Supplier in Chennai,SS 304 Welded Pipes Supplier in Chennai | Rubinox,"SS 304 welded pipes supplier for Chennai RFQs. Rubinox reviews OD, wall, length, finish, standard and documentation-led stainless pipe enquiries.",https://rubinoxmetal.com/material-location/ss-304-welded-pipes-chennai.html,material-location,yes,yes
material-location/ss-316-fittings-mumbai.html,https://rubinoxmetal.com/material-location/ss-316-fittings-mumbai.html,SS 316 Fittings Supplier in Mumbai,SS 316 Fittings Supplier in Mumbai | Rubinox,"SS 316 fittings supplier for Mumbai RFQs. Rubinox reviews type, size, schedule, standard, grade, quantity and MTC requirements.",https://rubinoxmetal.com/material-location/ss-316-fittings-mumbai.html,material-location,yes,yes
material-location/ss-316-sheets-hyderabad.html,https://rubinoxmetal.com/material-location/ss-316-sheets-hyderabad.html,SS 316 Sheets Supplier in Hyderabad,SS 316 Sheets Supplier in Hyderabad | Rubinox,"SS 316 sheets supplier for Hyderabad RFQs. Rubinox reviews thickness, size, finish, PVC, MTC and corrosion-resistance requirements.",https://rubinoxmetal.com/material-location/ss-316-sheets-hyderabad.html,material-location,yes,yes
material-location/ss-316l-pipes-ahmedabad.html,https://rubinoxmetal.com/material-location/ss-316l-pipes-ahmedabad.html,SS 316L Pipes Supplier in Ahmedabad,SS 316L Pipes Supplier in Ahmedabad | Rubinox,"SS 316L pipes supplier for Ahmedabad RFQs. Rubinox reviews seamless or welded pipe needs, schedule, OD/NB, standard and documents.",https://rubinoxmetal.com/material-location/ss-316l-pipes-ahmedabad.html,material-location,yes,yes
material-location/stainless-steel-coils-surat.html,https://rubinoxmetal.com/material-location/stainless-steel-coils-surat.html,Stainless Steel Coils Supplier in Surat,Stainless Steel Coils Supplier in Surat | Rubinox,"Stainless steel coils supplier for Surat RFQs. Rubinox reviews grade, thickness, width, finish, coil weight, packing and documentation needs.",https://rubinoxmetal.com/material-location/stainless-steel-coils-surat.html,material-location,yes,yes
material-location/stainless-steel-flanges-vadodara.html,https://rubinoxmetal.com/material-location/stainless-steel-flanges-vadodara.html,Stainless Steel Flanges Supplier in Vadodara,Stainless Steel Flanges Supplier in Vadodara | Rubinox,"Stainless steel flanges supplier for Vadodara RFQs. Rubinox reviews type, class, size, standard, facing, grade and MTC needs.",https://rubinoxmetal.com/material-location/stainless-steel-flanges-vadodara.html,material-location,yes,yes
materials.html,https://rubinoxmetal.com/materials.html,Materials We Supply,"Materials We Supply | Stainless Steel, Alloys and Metals | Rubinox","Browse material families supplied by Rubinox Metal and Alloys, including stainless steel, duplex, nickel alloys, titanium, SMO 254, aluminium, copper, brass, carbon steel, mild steel, phosphor bronze and high speed steel.",https://rubinoxmetal.com/materials.html,root,yes,yes
materials/alloy-20-uns-n08020-supplier-india.html,https://rubinoxmetal.com/materials/alloy-20-uns-n08020-supplier-india.html,Alloy 20 UNS N08020 Supplier in India,Alloy 20 UNS N08020 Supplier India | Carpenter 20 RFQs,"Alloy 20 UNS N08020 supplier in India for pipes, tubes, sheets, plates, bars, flanges and fittings RFQs with documentation support."" /> <meta name=""robots"" content=""index,follow"" /> <link rel=""canonical"" href=""https://rubinoxmetal.com/materials/alloy-20-uns-n08020-supplier-india.html"" /> <meta property=""og:locale"" content=""en_IN"" /> <meta property=""og:type"" content=""website"" /> <meta property=""og:site_name"" content=""Rubinox Metal and Alloys"" /> <meta property=""og:title"" content=""Alloy 20 UNS N08020 Supplier India | Carpenter 20 RFQs"" /> <meta property=""og:description"" content=""Alloy 20 UNS N08020 supplier in India for pipes, tubes, sheets, plates, bars, flanges and fittings RFQs with documentation support."" /> <meta property=""og:url"" content=""https://rubinoxmetal.com/materials/alloy-20-uns-n08020-supplier-india.html"" /> <meta property=""og:image"" content=""https://rubinoxmetal.com/assets/rubinox-social-preview-2026.jpg"" /> <meta property=""og:image:secure_url"" content=""https://rubinoxmetal.com/assets/rubinox-social-preview-2026.jpg"" /> <meta property=""og:image:type"" content=""image/jpeg"" /> <meta property=""og:image:width"" content=""1200"" /> <meta property=""og:image:height"" content=""630"" /> <meta property=""og:image:alt"" content=""Alloy 20 UNS N08020 Supplier India | Carpenter 20 RFQs"" /> <meta name=""twitter:card"" content=""summary_large_image"" /> <meta name=""twitter:site"" content=""@rubinoxmetal"" /> <meta name=""twitter:title"" content=""Alloy 20 UNS N08020 Supplier India | Carpenter 20 RFQs"" /> <meta name=""twitter:description"" content=""Alloy 20 UNS N08020 supplier in India for pipes, tubes, sheets, plates, bars, flanges and fittings RFQs with documentation support."" /> <meta name=""twitter:image"" content=""https://rubinoxmetal.com/assets/rubinox-social-preview-2026.jpg"" /> <meta name=""twitter:image:alt"" content=""Alloy 20 UNS N08020 Supplier India | Carpenter 20 RFQs"" /> <!-- Google Analytics --> <script async src=""https://www.googletagmanager.com/gtag/js?id=G-JT5X5L5H07",,materials,yes,yes
materials/aluminium-5052-supplier-india.html,https://rubinoxmetal.com/materials/aluminium-5052-supplier-india.html,Aluminium 5052 Supplier in India,Aluminium 5052 Supplier in India | Sheet &amp; Plate,"Aluminium 5052 supplier in India for sheets, plates, coils and formed fabrication requirements in H32/H34 temper with RFQ support."" /> <meta name=""robots"" content=""index,follow"" /> <link rel=""canonical"" href=""https://rubinoxmetal.com/materials/aluminium-5052-supplier-india.html"" /> <meta property=""og:locale"" content=""en_IN"" /> <meta property=""og:type"" content=""website"" /> <meta property=""og:site_name"" content=""Rubinox Metal and Alloys"" /> <meta property=""og:title"" content=""Aluminium 5052 Supplier in India | Sheet &amp; Plate"" /> <meta property=""og:description"" content=""Aluminium 5052 supplier in India for sheets, plates, coils and formed fabrication requirements in H32/H34 temper with RFQ support."" /> <meta property=""og:url"" content=""https://rubinoxmetal.com/materials/aluminium-5052-supplier-india.html"" /> <meta property=""og:image"" content=""https://rubinoxmetal.com/assets/rubinox-social-preview-2026.jpg"" /> <meta property=""og:image:secure_url"" content=""https://rubinoxmetal.com/assets/rubinox-social-preview-2026.jpg"" /> <meta property=""og:image:type"" content=""image/jpeg"" /> <meta property=""og:image:width"" content=""1200"" /> <meta property=""og:image:height"" content=""630"" /> <meta property=""og:image:alt"" content=""Aluminium 5052 Supplier in India | Sheet &amp; Plate"" /> <meta name=""twitter:card"" content=""summary_large_image"" /> <meta name=""twitter:site"" content=""@rubinoxmetal"" /> <meta name=""twitter:title"" content=""Aluminium 5052 Supplier in India | Sheet &amp; Plate"" /> <meta name=""twitter:description"" content=""Aluminium 5052 supplier in India for sheets, plates, coils and formed fabrication requirements in H32/H34 temper with RFQ support."" /> <meta name=""twitter:image"" content=""https://rubinoxmetal.com/assets/rubinox-social-preview-2026.jpg"" /> <meta name=""twitter:image:alt"" content=""Aluminium 5052 Supplier in India | Sheet &amp; Plate"" /> <!-- Google Analytics --> <script async src=""https://www.googletagmanager.com/gtag/js?id=G-JT5X5L5H07",,materials,yes,yes
materials/aluminium-5083-supplier-india.html,https://rubinoxmetal.com/materials/aluminium-5083-supplier-india.html,Aluminium 5083 Supplier in India,Aluminium 5083 Supplier in India | Marine Plates,"Aluminium 5083 supplier in India for marine plates, sheets and fabrication requirements in H111/H116/H321 temper with RFQ support."" /> <meta name=""robots"" content=""index,follow"" /> <link rel=""canonical"" href=""https://rubinoxmetal.com/materials/aluminium-5083-supplier-india.html"" /> <meta property=""og:locale"" content=""en_IN"" /> <meta property=""og:type"" content=""website"" /> <meta property=""og:site_name"" content=""Rubinox Metal and Alloys"" /> <meta property=""og:title"" content=""Aluminium 5083 Supplier in India | Marine Plates"" /> <meta property=""og:description"" content=""Aluminium 5083 supplier in India for marine plates, sheets and fabrication requirements in H111/H116/H321 temper with RFQ support."" /> <meta property=""og:url"" content=""https://rubinoxmetal.com/materials/aluminium-5083-supplier-india.html"" /> <meta property=""og:image"" content=""https://rubinoxmetal.com/assets/rubinox-social-preview-2026.jpg"" /> <meta property=""og:image:secure_url"" content=""https://rubinoxmetal.com/assets/rubinox-social-preview-2026.jpg"" /> <meta property=""og:image:type"" content=""image/jpeg"" /> <meta property=""og:image:width"" content=""1200"" /> <meta property=""og:image:height"" content=""630"" /> <meta property=""og:image:alt"" content=""Aluminium 5083 Supplier in India | Marine Plates"" /> <meta name=""twitter:card"" content=""summary_large_image"" /> <meta name=""twitter:site"" content=""@rubinoxmetal"" /> <meta name=""twitter:title"" content=""Aluminium 5083 Supplier in India | Marine Plates"" /> <meta name=""twitter:description"" content=""Aluminium 5083 supplier in India for marine plates, sheets and fabrication requirements in H111/H116/H321 temper with RFQ support."" /> <meta name=""twitter:image"" content=""https://rubinoxmetal.com/assets/rubinox-social-preview-2026.jpg"" /> <meta name=""twitter:image:alt"" content=""Aluminium 5083 Supplier in India | Marine Plates"" /> <!-- Google Analytics --> <script async src=""https://www.googletagmanager.com/gtag/js?id=G-JT5X5L5H07",,materials,yes,yes
materials/aluminium-6061-supplier-india.html,https://rubinoxmetal.com/materials/aluminium-6061-supplier-india.html,Aluminium 6061 Supplier in India,Aluminium 6061 Supplier in India | 6061-T6 &amp; T651,"Aluminium 6061 supplier in India for sheets, plates, bars, rods, tubes and sections in T6/T651 temper with RFQ and documentation support."" /> <meta name=""robots"" content=""index,follow"" /> <link rel=""canonical"" href=""https://rubinoxmetal.com/materials/aluminium-6061-supplier-india.html"" /> <meta property=""og:locale"" content=""en_IN"" /> <meta property=""og:type"" content=""website"" /> <meta property=""og:site_name"" content=""Rubinox Metal and Alloys"" /> <meta property=""og:title"" content=""Aluminium 6061 Supplier in India | 6061-T6 &amp; T651"" /> <meta property=""og:description"" content=""Aluminium 6061 supplier in India for sheets, plates, bars, rods, tubes and sections in T6/T651 temper with RFQ and documentation support."" /> <meta property=""og:url"" content=""https://rubinoxmetal.com/materials/aluminium-6061-supplier-india.html"" /> <meta property=""og:image"" content=""https://rubinoxmetal.com/assets/rubinox-social-preview-2026.jpg"" /> <meta property=""og:image:secure_url"" content=""https://rubinoxmetal.com/assets/rubinox-social-preview-2026.jpg"" /> <meta property=""og:image:type"" content=""image/jpeg"" /> <meta property=""og:image:width"" content=""1200"" /> <meta property=""og:image:height"" content=""630"" /> <meta property=""og:image:alt"" content=""Aluminium 6061 Supplier in India | 6061-T6 &amp; T651"" /> <meta name=""twitter:card"" content=""summary_large_image"" /> <meta name=""twitter:site"" content=""@rubinoxmetal"" /> <meta name=""twitter:title"" content=""Aluminium 6061 Supplier in India | 6061-T6 &amp; T651"" /> <meta name=""twitter:description"" content=""Aluminium 6061 supplier in India for sheets, plates, bars, rods, tubes and sections in T6/T651 temper with RFQ and documentation support."" /> <meta name=""twitter:image"" content=""https://rubinoxmetal.com/assets/rubinox-social-preview-2026.jpg"" /> <meta name=""twitter:image:alt"" content=""Aluminium 6061 Supplier in India | 6061-T6 &amp; T651"" /> <!-- Google Analytics --> <script async src=""https://www.googletagmanager.com/gtag/js?id=G-JT5X5L5H07",,materials,yes,yes
materials/aluminium-6063-supplier-india.html,https://rubinoxmetal.com/materials/aluminium-6063-supplier-india.html,Aluminium 6063 Supplier in India,Aluminium 6063 Supplier in India | Extrusion Alloy,"Aluminium 6063 supplier in India for sections, tubes, bars, channels, angles and architectural extrusion requirements with RFQ support."" /> <meta name=""robots"" content=""index,follow"" /> <link rel=""canonical"" href=""https://rubinoxmetal.com/materials/aluminium-6063-supplier-india.html"" /> <meta property=""og:locale"" content=""en_IN"" /> <meta property=""og:type"" content=""website"" /> <meta property=""og:site_name"" content=""Rubinox Metal and Alloys"" /> <meta property=""og:title"" content=""Aluminium 6063 Supplier in India | Extrusion Alloy"" /> <meta property=""og:description"" content=""Aluminium 6063 supplier in India for sections, tubes, bars, channels, angles and architectural extrusion requirements with RFQ support."" /> <meta property=""og:url"" content=""https://rubinoxmetal.com/materials/aluminium-6063-supplier-india.html"" /> <meta property=""og:image"" content=""https://rubinoxmetal.com/assets/rubinox-social-preview-2026.jpg"" /> <meta property=""og:image:secure_url"" content=""https://rubinoxmetal.com/assets/rubinox-social-preview-2026.jpg"" /> <meta property=""og:image:type"" content=""image/jpeg"" /> <meta property=""og:image:width"" content=""1200"" /> <meta property=""og:image:height"" content=""630"" /> <meta property=""og:image:alt"" content=""Aluminium 6063 Supplier in India | Extrusion Alloy"" /> <meta name=""twitter:card"" content=""summary_large_image"" /> <meta name=""twitter:site"" content=""@rubinoxmetal"" /> <meta name=""twitter:title"" content=""Aluminium 6063 Supplier in India | Extrusion Alloy"" /> <meta name=""twitter:description"" content=""Aluminium 6063 supplier in India for sections, tubes, bars, channels, angles and architectural extrusion requirements with RFQ support."" /> <meta name=""twitter:image"" content=""https://rubinoxmetal.com/assets/rubinox-social-preview-2026.jpg"" /> <meta name=""twitter:image:alt"" content=""Aluminium 6063 Supplier in India | Extrusion Alloy"" /> <!-- Google Analytics --> <script async src=""https://www.googletagmanager.com/gtag/js?id=G-JT5X5L5H07",,materials,yes,yes
materials/aluminium-6082-supplier-india.html,https://rubinoxmetal.com/materials/aluminium-6082-supplier-india.html,Aluminium 6082 Supplier in India,Aluminium 6082 Supplier in India | Structural Alloy,"Aluminium 6082 supplier in India for structural plates, bars, rods, tubes, sections and profiles with RFQ support for temper, standards and documentation."" /> <meta name=""robots"" content=""index,follow"" /> <link rel=""canonical"" href=""https://rubinoxmetal.com/materials/aluminium-6082-supplier-india.html"" /> <meta property=""og:locale"" content=""en_IN"" /> <meta property=""og:type"" content=""website"" /> <meta property=""og:site_name"" content=""Rubinox Metal and Alloys"" /> <meta property=""og:title"" content=""Aluminium 6082 Supplier in India | Structural Alloy"" /> <meta property=""og:description"" content=""Aluminium 6082 supplier in India for structural plates, bars, rods, tubes, sections and profiles with RFQ support for temper, standards and documentation."" /> <meta property=""og:url"" content=""https://rubinoxmetal.com/materials/aluminium-6082-supplier-india.html"" /> <meta property=""og:image"" content=""https://rubinoxmetal.com/assets/rubinox-social-preview-2026.jpg"" /> <meta property=""og:image:secure_url"" content=""https://rubinoxmetal.com/assets/rubinox-social-preview-2026.jpg"" /> <meta property=""og:image:type"" content=""image/jpeg"" /> <meta property=""og:image:width"" content=""1200"" /> <meta property=""og:image:height"" content=""630"" /> <meta property=""og:image:alt"" content=""Aluminium 6082 Supplier in India | Structural Alloy"" /> <meta name=""twitter:card"" content=""summary_large_image"" /> <meta name=""twitter:site"" content=""@rubinoxmetal"" /> <meta name=""twitter:title"" content=""Aluminium 6082 Supplier in India | Structural Alloy"" /> <meta name=""twitter:description"" content=""Aluminium 6082 supplier in India for structural plates, bars, rods, tubes, sections and profiles with RFQ support for temper, standards and documentation."" /> <meta name=""twitter:image"" content=""https://rubinoxmetal.com/assets/rubinox-social-preview-2026.jpg"" /> <meta name=""twitter:image:alt"" content=""Aluminium 6082 Supplier in India | Structural Alloy"" /> <!-- Google Analytics --> <script async src=""https://www.googletagmanager.com/gtag/js?id=G-JT5X5L5H07",,materials,yes,yes
materials/aluminium-7075-supplier-india.html,https://rubinoxmetal.com/materials/aluminium-7075-supplier-india.html,Aluminium 7075 Supplier in India,Aluminium 7075 Supplier in India | High Strength Alloy,"Aluminium 7075 supplier in India for high-strength plates, sheets, bars and rods in T6/T651 temper for engineering RFQs."" /> <meta name=""robots"" content=""index,follow"" /> <link rel=""canonical"" href=""https://rubinoxmetal.com/materials/aluminium-7075-supplier-india.html"" /> <meta property=""og:locale"" content=""en_IN"" /> <meta property=""og:type"" content=""website"" /> <meta property=""og:site_name"" content=""Rubinox Metal and Alloys"" /> <meta property=""og:title"" content=""Aluminium 7075 Supplier in India | High Strength Alloy"" /> <meta property=""og:description"" content=""Aluminium 7075 supplier in India for high-strength plates, sheets, bars and rods in T6/T651 temper for engineering RFQs."" /> <meta property=""og:url"" content=""https://rubinoxmetal.com/materials/aluminium-7075-supplier-india.html"" /> <meta property=""og:image"" content=""https://rubinoxmetal.com/assets/rubinox-social-preview-2026.jpg"" /> <meta property=""og:image:secure_url"" content=""https://rubinoxmetal.com/assets/rubinox-social-preview-2026.jpg"" /> <meta property=""og:image:type"" content=""image/jpeg"" /> <meta property=""og:image:width"" content=""1200"" /> <meta property=""og:image:height"" content=""630"" /> <meta property=""og:image:alt"" content=""Aluminium 7075 Supplier in India | High Strength Alloy"" /> <meta name=""twitter:card"" content=""summary_large_image"" /> <meta name=""twitter:site"" content=""@rubinoxmetal"" /> <meta name=""twitter:title"" content=""Aluminium 7075 Supplier in India | High Strength Alloy"" /> <meta name=""twitter:description"" content=""Aluminium 7075 supplier in India for high-strength plates, sheets, bars and rods in T6/T651 temper for engineering RFQs."" /> <meta name=""twitter:image"" content=""https://rubinoxmetal.com/assets/rubinox-social-preview-2026.jpg"" /> <meta name=""twitter:image:alt"" content=""Aluminium 7075 Supplier in India | High Strength Alloy"" /> <!-- Google Analytics --> <script async src=""https://www.googletagmanager.com/gtag/js?id=G-JT5X5L5H07",,materials,yes,yes
materials/aluminium.html,https://rubinoxmetal.com/materials/aluminium.html,"Aluminium 6061, 6063 &amp; 7075 Supplier in India","Aluminium Supplier in India | 6061, 6063 &amp; 7075 | Rubinox","Aluminium supplier for 6061, 6063, 7075 and other alloys in sheets, plates, bars, rods, pipes and tubes with PAN India delivery."" /> <meta name=""robots"" content=""index,follow"" /> <link rel=""canonical"" href=""https://rubinoxmetal.com/materials/aluminium.html"" /> <meta property=""og:locale"" content=""en_IN"" /> <meta property=""og:type"" content=""website"" /> <meta property=""og:site_name"" content=""Rubinox Metal and Alloys"" /> <meta property=""og:title"" content=""Aluminium Supplier in India | 6061, 6063 &amp; 7075 | Rubinox"" /> <meta property=""og:description"" content=""Aluminium supplier for 6061, 6063, 7075 and other alloys in sheets, plates, bars, rods, pipes and tubes with PAN India delivery."" /> <meta property=""og:url"" content=""https://rubinoxmetal.com/materials/aluminium.html"" /> <meta property=""og:image"" content=""https://rubinoxmetal.com/assets/rubinox-social-preview-2026.jpg"" /> <meta property=""og:image:secure_url"" content=""https://rubinoxmetal.com/assets/rubinox-social-preview-2026.jpg"" /> <meta property=""og:image:type"" content=""image/jpeg"" /> <meta property=""og:image:width"" content=""1200"" /> <meta property=""og:image:height"" content=""630"" /> <meta property=""og:image:alt"" content=""Aluminium Supplier in India | 6061, 6063 &amp; 7075 | Rubinox"" /> <meta name=""twitter:card"" content=""summary_large_image"" /> <meta name=""twitter:site"" content=""@rubinoxmetal"" /> <meta name=""twitter:title"" content=""Aluminium Supplier in India | 6061, 6063 &amp; 7075 | Rubinox"" /> <meta name=""twitter:description"" content=""Aluminium supplier for 6061, 6063, 7075 and other alloys in sheets, plates, bars, rods, pipes and tubes with PAN India delivery."" /> <meta name=""twitter:image"" content=""https://rubinoxmetal.com/assets/rubinox-social-preview-2026.jpg"" /> <meta name=""twitter:image:alt"" content=""Aluminium Supplier in India | 6061, 6063 &amp; 7075 | Rubinox"" /> <!-- Google Analytics --> <script async src=""https://www.googletagmanager.com/gtag/js?id=G-JT5X5L5H07",,materials,yes,yes
materials/api-5l-grade-b-pipe-supplier-india.html,https://rubinoxmetal.com/materials/api-5l-grade-b-pipe-supplier-india.html,API 5L Grade B Pipe Supplier in India,API 5L Grade B Pipe Supplier India | Line Pipe RFQs,"API 5L Grade B pipe supplier in India for line pipe RFQs with PSL, size, wall thickness, coating, MTC and inspection requirements reviewed."" /> <meta name=""robots"" content=""index,follow"" /> <link rel=""canonical"" href=""https://rubinoxmetal.com/materials/api-5l-grade-b-pipe-supplier-india.html"" /> <meta property=""og:locale"" content=""en_IN"" /> <meta property=""og:type"" content=""website"" /> <meta property=""og:site_name"" content=""Rubinox Metal and Alloys"" /> <meta property=""og:title"" content=""API 5L Grade B Pipe Supplier India | Line Pipe RFQs"" /> <meta property=""og:description"" content=""API 5L Grade B pipe supplier in India for line pipe RFQs with PSL, size, wall thickness, coating, MTC and inspection requirements reviewed."" /> <meta property=""og:url"" content=""https://rubinoxmetal.com/materials/api-5l-grade-b-pipe-supplier-india.html"" /> <meta property=""og:image"" content=""https://rubinoxmetal.com/assets/rubinox-social-preview-2026.jpg"" /> <meta property=""og:image:secure_url"" content=""https://rubinoxmetal.com/assets/rubinox-social-preview-2026.jpg"" /> <meta property=""og:image:type"" content=""image/jpeg"" /> <meta property=""og:image:width"" content=""1200"" /> <meta property=""og:image:height"" content=""630"" /> <meta property=""og:image:alt"" content=""API 5L Grade B Pipe Supplier India | Line Pipe RFQs"" /> <meta name=""twitter:card"" content=""summary_large_image"" /> <meta name=""twitter:site"" content=""@rubinoxmetal"" /> <meta name=""twitter:title"" content=""API 5L Grade B Pipe Supplier India | Line Pipe RFQs"" /> <meta name=""twitter:description"" content=""API 5L Grade B pipe supplier in India for line pipe RFQs with PSL, size, wall thickness, coating, MTC and inspection requirements reviewed."" /> <meta name=""twitter:image"" content=""https://rubinoxmetal.com/assets/rubinox-social-preview-2026.jpg"" /> <meta name=""twitter:image:alt"" content=""API 5L Grade B Pipe Supplier India | Line Pipe RFQs"" /> <!-- Google Analytics --> <script async src=""https://www.googletagmanager.com/gtag/js?id=G-JT5X5L5H07",,materials,yes,yes
materials/api-5l-x52-pipe-supplier-india.html,https://rubinoxmetal.com/materials/api-5l-x52-pipe-supplier-india.html,API 5L X52 Pipe Supplier in India,API 5L X52 Pipe Supplier India | Line Pipe RFQs,"API 5L X52 pipe supplier in India for line pipe RFQs with PSL, size, wall thickness, coating, MTC and inspection requirements reviewed."" /> <meta name=""robots"" content=""index,follow"" /> <link rel=""canonical"" href=""https://rubinoxmetal.com/materials/api-5l-x52-pipe-supplier-india.html"" /> <meta property=""og:locale"" content=""en_IN"" /> <meta property=""og:type"" content=""website"" /> <meta property=""og:site_name"" content=""Rubinox Metal and Alloys"" /> <meta property=""og:title"" content=""API 5L X52 Pipe Supplier India | Line Pipe RFQs"" /> <meta property=""og:description"" content=""API 5L X52 pipe supplier in India for line pipe RFQs with PSL, size, wall thickness, coating, MTC and inspection requirements reviewed."" /> <meta property=""og:url"" content=""https://rubinoxmetal.com/materials/api-5l-x52-pipe-supplier-india.html"" /> <meta property=""og:image"" content=""https://rubinoxmetal.com/assets/rubinox-social-preview-2026.jpg"" /> <meta property=""og:image:secure_url"" content=""https://rubinoxmetal.com/assets/rubinox-social-preview-2026.jpg"" /> <meta property=""og:image:type"" content=""image/jpeg"" /> <meta property=""og:image:width"" content=""1200"" /> <meta property=""og:image:height"" content=""630"" /> <meta property=""og:image:alt"" content=""API 5L X52 Pipe Supplier India | Line Pipe RFQs"" /> <meta name=""twitter:card"" content=""summary_large_image"" /> <meta name=""twitter:site"" content=""@rubinoxmetal"" /> <meta name=""twitter:title"" content=""API 5L X52 Pipe Supplier India | Line Pipe RFQs"" /> <meta name=""twitter:description"" content=""API 5L X52 pipe supplier in India for line pipe RFQs with PSL, size, wall thickness, coating, MTC and inspection requirements reviewed."" /> <meta name=""twitter:image"" content=""https://rubinoxmetal.com/assets/rubinox-social-preview-2026.jpg"" /> <meta name=""twitter:image:alt"" content=""API 5L X52 Pipe Supplier India | Line Pipe RFQs"" /> <!-- Google Analytics --> <script async src=""https://www.googletagmanager.com/gtag/js?id=G-JT5X5L5H07",,materials,yes,yes
materials/api-5l-x65-pipe-supplier-india.html,https://rubinoxmetal.com/materials/api-5l-x65-pipe-supplier-india.html,API 5L X65 Pipe Supplier in India,API 5L X65 Pipe Supplier India | Line Pipe RFQs,"API 5L X65 pipe supplier in India for line pipe RFQs with PSL, size, wall thickness, coating, MTC and inspection requirements reviewed."" /> <meta name=""robots"" content=""index,follow"" /> <link rel=""canonical"" href=""https://rubinoxmetal.com/materials/api-5l-x65-pipe-supplier-india.html"" /> <meta property=""og:locale"" content=""en_IN"" /> <meta property=""og:type"" content=""website"" /> <meta property=""og:site_name"" content=""Rubinox Metal and Alloys"" /> <meta property=""og:title"" content=""API 5L X65 Pipe Supplier India | Line Pipe RFQs"" /> <meta property=""og:description"" content=""API 5L X65 pipe supplier in India for line pipe RFQs with PSL, size, wall thickness, coating, MTC and inspection requirements reviewed."" /> <meta property=""og:url"" content=""https://rubinoxmetal.com/materials/api-5l-x65-pipe-supplier-india.html"" /> <meta property=""og:image"" content=""https://rubinoxmetal.com/assets/rubinox-social-preview-2026.jpg"" /> <meta property=""og:image:secure_url"" content=""https://rubinoxmetal.com/assets/rubinox-social-preview-2026.jpg"" /> <meta property=""og:image:type"" content=""image/jpeg"" /> <meta property=""og:image:width"" content=""1200"" /> <meta property=""og:image:height"" content=""630"" /> <meta property=""og:image:alt"" content=""API 5L X65 Pipe Supplier India | Line Pipe RFQs"" /> <meta name=""twitter:card"" content=""summary_large_image"" /> <meta name=""twitter:site"" content=""@rubinoxmetal"" /> <meta name=""twitter:title"" content=""API 5L X65 Pipe Supplier India | Line Pipe RFQs"" /> <meta name=""twitter:description"" content=""API 5L X65 pipe supplier in India for line pipe RFQs with PSL, size, wall thickness, coating, MTC and inspection requirements reviewed."" /> <meta name=""twitter:image"" content=""https://rubinoxmetal.com/assets/rubinox-social-preview-2026.jpg"" /> <meta name=""twitter:image:alt"" content=""API 5L X65 Pipe Supplier India | Line Pipe RFQs"" /> <!-- Google Analytics --> <script async src=""https://www.googletagmanager.com/gtag/js?id=G-JT5X5L5H07",,materials,yes,yes
materials/astm-a106-grade-b-pipe-supplier-india.html,https://rubinoxmetal.com/materials/astm-a106-grade-b-pipe-supplier-india.html,ASTM A106 Grade B Pipe Supplier in India,ASTM A106 Grade B Pipe Supplier India | Seamless CS Pipe RFQs,"ASTM A106 Grade B pipe supplier in India for seamless carbon steel pipe RFQs with schedule, size, MTC and inspection details reviewed."" /> <meta name=""robots"" content=""index,follow"" /> <link rel=""canonical"" href=""https://rubinoxmetal.com/materials/astm-a106-grade-b-pipe-supplier-india.html"" /> <meta property=""og:locale"" content=""en_IN"" /> <meta property=""og:type"" content=""website"" /> <meta property=""og:site_name"" content=""Rubinox Metal and Alloys"" /> <meta property=""og:title"" content=""ASTM A106 Grade B Pipe Supplier India | Seamless CS Pipe RFQs"" /> <meta property=""og:description"" content=""ASTM A106 Grade B pipe supplier in India for seamless carbon steel pipe RFQs with schedule, size, MTC and inspection details reviewed."" /> <meta property=""og:url"" content=""https://rubinoxmetal.com/materials/astm-a106-grade-b-pipe-supplier-india.html"" /> <meta property=""og:image"" content=""https://rubinoxmetal.com/assets/rubinox-social-preview-2026.jpg"" /> <meta property=""og:image:secure_url"" content=""https://rubinoxmetal.com/assets/rubinox-social-preview-2026.jpg"" /> <meta property=""og:image:type"" content=""image/jpeg"" /> <meta property=""og:image:width"" content=""1200"" /> <meta property=""og:image:height"" content=""630"" /> <meta property=""og:image:alt"" content=""ASTM A106 Grade B Pipe Supplier India | Seamless CS Pipe RFQs"" /> <meta name=""twitter:card"" content=""summary_large_image"" /> <meta name=""twitter:site"" content=""@rubinoxmetal"" /> <meta name=""twitter:title"" content=""ASTM A106 Grade B Pipe Supplier India | Seamless CS Pipe RFQs"" /> <meta name=""twitter:description"" content=""ASTM A106 Grade B pipe supplier in India for seamless carbon steel pipe RFQs with schedule, size, MTC and inspection details reviewed."" /> <meta name=""twitter:image"" content=""https://rubinoxmetal.com/assets/rubinox-social-preview-2026.jpg"" /> <meta name=""twitter:image:alt"" content=""ASTM A106 Grade B Pipe Supplier India | Seamless CS Pipe RFQs"" /> <!-- Google Analytics --> <script async src=""https://www.googletagmanager.com/gtag/js?id=G-JT5X5L5H07",,materials,yes,yes
materials/astm-a333-grade-6-pipe-supplier-india.html,https://rubinoxmetal.com/materials/astm-a333-grade-6-pipe-supplier-india.html,ASTM A333 Grade 6 Pipe Supplier in India,ASTM A333 Grade 6 Pipe Supplier India | Low Temperature CS Pipe RFQs,"ASTM A333 Grade 6 pipe supplier in India for low temperature carbon steel pipe RFQs with size, schedule, impact testing and MTC details."" /> <meta name=""robots"" content=""index,follow"" /> <link rel=""canonical"" href=""https://rubinoxmetal.com/materials/astm-a333-grade-6-pipe-supplier-india.html"" /> <meta property=""og:locale"" content=""en_IN"" /> <meta property=""og:type"" content=""website"" /> <meta property=""og:site_name"" content=""Rubinox Metal and Alloys"" /> <meta property=""og:title"" content=""ASTM A333 Grade 6 Pipe Supplier India | Low Temperature CS Pipe RFQs"" /> <meta property=""og:description"" content=""ASTM A333 Grade 6 pipe supplier in India for low temperature carbon steel pipe RFQs with size, schedule, impact testing and MTC details."" /> <meta property=""og:url"" content=""https://rubinoxmetal.com/materials/astm-a333-grade-6-pipe-supplier-india.html"" /> <meta property=""og:image"" content=""https://rubinoxmetal.com/assets/rubinox-social-preview-2026.jpg"" /> <meta property=""og:image:secure_url"" content=""https://rubinoxmetal.com/assets/rubinox-social-preview-2026.jpg"" /> <meta property=""og:image:type"" content=""image/jpeg"" /> <meta property=""og:image:width"" content=""1200"" /> <meta property=""og:image:height"" content=""630"" /> <meta property=""og:image:alt"" content=""ASTM A333 Grade 6 Pipe Supplier India | Low Temperature CS Pipe RFQs"" /> <meta name=""twitter:card"" content=""summary_large_image"" /> <meta name=""twitter:site"" content=""@rubinoxmetal"" /> <meta name=""twitter:title"" content=""ASTM A333 Grade 6 Pipe Supplier India | Low Temperature CS Pipe RFQs"" /> <meta name=""twitter:description"" content=""ASTM A333 Grade 6 pipe supplier in India for low temperature carbon steel pipe RFQs with size, schedule, impact testing and MTC details."" /> <meta name=""twitter:image"" content=""https://rubinoxmetal.com/assets/rubinox-social-preview-2026.jpg"" /> <meta name=""twitter:image:alt"" content=""ASTM A333 Grade 6 Pipe Supplier India | Low Temperature CS Pipe RFQs"" /> <!-- Google Analytics --> <script async src=""https://www.googletagmanager.com/gtag/js?id=G-JT5X5L5H07",,materials,yes,yes
materials/astm-a335-p11-pipe-supplier-india.html,https://rubinoxmetal.com/materials/astm-a335-p11-pipe-supplier-india.html,ASTM A335 P11 Pipe Supplier in India,ASTM A335 P11 Pipe Supplier India | ASME SA335 P11 RFQs,"ASTM A335 P11 pipe supplier in India for alloy steel seamless pipe RFQs with size, schedule, MTC and inspection requirements reviewed."" /> <meta name=""robots"" content=""index,follow"" /> <link rel=""canonical"" href=""https://rubinoxmetal.com/materials/astm-a335-p11-pipe-supplier-india.html"" /> <meta property=""og:locale"" content=""en_IN"" /> <meta property=""og:type"" content=""website"" /> <meta property=""og:site_name"" content=""Rubinox Metal and Alloys"" /> <meta property=""og:title"" content=""ASTM A335 P11 Pipe Supplier India | ASME SA335 P11 RFQs"" /> <meta property=""og:description"" content=""ASTM A335 P11 pipe supplier in India for alloy steel seamless pipe RFQs with size, schedule, MTC and inspection requirements reviewed."" /> <meta property=""og:url"" content=""https://rubinoxmetal.com/materials/astm-a335-p11-pipe-supplier-india.html"" /> <meta property=""og:image"" content=""https://rubinoxmetal.com/assets/rubinox-social-preview-2026.jpg"" /> <meta property=""og:image:secure_url"" content=""https://rubinoxmetal.com/assets/rubinox-social-preview-2026.jpg"" /> <meta property=""og:image:type"" content=""image/jpeg"" /> <meta property=""og:image:width"" content=""1200"" /> <meta property=""og:image:height"" content=""630"" /> <meta property=""og:image:alt"" content=""ASTM A335 P11 Pipe Supplier India | ASME SA335 P11 RFQs"" /> <meta name=""twitter:card"" content=""summary_large_image"" /> <meta name=""twitter:site"" content=""@rubinoxmetal"" /> <meta name=""twitter:title"" content=""ASTM A335 P11 Pipe Supplier India | ASME SA335 P11 RFQs"" /> <meta name=""twitter:description"" content=""ASTM A335 P11 pipe supplier in India for alloy steel seamless pipe RFQs with size, schedule, MTC and inspection requirements reviewed."" /> <meta name=""twitter:image"" content=""https://rubinoxmetal.com/assets/rubinox-social-preview-2026.jpg"" /> <meta name=""twitter:image:alt"" content=""ASTM A335 P11 Pipe Supplier India | ASME SA335 P11 RFQs"" /> <!-- Google Analytics --> <script async src=""https://www.googletagmanager.com/gtag/js?id=G-JT5X5L5H07",,materials,yes,yes
materials/astm-a335-p22-pipe-supplier-india.html,https://rubinoxmetal.com/materials/astm-a335-p22-pipe-supplier-india.html,ASTM A335 P22 Pipe Supplier in India,ASTM A335 P22 Pipe Supplier India | ASME SA335 P22 RFQs,"ASTM A335 P22 pipe supplier in India for alloy steel seamless pipe RFQs with size, schedule, MTC and inspection requirements reviewed."" /> <meta name=""robots"" content=""index,follow"" /> <link rel=""canonical"" href=""https://rubinoxmetal.com/materials/astm-a335-p22-pipe-supplier-india.html"" /> <meta property=""og:locale"" content=""en_IN"" /> <meta property=""og:type"" content=""website"" /> <meta property=""og:site_name"" content=""Rubinox Metal and Alloys"" /> <meta property=""og:title"" content=""ASTM A335 P22 Pipe Supplier India | ASME SA335 P22 RFQs"" /> <meta property=""og:description"" content=""ASTM A335 P22 pipe supplier in India for alloy steel seamless pipe RFQs with size, schedule, MTC and inspection requirements reviewed."" /> <meta property=""og:url"" content=""https://rubinoxmetal.com/materials/astm-a335-p22-pipe-supplier-india.html"" /> <meta property=""og:image"" content=""https://rubinoxmetal.com/assets/rubinox-social-preview-2026.jpg"" /> <meta property=""og:image:secure_url"" content=""https://rubinoxmetal.com/assets/rubinox-social-preview-2026.jpg"" /> <meta property=""og:image:type"" content=""image/jpeg"" /> <meta property=""og:image:width"" content=""1200"" /> <meta property=""og:image:height"" content=""630"" /> <meta property=""og:image:alt"" content=""ASTM A335 P22 Pipe Supplier India | ASME SA335 P22 RFQs"" /> <meta name=""twitter:card"" content=""summary_large_image"" /> <meta name=""twitter:site"" content=""@rubinoxmetal"" /> <meta name=""twitter:title"" content=""ASTM A335 P22 Pipe Supplier India | ASME SA335 P22 RFQs"" /> <meta name=""twitter:description"" content=""ASTM A335 P22 pipe supplier in India for alloy steel seamless pipe RFQs with size, schedule, MTC and inspection requirements reviewed."" /> <meta name=""twitter:image"" content=""https://rubinoxmetal.com/assets/rubinox-social-preview-2026.jpg"" /> <meta name=""twitter:image:alt"" content=""ASTM A335 P22 Pipe Supplier India | ASME SA335 P22 RFQs"" /> <!-- Google Analytics --> <script async src=""https://www.googletagmanager.com/gtag/js?id=G-JT5X5L5H07",,materials,yes,yes
materials/astm-a335-p5-pipe-supplier-india.html,https://rubinoxmetal.com/materials/astm-a335-p5-pipe-supplier-india.html,ASTM A335 P5 Pipe Supplier in India,ASTM A335 P5 Pipe Supplier in India | Rubinox,"ASTM A335 P5 Pipe Supplier in India for specification-led RFQs with grade, size, quantity, MTC, inspection, documentation and delivery details reviewed by Rubinox Metal and Alloys.",https://rubinoxmetal.com/materials/astm-a335-p5-pipe-supplier-india.html,materials,yes,yes
materials/astm-a335-p9-pipe-supplier-india.html,https://rubinoxmetal.com/materials/astm-a335-p9-pipe-supplier-india.html,ASTM A335 P9 Pipe Supplier in India,ASTM A335 P9 Pipe Supplier in India | Rubinox,"ASTM A335 P9 Pipe Supplier in India for specification-led RFQs with grade, size, quantity, MTC, inspection, documentation and delivery details reviewed by Rubinox Metal and Alloys.",https://rubinoxmetal.com/materials/astm-a335-p9-pipe-supplier-india.html,materials,yes,yes
materials/astm-a335-p91-pipe-supplier-india.html,https://rubinoxmetal.com/materials/astm-a335-p91-pipe-supplier-india.html,ASTM A335 P91 Pipe Supplier in India,ASTM A335 P91 Pipe Supplier India | ASME SA335 P91 RFQs,"ASTM A335 P91 pipe supplier in India for alloy steel seamless pipe RFQs with size, schedule, MTC and inspection requirements reviewed."" /> <meta name=""robots"" content=""index,follow"" /> <link rel=""canonical"" href=""https://rubinoxmetal.com/materials/astm-a335-p91-pipe-supplier-india.html"" /> <meta property=""og:locale"" content=""en_IN"" /> <meta property=""og:type"" content=""website"" /> <meta property=""og:site_name"" content=""Rubinox Metal and Alloys"" /> <meta property=""og:title"" content=""ASTM A335 P91 Pipe Supplier India | ASME SA335 P91 RFQs"" /> <meta property=""og:description"" content=""ASTM A335 P91 pipe supplier in India for alloy steel seamless pipe RFQs with size, schedule, MTC and inspection requirements reviewed."" /> <meta property=""og:url"" content=""https://rubinoxmetal.com/materials/astm-a335-p91-pipe-supplier-india.html"" /> <meta property=""og:image"" content=""https://rubinoxmetal.com/assets/rubinox-social-preview-2026.jpg"" /> <meta property=""og:image:secure_url"" content=""https://rubinoxmetal.com/assets/rubinox-social-preview-2026.jpg"" /> <meta property=""og:image:type"" content=""image/jpeg"" /> <meta property=""og:image:width"" content=""1200"" /> <meta property=""og:image:height"" content=""630"" /> <meta property=""og:image:alt"" content=""ASTM A335 P91 Pipe Supplier India | ASME SA335 P91 RFQs"" /> <meta name=""twitter:card"" content=""summary_large_image"" /> <meta name=""twitter:site"" content=""@rubinoxmetal"" /> <meta name=""twitter:title"" content=""ASTM A335 P91 Pipe Supplier India | ASME SA335 P91 RFQs"" /> <meta name=""twitter:description"" content=""ASTM A335 P91 pipe supplier in India for alloy steel seamless pipe RFQs with size, schedule, MTC and inspection requirements reviewed."" /> <meta name=""twitter:image"" content=""https://rubinoxmetal.com/assets/rubinox-social-preview-2026.jpg"" /> <meta name=""twitter:image:alt"" content=""ASTM A335 P91 Pipe Supplier India | ASME SA335 P91 RFQs"" /> <!-- Google Analytics --> <script async src=""https://www.googletagmanager.com/gtag/js?id=G-JT5X5L5H07",,materials,yes,yes
materials/astm-a53-grade-b-pipe-supplier-india.html,https://rubinoxmetal.com/materials/astm-a53-grade-b-pipe-supplier-india.html,ASTM A53 Grade B Pipe Supplier in India,ASTM A53 Grade B Pipe Supplier India | CS Pipe RFQs,"ASTM A53 Grade B pipe supplier in India for carbon steel pipe RFQs with type, grade, schedule, size, MTC and inspection review."" /> <meta name=""robots"" content=""index,follow"" /> <link rel=""canonical"" href=""https://rubinoxmetal.com/materials/astm-a53-grade-b-pipe-supplier-india.html"" /> <meta property=""og:locale"" content=""en_IN"" /> <meta property=""og:type"" content=""website"" /> <meta property=""og:site_name"" content=""Rubinox Metal and Alloys"" /> <meta property=""og:title"" content=""ASTM A53 Grade B Pipe Supplier India | CS Pipe RFQs"" /> <meta property=""og:description"" content=""ASTM A53 Grade B pipe supplier in India for carbon steel pipe RFQs with type, grade, schedule, size, MTC and inspection review."" /> <meta property=""og:url"" content=""https://rubinoxmetal.com/materials/astm-a53-grade-b-pipe-supplier-india.html"" /> <meta property=""og:image"" content=""https://rubinoxmetal.com/assets/rubinox-social-preview-2026.jpg"" /> <meta property=""og:image:secure_url"" content=""https://rubinoxmetal.com/assets/rubinox-social-preview-2026.jpg"" /> <meta property=""og:image:type"" content=""image/jpeg"" /> <meta property=""og:image:width"" content=""1200"" /> <meta property=""og:image:height"" content=""630"" /> <meta property=""og:image:alt"" content=""ASTM A53 Grade B Pipe Supplier India | CS Pipe RFQs"" /> <meta name=""twitter:card"" content=""summary_large_image"" /> <meta name=""twitter:site"" content=""@rubinoxmetal"" /> <meta name=""twitter:title"" content=""ASTM A53 Grade B Pipe Supplier India | CS Pipe RFQs"" /> <meta name=""twitter:description"" content=""ASTM A53 Grade B pipe supplier in India for carbon steel pipe RFQs with type, grade, schedule, size, MTC and inspection review."" /> <meta name=""twitter:image"" content=""https://rubinoxmetal.com/assets/rubinox-social-preview-2026.jpg"" /> <meta name=""twitter:image:alt"" content=""ASTM A53 Grade B Pipe Supplier India | CS Pipe RFQs"" /> <!-- Google Analytics --> <script async src=""https://www.googletagmanager.com/gtag/js?id=G-JT5X5L5H07",,materials,yes,yes
materials/brass-c260-supplier-india.html,https://rubinoxmetal.com/materials/brass-c260-supplier-india.html,Brass C260 Supplier in India,Brass C260 Supplier in India | Cartridge Brass,"Brass C260 supplier in India for cartridge brass sheets, strips, plates, coils and formed component RFQs."" /> <meta name=""robots"" content=""index,follow"" /> <link rel=""canonical"" href=""https://rubinoxmetal.com/materials/brass-c260-supplier-india.html"" /> <meta property=""og:locale"" content=""en_IN"" /> <meta property=""og:type"" content=""website"" /> <meta property=""og:site_name"" content=""Rubinox Metal and Alloys"" /> <meta property=""og:title"" content=""Brass C260 Supplier in India | Cartridge Brass"" /> <meta property=""og:description"" content=""Brass C260 supplier in India for cartridge brass sheets, strips, plates, coils and formed component RFQs."" /> <meta property=""og:url"" content=""https://rubinoxmetal.com/materials/brass-c260-supplier-india.html"" /> <meta property=""og:image"" content=""https://rubinoxmetal.com/assets/rubinox-social-preview-2026.jpg"" /> <meta property=""og:image:secure_url"" content=""https://rubinoxmetal.com/assets/rubinox-social-preview-2026.jpg"" /> <meta property=""og:image:type"" content=""image/jpeg"" /> <meta property=""og:image:width"" content=""1200"" /> <meta property=""og:image:height"" content=""630"" /> <meta property=""og:image:alt"" content=""Brass C260 Supplier in India | Cartridge Brass"" /> <meta name=""twitter:card"" content=""summary_large_image"" /> <meta name=""twitter:site"" content=""@rubinoxmetal"" /> <meta name=""twitter:title"" content=""Brass C260 Supplier in India | Cartridge Brass"" /> <meta name=""twitter:description"" content=""Brass C260 supplier in India for cartridge brass sheets, strips, plates, coils and formed component RFQs."" /> <meta name=""twitter:image"" content=""https://rubinoxmetal.com/assets/rubinox-social-preview-2026.jpg"" /> <meta name=""twitter:image:alt"" content=""Brass C260 Supplier in India | Cartridge Brass"" /> <!-- Google Analytics --> <script async src=""https://www.googletagmanager.com/gtag/js?id=G-JT5X5L5H07",,materials,yes,yes
materials/brass-c280-supplier-india.html,https://rubinoxmetal.com/materials/brass-c280-supplier-india.html,Brass C280 Supplier in India,Brass C280 Supplier in India | Muntz Brass,"Brass C280 supplier in India for Muntz brass sheets, plates, rods and fabrication component RFQs."" /> <meta name=""robots"" content=""index,follow"" /> <link rel=""canonical"" href=""https://rubinoxmetal.com/materials/brass-c280-supplier-india.html"" /> <meta property=""og:locale"" content=""en_IN"" /> <meta property=""og:type"" content=""website"" /> <meta property=""og:site_name"" content=""Rubinox Metal and Alloys"" /> <meta property=""og:title"" content=""Brass C280 Supplier in India | Muntz Brass"" /> <meta property=""og:description"" content=""Brass C280 supplier in India for Muntz brass sheets, plates, rods and fabrication component RFQs."" /> <meta property=""og:url"" content=""https://rubinoxmetal.com/materials/brass-c280-supplier-india.html"" /> <meta property=""og:image"" content=""https://rubinoxmetal.com/assets/rubinox-social-preview-2026.jpg"" /> <meta property=""og:image:secure_url"" content=""https://rubinoxmetal.com/assets/rubinox-social-preview-2026.jpg"" /> <meta property=""og:image:type"" content=""image/jpeg"" /> <meta property=""og:image:width"" content=""1200"" /> <meta property=""og:image:height"" content=""630"" /> <meta property=""og:image:alt"" content=""Brass C280 Supplier in India | Muntz Brass"" /> <meta name=""twitter:card"" content=""summary_large_image"" /> <meta name=""twitter:site"" content=""@rubinoxmetal"" /> <meta name=""twitter:title"" content=""Brass C280 Supplier in India | Muntz Brass"" /> <meta name=""twitter:description"" content=""Brass C280 supplier in India for Muntz brass sheets, plates, rods and fabrication component RFQs."" /> <meta name=""twitter:image"" content=""https://rubinoxmetal.com/assets/rubinox-social-preview-2026.jpg"" /> <meta name=""twitter:image:alt"" content=""Brass C280 Supplier in India | Muntz Brass"" /> <!-- Google Analytics --> <script async src=""https://www.googletagmanager.com/gtag/js?id=G-JT5X5L5H07",,materials,yes,yes
materials/brass-c360-supplier-india.html,https://rubinoxmetal.com/materials/brass-c360-supplier-india.html,Brass C360 Supplier in India,Brass C360 Supplier in India | Free Cutting Brass,"Brass C360 supplier in India for free cutting brass rods, bars, hex bars, flats and precision machined component RFQs."" /> <meta name=""robots"" content=""index,follow"" /> <link rel=""canonical"" href=""https://rubinoxmetal.com/materials/brass-c360-supplier-india.html"" /> <meta property=""og:locale"" content=""en_IN"" /> <meta property=""og:type"" content=""website"" /> <meta property=""og:site_name"" content=""Rubinox Metal and Alloys"" /> <meta property=""og:title"" content=""Brass C360 Supplier in India | Free Cutting Brass"" /> <meta property=""og:description"" content=""Brass C360 supplier in India for free cutting brass rods, bars, hex bars, flats and precision machined component RFQs."" /> <meta property=""og:url"" content=""https://rubinoxmetal.com/materials/brass-c360-supplier-india.html"" /> <meta property=""og:image"" content=""https://rubinoxmetal.com/assets/rubinox-social-preview-2026.jpg"" /> <meta property=""og:image:secure_url"" content=""https://rubinoxmetal.com/assets/rubinox-social-preview-2026.jpg"" /> <meta property=""og:image:type"" content=""image/jpeg"" /> <meta property=""og:image:width"" content=""1200"" /> <meta property=""og:image:height"" content=""630"" /> <meta property=""og:image:alt"" content=""Brass C360 Supplier in India | Free Cutting Brass"" /> <meta name=""twitter:card"" content=""summary_large_image"" /> <meta name=""twitter:site"" content=""@rubinoxmetal"" /> <meta name=""twitter:title"" content=""Brass C360 Supplier in India | Free Cutting Brass"" /> <meta name=""twitter:description"" content=""Brass C360 supplier in India for free cutting brass rods, bars, hex bars, flats and precision machined component RFQs."" /> <meta name=""twitter:image"" content=""https://rubinoxmetal.com/assets/rubinox-social-preview-2026.jpg"" /> <meta name=""twitter:image:alt"" content=""Brass C360 Supplier in India | Free Cutting Brass"" /> <!-- Google Analytics --> <script async src=""https://www.googletagmanager.com/gtag/js?id=G-JT5X5L5H07",,materials,yes,yes
materials/brass-c385-supplier-india.html,https://rubinoxmetal.com/materials/brass-c385-supplier-india.html,Brass C385 Supplier in India,Brass C385 Supplier in India | Architectural Brass,"Brass C385 supplier in India for architectural brass rods, bars, profiles, shapes and machined hardware RFQs."" /> <meta name=""robots"" content=""index,follow"" /> <link rel=""canonical"" href=""https://rubinoxmetal.com/materials/brass-c385-supplier-india.html"" /> <meta property=""og:locale"" content=""en_IN"" /> <meta property=""og:type"" content=""website"" /> <meta property=""og:site_name"" content=""Rubinox Metal and Alloys"" /> <meta property=""og:title"" content=""Brass C385 Supplier in India | Architectural Brass"" /> <meta property=""og:description"" content=""Brass C385 supplier in India for architectural brass rods, bars, profiles, shapes and machined hardware RFQs."" /> <meta property=""og:url"" content=""https://rubinoxmetal.com/materials/brass-c385-supplier-india.html"" /> <meta property=""og:image"" content=""https://rubinoxmetal.com/assets/rubinox-social-preview-2026.jpg"" /> <meta property=""og:image:secure_url"" content=""https://rubinoxmetal.com/assets/rubinox-social-preview-2026.jpg"" /> <meta property=""og:image:type"" content=""image/jpeg"" /> <meta property=""og:image:width"" content=""1200"" /> <meta property=""og:image:height"" content=""630"" /> <meta property=""og:image:alt"" content=""Brass C385 Supplier in India | Architectural Brass"" /> <meta name=""twitter:card"" content=""summary_large_image"" /> <meta name=""twitter:site"" content=""@rubinoxmetal"" /> <meta name=""twitter:title"" content=""Brass C385 Supplier in India | Architectural Brass"" /> <meta name=""twitter:description"" content=""Brass C385 supplier in India for architectural brass rods, bars, profiles, shapes and machined hardware RFQs."" /> <meta name=""twitter:image"" content=""https://rubinoxmetal.com/assets/rubinox-social-preview-2026.jpg"" /> <meta name=""twitter:image:alt"" content=""Brass C385 Supplier in India | Architectural Brass"" /> <!-- Google Analytics --> <script async src=""https://www.googletagmanager.com/gtag/js?id=G-JT5X5L5H07",,materials,yes,yes
materials/brass-c464-supplier-india.html,https://rubinoxmetal.com/materials/brass-c464-supplier-india.html,Brass C464 Supplier in India,Brass C464 Supplier in India | Naval Brass,"Brass C464 supplier in India for naval brass rods, bars, plates, sheets, tubes and marine hardware RFQs."" /> <meta name=""robots"" content=""index,follow"" /> <link rel=""canonical"" href=""https://rubinoxmetal.com/materials/brass-c464-supplier-india.html"" /> <meta property=""og:locale"" content=""en_IN"" /> <meta property=""og:type"" content=""website"" /> <meta property=""og:site_name"" content=""Rubinox Metal and Alloys"" /> <meta property=""og:title"" content=""Brass C464 Supplier in India | Naval Brass"" /> <meta property=""og:description"" content=""Brass C464 supplier in India for naval brass rods, bars, plates, sheets, tubes and marine hardware RFQs."" /> <meta property=""og:url"" content=""https://rubinoxmetal.com/materials/brass-c464-supplier-india.html"" /> <meta property=""og:image"" content=""https://rubinoxmetal.com/assets/rubinox-social-preview-2026.jpg"" /> <meta property=""og:image:secure_url"" content=""https://rubinoxmetal.com/assets/rubinox-social-preview-2026.jpg"" /> <meta property=""og:image:type"" content=""image/jpeg"" /> <meta property=""og:image:width"" content=""1200"" /> <meta property=""og:image:height"" content=""630"" /> <meta property=""og:image:alt"" content=""Brass C464 Supplier in India | Naval Brass"" /> <meta name=""twitter:card"" content=""summary_large_image"" /> <meta name=""twitter:site"" content=""@rubinoxmetal"" /> <meta name=""twitter:title"" content=""Brass C464 Supplier in India | Naval Brass"" /> <meta name=""twitter:description"" content=""Brass C464 supplier in India for naval brass rods, bars, plates, sheets, tubes and marine hardware RFQs."" /> <meta name=""twitter:image"" content=""https://rubinoxmetal.com/assets/rubinox-social-preview-2026.jpg"" /> <meta name=""twitter:image:alt"" content=""Brass C464 Supplier in India | Naval Brass"" /> <!-- Google Analytics --> <script async src=""https://www.googletagmanager.com/gtag/js?id=G-JT5X5L5H07",,materials,yes,yes
materials/brass.html,https://rubinoxmetal.com/materials/brass.html,"Brass C260, C360 &amp; C464 Supplier in India","Brass Supplier in India | C260, C360 &amp; C464 | Rubinox","Brass supplier for C260, C360 and C464 rods, sheets, plates, pipes, tubes and fittings with PAN India delivery and export support."" /> <meta name=""robots"" content=""index,follow"" /> <link rel=""canonical"" href=""https://rubinoxmetal.com/materials/brass.html"" /> <meta property=""og:locale"" content=""en_IN"" /> <meta property=""og:type"" content=""website"" /> <meta property=""og:site_name"" content=""Rubinox Metal and Alloys"" /> <meta property=""og:title"" content=""Brass Supplier in India | C260, C360 &amp; C464 | Rubinox"" /> <meta property=""og:description"" content=""Brass supplier for C260, C360 and C464 rods, sheets, plates, pipes, tubes and fittings with PAN India delivery and export support."" /> <meta property=""og:url"" content=""https://rubinoxmetal.com/materials/brass.html"" /> <meta property=""og:image"" content=""https://rubinoxmetal.com/assets/rubinox-social-preview-2026.jpg"" /> <meta property=""og:image:secure_url"" content=""https://rubinoxmetal.com/assets/rubinox-social-preview-2026.jpg"" /> <meta property=""og:image:type"" content=""image/jpeg"" /> <meta property=""og:image:width"" content=""1200"" /> <meta property=""og:image:height"" content=""630"" /> <meta property=""og:image:alt"" content=""Brass Supplier in India | C260, C360 &amp; C464 | Rubinox"" /> <meta name=""twitter:card"" content=""summary_large_image"" /> <meta name=""twitter:site"" content=""@rubinoxmetal"" /> <meta name=""twitter:title"" content=""Brass Supplier in India | C260, C360 &amp; C464 | Rubinox"" /> <meta name=""twitter:description"" content=""Brass supplier for C260, C360 and C464 rods, sheets, plates, pipes, tubes and fittings with PAN India delivery and export support."" /> <meta name=""twitter:image"" content=""https://rubinoxmetal.com/assets/rubinox-social-preview-2026.jpg"" /> <meta name=""twitter:image:alt"" content=""Brass Supplier in India | C260, C360 &amp; C464 | Rubinox"" /> <!-- Google Analytics --> <script async src=""https://www.googletagmanager.com/gtag/js?id=G-JT5X5L5H07",,materials,yes,yes
materials/carbon-steel-1018-supplier-india.html,https://rubinoxmetal.com/materials/carbon-steel-1018-supplier-india.html,Carbon Steel 1018 Supplier in India,"Carbon Steel 1018 Supplier India | Bars, Rods &amp; Machining Steel","Carbon Steel 1018 supplier in India for bars, rods, flats, squares and machining requirements with RFQ support for size, tolerance and documentation."" /> <meta name=""robots"" content=""index,follow"" /> <link rel=""canonical"" href=""https://rubinoxmetal.com/materials/carbon-steel-1018-supplier-india.html"" /> <meta property=""og:locale"" content=""en_IN"" /> <meta property=""og:type"" content=""website"" /> <meta property=""og:site_name"" content=""Rubinox Metal and Alloys"" /> <meta property=""og:title"" content=""Carbon Steel 1018 Supplier India | Bars, Rods &amp; Machining Steel"" /> <meta property=""og:description"" content=""Carbon Steel 1018 supplier in India for bars, rods, flats, squares and machining requirements with RFQ support for size, tolerance and documentation."" /> <meta property=""og:url"" content=""https://rubinoxmetal.com/materials/carbon-steel-1018-supplier-india.html"" /> <meta property=""og:image"" content=""https://rubinoxmetal.com/assets/rubinox-social-preview-2026.jpg"" /> <meta property=""og:image:secure_url"" content=""https://rubinoxmetal.com/assets/rubinox-social-preview-2026.jpg"" /> <meta property=""og:image:type"" content=""image/jpeg"" /> <meta property=""og:image:width"" content=""1200"" /> <meta property=""og:image:height"" content=""630"" /> <meta property=""og:image:alt"" content=""Carbon Steel 1018 Supplier India | Bars, Rods &amp; Machining Steel"" /> <meta name=""twitter:card"" content=""summary_large_image"" /> <meta name=""twitter:site"" content=""@rubinoxmetal"" /> <meta name=""twitter:title"" content=""Carbon Steel 1018 Supplier India | Bars, Rods &amp; Machining Steel"" /> <meta name=""twitter:description"" content=""Carbon Steel 1018 supplier in India for bars, rods, flats, squares and machining requirements with RFQ support for size, tolerance and documentation."" /> <meta name=""twitter:image"" content=""https://rubinoxmetal.com/assets/rubinox-social-preview-2026.jpg"" /> <meta name=""twitter:image:alt"" content=""Carbon Steel 1018 Supplier India | Bars, Rods &amp; Machining Steel"" /> <!-- Google Analytics --> <script async src=""https://www.googletagmanager.com/gtag/js?id=G-JT5X5L5H07",,materials,yes,yes
materials/carbon-steel-1045-supplier-india.html,https://rubinoxmetal.com/materials/carbon-steel-1045-supplier-india.html,Carbon Steel 1045 Supplier in India,"Carbon Steel 1045 Supplier India | Shafts, Bars &amp; Rods","Carbon Steel 1045 supplier in India for round bars, rods, shafts, flats and higher-strength machining components with RFQ and documentation support."" /> <meta name=""robots"" content=""index,follow"" /> <link rel=""canonical"" href=""https://rubinoxmetal.com/materials/carbon-steel-1045-supplier-india.html"" /> <meta property=""og:locale"" content=""en_IN"" /> <meta property=""og:type"" content=""website"" /> <meta property=""og:site_name"" content=""Rubinox Metal and Alloys"" /> <meta property=""og:title"" content=""Carbon Steel 1045 Supplier India | Shafts, Bars &amp; Rods"" /> <meta property=""og:description"" content=""Carbon Steel 1045 supplier in India for round bars, rods, shafts, flats and higher-strength machining components with RFQ and documentation support."" /> <meta property=""og:url"" content=""https://rubinoxmetal.com/materials/carbon-steel-1045-supplier-india.html"" /> <meta property=""og:image"" content=""https://rubinoxmetal.com/assets/rubinox-social-preview-2026.jpg"" /> <meta property=""og:image:secure_url"" content=""https://rubinoxmetal.com/assets/rubinox-social-preview-2026.jpg"" /> <meta property=""og:image:type"" content=""image/jpeg"" /> <meta property=""og:image:width"" content=""1200"" /> <meta property=""og:image:height"" content=""630"" /> <meta property=""og:image:alt"" content=""Carbon Steel 1045 Supplier India | Shafts, Bars &amp; Rods"" /> <meta name=""twitter:card"" content=""summary_large_image"" /> <meta name=""twitter:site"" content=""@rubinoxmetal"" /> <meta name=""twitter:title"" content=""Carbon Steel 1045 Supplier India | Shafts, Bars &amp; Rods"" /> <meta name=""twitter:description"" content=""Carbon Steel 1045 supplier in India for round bars, rods, shafts, flats and higher-strength machining components with RFQ and documentation support."" /> <meta name=""twitter:image"" content=""https://rubinoxmetal.com/assets/rubinox-social-preview-2026.jpg"" /> <meta name=""twitter:image:alt"" content=""Carbon Steel 1045 Supplier India | Shafts, Bars &amp; Rods"" /> <!-- Google Analytics --> <script async src=""https://www.googletagmanager.com/gtag/js?id=G-JT5X5L5H07",,materials,yes,yes
materials/carbon-steel-a36-supplier-india.html,https://rubinoxmetal.com/materials/carbon-steel-a36-supplier-india.html,ASTM A36 Carbon Steel Supplier in India,ASTM A36 Carbon Steel Supplier India | Plates &amp; Structural Steel,"ASTM A36 carbon steel supplier in India for plates, sheets, angles, channels, flats and structural fabrication RFQs with documentation support."" /> <meta name=""robots"" content=""index,follow"" /> <link rel=""canonical"" href=""https://rubinoxmetal.com/materials/carbon-steel-a36-supplier-india.html"" /> <meta property=""og:locale"" content=""en_IN"" /> <meta property=""og:type"" content=""website"" /> <meta property=""og:site_name"" content=""Rubinox Metal and Alloys"" /> <meta property=""og:title"" content=""ASTM A36 Carbon Steel Supplier India | Plates &amp; Structural Steel"" /> <meta property=""og:description"" content=""ASTM A36 carbon steel supplier in India for plates, sheets, angles, channels, flats and structural fabrication RFQs with documentation support."" /> <meta property=""og:url"" content=""https://rubinoxmetal.com/materials/carbon-steel-a36-supplier-india.html"" /> <meta property=""og:image"" content=""https://rubinoxmetal.com/assets/rubinox-social-preview-2026.jpg"" /> <meta property=""og:image:secure_url"" content=""https://rubinoxmetal.com/assets/rubinox-social-preview-2026.jpg"" /> <meta property=""og:image:type"" content=""image/jpeg"" /> <meta property=""og:image:width"" content=""1200"" /> <meta property=""og:image:height"" content=""630"" /> <meta property=""og:image:alt"" content=""ASTM A36 Carbon Steel Supplier India | Plates &amp; Structural Steel"" /> <meta name=""twitter:card"" content=""summary_large_image"" /> <meta name=""twitter:site"" content=""@rubinoxmetal"" /> <meta name=""twitter:title"" content=""ASTM A36 Carbon Steel Supplier India | Plates &amp; Structural Steel"" /> <meta name=""twitter:description"" content=""ASTM A36 carbon steel supplier in India for plates, sheets, angles, channels, flats and structural fabrication RFQs with documentation support."" /> <meta name=""twitter:image"" content=""https://rubinoxmetal.com/assets/rubinox-social-preview-2026.jpg"" /> <meta name=""twitter:image:alt"" content=""ASTM A36 Carbon Steel Supplier India | Plates &amp; Structural Steel"" /> <!-- Google Analytics --> <script async src=""https://www.googletagmanager.com/gtag/js?id=G-JT5X5L5H07",,materials,yes,yes
materials/carbon-steel-a516-grade-70-supplier-india.html,https://rubinoxmetal.com/materials/carbon-steel-a516-grade-70-supplier-india.html,ASTM A516 Grade 70 Supplier in India,ASTM A516 Grade 70 Supplier India | Carbon Steel Pressure Vessel Plate,"ASTM A516 Grade 70 carbon steel plate supplier in India for pressure vessel, boiler and tank fabrication RFQs with documentation and inspection support where applicable."" /> <meta name=""robots"" content=""index,follow"" /> <link rel=""canonical"" href=""https://rubinoxmetal.com/materials/carbon-steel-a516-grade-70-supplier-india.html"" /> <meta property=""og:locale"" content=""en_IN"" /> <meta property=""og:type"" content=""website"" /> <meta property=""og:site_name"" content=""Rubinox Metal and Alloys"" /> <meta property=""og:title"" content=""ASTM A516 Grade 70 Supplier India | Carbon Steel Pressure Vessel Plate"" /> <meta property=""og:description"" content=""ASTM A516 Grade 70 carbon steel plate supplier in India for pressure vessel, boiler and tank fabrication RFQs with documentation and inspection support where applicable."" /> <meta property=""og:url"" content=""https://rubinoxmetal.com/materials/carbon-steel-a516-grade-70-supplier-india.html"" /> <meta property=""og:image"" content=""https://rubinoxmetal.com/assets/rubinox-social-preview-2026.jpg"" /> <meta property=""og:image:secure_url"" content=""https://rubinoxmetal.com/assets/rubinox-social-preview-2026.jpg"" /> <meta property=""og:image:type"" content=""image/jpeg"" /> <meta property=""og:image:width"" content=""1200"" /> <meta property=""og:image:height"" content=""630"" /> <meta property=""og:image:alt"" content=""ASTM A516 Grade 70 Supplier India | Carbon Steel Pressure Vessel Plate"" /> <meta name=""twitter:card"" content=""summary_large_image"" /> <meta name=""twitter:site"" content=""@rubinoxmetal"" /> <meta name=""twitter:title"" content=""ASTM A516 Grade 70 Supplier India | Carbon Steel Pressure Vessel Plate"" /> <meta name=""twitter:description"" content=""ASTM A516 Grade 70 carbon steel plate supplier in India for pressure vessel, boiler and tank fabrication RFQs with documentation and inspection support where applicable."" /> <meta name=""twitter:image"" content=""https://rubinoxmetal.com/assets/rubinox-social-preview-2026.jpg"" /> <meta name=""twitter:image:alt"" content=""ASTM A516 Grade 70 Supplier India | Carbon Steel Pressure Vessel Plate"" /> <!-- Google Analytics --> <script async src=""https://www.googletagmanager.com/gtag/js?id=G-JT5X5L5H07",,materials,yes,yes
materials/carbon-steel.html,https://rubinoxmetal.com/materials/carbon-steel.html,"Carbon Steel A36, 1018, 1045 &amp; A516 Gr 70 Supplier in India","Carbon Steel Supplier India | Plates, Pipes &amp; Bars","Carbon steel supplier for A36, 1018, 1045 and A516 Grade 70 plates, pipes, sheets and bars with PAN India project supply."" /> <meta name=""robots"" content=""index,follow"" /> <link rel=""canonical"" href=""https://rubinoxmetal.com/materials/carbon-steel.html"" /> <meta property=""og:locale"" content=""en_IN"" /> <meta property=""og:type"" content=""website"" /> <meta property=""og:site_name"" content=""Rubinox Metal and Alloys"" /> <meta property=""og:title"" content=""Carbon Steel Supplier India | Plates, Pipes &amp; Bars"" /> <meta property=""og:description"" content=""Carbon steel supplier for A36, 1018, 1045 and A516 Grade 70 plates, pipes, sheets and bars with PAN India project supply."" /> <meta property=""og:url"" content=""https://rubinoxmetal.com/materials/carbon-steel.html"" /> <meta property=""og:image"" content=""https://rubinoxmetal.com/assets/rubinox-social-preview-2026.jpg"" /> <meta property=""og:image:secure_url"" content=""https://rubinoxmetal.com/assets/rubinox-social-preview-2026.jpg"" /> <meta property=""og:image:type"" content=""image/jpeg"" /> <meta property=""og:image:width"" content=""1200"" /> <meta property=""og:image:height"" content=""630"" /> <meta property=""og:image:alt"" content=""Carbon Steel Supplier India | Plates, Pipes &amp; Bars"" /> <meta name=""twitter:card"" content=""summary_large_image"" /> <meta name=""twitter:site"" content=""@rubinoxmetal"" /> <meta name=""twitter:title"" content=""Carbon Steel Supplier India | Plates, Pipes &amp; Bars"" /> <meta name=""twitter:description"" content=""Carbon steel supplier for A36, 1018, 1045 and A516 Grade 70 plates, pipes, sheets and bars with PAN India project supply."" /> <meta name=""twitter:image"" content=""https://rubinoxmetal.com/assets/rubinox-social-preview-2026.jpg"" /> <meta name=""twitter:image:alt"" content=""Carbon Steel Supplier India | Plates, Pipes &amp; Bars"" /> <!-- Google Analytics --> <script async src=""https://www.googletagmanager.com/gtag/js?id=G-JT5X5L5H07",,materials,yes,yes
materials/copper-c101-supplier-india.html,https://rubinoxmetal.com/materials/copper-c101-supplier-india.html,Copper C101 Supplier in India,Copper C101 Supplier in India | OFE Copper,"Copper C101 supplier in India for oxygen-free copper sheets, plates, rods, bars, strips, busbars and electrical RFQs."" /> <meta name=""robots"" content=""index,follow"" /> <link rel=""canonical"" href=""https://rubinoxmetal.com/materials/copper-c101-supplier-india.html"" /> <meta property=""og:locale"" content=""en_IN"" /> <meta property=""og:type"" content=""website"" /> <meta property=""og:site_name"" content=""Rubinox Metal and Alloys"" /> <meta property=""og:title"" content=""Copper C101 Supplier in India | OFE Copper"" /> <meta property=""og:description"" content=""Copper C101 supplier in India for oxygen-free copper sheets, plates, rods, bars, strips, busbars and electrical RFQs."" /> <meta property=""og:url"" content=""https://rubinoxmetal.com/materials/copper-c101-supplier-india.html"" /> <meta property=""og:image"" content=""https://rubinoxmetal.com/assets/rubinox-social-preview-2026.jpg"" /> <meta property=""og:image:secure_url"" content=""https://rubinoxmetal.com/assets/rubinox-social-preview-2026.jpg"" /> <meta property=""og:image:type"" content=""image/jpeg"" /> <meta property=""og:image:width"" content=""1200"" /> <meta property=""og:image:height"" content=""630"" /> <meta property=""og:image:alt"" content=""Copper C101 Supplier in India | OFE Copper"" /> <meta name=""twitter:card"" content=""summary_large_image"" /> <meta name=""twitter:site"" content=""@rubinoxmetal"" /> <meta name=""twitter:title"" content=""Copper C101 Supplier in India | OFE Copper"" /> <meta name=""twitter:description"" content=""Copper C101 supplier in India for oxygen-free copper sheets, plates, rods, bars, strips, busbars and electrical RFQs."" /> <meta name=""twitter:image"" content=""https://rubinoxmetal.com/assets/rubinox-social-preview-2026.jpg"" /> <meta name=""twitter:image:alt"" content=""Copper C101 Supplier in India | OFE Copper"" /> <!-- Google Analytics --> <script async src=""https://www.googletagmanager.com/gtag/js?id=G-JT5X5L5H07",,materials,yes,yes
materials/copper-c110-supplier-india.html,https://rubinoxmetal.com/materials/copper-c110-supplier-india.html,Copper C110 Supplier in India,Copper C110 Supplier in India | ETP Copper,"Copper C110 supplier in India for ETP copper sheets, plates, busbars, rods, bars, pipes, tubes and electrical applications."" /> <meta name=""robots"" content=""index,follow"" /> <link rel=""canonical"" href=""https://rubinoxmetal.com/materials/copper-c110-supplier-india.html"" /> <meta property=""og:locale"" content=""en_IN"" /> <meta property=""og:type"" content=""website"" /> <meta property=""og:site_name"" content=""Rubinox Metal and Alloys"" /> <meta property=""og:title"" content=""Copper C110 Supplier in India | ETP Copper"" /> <meta property=""og:description"" content=""Copper C110 supplier in India for ETP copper sheets, plates, busbars, rods, bars, pipes, tubes and electrical applications."" /> <meta property=""og:url"" content=""https://rubinoxmetal.com/materials/copper-c110-supplier-india.html"" /> <meta property=""og:image"" content=""https://rubinoxmetal.com/assets/rubinox-social-preview-2026.jpg"" /> <meta property=""og:image:secure_url"" content=""https://rubinoxmetal.com/assets/rubinox-social-preview-2026.jpg"" /> <meta property=""og:image:type"" content=""image/jpeg"" /> <meta property=""og:image:width"" content=""1200"" /> <meta property=""og:image:height"" content=""630"" /> <meta property=""og:image:alt"" content=""Copper C110 Supplier in India | ETP Copper"" /> <meta name=""twitter:card"" content=""summary_large_image"" /> <meta name=""twitter:site"" content=""@rubinoxmetal"" /> <meta name=""twitter:title"" content=""Copper C110 Supplier in India | ETP Copper"" /> <meta name=""twitter:description"" content=""Copper C110 supplier in India for ETP copper sheets, plates, busbars, rods, bars, pipes, tubes and electrical applications."" /> <meta name=""twitter:image"" content=""https://rubinoxmetal.com/assets/rubinox-social-preview-2026.jpg"" /> <meta name=""twitter:image:alt"" content=""Copper C110 Supplier in India | ETP Copper"" /> <!-- Google Analytics --> <script async src=""https://www.googletagmanager.com/gtag/js?id=G-JT5X5L5H07",,materials,yes,yes
materials/copper-c122-supplier-india.html,https://rubinoxmetal.com/materials/copper-c122-supplier-india.html,Copper C122 Supplier in India,Copper C122 Supplier in India | DHP Copper,"Copper C122 supplier in India for DHP copper tubes, pipes, sheets, coils and heat exchanger or plumbing RFQs."" /> <meta name=""robots"" content=""index,follow"" /> <link rel=""canonical"" href=""https://rubinoxmetal.com/materials/copper-c122-supplier-india.html"" /> <meta property=""og:locale"" content=""en_IN"" /> <meta property=""og:type"" content=""website"" /> <meta property=""og:site_name"" content=""Rubinox Metal and Alloys"" /> <meta property=""og:title"" content=""Copper C122 Supplier in India | DHP Copper"" /> <meta property=""og:description"" content=""Copper C122 supplier in India for DHP copper tubes, pipes, sheets, coils and heat exchanger or plumbing RFQs."" /> <meta property=""og:url"" content=""https://rubinoxmetal.com/materials/copper-c122-supplier-india.html"" /> <meta property=""og:image"" content=""https://rubinoxmetal.com/assets/rubinox-social-preview-2026.jpg"" /> <meta property=""og:image:secure_url"" content=""https://rubinoxmetal.com/assets/rubinox-social-preview-2026.jpg"" /> <meta property=""og:image:type"" content=""image/jpeg"" /> <meta property=""og:image:width"" content=""1200"" /> <meta property=""og:image:height"" content=""630"" /> <meta property=""og:image:alt"" content=""Copper C122 Supplier in India | DHP Copper"" /> <meta name=""twitter:card"" content=""summary_large_image"" /> <meta name=""twitter:site"" content=""@rubinoxmetal"" /> <meta name=""twitter:title"" content=""Copper C122 Supplier in India | DHP Copper"" /> <meta name=""twitter:description"" content=""Copper C122 supplier in India for DHP copper tubes, pipes, sheets, coils and heat exchanger or plumbing RFQs."" /> <meta name=""twitter:image"" content=""https://rubinoxmetal.com/assets/rubinox-social-preview-2026.jpg"" /> <meta name=""twitter:image:alt"" content=""Copper C122 Supplier in India | DHP Copper"" /> <!-- Google Analytics --> <script async src=""https://www.googletagmanager.com/gtag/js?id=G-JT5X5L5H07",,materials,yes,yes
materials/copper-c145-supplier-india.html,https://rubinoxmetal.com/materials/copper-c145-supplier-india.html,Copper C145 Supplier in India,Copper C145 Supplier in India | Tellurium Copper,"Copper C145 supplier in India for tellurium copper rods, bars, plates and machined electrical component RFQs."" /> <meta name=""robots"" content=""index,follow"" /> <link rel=""canonical"" href=""https://rubinoxmetal.com/materials/copper-c145-supplier-india.html"" /> <meta property=""og:locale"" content=""en_IN"" /> <meta property=""og:type"" content=""website"" /> <meta property=""og:site_name"" content=""Rubinox Metal and Alloys"" /> <meta property=""og:title"" content=""Copper C145 Supplier in India | Tellurium Copper"" /> <meta property=""og:description"" content=""Copper C145 supplier in India for tellurium copper rods, bars, plates and machined electrical component RFQs."" /> <meta property=""og:url"" content=""https://rubinoxmetal.com/materials/copper-c145-supplier-india.html"" /> <meta property=""og:image"" content=""https://rubinoxmetal.com/assets/rubinox-social-preview-2026.jpg"" /> <meta property=""og:image:secure_url"" content=""https://rubinoxmetal.com/assets/rubinox-social-preview-2026.jpg"" /> <meta property=""og:image:type"" content=""image/jpeg"" /> <meta property=""og:image:width"" content=""1200"" /> <meta property=""og:image:height"" content=""630"" /> <meta property=""og:image:alt"" content=""Copper C145 Supplier in India | Tellurium Copper"" /> <meta name=""twitter:card"" content=""summary_large_image"" /> <meta name=""twitter:site"" content=""@rubinoxmetal"" /> <meta name=""twitter:title"" content=""Copper C145 Supplier in India | Tellurium Copper"" /> <meta name=""twitter:description"" content=""Copper C145 supplier in India for tellurium copper rods, bars, plates and machined electrical component RFQs."" /> <meta name=""twitter:image"" content=""https://rubinoxmetal.com/assets/rubinox-social-preview-2026.jpg"" /> <meta name=""twitter:image:alt"" content=""Copper C145 Supplier in India | Tellurium Copper"" /> <!-- Google Analytics --> <script async src=""https://www.googletagmanager.com/gtag/js?id=G-JT5X5L5H07",,materials,yes,yes
materials/copper-c172-supplier-india.html,https://rubinoxmetal.com/materials/copper-c172-supplier-india.html,Copper C172 Supplier in India,Copper C172 Supplier in India | Beryllium Copper,"Copper C172 supplier in India for beryllium copper rods, bars, strips, sheets and high-strength spring or contact RFQs."" /> <meta name=""robots"" content=""index,follow"" /> <link rel=""canonical"" href=""https://rubinoxmetal.com/materials/copper-c172-supplier-india.html"" /> <meta property=""og:locale"" content=""en_IN"" /> <meta property=""og:type"" content=""website"" /> <meta property=""og:site_name"" content=""Rubinox Metal and Alloys"" /> <meta property=""og:title"" content=""Copper C172 Supplier in India | Beryllium Copper"" /> <meta property=""og:description"" content=""Copper C172 supplier in India for beryllium copper rods, bars, strips, sheets and high-strength spring or contact RFQs."" /> <meta property=""og:url"" content=""https://rubinoxmetal.com/materials/copper-c172-supplier-india.html"" /> <meta property=""og:image"" content=""https://rubinoxmetal.com/assets/rubinox-social-preview-2026.jpg"" /> <meta property=""og:image:secure_url"" content=""https://rubinoxmetal.com/assets/rubinox-social-preview-2026.jpg"" /> <meta property=""og:image:type"" content=""image/jpeg"" /> <meta property=""og:image:width"" content=""1200"" /> <meta property=""og:image:height"" content=""630"" /> <meta property=""og:image:alt"" content=""Copper C172 Supplier in India | Beryllium Copper"" /> <meta name=""twitter:card"" content=""summary_large_image"" /> <meta name=""twitter:site"" content=""@rubinoxmetal"" /> <meta name=""twitter:title"" content=""Copper C172 Supplier in India | Beryllium Copper"" /> <meta name=""twitter:description"" content=""Copper C172 supplier in India for beryllium copper rods, bars, strips, sheets and high-strength spring or contact RFQs."" /> <meta name=""twitter:image"" content=""https://rubinoxmetal.com/assets/rubinox-social-preview-2026.jpg"" /> <meta name=""twitter:image:alt"" content=""Copper C172 Supplier in India | Beryllium Copper"" /> <!-- Google Analytics --> <script async src=""https://www.googletagmanager.com/gtag/js?id=G-JT5X5L5H07",,materials,yes,yes
materials/copper-nickel-70-30-c71500-supplier-india.html,https://rubinoxmetal.com/materials/copper-nickel-70-30-c71500-supplier-india.html,Copper Nickel 70/30 C71500 Supplier in India,Copper Nickel 70/30 C71500 Supplier India | Cu-Ni RFQs,"Copper Nickel 70/30 C71500 supplier in India for marine, condenser, seawater piping and heat exchanger RFQs with documentation support."" /> <meta name=""robots"" content=""index,follow"" /> <link rel=""canonical"" href=""https://rubinoxmetal.com/materials/copper-nickel-70-30-c71500-supplier-india.html"" /> <meta property=""og:locale"" content=""en_IN"" /> <meta property=""og:type"" content=""website"" /> <meta property=""og:site_name"" content=""Rubinox Metal and Alloys"" /> <meta property=""og:title"" content=""Copper Nickel 70/30 C71500 Supplier India | Cu-Ni RFQs"" /> <meta property=""og:description"" content=""Copper Nickel 70/30 C71500 supplier in India for marine, condenser, seawater piping and heat exchanger RFQs with documentation support."" /> <meta property=""og:url"" content=""https://rubinoxmetal.com/materials/copper-nickel-70-30-c71500-supplier-india.html"" /> <meta property=""og:image"" content=""https://rubinoxmetal.com/assets/rubinox-social-preview-2026.jpg"" /> <meta property=""og:image:secure_url"" content=""https://rubinoxmetal.com/assets/rubinox-social-preview-2026.jpg"" /> <meta property=""og:image:type"" content=""image/jpeg"" /> <meta property=""og:image:width"" content=""1200"" /> <meta property=""og:image:height"" content=""630"" /> <meta property=""og:image:alt"" content=""Copper Nickel 70/30 C71500 Supplier India | Cu-Ni RFQs"" /> <meta name=""twitter:card"" content=""summary_large_image"" /> <meta name=""twitter:site"" content=""@rubinoxmetal"" /> <meta name=""twitter:title"" content=""Copper Nickel 70/30 C71500 Supplier India | Cu-Ni RFQs"" /> <meta name=""twitter:description"" content=""Copper Nickel 70/30 C71500 supplier in India for marine, condenser, seawater piping and heat exchanger RFQs with documentation support."" /> <meta name=""twitter:image"" content=""https://rubinoxmetal.com/assets/rubinox-social-preview-2026.jpg"" /> <meta name=""twitter:image:alt"" content=""Copper Nickel 70/30 C71500 Supplier India | Cu-Ni RFQs"" /> <!-- Google Analytics --> <script async src=""https://www.googletagmanager.com/gtag/js?id=G-JT5X5L5H07",,materials,yes,yes
materials/copper-nickel-90-10-c70600-supplier-india.html,https://rubinoxmetal.com/materials/copper-nickel-90-10-c70600-supplier-india.html,Copper Nickel 90/10 C70600 Supplier in India,Copper Nickel 90/10 C70600 Supplier India | Cu-Ni RFQs,"Copper Nickel 90/10 C70600 supplier in India for pipes, tubes, sheets, plates, flanges and fittings RFQs with documentation support."" /> <meta name=""robots"" content=""index,follow"" /> <link rel=""canonical"" href=""https://rubinoxmetal.com/materials/copper-nickel-90-10-c70600-supplier-india.html"" /> <meta property=""og:locale"" content=""en_IN"" /> <meta property=""og:type"" content=""website"" /> <meta property=""og:site_name"" content=""Rubinox Metal and Alloys"" /> <meta property=""og:title"" content=""Copper Nickel 90/10 C70600 Supplier India | Cu-Ni RFQs"" /> <meta property=""og:description"" content=""Copper Nickel 90/10 C70600 supplier in India for pipes, tubes, sheets, plates, flanges and fittings RFQs with documentation support."" /> <meta property=""og:url"" content=""https://rubinoxmetal.com/materials/copper-nickel-90-10-c70600-supplier-india.html"" /> <meta property=""og:image"" content=""https://rubinoxmetal.com/assets/rubinox-social-preview-2026.jpg"" /> <meta property=""og:image:secure_url"" content=""https://rubinoxmetal.com/assets/rubinox-social-preview-2026.jpg"" /> <meta property=""og:image:type"" content=""image/jpeg"" /> <meta property=""og:image:width"" content=""1200"" /> <meta property=""og:image:height"" content=""630"" /> <meta property=""og:image:alt"" content=""Copper Nickel 90/10 C70600 Supplier India | Cu-Ni RFQs"" /> <meta name=""twitter:card"" content=""summary_large_image"" /> <meta name=""twitter:site"" content=""@rubinoxmetal"" /> <meta name=""twitter:title"" content=""Copper Nickel 90/10 C70600 Supplier India | Cu-Ni RFQs"" /> <meta name=""twitter:description"" content=""Copper Nickel 90/10 C70600 supplier in India for pipes, tubes, sheets, plates, flanges and fittings RFQs with documentation support."" /> <meta name=""twitter:image"" content=""https://rubinoxmetal.com/assets/rubinox-social-preview-2026.jpg"" /> <meta name=""twitter:image:alt"" content=""Copper Nickel 90/10 C70600 Supplier India | Cu-Ni RFQs"" /> <!-- Google Analytics --> <script async src=""https://www.googletagmanager.com/gtag/js?id=G-JT5X5L5H07",,materials,yes,yes
materials/copper.html,https://rubinoxmetal.com/materials/copper.html,"Copper C101, C110 &amp; C122 Supplier in India","Copper Supplier in India | C101, C110 &amp; C122 | Rubinox","Copper supplier for C101, C110 and C122 sheets, plates, pipes, tubes, bars and coils with PAN India supply and export support."" /> <meta name=""robots"" content=""index,follow"" /> <link rel=""canonical"" href=""https://rubinoxmetal.com/materials/copper.html"" /> <meta property=""og:locale"" content=""en_IN"" /> <meta property=""og:type"" content=""website"" /> <meta property=""og:site_name"" content=""Rubinox Metal and Alloys"" /> <meta property=""og:title"" content=""Copper Supplier in India | C101, C110 &amp; C122 | Rubinox"" /> <meta property=""og:description"" content=""Copper supplier for C101, C110 and C122 sheets, plates, pipes, tubes, bars and coils with PAN India supply and export support."" /> <meta property=""og:url"" content=""https://rubinoxmetal.com/materials/copper.html"" /> <meta property=""og:image"" content=""https://rubinoxmetal.com/assets/rubinox-social-preview-2026.jpg"" /> <meta property=""og:image:secure_url"" content=""https://rubinoxmetal.com/assets/rubinox-social-preview-2026.jpg"" /> <meta property=""og:image:type"" content=""image/jpeg"" /> <meta property=""og:image:width"" content=""1200"" /> <meta property=""og:image:height"" content=""630"" /> <meta property=""og:image:alt"" content=""Copper Supplier in India | C101, C110 &amp; C122 | Rubinox"" /> <meta name=""twitter:card"" content=""summary_large_image"" /> <meta name=""twitter:site"" content=""@rubinoxmetal"" /> <meta name=""twitter:title"" content=""Copper Supplier in India | C101, C110 &amp; C122 | Rubinox"" /> <meta name=""twitter:description"" content=""Copper supplier for C101, C110 and C122 sheets, plates, pipes, tubes, bars and coils with PAN India supply and export support."" /> <meta name=""twitter:image"" content=""https://rubinoxmetal.com/assets/rubinox-social-preview-2026.jpg"" /> <meta name=""twitter:image:alt"" content=""Copper Supplier in India | C101, C110 &amp; C122 | Rubinox"" /> <!-- Google Analytics --> <script async src=""https://www.googletagmanager.com/gtag/js?id=G-JT5X5L5H07",,materials,yes,yes
materials/din-2391-precision-tube-supplier-india.html,https://rubinoxmetal.com/materials/din-2391-precision-tube-supplier-india.html,DIN 2391 Precision Tube Supplier in India,DIN 2391 Precision Tube Supplier in India | Rubinox,"DIN 2391 Precision Tube Supplier in India for specification-led RFQs with grade, size, quantity, MTC, inspection, documentation and delivery details reviewed by Rubinox Metal and Alloys.",https://rubinoxmetal.com/materials/din-2391-precision-tube-supplier-india.html,materials,yes,yes
materials/din-2448-seamless-pipe-supplier-india.html,https://rubinoxmetal.com/materials/din-2448-seamless-pipe-supplier-india.html,DIN 2448 Seamless Pipe Supplier in India,DIN 2448 Seamless Pipe Supplier in India | Rubinox,"DIN 2448 Seamless Pipe Supplier in India for specification-led RFQs with grade, size, quantity, MTC, inspection, documentation and delivery details reviewed by Rubinox Metal and Alloys.",https://rubinoxmetal.com/materials/din-2448-seamless-pipe-supplier-india.html,materials,yes,yes
materials/duplex-2205-supplier-india.html,https://rubinoxmetal.com/materials/duplex-2205-supplier-india.html,Duplex 2205 Supplier in India,Duplex 2205 Supplier in India | Rubinox,"Rubinox supplies Duplex 2205 stainless steel pipes, tubes, plates, sheets, coils, bars across India, with export support, MTC documentation and fast quotations."" /> <meta name=""robots"" content=""index,follow"" /> <link rel=""canonical"" href=""https://rubinoxmetal.com/materials/duplex-2205-supplier-india.html"" /> <meta property=""og:locale"" content=""en_IN"" /> <meta property=""og:type"" content=""website"" /> <meta property=""og:site_name"" content=""Rubinox Metal and Alloys"" /> <meta property=""og:title"" content=""Duplex 2205 Supplier in India | Rubinox"" /> <meta property=""og:description"" content=""Rubinox supplies Duplex 2205 stainless steel pipes, tubes, plates, sheets, coils, bars across India, with export support, MTC documentation and fast quotations."" /> <meta property=""og:url"" content=""https://rubinoxmetal.com/materials/duplex-2205-supplier-india.html"" /> <meta property=""og:image"" content=""https://rubinoxmetal.com/assets/rubinox-social-preview-2026.jpg"" /> <meta property=""og:image:secure_url"" content=""https://rubinoxmetal.com/assets/rubinox-social-preview-2026.jpg"" /> <meta property=""og:image:type"" content=""image/jpeg"" /> <meta property=""og:image:width"" content=""1200"" /> <meta property=""og:image:height"" content=""630"" /> <meta property=""og:image:alt"" content=""Duplex 2205 Supplier in India | Rubinox"" /> <meta name=""twitter:card"" content=""summary_large_image"" /> <meta name=""twitter:site"" content=""@rubinoxmetal"" /> <meta name=""twitter:title"" content=""Duplex 2205 Supplier in India | Rubinox"" /> <meta name=""twitter:description"" content=""Rubinox supplies Duplex 2205 stainless steel pipes, tubes, plates, sheets, coils, bars across India, with export support, MTC documentation and fast quotations."" /> <meta name=""twitter:image"" content=""https://rubinoxmetal.com/assets/rubinox-social-preview-2026.jpg"" /> <meta name=""twitter:image:alt"" content=""Duplex 2205 Supplier in India | Rubinox"" /> <!-- Google Analytics --> <script async src=""https://www.googletagmanager.com/gtag/js?id=G-JT5X5L5H07",,materials,yes,yes
materials/duplex-super-duplex.html,https://rubinoxmetal.com/materials/duplex-super-duplex.html,Duplex 2205 &amp; Super Duplex 2507 Supplier in India,Duplex &amp; Super Duplex Steel Supplier in India | Rubinox,"Duplex 2205 and Super Duplex 2507 supplier for pipes, plates, sheets, bars, flanges and fittings with PAN India project delivery."" /> <meta name=""robots"" content=""index,follow"" /> <link rel=""canonical"" href=""https://rubinoxmetal.com/materials/duplex-super-duplex.html"" /> <meta property=""og:locale"" content=""en_IN"" /> <meta property=""og:type"" content=""website"" /> <meta property=""og:site_name"" content=""Rubinox Metal and Alloys"" /> <meta property=""og:title"" content=""Duplex &amp; Super Duplex Steel Supplier in India | Rubinox"" /> <meta property=""og:description"" content=""Duplex 2205 and Super Duplex 2507 supplier for pipes, plates, sheets, bars, flanges and fittings with PAN India project delivery."" /> <meta property=""og:url"" content=""https://rubinoxmetal.com/materials/duplex-super-duplex.html"" /> <meta property=""og:image"" content=""https://rubinoxmetal.com/assets/rubinox-social-preview-2026.jpg"" /> <meta property=""og:image:secure_url"" content=""https://rubinoxmetal.com/assets/rubinox-social-preview-2026.jpg"" /> <meta property=""og:image:type"" content=""image/jpeg"" /> <meta property=""og:image:width"" content=""1200"" /> <meta property=""og:image:height"" content=""630"" /> <meta property=""og:image:alt"" content=""Duplex &amp; Super Duplex Steel Supplier in India | Rubinox"" /> <meta name=""twitter:card"" content=""summary_large_image"" /> <meta name=""twitter:site"" content=""@rubinoxmetal"" /> <meta name=""twitter:title"" content=""Duplex &amp; Super Duplex Steel Supplier in India | Rubinox"" /> <meta name=""twitter:description"" content=""Duplex 2205 and Super Duplex 2507 supplier for pipes, plates, sheets, bars, flanges and fittings with PAN India project delivery."" /> <meta name=""twitter:image"" content=""https://rubinoxmetal.com/assets/rubinox-social-preview-2026.jpg"" /> <meta name=""twitter:image:alt"" content=""Duplex &amp; Super Duplex Steel Supplier in India | Rubinox"" /> <!-- Google Analytics --> <script async src=""https://www.googletagmanager.com/gtag/js?id=G-JT5X5L5H07",,materials,yes,yes
materials/en-10216-seamless-pipe-supplier-india.html,https://rubinoxmetal.com/materials/en-10216-seamless-pipe-supplier-india.html,EN 10216 Seamless Pipe Supplier in India,EN 10216 Seamless Pipe Supplier in India | Rubinox,"EN 10216 Seamless Pipe Supplier in India for specification-led RFQs with grade, size, quantity, MTC, inspection, documentation and delivery details reviewed by Rubinox Metal and Alloys.",https://rubinoxmetal.com/materials/en-10216-seamless-pipe-supplier-india.html,materials,yes,yes
materials/en-10217-welded-pipe-supplier-india.html,https://rubinoxmetal.com/materials/en-10217-welded-pipe-supplier-india.html,EN 10217 Welded Pipe Supplier in India,EN 10217 Welded Pipe Supplier in India | Rubinox,"EN 10217 Welded Pipe Supplier in India for specification-led RFQs with grade, size, quantity, MTC, inspection, documentation and delivery details reviewed by Rubinox Metal and Alloys.",https://rubinoxmetal.com/materials/en-10217-welded-pipe-supplier-india.html,materials,yes,yes
materials/en-10305-1-precision-tube-supplier-india.html,https://rubinoxmetal.com/materials/en-10305-1-precision-tube-supplier-india.html,EN 10305-1 Precision Tube Supplier in India,EN 10305-1 Precision Tube Supplier in India | Rubinox,"EN 10305-1 Precision Tube Supplier in India for specification-led RFQs with grade, size, quantity, MTC, inspection, documentation and delivery details reviewed by Rubinox Metal and Alloys.",https://rubinoxmetal.com/materials/en-10305-1-precision-tube-supplier-india.html,materials,yes,yes
materials/hastelloy-b-2-supplier-india.html,https://rubinoxmetal.com/materials/hastelloy-b-2-supplier-india.html,Hastelloy B-2 Supplier in India,Hastelloy B-2 Supplier in India | Rubinox,"Rubinox supplies Hastelloy B-2 and Alloy B2 pipes, tubes, sheets, plates, round bars across India, with export support, MTC documentation and fast quotations."" /> <meta name=""robots"" content=""index,follow"" /> <link rel=""canonical"" href=""https://rubinoxmetal.com/materials/hastelloy-b-2-supplier-india.html"" /> <meta property=""og:locale"" content=""en_IN"" /> <meta property=""og:type"" content=""website"" /> <meta property=""og:site_name"" content=""Rubinox Metal and Alloys"" /> <meta property=""og:title"" content=""Hastelloy B-2 Supplier in India | Rubinox"" /> <meta property=""og:description"" content=""Rubinox supplies Hastelloy B-2 and Alloy B2 pipes, tubes, sheets, plates, round bars across India, with export support, MTC documentation and fast quotations."" /> <meta property=""og:url"" content=""https://rubinoxmetal.com/materials/hastelloy-b-2-supplier-india.html"" /> <meta property=""og:image"" content=""https://rubinoxmetal.com/assets/rubinox-social-preview-2026.jpg"" /> <meta property=""og:image:secure_url"" content=""https://rubinoxmetal.com/assets/rubinox-social-preview-2026.jpg"" /> <meta property=""og:image:type"" content=""image/jpeg"" /> <meta property=""og:image:width"" content=""1200"" /> <meta property=""og:image:height"" content=""630"" /> <meta property=""og:image:alt"" content=""Hastelloy B-2 Supplier in India | Rubinox"" /> <meta name=""twitter:card"" content=""summary_large_image"" /> <meta name=""twitter:site"" content=""@rubinoxmetal"" /> <meta name=""twitter:title"" content=""Hastelloy B-2 Supplier in India | Rubinox"" /> <meta name=""twitter:description"" content=""Rubinox supplies Hastelloy B-2 and Alloy B2 pipes, tubes, sheets, plates, round bars across India, with export support, MTC documentation and fast quotations."" /> <meta name=""twitter:image"" content=""https://rubinoxmetal.com/assets/rubinox-social-preview-2026.jpg"" /> <meta name=""twitter:image:alt"" content=""Hastelloy B-2 Supplier in India | Rubinox"" /> <!-- Google Analytics --> <script async src=""https://www.googletagmanager.com/gtag/js?id=G-JT5X5L5H07",,materials,yes,yes
materials/hastelloy-b-3-supplier-india.html,https://rubinoxmetal.com/materials/hastelloy-b-3-supplier-india.html,Hastelloy B-3 Supplier in India,Hastelloy B-3 Supplier in India | Rubinox,"Rubinox supplies Hastelloy B-3 and Alloy B3 pipes, tubes, sheets, plates, bars across India, with export support, MTC documentation and fast quotations."" /> <meta name=""robots"" content=""index,follow"" /> <link rel=""canonical"" href=""https://rubinoxmetal.com/materials/hastelloy-b-3-supplier-india.html"" /> <meta property=""og:locale"" content=""en_IN"" /> <meta property=""og:type"" content=""website"" /> <meta property=""og:site_name"" content=""Rubinox Metal and Alloys"" /> <meta property=""og:title"" content=""Hastelloy B-3 Supplier in India | Rubinox"" /> <meta property=""og:description"" content=""Rubinox supplies Hastelloy B-3 and Alloy B3 pipes, tubes, sheets, plates, bars across India, with export support, MTC documentation and fast quotations."" /> <meta property=""og:url"" content=""https://rubinoxmetal.com/materials/hastelloy-b-3-supplier-india.html"" /> <meta property=""og:image"" content=""https://rubinoxmetal.com/assets/rubinox-social-preview-2026.jpg"" /> <meta property=""og:image:secure_url"" content=""https://rubinoxmetal.com/assets/rubinox-social-preview-2026.jpg"" /> <meta property=""og:image:type"" content=""image/jpeg"" /> <meta property=""og:image:width"" content=""1200"" /> <meta property=""og:image:height"" content=""630"" /> <meta property=""og:image:alt"" content=""Hastelloy B-3 Supplier in India | Rubinox"" /> <meta name=""twitter:card"" content=""summary_large_image"" /> <meta name=""twitter:site"" content=""@rubinoxmetal"" /> <meta name=""twitter:title"" content=""Hastelloy B-3 Supplier in India | Rubinox"" /> <meta name=""twitter:description"" content=""Rubinox supplies Hastelloy B-3 and Alloy B3 pipes, tubes, sheets, plates, bars across India, with export support, MTC documentation and fast quotations."" /> <meta name=""twitter:image"" content=""https://rubinoxmetal.com/assets/rubinox-social-preview-2026.jpg"" /> <meta name=""twitter:image:alt"" content=""Hastelloy B-3 Supplier in India | Rubinox"" /> <!-- Google Analytics --> <script async src=""https://www.googletagmanager.com/gtag/js?id=G-JT5X5L5H07",,materials,yes,yes
materials/hastelloy-c-22-supplier-india.html,https://rubinoxmetal.com/materials/hastelloy-c-22-supplier-india.html,Hastelloy C-22 Supplier in India,Hastelloy C-22 Supplier in India | Rubinox,"Rubinox supplies Hastelloy C-22 and Alloy C22 pipes, tubes, sheets, plates, round bars across India, with export support, MTC documentation and fast quotations."" /> <meta name=""robots"" content=""index,follow"" /> <link rel=""canonical"" href=""https://rubinoxmetal.com/materials/hastelloy-c-22-supplier-india.html"" /> <meta property=""og:locale"" content=""en_IN"" /> <meta property=""og:type"" content=""website"" /> <meta property=""og:site_name"" content=""Rubinox Metal and Alloys"" /> <meta property=""og:title"" content=""Hastelloy C-22 Supplier in India | Rubinox"" /> <meta property=""og:description"" content=""Rubinox supplies Hastelloy C-22 and Alloy C22 pipes, tubes, sheets, plates, round bars across India, with export support, MTC documentation and fast quotations."" /> <meta property=""og:url"" content=""https://rubinoxmetal.com/materials/hastelloy-c-22-supplier-india.html"" /> <meta property=""og:image"" content=""https://rubinoxmetal.com/assets/rubinox-social-preview-2026.jpg"" /> <meta property=""og:image:secure_url"" content=""https://rubinoxmetal.com/assets/rubinox-social-preview-2026.jpg"" /> <meta property=""og:image:type"" content=""image/jpeg"" /> <meta property=""og:image:width"" content=""1200"" /> <meta property=""og:image:height"" content=""630"" /> <meta property=""og:image:alt"" content=""Hastelloy C-22 Supplier in India | Rubinox"" /> <meta name=""twitter:card"" content=""summary_large_image"" /> <meta name=""twitter:site"" content=""@rubinoxmetal"" /> <meta name=""twitter:title"" content=""Hastelloy C-22 Supplier in India | Rubinox"" /> <meta name=""twitter:description"" content=""Rubinox supplies Hastelloy C-22 and Alloy C22 pipes, tubes, sheets, plates, round bars across India, with export support, MTC documentation and fast quotations."" /> <meta name=""twitter:image"" content=""https://rubinoxmetal.com/assets/rubinox-social-preview-2026.jpg"" /> <meta name=""twitter:image:alt"" content=""Hastelloy C-22 Supplier in India | Rubinox"" /> <!-- Google Analytics --> <script async src=""https://www.googletagmanager.com/gtag/js?id=G-JT5X5L5H07",,materials,yes,yes
materials/hastelloy-c-276-supplier-india.html,https://rubinoxmetal.com/materials/hastelloy-c-276-supplier-india.html,Hastelloy C-276 Supplier in India,Hastelloy C-276 Supplier in India | Rubinox,"Rubinox supplies Hastelloy C-276 and Alloy C276 pipes, tubes, sheets, plates across India, with export support, MTC documentation and fast quotations."" /> <meta name=""robots"" content=""index,follow"" /> <link rel=""canonical"" href=""https://rubinoxmetal.com/materials/hastelloy-c-276-supplier-india.html"" /> <meta property=""og:locale"" content=""en_IN"" /> <meta property=""og:type"" content=""website"" /> <meta property=""og:site_name"" content=""Rubinox Metal and Alloys"" /> <meta property=""og:title"" content=""Hastelloy C-276 Supplier in India | Rubinox"" /> <meta property=""og:description"" content=""Rubinox supplies Hastelloy C-276 and Alloy C276 pipes, tubes, sheets, plates across India, with export support, MTC documentation and fast quotations."" /> <meta property=""og:url"" content=""https://rubinoxmetal.com/materials/hastelloy-c-276-supplier-india.html"" /> <meta property=""og:image"" content=""https://rubinoxmetal.com/assets/rubinox-social-preview-2026.jpg"" /> <meta property=""og:image:secure_url"" content=""https://rubinoxmetal.com/assets/rubinox-social-preview-2026.jpg"" /> <meta property=""og:image:type"" content=""image/jpeg"" /> <meta property=""og:image:width"" content=""1200"" /> <meta property=""og:image:height"" content=""630"" /> <meta property=""og:image:alt"" content=""Hastelloy C-276 Supplier in India | Rubinox"" /> <meta name=""twitter:card"" content=""summary_large_image"" /> <meta name=""twitter:site"" content=""@rubinoxmetal"" /> <meta name=""twitter:title"" content=""Hastelloy C-276 Supplier in India | Rubinox"" /> <meta name=""twitter:description"" content=""Rubinox supplies Hastelloy C-276 and Alloy C276 pipes, tubes, sheets, plates across India, with export support, MTC documentation and fast quotations."" /> <meta name=""twitter:image"" content=""https://rubinoxmetal.com/assets/rubinox-social-preview-2026.jpg"" /> <meta name=""twitter:image:alt"" content=""Hastelloy C-276 Supplier in India | Rubinox"" /> <!-- Google Analytics --> <script async src=""https://www.googletagmanager.com/gtag/js?id=G-JT5X5L5H07",,materials,yes,yes
materials/hastelloy-c-4-supplier-india.html,https://rubinoxmetal.com/materials/hastelloy-c-4-supplier-india.html,Hastelloy C-4 Supplier in India,Hastelloy C-4 Supplier in India | Rubinox,"Rubinox supplies Hastelloy C-4 and Alloy C4 pipes, tubes, sheets, plates, bars across India, with export support, MTC documentation and fast quotations."" /> <meta name=""robots"" content=""index,follow"" /> <link rel=""canonical"" href=""https://rubinoxmetal.com/materials/hastelloy-c-4-supplier-india.html"" /> <meta property=""og:locale"" content=""en_IN"" /> <meta property=""og:type"" content=""website"" /> <meta property=""og:site_name"" content=""Rubinox Metal and Alloys"" /> <meta property=""og:title"" content=""Hastelloy C-4 Supplier in India | Rubinox"" /> <meta property=""og:description"" content=""Rubinox supplies Hastelloy C-4 and Alloy C4 pipes, tubes, sheets, plates, bars across India, with export support, MTC documentation and fast quotations."" /> <meta property=""og:url"" content=""https://rubinoxmetal.com/materials/hastelloy-c-4-supplier-india.html"" /> <meta property=""og:image"" content=""https://rubinoxmetal.com/assets/rubinox-social-preview-2026.jpg"" /> <meta property=""og:image:secure_url"" content=""https://rubinoxmetal.com/assets/rubinox-social-preview-2026.jpg"" /> <meta property=""og:image:type"" content=""image/jpeg"" /> <meta property=""og:image:width"" content=""1200"" /> <meta property=""og:image:height"" content=""630"" /> <meta property=""og:image:alt"" content=""Hastelloy C-4 Supplier in India | Rubinox"" /> <meta name=""twitter:card"" content=""summary_large_image"" /> <meta name=""twitter:site"" content=""@rubinoxmetal"" /> <meta name=""twitter:title"" content=""Hastelloy C-4 Supplier in India | Rubinox"" /> <meta name=""twitter:description"" content=""Rubinox supplies Hastelloy C-4 and Alloy C4 pipes, tubes, sheets, plates, bars across India, with export support, MTC documentation and fast quotations."" /> <meta name=""twitter:image"" content=""https://rubinoxmetal.com/assets/rubinox-social-preview-2026.jpg"" /> <meta name=""twitter:image:alt"" content=""Hastelloy C-4 Supplier in India | Rubinox"" /> <!-- Google Analytics --> <script async src=""https://www.googletagmanager.com/gtag/js?id=G-JT5X5L5H07",,materials,yes,yes
materials/hastelloy-x-supplier-india.html,https://rubinoxmetal.com/materials/hastelloy-x-supplier-india.html,Hastelloy X Supplier in India,Hastelloy X Supplier in India | Rubinox,"Rubinox supplies Hastelloy X and Alloy X sheets, plates, tubes, pipes, bars, rings across India, with export support, MTC documentation and fast quotations."" /> <meta name=""robots"" content=""index,follow"" /> <link rel=""canonical"" href=""https://rubinoxmetal.com/materials/hastelloy-x-supplier-india.html"" /> <meta property=""og:locale"" content=""en_IN"" /> <meta property=""og:type"" content=""website"" /> <meta property=""og:site_name"" content=""Rubinox Metal and Alloys"" /> <meta property=""og:title"" content=""Hastelloy X Supplier in India | Rubinox"" /> <meta property=""og:description"" content=""Rubinox supplies Hastelloy X and Alloy X sheets, plates, tubes, pipes, bars, rings across India, with export support, MTC documentation and fast quotations."" /> <meta property=""og:url"" content=""https://rubinoxmetal.com/materials/hastelloy-x-supplier-india.html"" /> <meta property=""og:image"" content=""https://rubinoxmetal.com/assets/rubinox-social-preview-2026.jpg"" /> <meta property=""og:image:secure_url"" content=""https://rubinoxmetal.com/assets/rubinox-social-preview-2026.jpg"" /> <meta property=""og:image:type"" content=""image/jpeg"" /> <meta property=""og:image:width"" content=""1200"" /> <meta property=""og:image:height"" content=""630"" /> <meta property=""og:image:alt"" content=""Hastelloy X Supplier in India | Rubinox"" /> <meta name=""twitter:card"" content=""summary_large_image"" /> <meta name=""twitter:site"" content=""@rubinoxmetal"" /> <meta name=""twitter:title"" content=""Hastelloy X Supplier in India | Rubinox"" /> <meta name=""twitter:description"" content=""Rubinox supplies Hastelloy X and Alloy X sheets, plates, tubes, pipes, bars, rings across India, with export support, MTC documentation and fast quotations."" /> <meta name=""twitter:image"" content=""https://rubinoxmetal.com/assets/rubinox-social-preview-2026.jpg"" /> <meta name=""twitter:image:alt"" content=""Hastelloy X Supplier in India | Rubinox"" /> <!-- Google Analytics --> <script async src=""https://www.googletagmanager.com/gtag/js?id=G-JT5X5L5H07",,materials,yes,yes
materials/high-speed-steel.html,https://rubinoxmetal.com/materials/high-speed-steel.html,High Speed Steel Supplier in India,"High Speed Steel Supplier in India | HSS M2, M35, M42","High speed steel supplier for HSS M2, M35, M42 and T1 bars, flats, plates and tool steel blanks with RFQ and documentation support."" /> <meta name=""robots"" content=""index,follow"" /> <link rel=""canonical"" href=""https://rubinoxmetal.com/materials/high-speed-steel.html"" /> <meta property=""og:locale"" content=""en_IN"" /> <meta property=""og:type"" content=""website"" /> <meta property=""og:site_name"" content=""Rubinox Metal and Alloys"" /> <meta property=""og:title"" content=""High Speed Steel Supplier in India | HSS M2, M35, M42"" /> <meta property=""og:description"" content=""High speed steel supplier for HSS M2, M35, M42 and T1 bars, flats, plates and tool steel blanks with RFQ and documentation support."" /> <meta property=""og:url"" content=""https://rubinoxmetal.com/materials/high-speed-steel.html"" /> <meta property=""og:image"" content=""https://rubinoxmetal.com/assets/rubinox-social-preview-2026.jpg"" /> <meta property=""og:image:secure_url"" content=""https://rubinoxmetal.com/assets/rubinox-social-preview-2026.jpg"" /> <meta property=""og:image:type"" content=""image/jpeg"" /> <meta property=""og:image:width"" content=""1200"" /> <meta property=""og:image:height"" content=""630"" /> <meta property=""og:image:alt"" content=""High Speed Steel Supplier in India | HSS M2, M35, M42"" /> <meta name=""twitter:card"" content=""summary_large_image"" /> <meta name=""twitter:site"" content=""@rubinoxmetal"" /> <meta name=""twitter:title"" content=""High Speed Steel Supplier in India | HSS M2, M35, M42"" /> <meta name=""twitter:description"" content=""High speed steel supplier for HSS M2, M35, M42 and T1 bars, flats, plates and tool steel blanks with RFQ and documentation support."" /> <meta name=""twitter:image"" content=""https://rubinoxmetal.com/assets/rubinox-social-preview-2026.jpg"" /> <meta name=""twitter:image:alt"" content=""High Speed Steel Supplier in India | HSS M2, M35, M42"" /> <!-- Google Analytics --> <script async src=""https://www.googletagmanager.com/gtag/js?id=G-JT5X5L5H07",,materials,yes,yes
materials/incoloy-800-supplier-india.html,https://rubinoxmetal.com/materials/incoloy-800-supplier-india.html,Incoloy 800 Supplier in India,Incoloy 800 Supplier in India | Rubinox,"Rubinox supplies Incoloy 800 and Alloy 800 pipes, tubes, heat exchanger tubes, sheets across India, with export support, MTC documentation and fast quotations."" /> <meta name=""robots"" content=""index,follow"" /> <link rel=""canonical"" href=""https://rubinoxmetal.com/materials/incoloy-800-supplier-india.html"" /> <meta property=""og:locale"" content=""en_IN"" /> <meta property=""og:type"" content=""website"" /> <meta property=""og:site_name"" content=""Rubinox Metal and Alloys"" /> <meta property=""og:title"" content=""Incoloy 800 Supplier in India | Rubinox"" /> <meta property=""og:description"" content=""Rubinox supplies Incoloy 800 and Alloy 800 pipes, tubes, heat exchanger tubes, sheets across India, with export support, MTC documentation and fast quotations."" /> <meta property=""og:url"" content=""https://rubinoxmetal.com/materials/incoloy-800-supplier-india.html"" /> <meta property=""og:image"" content=""https://rubinoxmetal.com/assets/rubinox-social-preview-2026.jpg"" /> <meta property=""og:image:secure_url"" content=""https://rubinoxmetal.com/assets/rubinox-social-preview-2026.jpg"" /> <meta property=""og:image:type"" content=""image/jpeg"" /> <meta property=""og:image:width"" content=""1200"" /> <meta property=""og:image:height"" content=""630"" /> <meta property=""og:image:alt"" content=""Incoloy 800 Supplier in India | Rubinox"" /> <meta name=""twitter:card"" content=""summary_large_image"" /> <meta name=""twitter:site"" content=""@rubinoxmetal"" /> <meta name=""twitter:title"" content=""Incoloy 800 Supplier in India | Rubinox"" /> <meta name=""twitter:description"" content=""Rubinox supplies Incoloy 800 and Alloy 800 pipes, tubes, heat exchanger tubes, sheets across India, with export support, MTC documentation and fast quotations."" /> <meta name=""twitter:image"" content=""https://rubinoxmetal.com/assets/rubinox-social-preview-2026.jpg"" /> <meta name=""twitter:image:alt"" content=""Incoloy 800 Supplier in India | Rubinox"" /> <!-- Google Analytics --> <script async src=""https://www.googletagmanager.com/gtag/js?id=G-JT5X5L5H07",,materials,yes,yes
materials/incoloy-800h-supplier-india.html,https://rubinoxmetal.com/materials/incoloy-800h-supplier-india.html,Incoloy 800H Supplier in India,Incoloy 800H Supplier India | Alloy 800H RFQs,"Incoloy 800H supplier in India for nickel alloy pipes, tubes, sheets, plates, bars, flanges and fittings RFQs with documentation support."" /> <meta name=""robots"" content=""index,follow"" /> <link rel=""canonical"" href=""https://rubinoxmetal.com/materials/incoloy-800h-supplier-india.html"" /> <meta property=""og:locale"" content=""en_IN"" /> <meta property=""og:type"" content=""website"" /> <meta property=""og:site_name"" content=""Rubinox Metal and Alloys"" /> <meta property=""og:title"" content=""Incoloy 800H Supplier India | Alloy 800H RFQs"" /> <meta property=""og:description"" content=""Incoloy 800H supplier in India for nickel alloy pipes, tubes, sheets, plates, bars, flanges and fittings RFQs with documentation support."" /> <meta property=""og:url"" content=""https://rubinoxmetal.com/materials/incoloy-800h-supplier-india.html"" /> <meta property=""og:image"" content=""https://rubinoxmetal.com/assets/rubinox-social-preview-2026.jpg"" /> <meta property=""og:image:secure_url"" content=""https://rubinoxmetal.com/assets/rubinox-social-preview-2026.jpg"" /> <meta property=""og:image:type"" content=""image/jpeg"" /> <meta property=""og:image:width"" content=""1200"" /> <meta property=""og:image:height"" content=""630"" /> <meta property=""og:image:alt"" content=""Incoloy 800H Supplier India | Alloy 800H RFQs"" /> <meta name=""twitter:card"" content=""summary_large_image"" /> <meta name=""twitter:site"" content=""@rubinoxmetal"" /> <meta name=""twitter:title"" content=""Incoloy 800H Supplier India | Alloy 800H RFQs"" /> <meta name=""twitter:description"" content=""Incoloy 800H supplier in India for nickel alloy pipes, tubes, sheets, plates, bars, flanges and fittings RFQs with documentation support."" /> <meta name=""twitter:image"" content=""https://rubinoxmetal.com/assets/rubinox-social-preview-2026.jpg"" /> <meta name=""twitter:image:alt"" content=""Incoloy 800H Supplier India | Alloy 800H RFQs"" /> <!-- Google Analytics --> <script async src=""https://www.googletagmanager.com/gtag/js?id=G-JT5X5L5H07",,materials,yes,yes
materials/incoloy-825-supplier-india.html,https://rubinoxmetal.com/materials/incoloy-825-supplier-india.html,Incoloy 825 Supplier in India,Incoloy 825 Supplier in India | Rubinox,"Rubinox supplies Incoloy 825 and Alloy 825 pipes, tubes, sheets, plates, round bars across India, with export support, MTC documentation and fast quotations."" /> <meta name=""robots"" content=""index,follow"" /> <link rel=""canonical"" href=""https://rubinoxmetal.com/materials/incoloy-825-supplier-india.html"" /> <meta property=""og:locale"" content=""en_IN"" /> <meta property=""og:type"" content=""website"" /> <meta property=""og:site_name"" content=""Rubinox Metal and Alloys"" /> <meta property=""og:title"" content=""Incoloy 825 Supplier in India | Rubinox"" /> <meta property=""og:description"" content=""Rubinox supplies Incoloy 825 and Alloy 825 pipes, tubes, sheets, plates, round bars across India, with export support, MTC documentation and fast quotations."" /> <meta property=""og:url"" content=""https://rubinoxmetal.com/materials/incoloy-825-supplier-india.html"" /> <meta property=""og:image"" content=""https://rubinoxmetal.com/assets/rubinox-social-preview-2026.jpg"" /> <meta property=""og:image:secure_url"" content=""https://rubinoxmetal.com/assets/rubinox-social-preview-2026.jpg"" /> <meta property=""og:image:type"" content=""image/jpeg"" /> <meta property=""og:image:width"" content=""1200"" /> <meta property=""og:image:height"" content=""630"" /> <meta property=""og:image:alt"" content=""Incoloy 825 Supplier in India | Rubinox"" /> <meta name=""twitter:card"" content=""summary_large_image"" /> <meta name=""twitter:site"" content=""@rubinoxmetal"" /> <meta name=""twitter:title"" content=""Incoloy 825 Supplier in India | Rubinox"" /> <meta name=""twitter:description"" content=""Rubinox supplies Incoloy 825 and Alloy 825 pipes, tubes, sheets, plates, round bars across India, with export support, MTC documentation and fast quotations."" /> <meta name=""twitter:image"" content=""https://rubinoxmetal.com/assets/rubinox-social-preview-2026.jpg"" /> <meta name=""twitter:image:alt"" content=""Incoloy 825 Supplier in India | Rubinox"" /> <!-- Google Analytics --> <script async src=""https://www.googletagmanager.com/gtag/js?id=G-JT5X5L5H07",,materials,yes,yes
materials/inconel-600-supplier-india.html,https://rubinoxmetal.com/materials/inconel-600-supplier-india.html,Inconel 600 Supplier in India,Inconel 600 Supplier in India | Rubinox,"Rubinox supplies Inconel 600 and Alloy 600 pipes, tubes, sheets, plates, coils across India, with export support, MTC documentation and fast quotations."" /> <meta name=""robots"" content=""index,follow"" /> <link rel=""canonical"" href=""https://rubinoxmetal.com/materials/inconel-600-supplier-india.html"" /> <meta property=""og:locale"" content=""en_IN"" /> <meta property=""og:type"" content=""website"" /> <meta property=""og:site_name"" content=""Rubinox Metal and Alloys"" /> <meta property=""og:title"" content=""Inconel 600 Supplier in India | Rubinox"" /> <meta property=""og:description"" content=""Rubinox supplies Inconel 600 and Alloy 600 pipes, tubes, sheets, plates, coils across India, with export support, MTC documentation and fast quotations."" /> <meta property=""og:url"" content=""https://rubinoxmetal.com/materials/inconel-600-supplier-india.html"" /> <meta property=""og:image"" content=""https://rubinoxmetal.com/assets/rubinox-social-preview-2026.jpg"" /> <meta property=""og:image:secure_url"" content=""https://rubinoxmetal.com/assets/rubinox-social-preview-2026.jpg"" /> <meta property=""og:image:type"" content=""image/jpeg"" /> <meta property=""og:image:width"" content=""1200"" /> <meta property=""og:image:height"" content=""630"" /> <meta property=""og:image:alt"" content=""Inconel 600 Supplier in India | Rubinox"" /> <meta name=""twitter:card"" content=""summary_large_image"" /> <meta name=""twitter:site"" content=""@rubinoxmetal"" /> <meta name=""twitter:title"" content=""Inconel 600 Supplier in India | Rubinox"" /> <meta name=""twitter:description"" content=""Rubinox supplies Inconel 600 and Alloy 600 pipes, tubes, sheets, plates, coils across India, with export support, MTC documentation and fast quotations."" /> <meta name=""twitter:image"" content=""https://rubinoxmetal.com/assets/rubinox-social-preview-2026.jpg"" /> <meta name=""twitter:image:alt"" content=""Inconel 600 Supplier in India | Rubinox"" /> <!-- Google Analytics --> <script async src=""https://www.googletagmanager.com/gtag/js?id=G-JT5X5L5H07",,materials,yes,yes
materials/inconel-601-supplier-india.html,https://rubinoxmetal.com/materials/inconel-601-supplier-india.html,Inconel 601 Supplier in India,Inconel 601 Supplier India | Nickel Alloy 601 RFQs,"Inconel 601 supplier in India for nickel alloy pipes, tubes, sheets, plates, bars, flanges, fittings and high-temperature RFQs."" /> <meta name=""robots"" content=""index,follow"" /> <link rel=""canonical"" href=""https://rubinoxmetal.com/materials/inconel-601-supplier-india.html"" /> <meta property=""og:locale"" content=""en_IN"" /> <meta property=""og:type"" content=""website"" /> <meta property=""og:site_name"" content=""Rubinox Metal and Alloys"" /> <meta property=""og:title"" content=""Inconel 601 Supplier India | Nickel Alloy 601 RFQs"" /> <meta property=""og:description"" content=""Inconel 601 supplier in India for nickel alloy pipes, tubes, sheets, plates, bars, flanges, fittings and high-temperature RFQs."" /> <meta property=""og:url"" content=""https://rubinoxmetal.com/materials/inconel-601-supplier-india.html"" /> <meta property=""og:image"" content=""https://rubinoxmetal.com/assets/rubinox-social-preview-2026.jpg"" /> <meta property=""og:image:secure_url"" content=""https://rubinoxmetal.com/assets/rubinox-social-preview-2026.jpg"" /> <meta property=""og:image:type"" content=""image/jpeg"" /> <meta property=""og:image:width"" content=""1200"" /> <meta property=""og:image:height"" content=""630"" /> <meta property=""og:image:alt"" content=""Inconel 601 Supplier India | Nickel Alloy 601 RFQs"" /> <meta name=""twitter:card"" content=""summary_large_image"" /> <meta name=""twitter:site"" content=""@rubinoxmetal"" /> <meta name=""twitter:title"" content=""Inconel 601 Supplier India | Nickel Alloy 601 RFQs"" /> <meta name=""twitter:description"" content=""Inconel 601 supplier in India for nickel alloy pipes, tubes, sheets, plates, bars, flanges, fittings and high-temperature RFQs."" /> <meta name=""twitter:image"" content=""https://rubinoxmetal.com/assets/rubinox-social-preview-2026.jpg"" /> <meta name=""twitter:image:alt"" content=""Inconel 601 Supplier India | Nickel Alloy 601 RFQs"" /> <!-- Google Analytics --> <script async src=""https://www.googletagmanager.com/gtag/js?id=G-JT5X5L5H07",,materials,yes,yes
materials/inconel-625-supplier-india.html,https://rubinoxmetal.com/materials/inconel-625-supplier-india.html,Inconel 625 Supplier in India,Inconel 625 Supplier in India | Rubinox,"Rubinox supplies Inconel 625 and Alloy 625 pipes, tubes, sheets, plates, coils across India, with export support, MTC documentation and fast quotations."" /> <meta name=""robots"" content=""index,follow"" /> <link rel=""canonical"" href=""https://rubinoxmetal.com/materials/inconel-625-supplier-india.html"" /> <meta property=""og:locale"" content=""en_IN"" /> <meta property=""og:type"" content=""website"" /> <meta property=""og:site_name"" content=""Rubinox Metal and Alloys"" /> <meta property=""og:title"" content=""Inconel 625 Supplier in India | Rubinox"" /> <meta property=""og:description"" content=""Rubinox supplies Inconel 625 and Alloy 625 pipes, tubes, sheets, plates, coils across India, with export support, MTC documentation and fast quotations."" /> <meta property=""og:url"" content=""https://rubinoxmetal.com/materials/inconel-625-supplier-india.html"" /> <meta property=""og:image"" content=""https://rubinoxmetal.com/assets/rubinox-social-preview-2026.jpg"" /> <meta property=""og:image:secure_url"" content=""https://rubinoxmetal.com/assets/rubinox-social-preview-2026.jpg"" /> <meta property=""og:image:type"" content=""image/jpeg"" /> <meta property=""og:image:width"" content=""1200"" /> <meta property=""og:image:height"" content=""630"" /> <meta property=""og:image:alt"" content=""Inconel 625 Supplier in India | Rubinox"" /> <meta name=""twitter:card"" content=""summary_large_image"" /> <meta name=""twitter:site"" content=""@rubinoxmetal"" /> <meta name=""twitter:title"" content=""Inconel 625 Supplier in India | Rubinox"" /> <meta name=""twitter:description"" content=""Rubinox supplies Inconel 625 and Alloy 625 pipes, tubes, sheets, plates, coils across India, with export support, MTC documentation and fast quotations."" /> <meta name=""twitter:image"" content=""https://rubinoxmetal.com/assets/rubinox-social-preview-2026.jpg"" /> <meta name=""twitter:image:alt"" content=""Inconel 625 Supplier in India | Rubinox"" /> <!-- Google Analytics --> <script async src=""https://www.googletagmanager.com/gtag/js?id=G-JT5X5L5H07",,materials,yes,yes
materials/inconel-718-supplier-india.html,https://rubinoxmetal.com/materials/inconel-718-supplier-india.html,Inconel 718 Supplier in India,Inconel 718 Supplier in India | Rubinox,"Rubinox supplies Inconel 718 and Alloy 718 round bars, rods, plates, sheets, pipes across India, with export support, MTC documentation and fast quotations."" /> <meta name=""robots"" content=""index,follow"" /> <link rel=""canonical"" href=""https://rubinoxmetal.com/materials/inconel-718-supplier-india.html"" /> <meta property=""og:locale"" content=""en_IN"" /> <meta property=""og:type"" content=""website"" /> <meta property=""og:site_name"" content=""Rubinox Metal and Alloys"" /> <meta property=""og:title"" content=""Inconel 718 Supplier in India | Rubinox"" /> <meta property=""og:description"" content=""Rubinox supplies Inconel 718 and Alloy 718 round bars, rods, plates, sheets, pipes across India, with export support, MTC documentation and fast quotations."" /> <meta property=""og:url"" content=""https://rubinoxmetal.com/materials/inconel-718-supplier-india.html"" /> <meta property=""og:image"" content=""https://rubinoxmetal.com/assets/rubinox-social-preview-2026.jpg"" /> <meta property=""og:image:secure_url"" content=""https://rubinoxmetal.com/assets/rubinox-social-preview-2026.jpg"" /> <meta property=""og:image:type"" content=""image/jpeg"" /> <meta property=""og:image:width"" content=""1200"" /> <meta property=""og:image:height"" content=""630"" /> <meta property=""og:image:alt"" content=""Inconel 718 Supplier in India | Rubinox"" /> <meta name=""twitter:card"" content=""summary_large_image"" /> <meta name=""twitter:site"" content=""@rubinoxmetal"" /> <meta name=""twitter:title"" content=""Inconel 718 Supplier in India | Rubinox"" /> <meta name=""twitter:description"" content=""Rubinox supplies Inconel 718 and Alloy 718 round bars, rods, plates, sheets, pipes across India, with export support, MTC documentation and fast quotations."" /> <meta name=""twitter:image"" content=""https://rubinoxmetal.com/assets/rubinox-social-preview-2026.jpg"" /> <meta name=""twitter:image:alt"" content=""Inconel 718 Supplier in India | Rubinox"" /> <!-- Google Analytics --> <script async src=""https://www.googletagmanager.com/gtag/js?id=G-JT5X5L5H07",,materials,yes,yes
materials/is-1239-pipe-supplier-india.html,https://rubinoxmetal.com/materials/is-1239-pipe-supplier-india.html,IS 1239 Pipe Supplier in India,IS 1239 Pipe Supplier India | MS Pipe RFQs,"IS 1239 pipe supplier in India for mild steel pipe and tube RFQs with class, size, end finish, galvanizing and documentation details reviewed."" /> <meta name=""robots"" content=""index,follow"" /> <link rel=""canonical"" href=""https://rubinoxmetal.com/materials/is-1239-pipe-supplier-india.html"" /> <meta property=""og:locale"" content=""en_IN"" /> <meta property=""og:type"" content=""website"" /> <meta property=""og:site_name"" content=""Rubinox Metal and Alloys"" /> <meta property=""og:title"" content=""IS 1239 Pipe Supplier India | MS Pipe RFQs"" /> <meta property=""og:description"" content=""IS 1239 pipe supplier in India for mild steel pipe and tube RFQs with class, size, end finish, galvanizing and documentation details reviewed."" /> <meta property=""og:url"" content=""https://rubinoxmetal.com/materials/is-1239-pipe-supplier-india.html"" /> <meta property=""og:image"" content=""https://rubinoxmetal.com/assets/rubinox-social-preview-2026.jpg"" /> <meta property=""og:image:secure_url"" content=""https://rubinoxmetal.com/assets/rubinox-social-preview-2026.jpg"" /> <meta property=""og:image:type"" content=""image/jpeg"" /> <meta property=""og:image:width"" content=""1200"" /> <meta property=""og:image:height"" content=""630"" /> <meta property=""og:image:alt"" content=""IS 1239 Pipe Supplier India | MS Pipe RFQs"" /> <meta name=""twitter:card"" content=""summary_large_image"" /> <meta name=""twitter:site"" content=""@rubinoxmetal"" /> <meta name=""twitter:title"" content=""IS 1239 Pipe Supplier India | MS Pipe RFQs"" /> <meta name=""twitter:description"" content=""IS 1239 pipe supplier in India for mild steel pipe and tube RFQs with class, size, end finish, galvanizing and documentation details reviewed."" /> <meta name=""twitter:image"" content=""https://rubinoxmetal.com/assets/rubinox-social-preview-2026.jpg"" /> <meta name=""twitter:image:alt"" content=""IS 1239 Pipe Supplier India | MS Pipe RFQs"" /> <!-- Google Analytics --> <script async src=""https://www.googletagmanager.com/gtag/js?id=G-JT5X5L5H07",,materials,yes,yes
materials/is-2062-steel-supplier-india.html,https://rubinoxmetal.com/materials/is-2062-steel-supplier-india.html,IS 2062 Steel Supplier in India,IS 2062 Steel Supplier India | Structural Steel RFQs,"IS 2062 steel supplier in India for plates, sheets, angles, channels, flats, bars and structural fabrication RFQs with documentation support."" /> <meta name=""robots"" content=""index,follow"" /> <link rel=""canonical"" href=""https://rubinoxmetal.com/materials/is-2062-steel-supplier-india.html"" /> <meta property=""og:locale"" content=""en_IN"" /> <meta property=""og:type"" content=""website"" /> <meta property=""og:site_name"" content=""Rubinox Metal and Alloys"" /> <meta property=""og:title"" content=""IS 2062 Steel Supplier India | Structural Steel RFQs"" /> <meta property=""og:description"" content=""IS 2062 steel supplier in India for plates, sheets, angles, channels, flats, bars and structural fabrication RFQs with documentation support."" /> <meta property=""og:url"" content=""https://rubinoxmetal.com/materials/is-2062-steel-supplier-india.html"" /> <meta property=""og:image"" content=""https://rubinoxmetal.com/assets/rubinox-social-preview-2026.jpg"" /> <meta property=""og:image:secure_url"" content=""https://rubinoxmetal.com/assets/rubinox-social-preview-2026.jpg"" /> <meta property=""og:image:type"" content=""image/jpeg"" /> <meta property=""og:image:width"" content=""1200"" /> <meta property=""og:image:height"" content=""630"" /> <meta property=""og:image:alt"" content=""IS 2062 Steel Supplier India | Structural Steel RFQs"" /> <meta name=""twitter:card"" content=""summary_large_image"" /> <meta name=""twitter:site"" content=""@rubinoxmetal"" /> <meta name=""twitter:title"" content=""IS 2062 Steel Supplier India | Structural Steel RFQs"" /> <meta name=""twitter:description"" content=""IS 2062 steel supplier in India for plates, sheets, angles, channels, flats, bars and structural fabrication RFQs with documentation support."" /> <meta name=""twitter:image"" content=""https://rubinoxmetal.com/assets/rubinox-social-preview-2026.jpg"" /> <meta name=""twitter:image:alt"" content=""IS 2062 Steel Supplier India | Structural Steel RFQs"" /> <!-- Google Analytics --> <script async src=""https://www.googletagmanager.com/gtag/js?id=G-JT5X5L5H07",,materials,yes,yes
materials/is-3589-pipe-supplier-india.html,https://rubinoxmetal.com/materials/is-3589-pipe-supplier-india.html,IS 3589 Pipe Supplier in India,IS 3589 Pipe Supplier India | Project Pipe RFQs,"IS 3589 pipe supplier in India for project pipe RFQs with size, wall thickness, class, coating, testing and documentation requirements reviewed."" /> <meta name=""robots"" content=""index,follow"" /> <link rel=""canonical"" href=""https://rubinoxmetal.com/materials/is-3589-pipe-supplier-india.html"" /> <meta property=""og:locale"" content=""en_IN"" /> <meta property=""og:type"" content=""website"" /> <meta property=""og:site_name"" content=""Rubinox Metal and Alloys"" /> <meta property=""og:title"" content=""IS 3589 Pipe Supplier India | Project Pipe RFQs"" /> <meta property=""og:description"" content=""IS 3589 pipe supplier in India for project pipe RFQs with size, wall thickness, class, coating, testing and documentation requirements reviewed."" /> <meta property=""og:url"" content=""https://rubinoxmetal.com/materials/is-3589-pipe-supplier-india.html"" /> <meta property=""og:image"" content=""https://rubinoxmetal.com/assets/rubinox-social-preview-2026.jpg"" /> <meta property=""og:image:secure_url"" content=""https://rubinoxmetal.com/assets/rubinox-social-preview-2026.jpg"" /> <meta property=""og:image:type"" content=""image/jpeg"" /> <meta property=""og:image:width"" content=""1200"" /> <meta property=""og:image:height"" content=""630"" /> <meta property=""og:image:alt"" content=""IS 3589 Pipe Supplier India | Project Pipe RFQs"" /> <meta name=""twitter:card"" content=""summary_large_image"" /> <meta name=""twitter:site"" content=""@rubinoxmetal"" /> <meta name=""twitter:title"" content=""IS 3589 Pipe Supplier India | Project Pipe RFQs"" /> <meta name=""twitter:description"" content=""IS 3589 pipe supplier in India for project pipe RFQs with size, wall thickness, class, coating, testing and documentation requirements reviewed."" /> <meta name=""twitter:image"" content=""https://rubinoxmetal.com/assets/rubinox-social-preview-2026.jpg"" /> <meta name=""twitter:image:alt"" content=""IS 3589 Pipe Supplier India | Project Pipe RFQs"" /> <!-- Google Analytics --> <script async src=""https://www.googletagmanager.com/gtag/js?id=G-JT5X5L5H07",,materials,yes,yes
materials/mild-steel-1020-supplier-india.html,https://rubinoxmetal.com/materials/mild-steel-1020-supplier-india.html,Mild Steel 1020 Supplier in India,"Mild Steel 1020 Supplier India | Bars, Rods &amp; Engineering Steel","Mild Steel 1020 supplier in India for bars, rods, flats, machined blanks and general engineering RFQs with documentation and size guidance."" /> <meta name=""robots"" content=""index,follow"" /> <link rel=""canonical"" href=""https://rubinoxmetal.com/materials/mild-steel-1020-supplier-india.html"" /> <meta property=""og:locale"" content=""en_IN"" /> <meta property=""og:type"" content=""website"" /> <meta property=""og:site_name"" content=""Rubinox Metal and Alloys"" /> <meta property=""og:title"" content=""Mild Steel 1020 Supplier India | Bars, Rods &amp; Engineering Steel"" /> <meta property=""og:description"" content=""Mild Steel 1020 supplier in India for bars, rods, flats, machined blanks and general engineering RFQs with documentation and size guidance."" /> <meta property=""og:url"" content=""https://rubinoxmetal.com/materials/mild-steel-1020-supplier-india.html"" /> <meta property=""og:image"" content=""https://rubinoxmetal.com/assets/rubinox-social-preview-2026.jpg"" /> <meta property=""og:image:secure_url"" content=""https://rubinoxmetal.com/assets/rubinox-social-preview-2026.jpg"" /> <meta property=""og:image:type"" content=""image/jpeg"" /> <meta property=""og:image:width"" content=""1200"" /> <meta property=""og:image:height"" content=""630"" /> <meta property=""og:image:alt"" content=""Mild Steel 1020 Supplier India | Bars, Rods &amp; Engineering Steel"" /> <meta name=""twitter:card"" content=""summary_large_image"" /> <meta name=""twitter:site"" content=""@rubinoxmetal"" /> <meta name=""twitter:title"" content=""Mild Steel 1020 Supplier India | Bars, Rods &amp; Engineering Steel"" /> <meta name=""twitter:description"" content=""Mild Steel 1020 supplier in India for bars, rods, flats, machined blanks and general engineering RFQs with documentation and size guidance."" /> <meta name=""twitter:image"" content=""https://rubinoxmetal.com/assets/rubinox-social-preview-2026.jpg"" /> <meta name=""twitter:image:alt"" content=""Mild Steel 1020 Supplier India | Bars, Rods &amp; Engineering Steel"" /> <!-- Google Analytics --> <script async src=""https://www.googletagmanager.com/gtag/js?id=G-JT5X5L5H07",,materials,yes,yes
materials/mild-steel-a500-supplier-india.html,https://rubinoxmetal.com/materials/mild-steel-a500-supplier-india.html,ASTM A500 Mild Steel Supplier in India,ASTM A500 Mild Steel Supplier India | Structural Hollow Sections,"ASTM A500 mild steel supplier in India for structural hollow sections, square tubes, rectangular tubes and round HSS RFQs with documentation support."" /> <meta name=""robots"" content=""index,follow"" /> <link rel=""canonical"" href=""https://rubinoxmetal.com/materials/mild-steel-a500-supplier-india.html"" /> <meta property=""og:locale"" content=""en_IN"" /> <meta property=""og:type"" content=""website"" /> <meta property=""og:site_name"" content=""Rubinox Metal and Alloys"" /> <meta property=""og:title"" content=""ASTM A500 Mild Steel Supplier India | Structural Hollow Sections"" /> <meta property=""og:description"" content=""ASTM A500 mild steel supplier in India for structural hollow sections, square tubes, rectangular tubes and round HSS RFQs with documentation support."" /> <meta property=""og:url"" content=""https://rubinoxmetal.com/materials/mild-steel-a500-supplier-india.html"" /> <meta property=""og:image"" content=""https://rubinoxmetal.com/assets/rubinox-social-preview-2026.jpg"" /> <meta property=""og:image:secure_url"" content=""https://rubinoxmetal.com/assets/rubinox-social-preview-2026.jpg"" /> <meta property=""og:image:type"" content=""image/jpeg"" /> <meta property=""og:image:width"" content=""1200"" /> <meta property=""og:image:height"" content=""630"" /> <meta property=""og:image:alt"" content=""ASTM A500 Mild Steel Supplier India | Structural Hollow Sections"" /> <meta name=""twitter:card"" content=""summary_large_image"" /> <meta name=""twitter:site"" content=""@rubinoxmetal"" /> <meta name=""twitter:title"" content=""ASTM A500 Mild Steel Supplier India | Structural Hollow Sections"" /> <meta name=""twitter:description"" content=""ASTM A500 mild steel supplier in India for structural hollow sections, square tubes, rectangular tubes and round HSS RFQs with documentation support."" /> <meta name=""twitter:image"" content=""https://rubinoxmetal.com/assets/rubinox-social-preview-2026.jpg"" /> <meta name=""twitter:image:alt"" content=""ASTM A500 Mild Steel Supplier India | Structural Hollow Sections"" /> <!-- Google Analytics --> <script async src=""https://www.googletagmanager.com/gtag/js?id=G-JT5X5L5H07",,materials,yes,yes
materials/mild-steel-a513-supplier-india.html,https://rubinoxmetal.com/materials/mild-steel-a513-supplier-india.html,ASTM A513 Mild Steel Supplier in India,ASTM A513 Mild Steel Supplier India | Mechanical Tubing,"ASTM A513 mild steel supplier in India for mechanical tubing, ERW tube and fabrication tube RFQs with size, tolerance and documentation guidance."" /> <meta name=""robots"" content=""index,follow"" /> <link rel=""canonical"" href=""https://rubinoxmetal.com/materials/mild-steel-a513-supplier-india.html"" /> <meta property=""og:locale"" content=""en_IN"" /> <meta property=""og:type"" content=""website"" /> <meta property=""og:site_name"" content=""Rubinox Metal and Alloys"" /> <meta property=""og:title"" content=""ASTM A513 Mild Steel Supplier India | Mechanical Tubing"" /> <meta property=""og:description"" content=""ASTM A513 mild steel supplier in India for mechanical tubing, ERW tube and fabrication tube RFQs with size, tolerance and documentation guidance."" /> <meta property=""og:url"" content=""https://rubinoxmetal.com/materials/mild-steel-a513-supplier-india.html"" /> <meta property=""og:image"" content=""https://rubinoxmetal.com/assets/rubinox-social-preview-2026.jpg"" /> <meta property=""og:image:secure_url"" content=""https://rubinoxmetal.com/assets/rubinox-social-preview-2026.jpg"" /> <meta property=""og:image:type"" content=""image/jpeg"" /> <meta property=""og:image:width"" content=""1200"" /> <meta property=""og:image:height"" content=""630"" /> <meta property=""og:image:alt"" content=""ASTM A513 Mild Steel Supplier India | Mechanical Tubing"" /> <meta name=""twitter:card"" content=""summary_large_image"" /> <meta name=""twitter:site"" content=""@rubinoxmetal"" /> <meta name=""twitter:title"" content=""ASTM A513 Mild Steel Supplier India | Mechanical Tubing"" /> <meta name=""twitter:description"" content=""ASTM A513 mild steel supplier in India for mechanical tubing, ERW tube and fabrication tube RFQs with size, tolerance and documentation guidance."" /> <meta name=""twitter:image"" content=""https://rubinoxmetal.com/assets/rubinox-social-preview-2026.jpg"" /> <meta name=""twitter:image:alt"" content=""ASTM A513 Mild Steel Supplier India | Mechanical Tubing"" /> <!-- Google Analytics --> <script async src=""https://www.googletagmanager.com/gtag/js?id=G-JT5X5L5H07",,materials,yes,yes
materials/mild-steel-is-2062-supplier-india.html,https://rubinoxmetal.com/materials/mild-steel-is-2062-supplier-india.html,IS 2062 Mild Steel Supplier in India,IS 2062 Mild Steel Supplier India | Structural Plates &amp; Sections,"IS 2062 mild steel supplier in India for structural plates, sheets, flats, angles, channels and project fabrication RFQs with documentation support."" /> <meta name=""robots"" content=""index,follow"" /> <link rel=""canonical"" href=""https://rubinoxmetal.com/materials/mild-steel-is-2062-supplier-india.html"" /> <meta property=""og:locale"" content=""en_IN"" /> <meta property=""og:type"" content=""website"" /> <meta property=""og:site_name"" content=""Rubinox Metal and Alloys"" /> <meta property=""og:title"" content=""IS 2062 Mild Steel Supplier India | Structural Plates &amp; Sections"" /> <meta property=""og:description"" content=""IS 2062 mild steel supplier in India for structural plates, sheets, flats, angles, channels and project fabrication RFQs with documentation support."" /> <meta property=""og:url"" content=""https://rubinoxmetal.com/materials/mild-steel-is-2062-supplier-india.html"" /> <meta property=""og:image"" content=""https://rubinoxmetal.com/assets/rubinox-social-preview-2026.jpg"" /> <meta property=""og:image:secure_url"" content=""https://rubinoxmetal.com/assets/rubinox-social-preview-2026.jpg"" /> <meta property=""og:image:type"" content=""image/jpeg"" /> <meta property=""og:image:width"" content=""1200"" /> <meta property=""og:image:height"" content=""630"" /> <meta property=""og:image:alt"" content=""IS 2062 Mild Steel Supplier India | Structural Plates &amp; Sections"" /> <meta name=""twitter:card"" content=""summary_large_image"" /> <meta name=""twitter:site"" content=""@rubinoxmetal"" /> <meta name=""twitter:title"" content=""IS 2062 Mild Steel Supplier India | Structural Plates &amp; Sections"" /> <meta name=""twitter:description"" content=""IS 2062 mild steel supplier in India for structural plates, sheets, flats, angles, channels and project fabrication RFQs with documentation support."" /> <meta name=""twitter:image"" content=""https://rubinoxmetal.com/assets/rubinox-social-preview-2026.jpg"" /> <meta name=""twitter:image:alt"" content=""IS 2062 Mild Steel Supplier India | Structural Plates &amp; Sections"" /> <!-- Google Analytics --> <script async src=""https://www.googletagmanager.com/gtag/js?id=G-JT5X5L5H07",,materials,yes,yes
materials/mild-steel-s235-supplier-india.html,https://rubinoxmetal.com/materials/mild-steel-s235-supplier-india.html,EN S235 Mild Steel Supplier in India,EN S235 Mild Steel Supplier India | Structural Plates &amp; Sections,"EN S235 mild steel supplier in India for structural plates, sheets, sections, angles, channels and fabrication RFQs with standard guidance."" /> <meta name=""robots"" content=""index,follow"" /> <link rel=""canonical"" href=""https://rubinoxmetal.com/materials/mild-steel-s235-supplier-india.html"" /> <meta property=""og:locale"" content=""en_IN"" /> <meta property=""og:type"" content=""website"" /> <meta property=""og:site_name"" content=""Rubinox Metal and Alloys"" /> <meta property=""og:title"" content=""EN S235 Mild Steel Supplier India | Structural Plates &amp; Sections"" /> <meta property=""og:description"" content=""EN S235 mild steel supplier in India for structural plates, sheets, sections, angles, channels and fabrication RFQs with standard guidance."" /> <meta property=""og:url"" content=""https://rubinoxmetal.com/materials/mild-steel-s235-supplier-india.html"" /> <meta property=""og:image"" content=""https://rubinoxmetal.com/assets/rubinox-social-preview-2026.jpg"" /> <meta property=""og:image:secure_url"" content=""https://rubinoxmetal.com/assets/rubinox-social-preview-2026.jpg"" /> <meta property=""og:image:type"" content=""image/jpeg"" /> <meta property=""og:image:width"" content=""1200"" /> <meta property=""og:image:height"" content=""630"" /> <meta property=""og:image:alt"" content=""EN S235 Mild Steel Supplier India | Structural Plates &amp; Sections"" /> <meta name=""twitter:card"" content=""summary_large_image"" /> <meta name=""twitter:site"" content=""@rubinoxmetal"" /> <meta name=""twitter:title"" content=""EN S235 Mild Steel Supplier India | Structural Plates &amp; Sections"" /> <meta name=""twitter:description"" content=""EN S235 mild steel supplier in India for structural plates, sheets, sections, angles, channels and fabrication RFQs with standard guidance."" /> <meta name=""twitter:image"" content=""https://rubinoxmetal.com/assets/rubinox-social-preview-2026.jpg"" /> <meta name=""twitter:image:alt"" content=""EN S235 Mild Steel Supplier India | Structural Plates &amp; Sections"" /> <!-- Google Analytics --> <script async src=""https://www.googletagmanager.com/gtag/js?id=G-JT5X5L5H07",,materials,yes,yes
materials/mild-steel-s275-supplier-india.html,https://rubinoxmetal.com/materials/mild-steel-s275-supplier-india.html,EN S275 Mild Steel Supplier in India,EN S275 Mild Steel Supplier India | Structural Plates &amp; Sections,"EN S275 mild steel supplier in India for structural plates, sheets, sections, angles, channels and fabrication RFQs with documentation support."" /> <meta name=""robots"" content=""index,follow"" /> <link rel=""canonical"" href=""https://rubinoxmetal.com/materials/mild-steel-s275-supplier-india.html"" /> <meta property=""og:locale"" content=""en_IN"" /> <meta property=""og:type"" content=""website"" /> <meta property=""og:site_name"" content=""Rubinox Metal and Alloys"" /> <meta property=""og:title"" content=""EN S275 Mild Steel Supplier India | Structural Plates &amp; Sections"" /> <meta property=""og:description"" content=""EN S275 mild steel supplier in India for structural plates, sheets, sections, angles, channels and fabrication RFQs with documentation support."" /> <meta property=""og:url"" content=""https://rubinoxmetal.com/materials/mild-steel-s275-supplier-india.html"" /> <meta property=""og:image"" content=""https://rubinoxmetal.com/assets/rubinox-social-preview-2026.jpg"" /> <meta property=""og:image:secure_url"" content=""https://rubinoxmetal.com/assets/rubinox-social-preview-2026.jpg"" /> <meta property=""og:image:type"" content=""image/jpeg"" /> <meta property=""og:image:width"" content=""1200"" /> <meta property=""og:image:height"" content=""630"" /> <meta property=""og:image:alt"" content=""EN S275 Mild Steel Supplier India | Structural Plates &amp; Sections"" /> <meta name=""twitter:card"" content=""summary_large_image"" /> <meta name=""twitter:site"" content=""@rubinoxmetal"" /> <meta name=""twitter:title"" content=""EN S275 Mild Steel Supplier India | Structural Plates &amp; Sections"" /> <meta name=""twitter:description"" content=""EN S275 mild steel supplier in India for structural plates, sheets, sections, angles, channels and fabrication RFQs with documentation support."" /> <meta name=""twitter:image"" content=""https://rubinoxmetal.com/assets/rubinox-social-preview-2026.jpg"" /> <meta name=""twitter:image:alt"" content=""EN S275 Mild Steel Supplier India | Structural Plates &amp; Sections"" /> <!-- Google Analytics --> <script async src=""https://www.googletagmanager.com/gtag/js?id=G-JT5X5L5H07",,materials,yes,yes
materials/mild-steel-s355-supplier-india.html,https://rubinoxmetal.com/materials/mild-steel-s355-supplier-india.html,EN S355 Mild Steel Supplier in India,EN S355 Mild Steel Supplier India | Higher Strength Structural Steel,"EN S355 mild steel supplier in India for higher-strength structural plates, sections, angles, channels and fabrication RFQs with documentation support."" /> <meta name=""robots"" content=""index,follow"" /> <link rel=""canonical"" href=""https://rubinoxmetal.com/materials/mild-steel-s355-supplier-india.html"" /> <meta property=""og:locale"" content=""en_IN"" /> <meta property=""og:type"" content=""website"" /> <meta property=""og:site_name"" content=""Rubinox Metal and Alloys"" /> <meta property=""og:title"" content=""EN S355 Mild Steel Supplier India | Higher Strength Structural Steel"" /> <meta property=""og:description"" content=""EN S355 mild steel supplier in India for higher-strength structural plates, sections, angles, channels and fabrication RFQs with documentation support."" /> <meta property=""og:url"" content=""https://rubinoxmetal.com/materials/mild-steel-s355-supplier-india.html"" /> <meta property=""og:image"" content=""https://rubinoxmetal.com/assets/rubinox-social-preview-2026.jpg"" /> <meta property=""og:image:secure_url"" content=""https://rubinoxmetal.com/assets/rubinox-social-preview-2026.jpg"" /> <meta property=""og:image:type"" content=""image/jpeg"" /> <meta property=""og:image:width"" content=""1200"" /> <meta property=""og:image:height"" content=""630"" /> <meta property=""og:image:alt"" content=""EN S355 Mild Steel Supplier India | Higher Strength Structural Steel"" /> <meta name=""twitter:card"" content=""summary_large_image"" /> <meta name=""twitter:site"" content=""@rubinoxmetal"" /> <meta name=""twitter:title"" content=""EN S355 Mild Steel Supplier India | Higher Strength Structural Steel"" /> <meta name=""twitter:description"" content=""EN S355 mild steel supplier in India for higher-strength structural plates, sections, angles, channels and fabrication RFQs with documentation support."" /> <meta name=""twitter:image"" content=""https://rubinoxmetal.com/assets/rubinox-social-preview-2026.jpg"" /> <meta name=""twitter:image:alt"" content=""EN S355 Mild Steel Supplier India | Higher Strength Structural Steel"" /> <!-- Google Analytics --> <script async src=""https://www.googletagmanager.com/gtag/js?id=G-JT5X5L5H07",,materials,yes,yes
materials/mild-steel.html,https://rubinoxmetal.com/materials/mild-steel.html,"Mild Steel A36, A500, 1018, 1020, S235 &amp; S355 Supplier in India","Mild Steel Supplier India | Plates, Pipes &amp; Bars","Mild steel supplier for A36, A500, 1018, 1020, S235 and S355 plates, pipes, sheets, bars and structural products across India."" /> <meta name=""robots"" content=""index,follow"" /> <link rel=""canonical"" href=""https://rubinoxmetal.com/materials/mild-steel.html"" /> <meta property=""og:locale"" content=""en_IN"" /> <meta property=""og:type"" content=""website"" /> <meta property=""og:site_name"" content=""Rubinox Metal and Alloys"" /> <meta property=""og:title"" content=""Mild Steel Supplier India | Plates, Pipes &amp; Bars"" /> <meta property=""og:description"" content=""Mild steel supplier for A36, A500, 1018, 1020, S235 and S355 plates, pipes, sheets, bars and structural products across India."" /> <meta property=""og:url"" content=""https://rubinoxmetal.com/materials/mild-steel.html"" /> <meta property=""og:image"" content=""https://rubinoxmetal.com/assets/rubinox-social-preview-2026.jpg"" /> <meta property=""og:image:secure_url"" content=""https://rubinoxmetal.com/assets/rubinox-social-preview-2026.jpg"" /> <meta property=""og:image:type"" content=""image/jpeg"" /> <meta property=""og:image:width"" content=""1200"" /> <meta property=""og:image:height"" content=""630"" /> <meta property=""og:image:alt"" content=""Mild Steel Supplier India | Plates, Pipes &amp; Bars"" /> <meta name=""twitter:card"" content=""summary_large_image"" /> <meta name=""twitter:site"" content=""@rubinoxmetal"" /> <meta name=""twitter:title"" content=""Mild Steel Supplier India | Plates, Pipes &amp; Bars"" /> <meta name=""twitter:description"" content=""Mild steel supplier for A36, A500, 1018, 1020, S235 and S355 plates, pipes, sheets, bars and structural products across India."" /> <meta name=""twitter:image"" content=""https://rubinoxmetal.com/assets/rubinox-social-preview-2026.jpg"" /> <meta name=""twitter:image:alt"" content=""Mild Steel Supplier India | Plates, Pipes &amp; Bars"" /> <!-- Google Analytics --> <script async src=""https://www.googletagmanager.com/gtag/js?id=G-JT5X5L5H07",,materials,yes,yes
materials/monel-400-supplier-india.html,https://rubinoxmetal.com/materials/monel-400-supplier-india.html,Monel 400 Supplier in India,"Monel 400 Supplier in India | Alloy 400 Pipes, Plates, Bars","Rubinox supplies Monel 400 and Alloy 400 pipes, tubes, sheets, plates, coils across India, with export support, MTC documentation and fast quotations."" /> <meta name=""robots"" content=""index,follow"" /> <link rel=""canonical"" href=""https://rubinoxmetal.com/materials/monel-400-supplier-india.html"" /> <meta property=""og:locale"" content=""en_IN"" /> <meta property=""og:type"" content=""website"" /> <meta property=""og:site_name"" content=""Rubinox Metal and Alloys"" /> <meta property=""og:title"" content=""Monel 400 Supplier in India | Alloy 400 Pipes, Plates, Bars"" /> <meta property=""og:description"" content=""Rubinox supplies Monel 400 and Alloy 400 pipes, tubes, sheets, plates, coils across India, with export support, MTC documentation and fast quotations."" /> <meta property=""og:url"" content=""https://rubinoxmetal.com/materials/monel-400-supplier-india.html"" /> <meta property=""og:image"" content=""https://rubinoxmetal.com/assets/rubinox-social-preview-2026.jpg"" /> <meta property=""og:image:secure_url"" content=""https://rubinoxmetal.com/assets/rubinox-social-preview-2026.jpg"" /> <meta property=""og:image:type"" content=""image/jpeg"" /> <meta property=""og:image:width"" content=""1200"" /> <meta property=""og:image:height"" content=""630"" /> <meta property=""og:image:alt"" content=""Monel 400 Supplier in India | Alloy 400 Pipes, Plates, Bars"" /> <meta name=""twitter:card"" content=""summary_large_image"" /> <meta name=""twitter:site"" content=""@rubinoxmetal"" /> <meta name=""twitter:title"" content=""Monel 400 Supplier in India | Alloy 400 Pipes, Plates, Bars"" /> <meta name=""twitter:description"" content=""Rubinox supplies Monel 400 and Alloy 400 pipes, tubes, sheets, plates, coils across India, with export support, MTC documentation and fast quotations."" /> <meta name=""twitter:image"" content=""https://rubinoxmetal.com/assets/rubinox-social-preview-2026.jpg"" /> <meta name=""twitter:image:alt"" content=""Monel 400 Supplier in India | Alloy 400 Pipes, Plates, Bars"" /> <!-- Google Analytics --> <script async src=""https://www.googletagmanager.com/gtag/js?id=G-JT5X5L5H07",,materials,yes,yes
materials/monel-k-500-supplier-india.html,https://rubinoxmetal.com/materials/monel-k-500-supplier-india.html,Monel K-500 Supplier in India,Monel K-500 Supplier in India | Rubinox,"Rubinox supplies Monel K-500 and Alloy K-500 round bars, rods, sheets, plates, pipes across India, with export support, MTC documentation and fast quotations."" /> <meta name=""robots"" content=""index,follow"" /> <link rel=""canonical"" href=""https://rubinoxmetal.com/materials/monel-k-500-supplier-india.html"" /> <meta property=""og:locale"" content=""en_IN"" /> <meta property=""og:type"" content=""website"" /> <meta property=""og:site_name"" content=""Rubinox Metal and Alloys"" /> <meta property=""og:title"" content=""Monel K-500 Supplier in India | Rubinox"" /> <meta property=""og:description"" content=""Rubinox supplies Monel K-500 and Alloy K-500 round bars, rods, sheets, plates, pipes across India, with export support, MTC documentation and fast quotations."" /> <meta property=""og:url"" content=""https://rubinoxmetal.com/materials/monel-k-500-supplier-india.html"" /> <meta property=""og:image"" content=""https://rubinoxmetal.com/assets/rubinox-social-preview-2026.jpg"" /> <meta property=""og:image:secure_url"" content=""https://rubinoxmetal.com/assets/rubinox-social-preview-2026.jpg"" /> <meta property=""og:image:type"" content=""image/jpeg"" /> <meta property=""og:image:width"" content=""1200"" /> <meta property=""og:image:height"" content=""630"" /> <meta property=""og:image:alt"" content=""Monel K-500 Supplier in India | Rubinox"" /> <meta name=""twitter:card"" content=""summary_large_image"" /> <meta name=""twitter:site"" content=""@rubinoxmetal"" /> <meta name=""twitter:title"" content=""Monel K-500 Supplier in India | Rubinox"" /> <meta name=""twitter:description"" content=""Rubinox supplies Monel K-500 and Alloy K-500 round bars, rods, sheets, plates, pipes across India, with export support, MTC documentation and fast quotations."" /> <meta name=""twitter:image"" content=""https://rubinoxmetal.com/assets/rubinox-social-preview-2026.jpg"" /> <meta name=""twitter:image:alt"" content=""Monel K-500 Supplier in India | Rubinox"" /> <!-- Google Analytics --> <script async src=""https://www.googletagmanager.com/gtag/js?id=G-JT5X5L5H07",,materials,yes,yes
materials/nickel-200-supplier-india.html,https://rubinoxmetal.com/materials/nickel-200-supplier-india.html,Nickel 200 Supplier in India,Nickel 200 Supplier in India | Rubinox,"Rubinox supplies Nickel 200 commercially pure nickel pipes, tubes, sheets, plates across India, with export support, MTC documentation and fast quotations."" /> <meta name=""robots"" content=""index,follow"" /> <link rel=""canonical"" href=""https://rubinoxmetal.com/materials/nickel-200-supplier-india.html"" /> <meta property=""og:locale"" content=""en_IN"" /> <meta property=""og:type"" content=""website"" /> <meta property=""og:site_name"" content=""Rubinox Metal and Alloys"" /> <meta property=""og:title"" content=""Nickel 200 Supplier in India | Rubinox"" /> <meta property=""og:description"" content=""Rubinox supplies Nickel 200 commercially pure nickel pipes, tubes, sheets, plates across India, with export support, MTC documentation and fast quotations."" /> <meta property=""og:url"" content=""https://rubinoxmetal.com/materials/nickel-200-supplier-india.html"" /> <meta property=""og:image"" content=""https://rubinoxmetal.com/assets/rubinox-social-preview-2026.jpg"" /> <meta property=""og:image:secure_url"" content=""https://rubinoxmetal.com/assets/rubinox-social-preview-2026.jpg"" /> <meta property=""og:image:type"" content=""image/jpeg"" /> <meta property=""og:image:width"" content=""1200"" /> <meta property=""og:image:height"" content=""630"" /> <meta property=""og:image:alt"" content=""Nickel 200 Supplier in India | Rubinox"" /> <meta name=""twitter:card"" content=""summary_large_image"" /> <meta name=""twitter:site"" content=""@rubinoxmetal"" /> <meta name=""twitter:title"" content=""Nickel 200 Supplier in India | Rubinox"" /> <meta name=""twitter:description"" content=""Rubinox supplies Nickel 200 commercially pure nickel pipes, tubes, sheets, plates across India, with export support, MTC documentation and fast quotations."" /> <meta name=""twitter:image"" content=""https://rubinoxmetal.com/assets/rubinox-social-preview-2026.jpg"" /> <meta name=""twitter:image:alt"" content=""Nickel 200 Supplier in India | Rubinox"" /> <!-- Google Analytics --> <script async src=""https://www.googletagmanager.com/gtag/js?id=G-JT5X5L5H07",,materials,yes,yes
materials/nickel-201-supplier-india.html,https://rubinoxmetal.com/materials/nickel-201-supplier-india.html,Nickel 201 Supplier in India,Nickel 201 Supplier in India | Rubinox,"Rubinox supplies Nickel 201 low carbon commercially pure nickel pipes, tubes, sheets across India, with export support, MTC documentation and fast quotations."" /> <meta name=""robots"" content=""index,follow"" /> <link rel=""canonical"" href=""https://rubinoxmetal.com/materials/nickel-201-supplier-india.html"" /> <meta property=""og:locale"" content=""en_IN"" /> <meta property=""og:type"" content=""website"" /> <meta property=""og:site_name"" content=""Rubinox Metal and Alloys"" /> <meta property=""og:title"" content=""Nickel 201 Supplier in India | Rubinox"" /> <meta property=""og:description"" content=""Rubinox supplies Nickel 201 low carbon commercially pure nickel pipes, tubes, sheets across India, with export support, MTC documentation and fast quotations."" /> <meta property=""og:url"" content=""https://rubinoxmetal.com/materials/nickel-201-supplier-india.html"" /> <meta property=""og:image"" content=""https://rubinoxmetal.com/assets/rubinox-social-preview-2026.jpg"" /> <meta property=""og:image:secure_url"" content=""https://rubinoxmetal.com/assets/rubinox-social-preview-2026.jpg"" /> <meta property=""og:image:type"" content=""image/jpeg"" /> <meta property=""og:image:width"" content=""1200"" /> <meta property=""og:image:height"" content=""630"" /> <meta property=""og:image:alt"" content=""Nickel 201 Supplier in India | Rubinox"" /> <meta name=""twitter:card"" content=""summary_large_image"" /> <meta name=""twitter:site"" content=""@rubinoxmetal"" /> <meta name=""twitter:title"" content=""Nickel 201 Supplier in India | Rubinox"" /> <meta name=""twitter:description"" content=""Rubinox supplies Nickel 201 low carbon commercially pure nickel pipes, tubes, sheets across India, with export support, MTC documentation and fast quotations."" /> <meta name=""twitter:image"" content=""https://rubinoxmetal.com/assets/rubinox-social-preview-2026.jpg"" /> <meta name=""twitter:image:alt"" content=""Nickel 201 Supplier in India | Rubinox"" /> <!-- Google Analytics --> <script async src=""https://www.googletagmanager.com/gtag/js?id=G-JT5X5L5H07",,materials,yes,yes
materials/nickel-alloys.html,https://rubinoxmetal.com/materials/nickel-alloys.html,Nickel Alloys Supplier in India,"Nickel Alloy Supplier in India | Inconel, Monel &amp; Hastelloy","Nickel alloy supplier for Inconel, Monel, Hastelloy, Incoloy and Nickel 200/201 pipes, plates, bars, flanges and fittings across India."" /> <meta name=""robots"" content=""index,follow"" /> <link rel=""canonical"" href=""https://rubinoxmetal.com/materials/nickel-alloys.html"" /> <meta property=""og:locale"" content=""en_IN"" /> <meta property=""og:type"" content=""website"" /> <meta property=""og:site_name"" content=""Rubinox Metal and Alloys"" /> <meta property=""og:title"" content=""Nickel Alloy Supplier in India | Inconel, Monel &amp; Hastelloy"" /> <meta property=""og:description"" content=""Nickel alloy supplier for Inconel, Monel, Hastelloy, Incoloy and Nickel 200/201 pipes, plates, bars, flanges and fittings across India."" /> <meta property=""og:url"" content=""https://rubinoxmetal.com/materials/nickel-alloys.html"" /> <meta property=""og:image"" content=""https://rubinoxmetal.com/assets/rubinox-social-preview-2026.jpg"" /> <meta property=""og:image:secure_url"" content=""https://rubinoxmetal.com/assets/rubinox-social-preview-2026.jpg"" /> <meta property=""og:image:type"" content=""image/jpeg"" /> <meta property=""og:image:width"" content=""1200"" /> <meta property=""og:image:height"" content=""630"" /> <meta property=""og:image:alt"" content=""Nickel Alloy Supplier in India | Inconel, Monel &amp; Hastelloy"" /> <meta name=""twitter:card"" content=""summary_large_image"" /> <meta name=""twitter:site"" content=""@rubinoxmetal"" /> <meta name=""twitter:title"" content=""Nickel Alloy Supplier in India | Inconel, Monel &amp; Hastelloy"" /> <meta name=""twitter:description"" content=""Nickel alloy supplier for Inconel, Monel, Hastelloy, Incoloy and Nickel 200/201 pipes, plates, bars, flanges and fittings across India."" /> <meta name=""twitter:image"" content=""https://rubinoxmetal.com/assets/rubinox-social-preview-2026.jpg"" /> <meta name=""twitter:image:alt"" content=""Nickel Alloy Supplier in India | Inconel, Monel &amp; Hastelloy"" /> <!-- Google Analytics --> <script async src=""https://www.googletagmanager.com/gtag/js?id=G-JT5X5L5H07",,materials,yes,yes
materials/nitronic-60-supplier-india.html,https://rubinoxmetal.com/materials/nitronic-60-supplier-india.html,Nitronic 60 Supplier in India,Nitronic 60 Supplier in India | Rubinox,"Rubinox supplies Nitronic 60 stainless steel round bars, rods, shafts, hex bars across India, with export support, MTC documentation and fast quotations."" /> <meta name=""robots"" content=""index,follow"" /> <link rel=""canonical"" href=""https://rubinoxmetal.com/materials/nitronic-60-supplier-india.html"" /> <meta property=""og:locale"" content=""en_IN"" /> <meta property=""og:type"" content=""website"" /> <meta property=""og:site_name"" content=""Rubinox Metal and Alloys"" /> <meta property=""og:title"" content=""Nitronic 60 Supplier in India | Rubinox"" /> <meta property=""og:description"" content=""Rubinox supplies Nitronic 60 stainless steel round bars, rods, shafts, hex bars across India, with export support, MTC documentation and fast quotations."" /> <meta property=""og:url"" content=""https://rubinoxmetal.com/materials/nitronic-60-supplier-india.html"" /> <meta property=""og:image"" content=""https://rubinoxmetal.com/assets/rubinox-social-preview-2026.jpg"" /> <meta property=""og:image:secure_url"" content=""https://rubinoxmetal.com/assets/rubinox-social-preview-2026.jpg"" /> <meta property=""og:image:type"" content=""image/jpeg"" /> <meta property=""og:image:width"" content=""1200"" /> <meta property=""og:image:height"" content=""630"" /> <meta property=""og:image:alt"" content=""Nitronic 60 Supplier in India | Rubinox"" /> <meta name=""twitter:card"" content=""summary_large_image"" /> <meta name=""twitter:site"" content=""@rubinoxmetal"" /> <meta name=""twitter:title"" content=""Nitronic 60 Supplier in India | Rubinox"" /> <meta name=""twitter:description"" content=""Rubinox supplies Nitronic 60 stainless steel round bars, rods, shafts, hex bars across India, with export support, MTC documentation and fast quotations."" /> <meta name=""twitter:image"" content=""https://rubinoxmetal.com/assets/rubinox-social-preview-2026.jpg"" /> <meta name=""twitter:image:alt"" content=""Nitronic 60 Supplier in India | Rubinox"" /> <!-- Google Analytics --> <script async src=""https://www.googletagmanager.com/gtag/js?id=G-JT5X5L5H07",,materials,yes,yes
materials/other-metals.html,https://rubinoxmetal.com/materials/other-metals.html,Special Engineering Alloys Supplier in India,Special Engineering Alloys Supplier in India | Rubinox,"Special engineering alloys supplier in India for specification-based ferrous and non-ferrous metal enquiries, project grades, product forms and RFQs."" /> <meta name=""robots"" content=""index,follow"" /> <link rel=""canonical"" href=""https://rubinoxmetal.com/materials/other-metals.html"" /> <meta property=""og:locale"" content=""en_IN"" /> <meta property=""og:type"" content=""website"" /> <meta property=""og:site_name"" content=""Rubinox Metal and Alloys"" /> <meta property=""og:title"" content=""Special Engineering Alloys Supplier in India | Rubinox"" /> <meta property=""og:description"" content=""Special engineering alloys supplier in India for specification-based ferrous and non-ferrous metal enquiries, project grades, product forms and RFQs."" /> <meta property=""og:url"" content=""https://rubinoxmetal.com/materials/other-metals.html"" /> <meta property=""og:image"" content=""https://rubinoxmetal.com/assets/rubinox-social-preview-2026.jpg"" /> <meta property=""og:image:secure_url"" content=""https://rubinoxmetal.com/assets/rubinox-social-preview-2026.jpg"" /> <meta property=""og:image:type"" content=""image/jpeg"" /> <meta property=""og:image:width"" content=""1200"" /> <meta property=""og:image:height"" content=""630"" /> <meta property=""og:image:alt"" content=""Special Engineering Alloys Supplier in India | Rubinox"" /> <meta name=""twitter:card"" content=""summary_large_image"" /> <meta name=""twitter:site"" content=""@rubinoxmetal"" /> <meta name=""twitter:title"" content=""Special Engineering Alloys Supplier in India | Rubinox"" /> <meta name=""twitter:description"" content=""Special engineering alloys supplier in India for specification-based ferrous and non-ferrous metal enquiries, project grades, product forms and RFQs."" /> <meta name=""twitter:image"" content=""https://rubinoxmetal.com/assets/rubinox-social-preview-2026.jpg"" /> <meta name=""twitter:image:alt"" content=""Special Engineering Alloys Supplier in India | Rubinox"" /> <!-- Google Analytics --> <script async src=""https://www.googletagmanager.com/gtag/js?id=G-JT5X5L5H07",,materials,yes,yes
materials/phosphor-bronze-c510-supplier-india.html,https://rubinoxmetal.com/materials/phosphor-bronze-c510-supplier-india.html,Phosphor Bronze C510 Supplier in India,Phosphor Bronze C510 Supplier in India | Spring Grade,"Phosphor Bronze C510 supplier in India for sheets, strips, coils, rods and spring or electrical contact RFQs."" /> <meta name=""robots"" content=""index,follow"" /> <link rel=""canonical"" href=""https://rubinoxmetal.com/materials/phosphor-bronze-c510-supplier-india.html"" /> <meta property=""og:locale"" content=""en_IN"" /> <meta property=""og:type"" content=""website"" /> <meta property=""og:site_name"" content=""Rubinox Metal and Alloys"" /> <meta property=""og:title"" content=""Phosphor Bronze C510 Supplier in India | Spring Grade"" /> <meta property=""og:description"" content=""Phosphor Bronze C510 supplier in India for sheets, strips, coils, rods and spring or electrical contact RFQs."" /> <meta property=""og:url"" content=""https://rubinoxmetal.com/materials/phosphor-bronze-c510-supplier-india.html"" /> <meta property=""og:image"" content=""https://rubinoxmetal.com/assets/rubinox-social-preview-2026.jpg"" /> <meta property=""og:image:secure_url"" content=""https://rubinoxmetal.com/assets/rubinox-social-preview-2026.jpg"" /> <meta property=""og:image:type"" content=""image/jpeg"" /> <meta property=""og:image:width"" content=""1200"" /> <meta property=""og:image:height"" content=""630"" /> <meta property=""og:image:alt"" content=""Phosphor Bronze C510 Supplier in India | Spring Grade"" /> <meta name=""twitter:card"" content=""summary_large_image"" /> <meta name=""twitter:site"" content=""@rubinoxmetal"" /> <meta name=""twitter:title"" content=""Phosphor Bronze C510 Supplier in India | Spring Grade"" /> <meta name=""twitter:description"" content=""Phosphor Bronze C510 supplier in India for sheets, strips, coils, rods and spring or electrical contact RFQs."" /> <meta name=""twitter:image"" content=""https://rubinoxmetal.com/assets/rubinox-social-preview-2026.jpg"" /> <meta name=""twitter:image:alt"" content=""Phosphor Bronze C510 Supplier in India | Spring Grade"" /> <!-- Google Analytics --> <script async src=""https://www.googletagmanager.com/gtag/js?id=G-JT5X5L5H07",,materials,yes,yes
materials/phosphor-bronze-c521-supplier-india.html,https://rubinoxmetal.com/materials/phosphor-bronze-c521-supplier-india.html,Phosphor Bronze C521 Supplier in India,Phosphor Bronze C521 Supplier in India | High Strength,"Phosphor Bronze C521 supplier in India for high-strength strips, sheets, coils, rods and spring component RFQs."" /> <meta name=""robots"" content=""index,follow"" /> <link rel=""canonical"" href=""https://rubinoxmetal.com/materials/phosphor-bronze-c521-supplier-india.html"" /> <meta property=""og:locale"" content=""en_IN"" /> <meta property=""og:type"" content=""website"" /> <meta property=""og:site_name"" content=""Rubinox Metal and Alloys"" /> <meta property=""og:title"" content=""Phosphor Bronze C521 Supplier in India | High Strength"" /> <meta property=""og:description"" content=""Phosphor Bronze C521 supplier in India for high-strength strips, sheets, coils, rods and spring component RFQs."" /> <meta property=""og:url"" content=""https://rubinoxmetal.com/materials/phosphor-bronze-c521-supplier-india.html"" /> <meta property=""og:image"" content=""https://rubinoxmetal.com/assets/rubinox-social-preview-2026.jpg"" /> <meta property=""og:image:secure_url"" content=""https://rubinoxmetal.com/assets/rubinox-social-preview-2026.jpg"" /> <meta property=""og:image:type"" content=""image/jpeg"" /> <meta property=""og:image:width"" content=""1200"" /> <meta property=""og:image:height"" content=""630"" /> <meta property=""og:image:alt"" content=""Phosphor Bronze C521 Supplier in India | High Strength"" /> <meta name=""twitter:card"" content=""summary_large_image"" /> <meta name=""twitter:site"" content=""@rubinoxmetal"" /> <meta name=""twitter:title"" content=""Phosphor Bronze C521 Supplier in India | High Strength"" /> <meta name=""twitter:description"" content=""Phosphor Bronze C521 supplier in India for high-strength strips, sheets, coils, rods and spring component RFQs."" /> <meta name=""twitter:image"" content=""https://rubinoxmetal.com/assets/rubinox-social-preview-2026.jpg"" /> <meta name=""twitter:image:alt"" content=""Phosphor Bronze C521 Supplier in India | High Strength"" /> <!-- Google Analytics --> <script async src=""https://www.googletagmanager.com/gtag/js?id=G-JT5X5L5H07",,materials,yes,yes
materials/phosphor-bronze-c544-supplier-india.html,https://rubinoxmetal.com/materials/phosphor-bronze-c544-supplier-india.html,Phosphor Bronze C544 Supplier in India,Phosphor Bronze C544 Supplier in India | Free Cutting,"Phosphor Bronze C544 supplier in India for free-cutting rods, bars, bushings, bearings and machined component RFQs."" /> <meta name=""robots"" content=""index,follow"" /> <link rel=""canonical"" href=""https://rubinoxmetal.com/materials/phosphor-bronze-c544-supplier-india.html"" /> <meta property=""og:locale"" content=""en_IN"" /> <meta property=""og:type"" content=""website"" /> <meta property=""og:site_name"" content=""Rubinox Metal and Alloys"" /> <meta property=""og:title"" content=""Phosphor Bronze C544 Supplier in India | Free Cutting"" /> <meta property=""og:description"" content=""Phosphor Bronze C544 supplier in India for free-cutting rods, bars, bushings, bearings and machined component RFQs."" /> <meta property=""og:url"" content=""https://rubinoxmetal.com/materials/phosphor-bronze-c544-supplier-india.html"" /> <meta property=""og:image"" content=""https://rubinoxmetal.com/assets/rubinox-social-preview-2026.jpg"" /> <meta property=""og:image:secure_url"" content=""https://rubinoxmetal.com/assets/rubinox-social-preview-2026.jpg"" /> <meta property=""og:image:type"" content=""image/jpeg"" /> <meta property=""og:image:width"" content=""1200"" /> <meta property=""og:image:height"" content=""630"" /> <meta property=""og:image:alt"" content=""Phosphor Bronze C544 Supplier in India | Free Cutting"" /> <meta name=""twitter:card"" content=""summary_large_image"" /> <meta name=""twitter:site"" content=""@rubinoxmetal"" /> <meta name=""twitter:title"" content=""Phosphor Bronze C544 Supplier in India | Free Cutting"" /> <meta name=""twitter:description"" content=""Phosphor Bronze C544 supplier in India for free-cutting rods, bars, bushings, bearings and machined component RFQs."" /> <meta name=""twitter:image"" content=""https://rubinoxmetal.com/assets/rubinox-social-preview-2026.jpg"" /> <meta name=""twitter:image:alt"" content=""Phosphor Bronze C544 Supplier in India | Free Cutting"" /> <!-- Google Analytics --> <script async src=""https://www.googletagmanager.com/gtag/js?id=G-JT5X5L5H07",,materials,yes,yes
materials/phosphor-bronze.html,https://rubinoxmetal.com/materials/phosphor-bronze.html,Phosphor Bronze Supplier in India,"Phosphor Bronze Supplier in India | C510, C521 &amp; C544","Phosphor bronze supplier for C510, C521 and C544 sheets, strips, coils, rods and bars with PAN India supply and export support."" /> <meta name=""robots"" content=""index,follow"" /> <link rel=""canonical"" href=""https://rubinoxmetal.com/materials/phosphor-bronze.html"" /> <meta property=""og:locale"" content=""en_IN"" /> <meta property=""og:type"" content=""website"" /> <meta property=""og:site_name"" content=""Rubinox Metal and Alloys"" /> <meta property=""og:title"" content=""Phosphor Bronze Supplier in India | C510, C521 &amp; C544"" /> <meta property=""og:description"" content=""Phosphor bronze supplier for C510, C521 and C544 sheets, strips, coils, rods and bars with PAN India supply and export support."" /> <meta property=""og:url"" content=""https://rubinoxmetal.com/materials/phosphor-bronze.html"" /> <meta property=""og:image"" content=""https://rubinoxmetal.com/assets/rubinox-social-preview-2026.jpg"" /> <meta property=""og:image:secure_url"" content=""https://rubinoxmetal.com/assets/rubinox-social-preview-2026.jpg"" /> <meta property=""og:image:type"" content=""image/jpeg"" /> <meta property=""og:image:width"" content=""1200"" /> <meta property=""og:image:height"" content=""630"" /> <meta property=""og:image:alt"" content=""Phosphor Bronze Supplier in India | C510, C521 &amp; C544"" /> <meta name=""twitter:card"" content=""summary_large_image"" /> <meta name=""twitter:site"" content=""@rubinoxmetal"" /> <meta name=""twitter:title"" content=""Phosphor Bronze Supplier in India | C510, C521 &amp; C544"" /> <meta name=""twitter:description"" content=""Phosphor bronze supplier for C510, C521 and C544 sheets, strips, coils, rods and bars with PAN India supply and export support."" /> <meta name=""twitter:image"" content=""https://rubinoxmetal.com/assets/rubinox-social-preview-2026.jpg"" /> <meta name=""twitter:image:alt"" content=""Phosphor Bronze Supplier in India | C510, C521 &amp; C544"" /> <!-- Google Analytics --> <script async src=""https://www.googletagmanager.com/gtag/js?id=G-JT5X5L5H07",,materials,yes,yes
materials/sa-210-grade-a1-boiler-tube-supplier-india.html,https://rubinoxmetal.com/materials/sa-210-grade-a1-boiler-tube-supplier-india.html,SA 210 Grade A1 Boiler Tube Supplier in India,SA 210 Grade A1 Boiler Tube Supplier in India | Rubinox,"SA 210 Grade A1 Boiler Tube Supplier in India for specification-led RFQs with grade, size, quantity, MTC, inspection, documentation and delivery details reviewed by Rubinox Metal and Alloys.",https://rubinoxmetal.com/materials/sa-210-grade-a1-boiler-tube-supplier-india.html,materials,yes,yes
materials/sa-213-t11-tube-supplier-india.html,https://rubinoxmetal.com/materials/sa-213-t11-tube-supplier-india.html,SA 213 T11 Tube Supplier in India,SA 213 T11 Tube Supplier in India | Rubinox,"SA 213 T11 Tube Supplier in India for specification-led RFQs with grade, size, quantity, MTC, inspection, documentation and delivery details reviewed by Rubinox Metal and Alloys.",https://rubinoxmetal.com/materials/sa-213-t11-tube-supplier-india.html,materials,yes,yes
materials/sa-213-t22-tube-supplier-india.html,https://rubinoxmetal.com/materials/sa-213-t22-tube-supplier-india.html,SA 213 T22 Tube Supplier in India,SA 213 T22 Tube Supplier in India | Rubinox,"SA 213 T22 Tube Supplier in India for specification-led RFQs with grade, size, quantity, MTC, inspection, documentation and delivery details reviewed by Rubinox Metal and Alloys.",https://rubinoxmetal.com/materials/sa-213-t22-tube-supplier-india.html,materials,yes,yes
materials/sa-213-t91-tube-supplier-india.html,https://rubinoxmetal.com/materials/sa-213-t91-tube-supplier-india.html,SA 213 T91 Tube Supplier in India,SA 213 T91 Tube Supplier in India | Rubinox,"SA 213 T91 Tube Supplier in India for specification-led RFQs with grade, size, quantity, MTC, inspection, documentation and delivery details reviewed by Rubinox Metal and Alloys.",https://rubinoxmetal.com/materials/sa-213-t91-tube-supplier-india.html,materials,yes,yes
materials/schedule-40-pipe-supplier-india.html,https://rubinoxmetal.com/materials/schedule-40-pipe-supplier-india.html,Schedule 40 Pipe Supplier in India,Schedule 40 Pipe Supplier in India | Rubinox,"Schedule 40 Pipe Supplier in India for specification-led RFQs with grade, size, quantity, MTC, inspection, documentation and delivery details reviewed by Rubinox Metal and Alloys.",https://rubinoxmetal.com/materials/schedule-40-pipe-supplier-india.html,materials,yes,yes
materials/schedule-80-pipe-supplier-india.html,https://rubinoxmetal.com/materials/schedule-80-pipe-supplier-india.html,Schedule 80 Pipe Supplier in India,Schedule 80 Pipe Supplier in India | Rubinox,"Schedule 80 Pipe Supplier in India for specification-led RFQs with grade, size, quantity, MTC, inspection, documentation and delivery details reviewed by Rubinox Metal and Alloys.",https://rubinoxmetal.com/materials/schedule-80-pipe-supplier-india.html,materials,yes,yes
materials/seamless-pipe-supplier-india.html,https://rubinoxmetal.com/materials/seamless-pipe-supplier-india.html,Seamless Pipe Supplier in India,Seamless Pipe Supplier in India | Rubinox,"Seamless Pipe Supplier in India for specification-led RFQs with grade, size, quantity, MTC, inspection, documentation and delivery details reviewed by Rubinox Metal and Alloys.",https://rubinoxmetal.com/materials/seamless-pipe-supplier-india.html,materials,yes,yes
materials/smo-254-supplier-india.html,https://rubinoxmetal.com/materials/smo-254-supplier-india.html,SMO 254 Supplier in India,SMO 254 Supplier in India | Rubinox,"Rubinox supplies SMO 254 and 6Mo stainless steel pipes, tubes, sheets, plates, coils across India, with export support, MTC documentation and fast quotations."" /> <meta name=""robots"" content=""index,follow"" /> <link rel=""canonical"" href=""https://rubinoxmetal.com/materials/smo-254-supplier-india.html"" /> <meta property=""og:locale"" content=""en_IN"" /> <meta property=""og:type"" content=""website"" /> <meta property=""og:site_name"" content=""Rubinox Metal and Alloys"" /> <meta property=""og:title"" content=""SMO 254 Supplier in India | Rubinox"" /> <meta property=""og:description"" content=""Rubinox supplies SMO 254 and 6Mo stainless steel pipes, tubes, sheets, plates, coils across India, with export support, MTC documentation and fast quotations."" /> <meta property=""og:url"" content=""https://rubinoxmetal.com/materials/smo-254-supplier-india.html"" /> <meta property=""og:image"" content=""https://rubinoxmetal.com/assets/rubinox-social-preview-2026.jpg"" /> <meta property=""og:image:secure_url"" content=""https://rubinoxmetal.com/assets/rubinox-social-preview-2026.jpg"" /> <meta property=""og:image:type"" content=""image/jpeg"" /> <meta property=""og:image:width"" content=""1200"" /> <meta property=""og:image:height"" content=""630"" /> <meta property=""og:image:alt"" content=""SMO 254 Supplier in India | Rubinox"" /> <meta name=""twitter:card"" content=""summary_large_image"" /> <meta name=""twitter:site"" content=""@rubinoxmetal"" /> <meta name=""twitter:title"" content=""SMO 254 Supplier in India | Rubinox"" /> <meta name=""twitter:description"" content=""Rubinox supplies SMO 254 and 6Mo stainless steel pipes, tubes, sheets, plates, coils across India, with export support, MTC documentation and fast quotations."" /> <meta name=""twitter:image"" content=""https://rubinoxmetal.com/assets/rubinox-social-preview-2026.jpg"" /> <meta name=""twitter:image:alt"" content=""SMO 254 Supplier in India | Rubinox"" /> <!-- Google Analytics --> <script async src=""https://www.googletagmanager.com/gtag/js?id=G-JT5X5L5H07",,materials,yes,yes
materials/smo-254.html,https://rubinoxmetal.com/materials/smo-254.html,SMO 254 (UNS S31254 / 6Mo) Supplier in India,SMO 254 Supplier in India | UNS S31254 / 6Mo | Rubinox,"SMO 254 and UNS S31254 supplier for pipes, plates, sheets, bars, flanges and fittings for chloride and seawater service."" /> <meta name=""robots"" content=""index,follow"" /> <link rel=""canonical"" href=""https://rubinoxmetal.com/materials/smo-254.html"" /> <meta property=""og:locale"" content=""en_IN"" /> <meta property=""og:type"" content=""website"" /> <meta property=""og:site_name"" content=""Rubinox Metal and Alloys"" /> <meta property=""og:title"" content=""SMO 254 Supplier in India | UNS S31254 / 6Mo | Rubinox"" /> <meta property=""og:description"" content=""SMO 254 and UNS S31254 supplier for pipes, plates, sheets, bars, flanges and fittings for chloride and seawater service."" /> <meta property=""og:url"" content=""https://rubinoxmetal.com/materials/smo-254.html"" /> <meta property=""og:image"" content=""https://rubinoxmetal.com/assets/rubinox-social-preview-2026.jpg"" /> <meta property=""og:image:secure_url"" content=""https://rubinoxmetal.com/assets/rubinox-social-preview-2026.jpg"" /> <meta property=""og:image:type"" content=""image/jpeg"" /> <meta property=""og:image:width"" content=""1200"" /> <meta property=""og:image:height"" content=""630"" /> <meta property=""og:image:alt"" content=""SMO 254 Supplier in India | UNS S31254 / 6Mo | Rubinox"" /> <meta name=""twitter:card"" content=""summary_large_image"" /> <meta name=""twitter:site"" content=""@rubinoxmetal"" /> <meta name=""twitter:title"" content=""SMO 254 Supplier in India | UNS S31254 / 6Mo | Rubinox"" /> <meta name=""twitter:description"" content=""SMO 254 and UNS S31254 supplier for pipes, plates, sheets, bars, flanges and fittings for chloride and seawater service."" /> <meta name=""twitter:image"" content=""https://rubinoxmetal.com/assets/rubinox-social-preview-2026.jpg"" /> <meta name=""twitter:image:alt"" content=""SMO 254 Supplier in India | UNS S31254 / 6Mo | Rubinox"" /> <!-- Google Analytics --> <script async src=""https://www.googletagmanager.com/gtag/js?id=G-JT5X5L5H07",,materials,yes,yes
materials/ss-17-4-ph-supplier-india.html,https://rubinoxmetal.com/materials/ss-17-4-ph-supplier-india.html,Stainless Steel 17-4 PH Supplier in India,"SS 17-4 PH Supplier in India | SS 17-4 PH Bars, Rods, Plates","Rubinox supplies Stainless Steel 17-4 PH and SS 17-4 PH round bars, rods, plates across India, with export support, MTC documentation and fast quotations."" /> <meta name=""robots"" content=""index,follow"" /> <link rel=""canonical"" href=""https://rubinoxmetal.com/materials/ss-17-4-ph-supplier-india.html"" /> <meta property=""og:locale"" content=""en_IN"" /> <meta property=""og:type"" content=""website"" /> <meta property=""og:site_name"" content=""Rubinox Metal and Alloys"" /> <meta property=""og:title"" content=""SS 17-4 PH Supplier in India | SS 17-4 PH Bars, Rods, Plates"" /> <meta property=""og:description"" content=""Rubinox supplies Stainless Steel 17-4 PH and SS 17-4 PH round bars, rods, plates across India, with export support, MTC documentation and fast quotations."" /> <meta property=""og:url"" content=""https://rubinoxmetal.com/materials/ss-17-4-ph-supplier-india.html"" /> <meta property=""og:image"" content=""https://rubinoxmetal.com/assets/rubinox-social-preview-2026.jpg"" /> <meta property=""og:image:secure_url"" content=""https://rubinoxmetal.com/assets/rubinox-social-preview-2026.jpg"" /> <meta property=""og:image:type"" content=""image/jpeg"" /> <meta property=""og:image:width"" content=""1200"" /> <meta property=""og:image:height"" content=""630"" /> <meta property=""og:image:alt"" content=""SS 17-4 PH Supplier in India | SS 17-4 PH Bars, Rods, Plates"" /> <meta name=""twitter:card"" content=""summary_large_image"" /> <meta name=""twitter:site"" content=""@rubinoxmetal"" /> <meta name=""twitter:title"" content=""SS 17-4 PH Supplier in India | SS 17-4 PH Bars, Rods, Plates"" /> <meta name=""twitter:description"" content=""Rubinox supplies Stainless Steel 17-4 PH and SS 17-4 PH round bars, rods, plates across India, with export support, MTC documentation and fast quotations."" /> <meta name=""twitter:image"" content=""https://rubinoxmetal.com/assets/rubinox-social-preview-2026.jpg"" /> <meta name=""twitter:image:alt"" content=""SS 17-4 PH Supplier in India | SS 17-4 PH Bars, Rods, Plates"" /> <!-- Google Analytics --> <script async src=""https://www.googletagmanager.com/gtag/js?id=G-JT5X5L5H07",,materials,yes,yes
materials/ss-201-supplier-india.html,https://rubinoxmetal.com/materials/ss-201-supplier-india.html,SS 201 Supplier in India,SS 201 Supplier in India | Rubinox,"Rubinox supplies SS 201 stainless steel sheets, coils, plates, strips, pipes, tubes across India, with export support, MTC documentation and fast quotations."" /> <meta name=""robots"" content=""index,follow"" /> <link rel=""canonical"" href=""https://rubinoxmetal.com/materials/ss-201-supplier-india.html"" /> <meta property=""og:locale"" content=""en_IN"" /> <meta property=""og:type"" content=""website"" /> <meta property=""og:site_name"" content=""Rubinox Metal and Alloys"" /> <meta property=""og:title"" content=""SS 201 Supplier in India | Rubinox"" /> <meta property=""og:description"" content=""Rubinox supplies SS 201 stainless steel sheets, coils, plates, strips, pipes, tubes across India, with export support, MTC documentation and fast quotations."" /> <meta property=""og:url"" content=""https://rubinoxmetal.com/materials/ss-201-supplier-india.html"" /> <meta property=""og:image"" content=""https://rubinoxmetal.com/assets/rubinox-social-preview-2026.jpg"" /> <meta property=""og:image:secure_url"" content=""https://rubinoxmetal.com/assets/rubinox-social-preview-2026.jpg"" /> <meta property=""og:image:type"" content=""image/jpeg"" /> <meta property=""og:image:width"" content=""1200"" /> <meta property=""og:image:height"" content=""630"" /> <meta property=""og:image:alt"" content=""SS 201 Supplier in India | Rubinox"" /> <meta name=""twitter:card"" content=""summary_large_image"" /> <meta name=""twitter:site"" content=""@rubinoxmetal"" /> <meta name=""twitter:title"" content=""SS 201 Supplier in India | Rubinox"" /> <meta name=""twitter:description"" content=""Rubinox supplies SS 201 stainless steel sheets, coils, plates, strips, pipes, tubes across India, with export support, MTC documentation and fast quotations."" /> <meta name=""twitter:image"" content=""https://rubinoxmetal.com/assets/rubinox-social-preview-2026.jpg"" /> <meta name=""twitter:image:alt"" content=""SS 201 Supplier in India | Rubinox"" /> <!-- Google Analytics --> <script async src=""https://www.googletagmanager.com/gtag/js?id=G-JT5X5L5H07",,materials,yes,yes
materials/ss-202-supplier-india.html,https://rubinoxmetal.com/materials/ss-202-supplier-india.html,SS 202 Supplier in India,SS 202 Supplier in India | Rubinox,"Rubinox supplies SS 202 stainless steel sheets, plates, coils, pipes, tubes, rods, bars, angles, flats, fasteners, fittings and flanges across India."" /> <meta name=""robots"" content=""index,follow"" /> <link rel=""canonical"" href=""https://rubinoxmetal.com/materials/ss-202-supplier-india.html"" /> <meta property=""og:locale"" content=""en_IN"" /> <meta property=""og:type"" content=""website"" /> <meta property=""og:site_name"" content=""Rubinox Metal and Alloys"" /> <meta property=""og:title"" content=""SS 202 Supplier in India | Rubinox"" /> <meta property=""og:description"" content=""Rubinox supplies SS 202 stainless steel sheets, plates, coils, pipes, tubes, rods, bars, angles, flats, fasteners, fittings and flanges across India."" /> <meta property=""og:url"" content=""https://rubinoxmetal.com/materials/ss-202-supplier-india.html"" /> <meta property=""og:image"" content=""https://rubinoxmetal.com/assets/rubinox-social-preview-2026.jpg"" /> <meta property=""og:image:secure_url"" content=""https://rubinoxmetal.com/assets/rubinox-social-preview-2026.jpg"" /> <meta property=""og:image:type"" content=""image/jpeg"" /> <meta property=""og:image:width"" content=""1200"" /> <meta property=""og:image:height"" content=""630"" /> <meta property=""og:image:alt"" content=""SS 202 Supplier in India | Rubinox"" /> <meta name=""twitter:card"" content=""summary_large_image"" /> <meta name=""twitter:site"" content=""@rubinoxmetal"" /> <meta name=""twitter:title"" content=""SS 202 Supplier in India | Rubinox"" /> <meta name=""twitter:description"" content=""Rubinox supplies SS 202 stainless steel sheets, plates, coils, pipes, tubes, rods, bars, angles, flats, fasteners, fittings and flanges across India."" /> <meta name=""twitter:image"" content=""https://rubinoxmetal.com/assets/rubinox-social-preview-2026.jpg"" /> <meta name=""twitter:image:alt"" content=""SS 202 Supplier in India | Rubinox"" /> <!-- Google Analytics --> <script async src=""https://www.googletagmanager.com/gtag/js?id=G-JT5X5L5H07",,materials,yes,yes
materials/ss-253ma-supplier-india.html,https://rubinoxmetal.com/materials/ss-253ma-supplier-india.html,Stainless Steel 253MA Supplier in India,"SS 253MA Supplier in India | SS 253MA Pipes, Tubes, Plates","Rubinox supplies Stainless Steel 253MA and SS 253MA pipes, tubes, sheets, plates across India, with export support, MTC documentation and fast quotations."" /> <meta name=""robots"" content=""index,follow"" /> <link rel=""canonical"" href=""https://rubinoxmetal.com/materials/ss-253ma-supplier-india.html"" /> <meta property=""og:locale"" content=""en_IN"" /> <meta property=""og:type"" content=""website"" /> <meta property=""og:site_name"" content=""Rubinox Metal and Alloys"" /> <meta property=""og:title"" content=""SS 253MA Supplier in India | SS 253MA Pipes, Tubes, Plates"" /> <meta property=""og:description"" content=""Rubinox supplies Stainless Steel 253MA and SS 253MA pipes, tubes, sheets, plates across India, with export support, MTC documentation and fast quotations."" /> <meta property=""og:url"" content=""https://rubinoxmetal.com/materials/ss-253ma-supplier-india.html"" /> <meta property=""og:image"" content=""https://rubinoxmetal.com/assets/rubinox-social-preview-2026.jpg"" /> <meta property=""og:image:secure_url"" content=""https://rubinoxmetal.com/assets/rubinox-social-preview-2026.jpg"" /> <meta property=""og:image:type"" content=""image/jpeg"" /> <meta property=""og:image:width"" content=""1200"" /> <meta property=""og:image:height"" content=""630"" /> <meta property=""og:image:alt"" content=""SS 253MA Supplier in India | SS 253MA Pipes, Tubes, Plates"" /> <meta name=""twitter:card"" content=""summary_large_image"" /> <meta name=""twitter:site"" content=""@rubinoxmetal"" /> <meta name=""twitter:title"" content=""SS 253MA Supplier in India | SS 253MA Pipes, Tubes, Plates"" /> <meta name=""twitter:description"" content=""Rubinox supplies Stainless Steel 253MA and SS 253MA pipes, tubes, sheets, plates across India, with export support, MTC documentation and fast quotations."" /> <meta name=""twitter:image"" content=""https://rubinoxmetal.com/assets/rubinox-social-preview-2026.jpg"" /> <meta name=""twitter:image:alt"" content=""SS 253MA Supplier in India | SS 253MA Pipes, Tubes, Plates"" /> <!-- Google Analytics --> <script async src=""https://www.googletagmanager.com/gtag/js?id=G-JT5X5L5H07",,materials,yes,yes
materials/ss-304-supplier-india.html,https://rubinoxmetal.com/materials/ss-304-supplier-india.html,SS 304 Supplier in India,"SS 304 Supplier in India | Pipes, Sheets, Coils, Bars","Rubinox supplies SS 304 pipes, tubes, sheets, plates, coils, bars, rods, angles, flats, flanges, fittings and fasteners across India."" /> <meta name=""robots"" content=""index,follow"" /> <link rel=""canonical"" href=""https://rubinoxmetal.com/materials/ss-304-supplier-india.html"" /> <meta property=""og:locale"" content=""en_IN"" /> <meta property=""og:type"" content=""website"" /> <meta property=""og:site_name"" content=""Rubinox Metal and Alloys"" /> <meta property=""og:title"" content=""SS 304 Supplier in India | Pipes, Sheets, Coils, Bars"" /> <meta property=""og:description"" content=""Rubinox supplies SS 304 pipes, tubes, sheets, plates, coils, bars, rods, angles, flats, flanges, fittings and fasteners across India."" /> <meta property=""og:url"" content=""https://rubinoxmetal.com/materials/ss-304-supplier-india.html"" /> <meta property=""og:image"" content=""https://rubinoxmetal.com/assets/rubinox-social-preview-2026.jpg"" /> <meta property=""og:image:secure_url"" content=""https://rubinoxmetal.com/assets/rubinox-social-preview-2026.jpg"" /> <meta property=""og:image:type"" content=""image/jpeg"" /> <meta property=""og:image:width"" content=""1200"" /> <meta property=""og:image:height"" content=""630"" /> <meta property=""og:image:alt"" content=""SS 304 Supplier in India | Pipes, Sheets, Coils, Bars"" /> <meta name=""twitter:card"" content=""summary_large_image"" /> <meta name=""twitter:site"" content=""@rubinoxmetal"" /> <meta name=""twitter:title"" content=""SS 304 Supplier in India | Pipes, Sheets, Coils, Bars"" /> <meta name=""twitter:description"" content=""Rubinox supplies SS 304 pipes, tubes, sheets, plates, coils, bars, rods, angles, flats, flanges, fittings and fasteners across India."" /> <meta name=""twitter:image"" content=""https://rubinoxmetal.com/assets/rubinox-social-preview-2026.jpg"" /> <meta name=""twitter:image:alt"" content=""SS 304 Supplier in India | Pipes, Sheets, Coils, Bars"" /> <!-- Google Analytics --> <script async src=""https://www.googletagmanager.com/gtag/js?id=G-JT5X5L5H07",,materials,yes,yes
materials/ss-304l-supplier-india.html,https://rubinoxmetal.com/materials/ss-304l-supplier-india.html,SS 304L Supplier in India,SS 304L Supplier in India | Rubinox,"Rubinox supplies SS 304L stainless steel pipes, tubes, sheets, plates, coils, bars across India, with export support, MTC documentation and fast quotations."" /> <meta name=""robots"" content=""index,follow"" /> <link rel=""canonical"" href=""https://rubinoxmetal.com/materials/ss-304l-supplier-india.html"" /> <meta property=""og:locale"" content=""en_IN"" /> <meta property=""og:type"" content=""website"" /> <meta property=""og:site_name"" content=""Rubinox Metal and Alloys"" /> <meta property=""og:title"" content=""SS 304L Supplier in India | Rubinox"" /> <meta property=""og:description"" content=""Rubinox supplies SS 304L stainless steel pipes, tubes, sheets, plates, coils, bars across India, with export support, MTC documentation and fast quotations."" /> <meta property=""og:url"" content=""https://rubinoxmetal.com/materials/ss-304l-supplier-india.html"" /> <meta property=""og:image"" content=""https://rubinoxmetal.com/assets/rubinox-social-preview-2026.jpg"" /> <meta property=""og:image:secure_url"" content=""https://rubinoxmetal.com/assets/rubinox-social-preview-2026.jpg"" /> <meta property=""og:image:type"" content=""image/jpeg"" /> <meta property=""og:image:width"" content=""1200"" /> <meta property=""og:image:height"" content=""630"" /> <meta property=""og:image:alt"" content=""SS 304L Supplier in India | Rubinox"" /> <meta name=""twitter:card"" content=""summary_large_image"" /> <meta name=""twitter:site"" content=""@rubinoxmetal"" /> <meta name=""twitter:title"" content=""SS 304L Supplier in India | Rubinox"" /> <meta name=""twitter:description"" content=""Rubinox supplies SS 304L stainless steel pipes, tubes, sheets, plates, coils, bars across India, with export support, MTC documentation and fast quotations."" /> <meta name=""twitter:image"" content=""https://rubinoxmetal.com/assets/rubinox-social-preview-2026.jpg"" /> <meta name=""twitter:image:alt"" content=""SS 304L Supplier in India | Rubinox"" /> <!-- Google Analytics --> <script async src=""https://www.googletagmanager.com/gtag/js?id=G-JT5X5L5H07",,materials,yes,yes
materials/ss-309-supplier-india.html,https://rubinoxmetal.com/materials/ss-309-supplier-india.html,SS 309 / 309S Supplier in India,SS 309 / 309S Supplier in India | Rubinox,"Rubinox supplies SS 309 and SS 309S pipes, tubes, sheets, plates, coils, bars, rods across India, with export support, MTC documentation and fast quotations."" /> <meta name=""robots"" content=""index,follow"" /> <link rel=""canonical"" href=""https://rubinoxmetal.com/materials/ss-309-supplier-india.html"" /> <meta property=""og:locale"" content=""en_IN"" /> <meta property=""og:type"" content=""website"" /> <meta property=""og:site_name"" content=""Rubinox Metal and Alloys"" /> <meta property=""og:title"" content=""SS 309 / 309S Supplier in India | Rubinox"" /> <meta property=""og:description"" content=""Rubinox supplies SS 309 and SS 309S pipes, tubes, sheets, plates, coils, bars, rods across India, with export support, MTC documentation and fast quotations."" /> <meta property=""og:url"" content=""https://rubinoxmetal.com/materials/ss-309-supplier-india.html"" /> <meta property=""og:image"" content=""https://rubinoxmetal.com/assets/rubinox-social-preview-2026.jpg"" /> <meta property=""og:image:secure_url"" content=""https://rubinoxmetal.com/assets/rubinox-social-preview-2026.jpg"" /> <meta property=""og:image:type"" content=""image/jpeg"" /> <meta property=""og:image:width"" content=""1200"" /> <meta property=""og:image:height"" content=""630"" /> <meta property=""og:image:alt"" content=""SS 309 / 309S Supplier in India | Rubinox"" /> <meta name=""twitter:card"" content=""summary_large_image"" /> <meta name=""twitter:site"" content=""@rubinoxmetal"" /> <meta name=""twitter:title"" content=""SS 309 / 309S Supplier in India | Rubinox"" /> <meta name=""twitter:description"" content=""Rubinox supplies SS 309 and SS 309S pipes, tubes, sheets, plates, coils, bars, rods across India, with export support, MTC documentation and fast quotations."" /> <meta name=""twitter:image"" content=""https://rubinoxmetal.com/assets/rubinox-social-preview-2026.jpg"" /> <meta name=""twitter:image:alt"" content=""SS 309 / 309S Supplier in India | Rubinox"" /> <!-- Google Analytics --> <script async src=""https://www.googletagmanager.com/gtag/js?id=G-JT5X5L5H07",,materials,yes,yes
materials/ss-309s-supplier-india.html,https://rubinoxmetal.com/materials/ss-309s-supplier-india.html,Stainless Steel 309S Supplier in India,"SS 309S Supplier in India | SS 309S Pipes, Sheets, Plates","Rubinox supplies Stainless Steel 309S and SS 309S pipes, tubes, sheets, plates, coils across India, with export support, MTC documentation and fast quotations."" /> <meta name=""robots"" content=""index,follow"" /> <link rel=""canonical"" href=""https://rubinoxmetal.com/materials/ss-309s-supplier-india.html"" /> <meta property=""og:locale"" content=""en_IN"" /> <meta property=""og:type"" content=""website"" /> <meta property=""og:site_name"" content=""Rubinox Metal and Alloys"" /> <meta property=""og:title"" content=""SS 309S Supplier in India | SS 309S Pipes, Sheets, Plates"" /> <meta property=""og:description"" content=""Rubinox supplies Stainless Steel 309S and SS 309S pipes, tubes, sheets, plates, coils across India, with export support, MTC documentation and fast quotations."" /> <meta property=""og:url"" content=""https://rubinoxmetal.com/materials/ss-309s-supplier-india.html"" /> <meta property=""og:image"" content=""https://rubinoxmetal.com/assets/rubinox-social-preview-2026.jpg"" /> <meta property=""og:image:secure_url"" content=""https://rubinoxmetal.com/assets/rubinox-social-preview-2026.jpg"" /> <meta property=""og:image:type"" content=""image/jpeg"" /> <meta property=""og:image:width"" content=""1200"" /> <meta property=""og:image:height"" content=""630"" /> <meta property=""og:image:alt"" content=""SS 309S Supplier in India | SS 309S Pipes, Sheets, Plates"" /> <meta name=""twitter:card"" content=""summary_large_image"" /> <meta name=""twitter:site"" content=""@rubinoxmetal"" /> <meta name=""twitter:title"" content=""SS 309S Supplier in India | SS 309S Pipes, Sheets, Plates"" /> <meta name=""twitter:description"" content=""Rubinox supplies Stainless Steel 309S and SS 309S pipes, tubes, sheets, plates, coils across India, with export support, MTC documentation and fast quotations."" /> <meta name=""twitter:image"" content=""https://rubinoxmetal.com/assets/rubinox-social-preview-2026.jpg"" /> <meta name=""twitter:image:alt"" content=""SS 309S Supplier in India | SS 309S Pipes, Sheets, Plates"" /> <!-- Google Analytics --> <script async src=""https://www.googletagmanager.com/gtag/js?id=G-JT5X5L5H07",,materials,yes,yes
materials/ss-310-supplier-india.html,https://rubinoxmetal.com/materials/ss-310-supplier-india.html,SS 310 Supplier in India,SS 310 Supplier in India | Rubinox,"Rubinox supplies SS 310 stainless steel sheets, plates, coils, pipes, tubes, rods, bars, angles, flats, fasteners, fittings and flanges across India."" /> <meta name=""robots"" content=""index,follow"" /> <link rel=""canonical"" href=""https://rubinoxmetal.com/materials/ss-310-supplier-india.html"" /> <meta property=""og:locale"" content=""en_IN"" /> <meta property=""og:type"" content=""website"" /> <meta property=""og:site_name"" content=""Rubinox Metal and Alloys"" /> <meta property=""og:title"" content=""SS 310 Supplier in India | Rubinox"" /> <meta property=""og:description"" content=""Rubinox supplies SS 310 stainless steel sheets, plates, coils, pipes, tubes, rods, bars, angles, flats, fasteners, fittings and flanges across India."" /> <meta property=""og:url"" content=""https://rubinoxmetal.com/materials/ss-310-supplier-india.html"" /> <meta property=""og:image"" content=""https://rubinoxmetal.com/assets/rubinox-social-preview-2026.jpg"" /> <meta property=""og:image:secure_url"" content=""https://rubinoxmetal.com/assets/rubinox-social-preview-2026.jpg"" /> <meta property=""og:image:type"" content=""image/jpeg"" /> <meta property=""og:image:width"" content=""1200"" /> <meta property=""og:image:height"" content=""630"" /> <meta property=""og:image:alt"" content=""SS 310 Supplier in India | Rubinox"" /> <meta name=""twitter:card"" content=""summary_large_image"" /> <meta name=""twitter:site"" content=""@rubinoxmetal"" /> <meta name=""twitter:title"" content=""SS 310 Supplier in India | Rubinox"" /> <meta name=""twitter:description"" content=""Rubinox supplies SS 310 stainless steel sheets, plates, coils, pipes, tubes, rods, bars, angles, flats, fasteners, fittings and flanges across India."" /> <meta name=""twitter:image"" content=""https://rubinoxmetal.com/assets/rubinox-social-preview-2026.jpg"" /> <meta name=""twitter:image:alt"" content=""SS 310 Supplier in India | Rubinox"" /> <!-- Google Analytics --> <script async src=""https://www.googletagmanager.com/gtag/js?id=G-JT5X5L5H07",,materials,yes,yes
materials/ss-310s-supplier-india.html,https://rubinoxmetal.com/materials/ss-310s-supplier-india.html,Stainless Steel 310S Supplier in India,"SS 310S Supplier in India | SS 310S Pipes, Tubes, Plates","Rubinox supplies Stainless Steel 310S and SS 310S pipes, tubes, sheets, plates, coils across India, with export support, MTC documentation and fast quotations."" /> <meta name=""robots"" content=""index,follow"" /> <link rel=""canonical"" href=""https://rubinoxmetal.com/materials/ss-310s-supplier-india.html"" /> <meta property=""og:locale"" content=""en_IN"" /> <meta property=""og:type"" content=""website"" /> <meta property=""og:site_name"" content=""Rubinox Metal and Alloys"" /> <meta property=""og:title"" content=""SS 310S Supplier in India | SS 310S Pipes, Tubes, Plates"" /> <meta property=""og:description"" content=""Rubinox supplies Stainless Steel 310S and SS 310S pipes, tubes, sheets, plates, coils across India, with export support, MTC documentation and fast quotations."" /> <meta property=""og:url"" content=""https://rubinoxmetal.com/materials/ss-310s-supplier-india.html"" /> <meta property=""og:image"" content=""https://rubinoxmetal.com/assets/rubinox-social-preview-2026.jpg"" /> <meta property=""og:image:secure_url"" content=""https://rubinoxmetal.com/assets/rubinox-social-preview-2026.jpg"" /> <meta property=""og:image:type"" content=""image/jpeg"" /> <meta property=""og:image:width"" content=""1200"" /> <meta property=""og:image:height"" content=""630"" /> <meta property=""og:image:alt"" content=""SS 310S Supplier in India | SS 310S Pipes, Tubes, Plates"" /> <meta name=""twitter:card"" content=""summary_large_image"" /> <meta name=""twitter:site"" content=""@rubinoxmetal"" /> <meta name=""twitter:title"" content=""SS 310S Supplier in India | SS 310S Pipes, Tubes, Plates"" /> <meta name=""twitter:description"" content=""Rubinox supplies Stainless Steel 310S and SS 310S pipes, tubes, sheets, plates, coils across India, with export support, MTC documentation and fast quotations."" /> <meta name=""twitter:image"" content=""https://rubinoxmetal.com/assets/rubinox-social-preview-2026.jpg"" /> <meta name=""twitter:image:alt"" content=""SS 310S Supplier in India | SS 310S Pipes, Tubes, Plates"" /> <!-- Google Analytics --> <script async src=""https://www.googletagmanager.com/gtag/js?id=G-JT5X5L5H07",,materials,yes,yes
materials/ss-316-supplier-india.html,https://rubinoxmetal.com/materials/ss-316-supplier-india.html,SS 316 Supplier in India,"SS 316 Supplier in India | Pipes, Sheets, Plates, Bars","Rubinox supplies SS 316 pipes, tubes, sheets, plates, coils, bars, rods, angles, flats, flanges, fittings and fasteners across India."" /> <meta name=""robots"" content=""index,follow"" /> <link rel=""canonical"" href=""https://rubinoxmetal.com/materials/ss-316-supplier-india.html"" /> <meta property=""og:locale"" content=""en_IN"" /> <meta property=""og:type"" content=""website"" /> <meta property=""og:site_name"" content=""Rubinox Metal and Alloys"" /> <meta property=""og:title"" content=""SS 316 Supplier in India | Pipes, Sheets, Plates, Bars"" /> <meta property=""og:description"" content=""Rubinox supplies SS 316 pipes, tubes, sheets, plates, coils, bars, rods, angles, flats, flanges, fittings and fasteners across India."" /> <meta property=""og:url"" content=""https://rubinoxmetal.com/materials/ss-316-supplier-india.html"" /> <meta property=""og:image"" content=""https://rubinoxmetal.com/assets/rubinox-social-preview-2026.jpg"" /> <meta property=""og:image:secure_url"" content=""https://rubinoxmetal.com/assets/rubinox-social-preview-2026.jpg"" /> <meta property=""og:image:type"" content=""image/jpeg"" /> <meta property=""og:image:width"" content=""1200"" /> <meta property=""og:image:height"" content=""630"" /> <meta property=""og:image:alt"" content=""SS 316 Supplier in India | Pipes, Sheets, Plates, Bars"" /> <meta name=""twitter:card"" content=""summary_large_image"" /> <meta name=""twitter:site"" content=""@rubinoxmetal"" /> <meta name=""twitter:title"" content=""SS 316 Supplier in India | Pipes, Sheets, Plates, Bars"" /> <meta name=""twitter:description"" content=""Rubinox supplies SS 316 pipes, tubes, sheets, plates, coils, bars, rods, angles, flats, flanges, fittings and fasteners across India."" /> <meta name=""twitter:image"" content=""https://rubinoxmetal.com/assets/rubinox-social-preview-2026.jpg"" /> <meta name=""twitter:image:alt"" content=""SS 316 Supplier in India | Pipes, Sheets, Plates, Bars"" /> <!-- Google Analytics --> <script async src=""https://www.googletagmanager.com/gtag/js?id=G-JT5X5L5H07",,materials,yes,yes
materials/ss-316l-supplier-india.html,https://rubinoxmetal.com/materials/ss-316l-supplier-india.html,SS 316L Supplier in India,"SS 316L Supplier in India | Tubes, Sheets, Coils, Fittings","Rubinox supplies SS 316L pipes, tubes, sheets, plates, coils, bars, flanges, fittings and fasteners across India with export support."" /> <meta name=""robots"" content=""index,follow"" /> <link rel=""canonical"" href=""https://rubinoxmetal.com/materials/ss-316l-supplier-india.html"" /> <meta property=""og:locale"" content=""en_IN"" /> <meta property=""og:type"" content=""website"" /> <meta property=""og:site_name"" content=""Rubinox Metal and Alloys"" /> <meta property=""og:title"" content=""SS 316L Supplier in India | Tubes, Sheets, Coils, Fittings"" /> <meta property=""og:description"" content=""Rubinox supplies SS 316L pipes, tubes, sheets, plates, coils, bars, flanges, fittings and fasteners across India with export support."" /> <meta property=""og:url"" content=""https://rubinoxmetal.com/materials/ss-316l-supplier-india.html"" /> <meta property=""og:image"" content=""https://rubinoxmetal.com/assets/rubinox-social-preview-2026.jpg"" /> <meta property=""og:image:secure_url"" content=""https://rubinoxmetal.com/assets/rubinox-social-preview-2026.jpg"" /> <meta property=""og:image:type"" content=""image/jpeg"" /> <meta property=""og:image:width"" content=""1200"" /> <meta property=""og:image:height"" content=""630"" /> <meta property=""og:image:alt"" content=""SS 316L Supplier in India | Tubes, Sheets, Coils, Fittings"" /> <meta name=""twitter:card"" content=""summary_large_image"" /> <meta name=""twitter:site"" content=""@rubinoxmetal"" /> <meta name=""twitter:title"" content=""SS 316L Supplier in India | Tubes, Sheets, Coils, Fittings"" /> <meta name=""twitter:description"" content=""Rubinox supplies SS 316L pipes, tubes, sheets, plates, coils, bars, flanges, fittings and fasteners across India with export support."" /> <meta name=""twitter:image"" content=""https://rubinoxmetal.com/assets/rubinox-social-preview-2026.jpg"" /> <meta name=""twitter:image:alt"" content=""SS 316L Supplier in India | Tubes, Sheets, Coils, Fittings"" /> <!-- Google Analytics --> <script async src=""https://www.googletagmanager.com/gtag/js?id=G-JT5X5L5H07",,materials,yes,yes
materials/ss-316ti-supplier-india.html,https://rubinoxmetal.com/materials/ss-316ti-supplier-india.html,Stainless Steel 316Ti Supplier in India,"SS 316Ti Supplier in India | SS 316Ti Pipes, Tubes, Plates","Rubinox supplies Stainless Steel 316Ti and SS 316Ti pipes, tubes, sheets, plates across India, with export support, MTC documentation and fast quotations."" /> <meta name=""robots"" content=""index,follow"" /> <link rel=""canonical"" href=""https://rubinoxmetal.com/materials/ss-316ti-supplier-india.html"" /> <meta property=""og:locale"" content=""en_IN"" /> <meta property=""og:type"" content=""website"" /> <meta property=""og:site_name"" content=""Rubinox Metal and Alloys"" /> <meta property=""og:title"" content=""SS 316Ti Supplier in India | SS 316Ti Pipes, Tubes, Plates"" /> <meta property=""og:description"" content=""Rubinox supplies Stainless Steel 316Ti and SS 316Ti pipes, tubes, sheets, plates across India, with export support, MTC documentation and fast quotations."" /> <meta property=""og:url"" content=""https://rubinoxmetal.com/materials/ss-316ti-supplier-india.html"" /> <meta property=""og:image"" content=""https://rubinoxmetal.com/assets/rubinox-social-preview-2026.jpg"" /> <meta property=""og:image:secure_url"" content=""https://rubinoxmetal.com/assets/rubinox-social-preview-2026.jpg"" /> <meta property=""og:image:type"" content=""image/jpeg"" /> <meta property=""og:image:width"" content=""1200"" /> <meta property=""og:image:height"" content=""630"" /> <meta property=""og:image:alt"" content=""SS 316Ti Supplier in India | SS 316Ti Pipes, Tubes, Plates"" /> <meta name=""twitter:card"" content=""summary_large_image"" /> <meta name=""twitter:site"" content=""@rubinoxmetal"" /> <meta name=""twitter:title"" content=""SS 316Ti Supplier in India | SS 316Ti Pipes, Tubes, Plates"" /> <meta name=""twitter:description"" content=""Rubinox supplies Stainless Steel 316Ti and SS 316Ti pipes, tubes, sheets, plates across India, with export support, MTC documentation and fast quotations."" /> <meta name=""twitter:image"" content=""https://rubinoxmetal.com/assets/rubinox-social-preview-2026.jpg"" /> <meta name=""twitter:image:alt"" content=""SS 316Ti Supplier in India | SS 316Ti Pipes, Tubes, Plates"" /> <!-- Google Analytics --> <script async src=""https://www.googletagmanager.com/gtag/js?id=G-JT5X5L5H07",,materials,yes,yes
materials/ss-317l-supplier-india.html,https://rubinoxmetal.com/materials/ss-317l-supplier-india.html,SS 317L Supplier in India,SS 317L Supplier in India | Rubinox,"Rubinox supplies SS 317L pipes, tubes, sheets, plates, coils, bars, rods, flanges across India, with export support, MTC documentation and fast quotations."" /> <meta name=""robots"" content=""index,follow"" /> <link rel=""canonical"" href=""https://rubinoxmetal.com/materials/ss-317l-supplier-india.html"" /> <meta property=""og:locale"" content=""en_IN"" /> <meta property=""og:type"" content=""website"" /> <meta property=""og:site_name"" content=""Rubinox Metal and Alloys"" /> <meta property=""og:title"" content=""SS 317L Supplier in India | Rubinox"" /> <meta property=""og:description"" content=""Rubinox supplies SS 317L pipes, tubes, sheets, plates, coils, bars, rods, flanges across India, with export support, MTC documentation and fast quotations."" /> <meta property=""og:url"" content=""https://rubinoxmetal.com/materials/ss-317l-supplier-india.html"" /> <meta property=""og:image"" content=""https://rubinoxmetal.com/assets/rubinox-social-preview-2026.jpg"" /> <meta property=""og:image:secure_url"" content=""https://rubinoxmetal.com/assets/rubinox-social-preview-2026.jpg"" /> <meta property=""og:image:type"" content=""image/jpeg"" /> <meta property=""og:image:width"" content=""1200"" /> <meta property=""og:image:height"" content=""630"" /> <meta property=""og:image:alt"" content=""SS 317L Supplier in India | Rubinox"" /> <meta name=""twitter:card"" content=""summary_large_image"" /> <meta name=""twitter:site"" content=""@rubinoxmetal"" /> <meta name=""twitter:title"" content=""SS 317L Supplier in India | Rubinox"" /> <meta name=""twitter:description"" content=""Rubinox supplies SS 317L pipes, tubes, sheets, plates, coils, bars, rods, flanges across India, with export support, MTC documentation and fast quotations."" /> <meta name=""twitter:image"" content=""https://rubinoxmetal.com/assets/rubinox-social-preview-2026.jpg"" /> <meta name=""twitter:image:alt"" content=""SS 317L Supplier in India | Rubinox"" /> <!-- Google Analytics --> <script async src=""https://www.googletagmanager.com/gtag/js?id=G-JT5X5L5H07",,materials,yes,yes
materials/ss-321-supplier-india.html,https://rubinoxmetal.com/materials/ss-321-supplier-india.html,SS 321 Supplier in India,SS 321 Supplier in India | Rubinox,"Rubinox supplies SS 321 stainless steel sheets, plates, coils, pipes, tubes, rods, bars, angles, flats, fasteners, fittings and flanges across India."" /> <meta name=""robots"" content=""index,follow"" /> <link rel=""canonical"" href=""https://rubinoxmetal.com/materials/ss-321-supplier-india.html"" /> <meta property=""og:locale"" content=""en_IN"" /> <meta property=""og:type"" content=""website"" /> <meta property=""og:site_name"" content=""Rubinox Metal and Alloys"" /> <meta property=""og:title"" content=""SS 321 Supplier in India | Rubinox"" /> <meta property=""og:description"" content=""Rubinox supplies SS 321 stainless steel sheets, plates, coils, pipes, tubes, rods, bars, angles, flats, fasteners, fittings and flanges across India."" /> <meta property=""og:url"" content=""https://rubinoxmetal.com/materials/ss-321-supplier-india.html"" /> <meta property=""og:image"" content=""https://rubinoxmetal.com/assets/rubinox-social-preview-2026.jpg"" /> <meta property=""og:image:secure_url"" content=""https://rubinoxmetal.com/assets/rubinox-social-preview-2026.jpg"" /> <meta property=""og:image:type"" content=""image/jpeg"" /> <meta property=""og:image:width"" content=""1200"" /> <meta property=""og:image:height"" content=""630"" /> <meta property=""og:image:alt"" content=""SS 321 Supplier in India | Rubinox"" /> <meta name=""twitter:card"" content=""summary_large_image"" /> <meta name=""twitter:site"" content=""@rubinoxmetal"" /> <meta name=""twitter:title"" content=""SS 321 Supplier in India | Rubinox"" /> <meta name=""twitter:description"" content=""Rubinox supplies SS 321 stainless steel sheets, plates, coils, pipes, tubes, rods, bars, angles, flats, fasteners, fittings and flanges across India."" /> <meta name=""twitter:image"" content=""https://rubinoxmetal.com/assets/rubinox-social-preview-2026.jpg"" /> <meta name=""twitter:image:alt"" content=""SS 321 Supplier in India | Rubinox"" /> <!-- Google Analytics --> <script async src=""https://www.googletagmanager.com/gtag/js?id=G-JT5X5L5H07",,materials,yes,yes
materials/ss-321h-supplier-india.html,https://rubinoxmetal.com/materials/ss-321h-supplier-india.html,Stainless Steel 321H Supplier in India,"SS 321H Supplier in India | SS 321H Pipes, Tubes, Plates","Rubinox supplies Stainless Steel 321H and SS 321H pipes, tubes, sheets, plates, coils across India, with export support, MTC documentation and fast quotations."" /> <meta name=""robots"" content=""index,follow"" /> <link rel=""canonical"" href=""https://rubinoxmetal.com/materials/ss-321h-supplier-india.html"" /> <meta property=""og:locale"" content=""en_IN"" /> <meta property=""og:type"" content=""website"" /> <meta property=""og:site_name"" content=""Rubinox Metal and Alloys"" /> <meta property=""og:title"" content=""SS 321H Supplier in India | SS 321H Pipes, Tubes, Plates"" /> <meta property=""og:description"" content=""Rubinox supplies Stainless Steel 321H and SS 321H pipes, tubes, sheets, plates, coils across India, with export support, MTC documentation and fast quotations."" /> <meta property=""og:url"" content=""https://rubinoxmetal.com/materials/ss-321h-supplier-india.html"" /> <meta property=""og:image"" content=""https://rubinoxmetal.com/assets/rubinox-social-preview-2026.jpg"" /> <meta property=""og:image:secure_url"" content=""https://rubinoxmetal.com/assets/rubinox-social-preview-2026.jpg"" /> <meta property=""og:image:type"" content=""image/jpeg"" /> <meta property=""og:image:width"" content=""1200"" /> <meta property=""og:image:height"" content=""630"" /> <meta property=""og:image:alt"" content=""SS 321H Supplier in India | SS 321H Pipes, Tubes, Plates"" /> <meta name=""twitter:card"" content=""summary_large_image"" /> <meta name=""twitter:site"" content=""@rubinoxmetal"" /> <meta name=""twitter:title"" content=""SS 321H Supplier in India | SS 321H Pipes, Tubes, Plates"" /> <meta name=""twitter:description"" content=""Rubinox supplies Stainless Steel 321H and SS 321H pipes, tubes, sheets, plates, coils across India, with export support, MTC documentation and fast quotations."" /> <meta name=""twitter:image"" content=""https://rubinoxmetal.com/assets/rubinox-social-preview-2026.jpg"" /> <meta name=""twitter:image:alt"" content=""SS 321H Supplier in India | SS 321H Pipes, Tubes, Plates"" /> <!-- Google Analytics --> <script async src=""https://www.googletagmanager.com/gtag/js?id=G-JT5X5L5H07",,materials,yes,yes
materials/ss-347-supplier-india.html,https://rubinoxmetal.com/materials/ss-347-supplier-india.html,Stainless Steel 347 Supplier in India,"SS 347 Supplier in India | SS 347 Pipes, Tubes, Plates","Rubinox supplies Stainless Steel 347 and SS 347 pipes, tubes, sheets, plates, coils across India, with export support, MTC documentation and fast quotations."" /> <meta name=""robots"" content=""index,follow"" /> <link rel=""canonical"" href=""https://rubinoxmetal.com/materials/ss-347-supplier-india.html"" /> <meta property=""og:locale"" content=""en_IN"" /> <meta property=""og:type"" content=""website"" /> <meta property=""og:site_name"" content=""Rubinox Metal and Alloys"" /> <meta property=""og:title"" content=""SS 347 Supplier in India | SS 347 Pipes, Tubes, Plates"" /> <meta property=""og:description"" content=""Rubinox supplies Stainless Steel 347 and SS 347 pipes, tubes, sheets, plates, coils across India, with export support, MTC documentation and fast quotations."" /> <meta property=""og:url"" content=""https://rubinoxmetal.com/materials/ss-347-supplier-india.html"" /> <meta property=""og:image"" content=""https://rubinoxmetal.com/assets/rubinox-social-preview-2026.jpg"" /> <meta property=""og:image:secure_url"" content=""https://rubinoxmetal.com/assets/rubinox-social-preview-2026.jpg"" /> <meta property=""og:image:type"" content=""image/jpeg"" /> <meta property=""og:image:width"" content=""1200"" /> <meta property=""og:image:height"" content=""630"" /> <meta property=""og:image:alt"" content=""SS 347 Supplier in India | SS 347 Pipes, Tubes, Plates"" /> <meta name=""twitter:card"" content=""summary_large_image"" /> <meta name=""twitter:site"" content=""@rubinoxmetal"" /> <meta name=""twitter:title"" content=""SS 347 Supplier in India | SS 347 Pipes, Tubes, Plates"" /> <meta name=""twitter:description"" content=""Rubinox supplies Stainless Steel 347 and SS 347 pipes, tubes, sheets, plates, coils across India, with export support, MTC documentation and fast quotations."" /> <meta name=""twitter:image"" content=""https://rubinoxmetal.com/assets/rubinox-social-preview-2026.jpg"" /> <meta name=""twitter:image:alt"" content=""SS 347 Supplier in India | SS 347 Pipes, Tubes, Plates"" /> <!-- Google Analytics --> <script async src=""https://www.googletagmanager.com/gtag/js?id=G-JT5X5L5H07",,materials,yes,yes
materials/ss-347h-supplier-india.html,https://rubinoxmetal.com/materials/ss-347h-supplier-india.html,Stainless Steel 347H Supplier in India,"SS 347H Supplier in India | SS 347H Pipes, Tubes, Plates","Rubinox supplies Stainless Steel 347H and SS 347H pipes, tubes, sheets, plates, coils across India, with export support, MTC documentation and fast quotations."" /> <meta name=""robots"" content=""index,follow"" /> <link rel=""canonical"" href=""https://rubinoxmetal.com/materials/ss-347h-supplier-india.html"" /> <meta property=""og:locale"" content=""en_IN"" /> <meta property=""og:type"" content=""website"" /> <meta property=""og:site_name"" content=""Rubinox Metal and Alloys"" /> <meta property=""og:title"" content=""SS 347H Supplier in India | SS 347H Pipes, Tubes, Plates"" /> <meta property=""og:description"" content=""Rubinox supplies Stainless Steel 347H and SS 347H pipes, tubes, sheets, plates, coils across India, with export support, MTC documentation and fast quotations."" /> <meta property=""og:url"" content=""https://rubinoxmetal.com/materials/ss-347h-supplier-india.html"" /> <meta property=""og:image"" content=""https://rubinoxmetal.com/assets/rubinox-social-preview-2026.jpg"" /> <meta property=""og:image:secure_url"" content=""https://rubinoxmetal.com/assets/rubinox-social-preview-2026.jpg"" /> <meta property=""og:image:type"" content=""image/jpeg"" /> <meta property=""og:image:width"" content=""1200"" /> <meta property=""og:image:height"" content=""630"" /> <meta property=""og:image:alt"" content=""SS 347H Supplier in India | SS 347H Pipes, Tubes, Plates"" /> <meta name=""twitter:card"" content=""summary_large_image"" /> <meta name=""twitter:site"" content=""@rubinoxmetal"" /> <meta name=""twitter:title"" content=""SS 347H Supplier in India | SS 347H Pipes, Tubes, Plates"" /> <meta name=""twitter:description"" content=""Rubinox supplies Stainless Steel 347H and SS 347H pipes, tubes, sheets, plates, coils across India, with export support, MTC documentation and fast quotations."" /> <meta name=""twitter:image"" content=""https://rubinoxmetal.com/assets/rubinox-social-preview-2026.jpg"" /> <meta name=""twitter:image:alt"" content=""SS 347H Supplier in India | SS 347H Pipes, Tubes, Plates"" /> <!-- Google Analytics --> <script async src=""https://www.googletagmanager.com/gtag/js?id=G-JT5X5L5H07",,materials,yes,yes
materials/ss-409-supplier-india.html,https://rubinoxmetal.com/materials/ss-409-supplier-india.html,SS 409 Supplier in India,SS 409 Supplier in India | Rubinox,"Rubinox supplies SS 409 stainless steel sheets, coils, plates, strips, pipes, tubes across India, with export support, MTC documentation and fast quotations."" /> <meta name=""robots"" content=""index,follow"" /> <link rel=""canonical"" href=""https://rubinoxmetal.com/materials/ss-409-supplier-india.html"" /> <meta property=""og:locale"" content=""en_IN"" /> <meta property=""og:type"" content=""website"" /> <meta property=""og:site_name"" content=""Rubinox Metal and Alloys"" /> <meta property=""og:title"" content=""SS 409 Supplier in India | Rubinox"" /> <meta property=""og:description"" content=""Rubinox supplies SS 409 stainless steel sheets, coils, plates, strips, pipes, tubes across India, with export support, MTC documentation and fast quotations."" /> <meta property=""og:url"" content=""https://rubinoxmetal.com/materials/ss-409-supplier-india.html"" /> <meta property=""og:image"" content=""https://rubinoxmetal.com/assets/rubinox-social-preview-2026.jpg"" /> <meta property=""og:image:secure_url"" content=""https://rubinoxmetal.com/assets/rubinox-social-preview-2026.jpg"" /> <meta property=""og:image:type"" content=""image/jpeg"" /> <meta property=""og:image:width"" content=""1200"" /> <meta property=""og:image:height"" content=""630"" /> <meta property=""og:image:alt"" content=""SS 409 Supplier in India | Rubinox"" /> <meta name=""twitter:card"" content=""summary_large_image"" /> <meta name=""twitter:site"" content=""@rubinoxmetal"" /> <meta name=""twitter:title"" content=""SS 409 Supplier in India | Rubinox"" /> <meta name=""twitter:description"" content=""Rubinox supplies SS 409 stainless steel sheets, coils, plates, strips, pipes, tubes across India, with export support, MTC documentation and fast quotations."" /> <meta name=""twitter:image"" content=""https://rubinoxmetal.com/assets/rubinox-social-preview-2026.jpg"" /> <meta name=""twitter:image:alt"" content=""SS 409 Supplier in India | Rubinox"" /> <!-- Google Analytics --> <script async src=""https://www.googletagmanager.com/gtag/js?id=G-JT5X5L5H07",,materials,yes,yes
materials/ss-410-supplier-india.html,https://rubinoxmetal.com/materials/ss-410-supplier-india.html,SS 410 Supplier in India,SS 410 Supplier in India | Rubinox,"Rubinox supplies SS 410 stainless steel bars, rods, sheets, plates, pipes, tubes across India, with export support, MTC documentation and fast quotations."" /> <meta name=""robots"" content=""index,follow"" /> <link rel=""canonical"" href=""https://rubinoxmetal.com/materials/ss-410-supplier-india.html"" /> <meta property=""og:locale"" content=""en_IN"" /> <meta property=""og:type"" content=""website"" /> <meta property=""og:site_name"" content=""Rubinox Metal and Alloys"" /> <meta property=""og:title"" content=""SS 410 Supplier in India | Rubinox"" /> <meta property=""og:description"" content=""Rubinox supplies SS 410 stainless steel bars, rods, sheets, plates, pipes, tubes across India, with export support, MTC documentation and fast quotations."" /> <meta property=""og:url"" content=""https://rubinoxmetal.com/materials/ss-410-supplier-india.html"" /> <meta property=""og:image"" content=""https://rubinoxmetal.com/assets/rubinox-social-preview-2026.jpg"" /> <meta property=""og:image:secure_url"" content=""https://rubinoxmetal.com/assets/rubinox-social-preview-2026.jpg"" /> <meta property=""og:image:type"" content=""image/jpeg"" /> <meta property=""og:image:width"" content=""1200"" /> <meta property=""og:image:height"" content=""630"" /> <meta property=""og:image:alt"" content=""SS 410 Supplier in India | Rubinox"" /> <meta name=""twitter:card"" content=""summary_large_image"" /> <meta name=""twitter:site"" content=""@rubinoxmetal"" /> <meta name=""twitter:title"" content=""SS 410 Supplier in India | Rubinox"" /> <meta name=""twitter:description"" content=""Rubinox supplies SS 410 stainless steel bars, rods, sheets, plates, pipes, tubes across India, with export support, MTC documentation and fast quotations."" /> <meta name=""twitter:image"" content=""https://rubinoxmetal.com/assets/rubinox-social-preview-2026.jpg"" /> <meta name=""twitter:image:alt"" content=""SS 410 Supplier in India | Rubinox"" /> <!-- Google Analytics --> <script async src=""https://www.googletagmanager.com/gtag/js?id=G-JT5X5L5H07",,materials,yes,yes
materials/ss-420-supplier-india.html,https://rubinoxmetal.com/materials/ss-420-supplier-india.html,SS 420 Supplier in India,SS 420 Supplier in India | Rubinox,"Rubinox supplies SS 420 stainless steel bars, rods, sheets, plates, pipes, tubes across India, with export support, MTC documentation and fast quotations."" /> <meta name=""robots"" content=""index,follow"" /> <link rel=""canonical"" href=""https://rubinoxmetal.com/materials/ss-420-supplier-india.html"" /> <meta property=""og:locale"" content=""en_IN"" /> <meta property=""og:type"" content=""website"" /> <meta property=""og:site_name"" content=""Rubinox Metal and Alloys"" /> <meta property=""og:title"" content=""SS 420 Supplier in India | Rubinox"" /> <meta property=""og:description"" content=""Rubinox supplies SS 420 stainless steel bars, rods, sheets, plates, pipes, tubes across India, with export support, MTC documentation and fast quotations."" /> <meta property=""og:url"" content=""https://rubinoxmetal.com/materials/ss-420-supplier-india.html"" /> <meta property=""og:image"" content=""https://rubinoxmetal.com/assets/rubinox-social-preview-2026.jpg"" /> <meta property=""og:image:secure_url"" content=""https://rubinoxmetal.com/assets/rubinox-social-preview-2026.jpg"" /> <meta property=""og:image:type"" content=""image/jpeg"" /> <meta property=""og:image:width"" content=""1200"" /> <meta property=""og:image:height"" content=""630"" /> <meta property=""og:image:alt"" content=""SS 420 Supplier in India | Rubinox"" /> <meta name=""twitter:card"" content=""summary_large_image"" /> <meta name=""twitter:site"" content=""@rubinoxmetal"" /> <meta name=""twitter:title"" content=""SS 420 Supplier in India | Rubinox"" /> <meta name=""twitter:description"" content=""Rubinox supplies SS 420 stainless steel bars, rods, sheets, plates, pipes, tubes across India, with export support, MTC documentation and fast quotations."" /> <meta name=""twitter:image"" content=""https://rubinoxmetal.com/assets/rubinox-social-preview-2026.jpg"" /> <meta name=""twitter:image:alt"" content=""SS 420 Supplier in India | Rubinox"" /> <!-- Google Analytics --> <script async src=""https://www.googletagmanager.com/gtag/js?id=G-JT5X5L5H07",,materials,yes,yes
materials/ss-430-supplier-india.html,https://rubinoxmetal.com/materials/ss-430-supplier-india.html,SS 430 Supplier in India,SS 430 Supplier in India | Rubinox,"Rubinox supplies SS 430 stainless steel sheets, coils, plates, strips, flats, angles across India, with export support, MTC documentation and fast quotations."" /> <meta name=""robots"" content=""index,follow"" /> <link rel=""canonical"" href=""https://rubinoxmetal.com/materials/ss-430-supplier-india.html"" /> <meta property=""og:locale"" content=""en_IN"" /> <meta property=""og:type"" content=""website"" /> <meta property=""og:site_name"" content=""Rubinox Metal and Alloys"" /> <meta property=""og:title"" content=""SS 430 Supplier in India | Rubinox"" /> <meta property=""og:description"" content=""Rubinox supplies SS 430 stainless steel sheets, coils, plates, strips, flats, angles across India, with export support, MTC documentation and fast quotations."" /> <meta property=""og:url"" content=""https://rubinoxmetal.com/materials/ss-430-supplier-india.html"" /> <meta property=""og:image"" content=""https://rubinoxmetal.com/assets/rubinox-social-preview-2026.jpg"" /> <meta property=""og:image:secure_url"" content=""https://rubinoxmetal.com/assets/rubinox-social-preview-2026.jpg"" /> <meta property=""og:image:type"" content=""image/jpeg"" /> <meta property=""og:image:width"" content=""1200"" /> <meta property=""og:image:height"" content=""630"" /> <meta property=""og:image:alt"" content=""SS 430 Supplier in India | Rubinox"" /> <meta name=""twitter:card"" content=""summary_large_image"" /> <meta name=""twitter:site"" content=""@rubinoxmetal"" /> <meta name=""twitter:title"" content=""SS 430 Supplier in India | Rubinox"" /> <meta name=""twitter:description"" content=""Rubinox supplies SS 430 stainless steel sheets, coils, plates, strips, flats, angles across India, with export support, MTC documentation and fast quotations."" /> <meta name=""twitter:image"" content=""https://rubinoxmetal.com/assets/rubinox-social-preview-2026.jpg"" /> <meta name=""twitter:image:alt"" content=""SS 430 Supplier in India | Rubinox"" /> <!-- Google Analytics --> <script async src=""https://www.googletagmanager.com/gtag/js?id=G-JT5X5L5H07",,materials,yes,yes
materials/ss-904l-supplier-india.html,https://rubinoxmetal.com/materials/ss-904l-supplier-india.html,SS 904L Supplier in India,SS 904L Supplier in India | Rubinox,"Rubinox supplies SS 904L pipes, tubes, sheets, plates, coils, bars, rods, flanges across India, with export support, MTC documentation and fast quotations."" /> <meta name=""robots"" content=""index,follow"" /> <link rel=""canonical"" href=""https://rubinoxmetal.com/materials/ss-904l-supplier-india.html"" /> <meta property=""og:locale"" content=""en_IN"" /> <meta property=""og:type"" content=""website"" /> <meta property=""og:site_name"" content=""Rubinox Metal and Alloys"" /> <meta property=""og:title"" content=""SS 904L Supplier in India | Rubinox"" /> <meta property=""og:description"" content=""Rubinox supplies SS 904L pipes, tubes, sheets, plates, coils, bars, rods, flanges across India, with export support, MTC documentation and fast quotations."" /> <meta property=""og:url"" content=""https://rubinoxmetal.com/materials/ss-904l-supplier-india.html"" /> <meta property=""og:image"" content=""https://rubinoxmetal.com/assets/rubinox-social-preview-2026.jpg"" /> <meta property=""og:image:secure_url"" content=""https://rubinoxmetal.com/assets/rubinox-social-preview-2026.jpg"" /> <meta property=""og:image:type"" content=""image/jpeg"" /> <meta property=""og:image:width"" content=""1200"" /> <meta property=""og:image:height"" content=""630"" /> <meta property=""og:image:alt"" content=""SS 904L Supplier in India | Rubinox"" /> <meta name=""twitter:card"" content=""summary_large_image"" /> <meta name=""twitter:site"" content=""@rubinoxmetal"" /> <meta name=""twitter:title"" content=""SS 904L Supplier in India | Rubinox"" /> <meta name=""twitter:description"" content=""Rubinox supplies SS 904L pipes, tubes, sheets, plates, coils, bars, rods, flanges across India, with export support, MTC documentation and fast quotations."" /> <meta name=""twitter:image"" content=""https://rubinoxmetal.com/assets/rubinox-social-preview-2026.jpg"" /> <meta name=""twitter:image:alt"" content=""SS 904L Supplier in India | Rubinox"" /> <!-- Google Analytics --> <script async src=""https://www.googletagmanager.com/gtag/js?id=G-JT5X5L5H07",,materials,yes,yes
materials/stainless-steel-angles-supplier-india.html,https://rubinoxmetal.com/materials/stainless-steel-angles-supplier-india.html,Stainless Steel Angles Supplier in India,"SS Angles Supplier in India | SS 304, 316, 316L Angles","Rubinox supplies stainless steel angles including equal angles, unequal angles and L angles in SS 304, 316, 316L and other grades across India."" /> <meta name=""robots"" content=""index,follow"" /> <link rel=""canonical"" href=""https://rubinoxmetal.com/materials/stainless-steel-angles-supplier-india.html"" /> <meta property=""og:locale"" content=""en_IN"" /> <meta property=""og:type"" content=""website"" /> <meta property=""og:site_name"" content=""Rubinox Metal and Alloys"" /> <meta property=""og:title"" content=""SS Angles Supplier in India | SS 304, 316, 316L Angles"" /> <meta property=""og:description"" content=""Rubinox supplies stainless steel angles including equal angles, unequal angles and L angles in SS 304, 316, 316L and other grades across India."" /> <meta property=""og:url"" content=""https://rubinoxmetal.com/materials/stainless-steel-angles-supplier-india.html"" /> <meta property=""og:image"" content=""https://rubinoxmetal.com/assets/rubinox-social-preview-2026.jpg"" /> <meta property=""og:image:secure_url"" content=""https://rubinoxmetal.com/assets/rubinox-social-preview-2026.jpg"" /> <meta property=""og:image:type"" content=""image/jpeg"" /> <meta property=""og:image:width"" content=""1200"" /> <meta property=""og:image:height"" content=""630"" /> <meta property=""og:image:alt"" content=""SS Angles Supplier in India | SS 304, 316, 316L Angles"" /> <meta name=""twitter:card"" content=""summary_large_image"" /> <meta name=""twitter:site"" content=""@rubinoxmetal"" /> <meta name=""twitter:title"" content=""SS Angles Supplier in India | SS 304, 316, 316L Angles"" /> <meta name=""twitter:description"" content=""Rubinox supplies stainless steel angles including equal angles, unequal angles and L angles in SS 304, 316, 316L and other grades across India."" /> <meta name=""twitter:image"" content=""https://rubinoxmetal.com/assets/rubinox-social-preview-2026.jpg"" /> <meta name=""twitter:image:alt"" content=""SS Angles Supplier in India | SS 304, 316, 316L Angles"" /> <!-- Google Analytics --> <script async src=""https://www.googletagmanager.com/gtag/js?id=G-JT5X5L5H07",,materials,yes,yes
materials/stainless-steel-bars-rods-supplier-india.html,https://rubinoxmetal.com/materials/stainless-steel-bars-rods-supplier-india.html,Stainless Steel Bars &amp; Rods Supplier in India,"SS Bars &amp; Rods Supplier in India | SS 304, 316, 316L Bars","Rubinox supplies stainless steel bars and rods including round bars, square bars across India, with export support, MTC documentation and fast quotations."" /> <meta name=""robots"" content=""index,follow"" /> <link rel=""canonical"" href=""https://rubinoxmetal.com/materials/stainless-steel-bars-rods-supplier-india.html"" /> <meta property=""og:locale"" content=""en_IN"" /> <meta property=""og:type"" content=""website"" /> <meta property=""og:site_name"" content=""Rubinox Metal and Alloys"" /> <meta property=""og:title"" content=""SS Bars &amp; Rods Supplier in India | SS 304, 316, 316L Bars"" /> <meta property=""og:description"" content=""Rubinox supplies stainless steel bars and rods including round bars, square bars across India, with export support, MTC documentation and fast quotations."" /> <meta property=""og:url"" content=""https://rubinoxmetal.com/materials/stainless-steel-bars-rods-supplier-india.html"" /> <meta property=""og:image"" content=""https://rubinoxmetal.com/assets/rubinox-social-preview-2026.jpg"" /> <meta property=""og:image:secure_url"" content=""https://rubinoxmetal.com/assets/rubinox-social-preview-2026.jpg"" /> <meta property=""og:image:type"" content=""image/jpeg"" /> <meta property=""og:image:width"" content=""1200"" /> <meta property=""og:image:height"" content=""630"" /> <meta property=""og:image:alt"" content=""SS Bars &amp; Rods Supplier in India | SS 304, 316, 316L Bars"" /> <meta name=""twitter:card"" content=""summary_large_image"" /> <meta name=""twitter:site"" content=""@rubinoxmetal"" /> <meta name=""twitter:title"" content=""SS Bars &amp; Rods Supplier in India | SS 304, 316, 316L Bars"" /> <meta name=""twitter:description"" content=""Rubinox supplies stainless steel bars and rods including round bars, square bars across India, with export support, MTC documentation and fast quotations."" /> <meta name=""twitter:image"" content=""https://rubinoxmetal.com/assets/rubinox-social-preview-2026.jpg"" /> <meta name=""twitter:image:alt"" content=""SS Bars &amp; Rods Supplier in India | SS 304, 316, 316L Bars"" /> <!-- Google Analytics --> <script async src=""https://www.googletagmanager.com/gtag/js?id=G-JT5X5L5H07",,materials,yes,yes
materials/stainless-steel-bars-supplier-india.html,https://rubinoxmetal.com/materials/stainless-steel-bars-supplier-india.html,Stainless Steel Bars Supplier in India,Stainless Steel Bars Supplier in India | SS Square &amp; Hex Bars,"Rubinox supplies stainless steel bars in square, hex, rectangular and flat solid sections across India, with export enquiry and RFQ support."" /> <meta name=""robots"" content=""index,follow"" /> <link rel=""canonical"" href=""https://rubinoxmetal.com/materials/stainless-steel-bars-supplier-india.html"" /> <meta property=""og:locale"" content=""en_IN"" /> <meta property=""og:type"" content=""website"" /> <meta property=""og:site_name"" content=""Rubinox Metal and Alloys"" /> <meta property=""og:title"" content=""Stainless Steel Bars Supplier in India | SS Square, Hex & Rectangular Bars"" /> <meta property=""og:description"" content=""Rubinox supplies stainless steel bars in square, hex, rectangular and flat solid sections across India, with export enquiry and RFQ support."" /> <meta property=""og:url"" content=""https://rubinoxmetal.com/materials/stainless-steel-bars-supplier-india.html"" /> <meta property=""og:image"" content=""https://rubinoxmetal.com/assets/rubinox-social-preview-2026.jpg"" /> <meta property=""og:image:secure_url"" content=""https://rubinoxmetal.com/assets/rubinox-social-preview-2026.jpg"" /> <meta property=""og:image:type"" content=""image/jpeg"" /> <meta property=""og:image:width"" content=""1200"" /> <meta property=""og:image:height"" content=""630"" /> <meta property=""og:image:alt"" content=""Stainless Steel Bars Supplier in India | SS Square, Hex & Rectangular Bars"" /> <meta name=""twitter:card"" content=""summary_large_image"" /> <meta name=""twitter:site"" content=""@rubinoxmetal"" /> <meta name=""twitter:title"" content=""Stainless Steel Bars Supplier in India | SS Square, Hex & Rectangular Bars"" /> <meta name=""twitter:description"" content=""Rubinox supplies stainless steel bars in square, hex, rectangular and flat solid sections across India, with export enquiry and RFQ support."" /> <meta name=""twitter:image"" content=""https://rubinoxmetal.com/assets/rubinox-social-preview-2026.jpg"" /> <meta name=""twitter:image:alt"" content=""Stainless Steel Bars Supplier in India | SS Square, Hex & Rectangular Bars"" /> <!-- Google Analytics --> <script async src=""https://www.googletagmanager.com/gtag/js?id=G-JT5X5L5H07",,materials,yes,yes
materials/stainless-steel-channels-supplier-india.html,https://rubinoxmetal.com/materials/stainless-steel-channels-supplier-india.html,Stainless Steel Channels Supplier in India,Stainless Steel Channels Supplier in India | SS Channels,"Stainless steel channels supplier for SS 304, 316 and 316L C channels and U channels with RFQ, MTC and project supply support."" /> <meta name=""robots"" content=""index,follow"" /> <link rel=""canonical"" href=""https://rubinoxmetal.com/materials/stainless-steel-channels-supplier-india.html"" /> <meta property=""og:locale"" content=""en_IN"" /> <meta property=""og:type"" content=""website"" /> <meta property=""og:site_name"" content=""Rubinox Metal and Alloys"" /> <meta property=""og:title"" content=""Stainless Steel Channels Supplier in India | SS Channels"" /> <meta property=""og:description"" content=""Stainless steel channels supplier for SS 304, 316 and 316L C channels and U channels with RFQ, MTC and project supply support."" /> <meta property=""og:url"" content=""https://rubinoxmetal.com/materials/stainless-steel-channels-supplier-india.html"" /> <meta property=""og:image"" content=""https://rubinoxmetal.com/assets/rubinox-social-preview-2026.jpg"" /> <meta property=""og:image:secure_url"" content=""https://rubinoxmetal.com/assets/rubinox-social-preview-2026.jpg"" /> <meta property=""og:image:type"" content=""image/jpeg"" /> <meta property=""og:image:width"" content=""1200"" /> <meta property=""og:image:height"" content=""630"" /> <meta property=""og:image:alt"" content=""Stainless Steel Channels Supplier in India | SS Channels"" /> <meta name=""twitter:card"" content=""summary_large_image"" /> <meta name=""twitter:site"" content=""@rubinoxmetal"" /> <meta name=""twitter:title"" content=""Stainless Steel Channels Supplier in India | SS Channels"" /> <meta name=""twitter:description"" content=""Stainless steel channels supplier for SS 304, 316 and 316L C channels and U channels with RFQ, MTC and project supply support."" /> <meta name=""twitter:image"" content=""https://rubinoxmetal.com/assets/rubinox-social-preview-2026.jpg"" /> <meta name=""twitter:image:alt"" content=""Stainless Steel Channels Supplier in India | SS Channels"" /> <!-- Google Analytics --> <script async src=""https://www.googletagmanager.com/gtag/js?id=G-JT5X5L5H07",,materials,yes,yes
materials/stainless-steel-circles-supplier-india.html,https://rubinoxmetal.com/materials/stainless-steel-circles-supplier-india.html,Stainless Steel Circles Supplier in India,"SS Circles Supplier in India | SS 304, 316, 316L Circles","Rubinox supplies stainless steel circles, discs and round blanks in SS 304, 316, 316L, 202, 310, 321 and other grades across India."" /> <meta name=""robots"" content=""index,follow"" /> <link rel=""canonical"" href=""https://rubinoxmetal.com/materials/stainless-steel-circles-supplier-india.html"" /> <meta property=""og:locale"" content=""en_IN"" /> <meta property=""og:type"" content=""website"" /> <meta property=""og:site_name"" content=""Rubinox Metal and Alloys"" /> <meta property=""og:title"" content=""SS Circles Supplier in India | SS 304, 316, 316L Circles"" /> <meta property=""og:description"" content=""Rubinox supplies stainless steel circles, discs and round blanks in SS 304, 316, 316L, 202, 310, 321 and other grades across India."" /> <meta property=""og:url"" content=""https://rubinoxmetal.com/materials/stainless-steel-circles-supplier-india.html"" /> <meta property=""og:image"" content=""https://rubinoxmetal.com/assets/rubinox-social-preview-2026.jpg"" /> <meta property=""og:image:secure_url"" content=""https://rubinoxmetal.com/assets/rubinox-social-preview-2026.jpg"" /> <meta property=""og:image:type"" content=""image/jpeg"" /> <meta property=""og:image:width"" content=""1200"" /> <meta property=""og:image:height"" content=""630"" /> <meta property=""og:image:alt"" content=""SS Circles Supplier in India | SS 304, 316, 316L Circles"" /> <meta name=""twitter:card"" content=""summary_large_image"" /> <meta name=""twitter:site"" content=""@rubinoxmetal"" /> <meta name=""twitter:title"" content=""SS Circles Supplier in India | SS 304, 316, 316L Circles"" /> <meta name=""twitter:description"" content=""Rubinox supplies stainless steel circles, discs and round blanks in SS 304, 316, 316L, 202, 310, 321 and other grades across India."" /> <meta name=""twitter:image"" content=""https://rubinoxmetal.com/assets/rubinox-social-preview-2026.jpg"" /> <meta name=""twitter:image:alt"" content=""SS Circles Supplier in India | SS 304, 316, 316L Circles"" /> <!-- Google Analytics --> <script async src=""https://www.googletagmanager.com/gtag/js?id=G-JT5X5L5H07",,materials,yes,yes
materials/stainless-steel-coils-supplier-india.html,https://rubinoxmetal.com/materials/stainless-steel-coils-supplier-india.html,Stainless Steel Coils Supplier in India,"SS Coils Supplier in India | SS 304, 316, 316L Coils","Buy Stainless Steel Coils products from Rubinox with PAN India delivery, export support, material documentation and fast quotations."" /> <meta name=""robots"" content=""index,follow"" /> <link rel=""canonical"" href=""https://rubinoxmetal.com/materials/stainless-steel-coils-supplier-india.html"" /> <meta property=""og:locale"" content=""en_IN"" /> <meta property=""og:type"" content=""website"" /> <meta property=""og:site_name"" content=""Rubinox Metal and Alloys"" /> <meta property=""og:title"" content=""SS Coils Supplier in India | SS 304, 316, 316L Coils"" /> <meta property=""og:description"" content=""Buy Stainless Steel Coils products from Rubinox with PAN India delivery, export support, material documentation and fast quotations."" /> <meta property=""og:url"" content=""https://rubinoxmetal.com/materials/stainless-steel-coils-supplier-india.html"" /> <meta property=""og:image"" content=""https://rubinoxmetal.com/assets/rubinox-social-preview-2026.jpg"" /> <meta property=""og:image:secure_url"" content=""https://rubinoxmetal.com/assets/rubinox-social-preview-2026.jpg"" /> <meta property=""og:image:type"" content=""image/jpeg"" /> <meta property=""og:image:width"" content=""1200"" /> <meta property=""og:image:height"" content=""630"" /> <meta property=""og:image:alt"" content=""SS Coils Supplier in India | SS 304, 316, 316L Coils"" /> <meta name=""twitter:card"" content=""summary_large_image"" /> <meta name=""twitter:site"" content=""@rubinoxmetal"" /> <meta name=""twitter:title"" content=""SS Coils Supplier in India | SS 304, 316, 316L Coils"" /> <meta name=""twitter:description"" content=""Buy Stainless Steel Coils products from Rubinox with PAN India delivery, export support, material documentation and fast quotations."" /> <meta name=""twitter:image"" content=""https://rubinoxmetal.com/assets/rubinox-social-preview-2026.jpg"" /> <meta name=""twitter:image:alt"" content=""SS Coils Supplier in India | SS 304, 316, 316L Coils"" /> <!-- Google Analytics --> <script async src=""https://www.googletagmanager.com/gtag/js?id=G-JT5X5L5H07",,materials,yes,yes
materials/stainless-steel-fasteners-supplier-india.html,https://rubinoxmetal.com/materials/stainless-steel-fasteners-supplier-india.html,Stainless Steel Fasteners Supplier in India,"SS Fasteners Supplier in India | SS Bolts, Nuts, Washers","Rubinox supplies stainless steel fasteners including bolts, nuts, washers, screws, studs and threaded rods across India."" /> <meta name=""robots"" content=""index,follow"" /> <link rel=""canonical"" href=""https://rubinoxmetal.com/materials/stainless-steel-fasteners-supplier-india.html"" /> <meta property=""og:locale"" content=""en_IN"" /> <meta property=""og:type"" content=""website"" /> <meta property=""og:site_name"" content=""Rubinox Metal and Alloys"" /> <meta property=""og:title"" content=""SS Fasteners Supplier in India | SS Bolts, Nuts, Washers"" /> <meta property=""og:description"" content=""Rubinox supplies stainless steel fasteners including bolts, nuts, washers, screws, studs and threaded rods across India."" /> <meta property=""og:url"" content=""https://rubinoxmetal.com/materials/stainless-steel-fasteners-supplier-india.html"" /> <meta property=""og:image"" content=""https://rubinoxmetal.com/assets/rubinox-social-preview-2026.jpg"" /> <meta property=""og:image:secure_url"" content=""https://rubinoxmetal.com/assets/rubinox-social-preview-2026.jpg"" /> <meta property=""og:image:type"" content=""image/jpeg"" /> <meta property=""og:image:width"" content=""1200"" /> <meta property=""og:image:height"" content=""630"" /> <meta property=""og:image:alt"" content=""SS Fasteners Supplier in India | SS Bolts, Nuts, Washers"" /> <meta name=""twitter:card"" content=""summary_large_image"" /> <meta name=""twitter:site"" content=""@rubinoxmetal"" /> <meta name=""twitter:title"" content=""SS Fasteners Supplier in India | SS Bolts, Nuts, Washers"" /> <meta name=""twitter:description"" content=""Rubinox supplies stainless steel fasteners including bolts, nuts, washers, screws, studs and threaded rods across India."" /> <meta name=""twitter:image"" content=""https://rubinoxmetal.com/assets/rubinox-social-preview-2026.jpg"" /> <meta name=""twitter:image:alt"" content=""SS Fasteners Supplier in India | SS Bolts, Nuts, Washers"" /> <!-- Google Analytics --> <script async src=""https://www.googletagmanager.com/gtag/js?id=G-JT5X5L5H07",,materials,yes,yes
materials/stainless-steel-fittings-supplier-india.html,https://rubinoxmetal.com/materials/stainless-steel-fittings-supplier-india.html,Stainless Steel Fittings Supplier in India,SS Fittings Supplier in India | SS Pipe Fittings,"Rubinox supplies stainless steel pipe fittings including elbows, tees, reducers, caps, couplings and stub ends across India."" /> <meta name=""robots"" content=""index,follow"" /> <link rel=""canonical"" href=""https://rubinoxmetal.com/materials/stainless-steel-fittings-supplier-india.html"" /> <meta property=""og:locale"" content=""en_IN"" /> <meta property=""og:type"" content=""website"" /> <meta property=""og:site_name"" content=""Rubinox Metal and Alloys"" /> <meta property=""og:title"" content=""SS Fittings Supplier in India | SS Pipe Fittings"" /> <meta property=""og:description"" content=""Rubinox supplies stainless steel pipe fittings including elbows, tees, reducers, caps, couplings and stub ends across India."" /> <meta property=""og:url"" content=""https://rubinoxmetal.com/materials/stainless-steel-fittings-supplier-india.html"" /> <meta property=""og:image"" content=""https://rubinoxmetal.com/assets/rubinox-social-preview-2026.jpg"" /> <meta property=""og:image:secure_url"" content=""https://rubinoxmetal.com/assets/rubinox-social-preview-2026.jpg"" /> <meta property=""og:image:type"" content=""image/jpeg"" /> <meta property=""og:image:width"" content=""1200"" /> <meta property=""og:image:height"" content=""630"" /> <meta property=""og:image:alt"" content=""SS Fittings Supplier in India | SS Pipe Fittings"" /> <meta name=""twitter:card"" content=""summary_large_image"" /> <meta name=""twitter:site"" content=""@rubinoxmetal"" /> <meta name=""twitter:title"" content=""SS Fittings Supplier in India | SS Pipe Fittings"" /> <meta name=""twitter:description"" content=""Rubinox supplies stainless steel pipe fittings including elbows, tees, reducers, caps, couplings and stub ends across India."" /> <meta name=""twitter:image"" content=""https://rubinoxmetal.com/assets/rubinox-social-preview-2026.jpg"" /> <meta name=""twitter:image:alt"" content=""SS Fittings Supplier in India | SS Pipe Fittings"" /> <!-- Google Analytics --> <script async src=""https://www.googletagmanager.com/gtag/js?id=G-JT5X5L5H07",,materials,yes,yes
materials/stainless-steel-flanges-supplier-india.html,https://rubinoxmetal.com/materials/stainless-steel-flanges-supplier-india.html,Stainless Steel Flanges Supplier in India,"SS Flanges Supplier in India | SS 304, 316, 316L Flanges","Buy Stainless Steel Flanges products from Rubinox with PAN India delivery, export support, material documentation and fast quotations."" /> <meta name=""robots"" content=""index,follow"" /> <link rel=""canonical"" href=""https://rubinoxmetal.com/materials/stainless-steel-flanges-supplier-india.html"" /> <meta property=""og:locale"" content=""en_IN"" /> <meta property=""og:type"" content=""website"" /> <meta property=""og:site_name"" content=""Rubinox Metal and Alloys"" /> <meta property=""og:title"" content=""SS Flanges Supplier in India | SS 304, 316, 316L Flanges"" /> <meta property=""og:description"" content=""Buy Stainless Steel Flanges products from Rubinox with PAN India delivery, export support, material documentation and fast quotations."" /> <meta property=""og:url"" content=""https://rubinoxmetal.com/materials/stainless-steel-flanges-supplier-india.html"" /> <meta property=""og:image"" content=""https://rubinoxmetal.com/assets/rubinox-social-preview-2026.jpg"" /> <meta property=""og:image:secure_url"" content=""https://rubinoxmetal.com/assets/rubinox-social-preview-2026.jpg"" /> <meta property=""og:image:type"" content=""image/jpeg"" /> <meta property=""og:image:width"" content=""1200"" /> <meta property=""og:image:height"" content=""630"" /> <meta property=""og:image:alt"" content=""SS Flanges Supplier in India | SS 304, 316, 316L Flanges"" /> <meta name=""twitter:card"" content=""summary_large_image"" /> <meta name=""twitter:site"" content=""@rubinoxmetal"" /> <meta name=""twitter:title"" content=""SS Flanges Supplier in India | SS 304, 316, 316L Flanges"" /> <meta name=""twitter:description"" content=""Buy Stainless Steel Flanges products from Rubinox with PAN India delivery, export support, material documentation and fast quotations."" /> <meta name=""twitter:image"" content=""https://rubinoxmetal.com/assets/rubinox-social-preview-2026.jpg"" /> <meta name=""twitter:image:alt"" content=""SS Flanges Supplier in India | SS 304, 316, 316L Flanges"" /> <!-- Google Analytics --> <script async src=""https://www.googletagmanager.com/gtag/js?id=G-JT5X5L5H07",,materials,yes,yes
materials/stainless-steel-flats-supplier-india.html,https://rubinoxmetal.com/materials/stainless-steel-flats-supplier-india.html,Stainless Steel Flats Supplier in India,"SS Flats Supplier in India | SS 304, 316, 316L Flat Bars","Rubinox supplies stainless steel flats and flat bars in SS 304, 316, 316L, 202, 310, 321 and other grades with PAN India delivery and export support."" /> <meta name=""robots"" content=""index,follow"" /> <link rel=""canonical"" href=""https://rubinoxmetal.com/materials/stainless-steel-flats-supplier-india.html"" /> <meta property=""og:locale"" content=""en_IN"" /> <meta property=""og:type"" content=""website"" /> <meta property=""og:site_name"" content=""Rubinox Metal and Alloys"" /> <meta property=""og:title"" content=""SS Flats Supplier in India | SS 304, 316, 316L Flat Bars"" /> <meta property=""og:description"" content=""Rubinox supplies stainless steel flats and flat bars in SS 304, 316, 316L, 202, 310, 321 and other grades with PAN India delivery and export support."" /> <meta property=""og:url"" content=""https://rubinoxmetal.com/materials/stainless-steel-flats-supplier-india.html"" /> <meta property=""og:image"" content=""https://rubinoxmetal.com/assets/rubinox-social-preview-2026.jpg"" /> <meta property=""og:image:secure_url"" content=""https://rubinoxmetal.com/assets/rubinox-social-preview-2026.jpg"" /> <meta property=""og:image:type"" content=""image/jpeg"" /> <meta property=""og:image:width"" content=""1200"" /> <meta property=""og:image:height"" content=""630"" /> <meta property=""og:image:alt"" content=""SS Flats Supplier in India | SS 304, 316, 316L Flat Bars"" /> <meta name=""twitter:card"" content=""summary_large_image"" /> <meta name=""twitter:site"" content=""@rubinoxmetal"" /> <meta name=""twitter:title"" content=""SS Flats Supplier in India | SS 304, 316, 316L Flat Bars"" /> <meta name=""twitter:description"" content=""Rubinox supplies stainless steel flats and flat bars in SS 304, 316, 316L, 202, 310, 321 and other grades with PAN India delivery and export support."" /> <meta name=""twitter:image"" content=""https://rubinoxmetal.com/assets/rubinox-social-preview-2026.jpg"" /> <meta name=""twitter:image:alt"" content=""SS Flats Supplier in India | SS 304, 316, 316L Flat Bars"" /> <!-- Google Analytics --> <script async src=""https://www.googletagmanager.com/gtag/js?id=G-JT5X5L5H07",,materials,yes,yes
materials/stainless-steel-perforated-sheets-supplier-india.html,https://rubinoxmetal.com/materials/stainless-steel-perforated-sheets-supplier-india.html,Stainless Steel Perforated Sheets Supplier in India,Stainless Steel Perforated Sheets Supplier India | Rubinox,"Stainless steel perforated sheets supplier for SS 304 and 316 sheets with round, square or slotted hole RFQ and documentation support."" /> <meta name=""robots"" content=""index,follow"" /> <link rel=""canonical"" href=""https://rubinoxmetal.com/materials/stainless-steel-perforated-sheets-supplier-india.html"" /> <meta property=""og:locale"" content=""en_IN"" /> <meta property=""og:type"" content=""website"" /> <meta property=""og:site_name"" content=""Rubinox Metal and Alloys"" /> <meta property=""og:title"" content=""Stainless Steel Perforated Sheets Supplier India | Rubinox"" /> <meta property=""og:description"" content=""Stainless steel perforated sheets supplier for SS 304 and 316 sheets with round, square or slotted hole RFQ and documentation support."" /> <meta property=""og:url"" content=""https://rubinoxmetal.com/materials/stainless-steel-perforated-sheets-supplier-india.html"" /> <meta property=""og:image"" content=""https://rubinoxmetal.com/assets/rubinox-social-preview-2026.jpg"" /> <meta property=""og:image:secure_url"" content=""https://rubinoxmetal.com/assets/rubinox-social-preview-2026.jpg"" /> <meta property=""og:image:type"" content=""image/jpeg"" /> <meta property=""og:image:width"" content=""1200"" /> <meta property=""og:image:height"" content=""630"" /> <meta property=""og:image:alt"" content=""Stainless Steel Perforated Sheets Supplier India | Rubinox"" /> <meta name=""twitter:card"" content=""summary_large_image"" /> <meta name=""twitter:site"" content=""@rubinoxmetal"" /> <meta name=""twitter:title"" content=""Stainless Steel Perforated Sheets Supplier India | Rubinox"" /> <meta name=""twitter:description"" content=""Stainless steel perforated sheets supplier for SS 304 and 316 sheets with round, square or slotted hole RFQ and documentation support."" /> <meta name=""twitter:image"" content=""https://rubinoxmetal.com/assets/rubinox-social-preview-2026.jpg"" /> <meta name=""twitter:image:alt"" content=""Stainless Steel Perforated Sheets Supplier India | Rubinox"" /> <!-- Google Analytics --> <script async src=""https://www.googletagmanager.com/gtag/js?id=G-JT5X5L5H07",,materials,yes,yes
materials/stainless-steel-pipes-supplier-india.html,https://rubinoxmetal.com/materials/stainless-steel-pipes-supplier-india.html,Stainless Steel Pipes Supplier in India,SS Pipes Supplier in India | SS Seamless &amp; Welded Pipes,"Rubinox supplies stainless steel seamless, welded and ERW pipes in SS 304, 316, 316L, 202, 310, 321 and more across India."" /> <meta name=""robots"" content=""index,follow"" /> <link rel=""canonical"" href=""https://rubinoxmetal.com/materials/stainless-steel-pipes-supplier-india.html"" /> <meta property=""og:locale"" content=""en_IN"" /> <meta property=""og:type"" content=""website"" /> <meta property=""og:site_name"" content=""Rubinox Metal and Alloys"" /> <meta property=""og:title"" content=""SS Pipes Supplier in India | SS Seamless &amp; Welded Pipes"" /> <meta property=""og:description"" content=""Rubinox supplies stainless steel seamless, welded and ERW pipes in SS 304, 316, 316L, 202, 310, 321 and more across India."" /> <meta property=""og:url"" content=""https://rubinoxmetal.com/materials/stainless-steel-pipes-supplier-india.html"" /> <meta property=""og:image"" content=""https://rubinoxmetal.com/assets/rubinox-social-preview-2026.jpg"" /> <meta property=""og:image:secure_url"" content=""https://rubinoxmetal.com/assets/rubinox-social-preview-2026.jpg"" /> <meta property=""og:image:type"" content=""image/jpeg"" /> <meta property=""og:image:width"" content=""1200"" /> <meta property=""og:image:height"" content=""630"" /> <meta property=""og:image:alt"" content=""SS Pipes Supplier in India | SS Seamless &amp; Welded Pipes"" /> <meta name=""twitter:card"" content=""summary_large_image"" /> <meta name=""twitter:site"" content=""@rubinoxmetal"" /> <meta name=""twitter:title"" content=""SS Pipes Supplier in India | SS Seamless &amp; Welded Pipes"" /> <meta name=""twitter:description"" content=""Rubinox supplies stainless steel seamless, welded and ERW pipes in SS 304, 316, 316L, 202, 310, 321 and more across India."" /> <meta name=""twitter:image"" content=""https://rubinoxmetal.com/assets/rubinox-social-preview-2026.jpg"" /> <meta name=""twitter:image:alt"" content=""SS Pipes Supplier in India | SS Seamless &amp; Welded Pipes"" /> <!-- Google Analytics --> <script async src=""https://www.googletagmanager.com/gtag/js?id=G-JT5X5L5H07",,materials,yes,yes
materials/stainless-steel-plates-supplier-india.html,https://rubinoxmetal.com/materials/stainless-steel-plates-supplier-india.html,Stainless Steel Plates Supplier in India,"SS Plates Supplier in India | SS 304, 316, 316L Plates","Buy Stainless Steel Plates products from Rubinox with PAN India delivery, export support, material documentation and fast quotations."" /> <meta name=""robots"" content=""index,follow"" /> <link rel=""canonical"" href=""https://rubinoxmetal.com/materials/stainless-steel-plates-supplier-india.html"" /> <meta property=""og:locale"" content=""en_IN"" /> <meta property=""og:type"" content=""website"" /> <meta property=""og:site_name"" content=""Rubinox Metal and Alloys"" /> <meta property=""og:title"" content=""SS Plates Supplier in India | SS 304, 316, 316L Plates"" /> <meta property=""og:description"" content=""Buy Stainless Steel Plates products from Rubinox with PAN India delivery, export support, material documentation and fast quotations."" /> <meta property=""og:url"" content=""https://rubinoxmetal.com/materials/stainless-steel-plates-supplier-india.html"" /> <meta property=""og:image"" content=""https://rubinoxmetal.com/assets/rubinox-social-preview-2026.jpg"" /> <meta property=""og:image:secure_url"" content=""https://rubinoxmetal.com/assets/rubinox-social-preview-2026.jpg"" /> <meta property=""og:image:type"" content=""image/jpeg"" /> <meta property=""og:image:width"" content=""1200"" /> <meta property=""og:image:height"" content=""630"" /> <meta property=""og:image:alt"" content=""SS Plates Supplier in India | SS 304, 316, 316L Plates"" /> <meta name=""twitter:card"" content=""summary_large_image"" /> <meta name=""twitter:site"" content=""@rubinoxmetal"" /> <meta name=""twitter:title"" content=""SS Plates Supplier in India | SS 304, 316, 316L Plates"" /> <meta name=""twitter:description"" content=""Buy Stainless Steel Plates products from Rubinox with PAN India delivery, export support, material documentation and fast quotations."" /> <meta name=""twitter:image"" content=""https://rubinoxmetal.com/assets/rubinox-social-preview-2026.jpg"" /> <meta name=""twitter:image:alt"" content=""SS Plates Supplier in India | SS 304, 316, 316L Plates"" /> <!-- Google Analytics --> <script async src=""https://www.googletagmanager.com/gtag/js?id=G-JT5X5L5H07",,materials,yes,yes
materials/stainless-steel-rods-supplier-india.html,https://rubinoxmetal.com/materials/stainless-steel-rods-supplier-india.html,Stainless Steel Rods Supplier in India,Stainless Steel Rods Supplier in India | SS Round Rods,"Rubinox supplies stainless steel rods and round solid sections across India for machining, shafts, fasteners and industrial applications."" /> <meta name=""robots"" content=""index,follow"" /> <link rel=""canonical"" href=""https://rubinoxmetal.com/materials/stainless-steel-rods-supplier-india.html"" /> <meta property=""og:locale"" content=""en_IN"" /> <meta property=""og:type"" content=""website"" /> <meta property=""og:site_name"" content=""Rubinox Metal and Alloys"" /> <meta property=""og:title"" content=""Stainless Steel Rods Supplier in India | SS Round Rods"" /> <meta property=""og:description"" content=""Rubinox supplies stainless steel rods and round solid sections across India for machining, shafts, fasteners and industrial applications."" /> <meta property=""og:url"" content=""https://rubinoxmetal.com/materials/stainless-steel-rods-supplier-india.html"" /> <meta property=""og:image"" content=""https://rubinoxmetal.com/assets/rubinox-social-preview-2026.jpg"" /> <meta property=""og:image:secure_url"" content=""https://rubinoxmetal.com/assets/rubinox-social-preview-2026.jpg"" /> <meta property=""og:image:type"" content=""image/jpeg"" /> <meta property=""og:image:width"" content=""1200"" /> <meta property=""og:image:height"" content=""630"" /> <meta property=""og:image:alt"" content=""Stainless Steel Rods Supplier in India | SS Round Rods"" /> <meta name=""twitter:card"" content=""summary_large_image"" /> <meta name=""twitter:site"" content=""@rubinoxmetal"" /> <meta name=""twitter:title"" content=""Stainless Steel Rods Supplier in India | SS Round Rods"" /> <meta name=""twitter:description"" content=""Rubinox supplies stainless steel rods and round solid sections across India for machining, shafts, fasteners and industrial applications."" /> <meta name=""twitter:image"" content=""https://rubinoxmetal.com/assets/rubinox-social-preview-2026.jpg"" /> <meta name=""twitter:image:alt"" content=""Stainless Steel Rods Supplier in India | SS Round Rods"" /> <!-- Google Analytics --> <script async src=""https://www.googletagmanager.com/gtag/js?id=G-JT5X5L5H07",,materials,yes,yes
materials/stainless-steel-sheets-supplier-india.html,https://rubinoxmetal.com/materials/stainless-steel-sheets-supplier-india.html,Stainless Steel Sheets Supplier in India,"SS Sheets Supplier in India | SS 304, 316, 316L Sheets","Buy Stainless Steel Sheets products from Rubinox with PAN India delivery, export support, material documentation and fast quotations."" /> <meta name=""robots"" content=""index,follow"" /> <link rel=""canonical"" href=""https://rubinoxmetal.com/materials/stainless-steel-sheets-supplier-india.html"" /> <meta property=""og:locale"" content=""en_IN"" /> <meta property=""og:type"" content=""website"" /> <meta property=""og:site_name"" content=""Rubinox Metal and Alloys"" /> <meta property=""og:title"" content=""SS Sheets Supplier in India | SS 304, 316, 316L Sheets"" /> <meta property=""og:description"" content=""Buy Stainless Steel Sheets products from Rubinox with PAN India delivery, export support, material documentation and fast quotations."" /> <meta property=""og:url"" content=""https://rubinoxmetal.com/materials/stainless-steel-sheets-supplier-india.html"" /> <meta property=""og:image"" content=""https://rubinoxmetal.com/assets/rubinox-social-preview-2026.jpg"" /> <meta property=""og:image:secure_url"" content=""https://rubinoxmetal.com/assets/rubinox-social-preview-2026.jpg"" /> <meta property=""og:image:type"" content=""image/jpeg"" /> <meta property=""og:image:width"" content=""1200"" /> <meta property=""og:image:height"" content=""630"" /> <meta property=""og:image:alt"" content=""SS Sheets Supplier in India | SS 304, 316, 316L Sheets"" /> <meta name=""twitter:card"" content=""summary_large_image"" /> <meta name=""twitter:site"" content=""@rubinoxmetal"" /> <meta name=""twitter:title"" content=""SS Sheets Supplier in India | SS 304, 316, 316L Sheets"" /> <meta name=""twitter:description"" content=""Buy Stainless Steel Sheets products from Rubinox with PAN India delivery, export support, material documentation and fast quotations."" /> <meta name=""twitter:image"" content=""https://rubinoxmetal.com/assets/rubinox-social-preview-2026.jpg"" /> <meta name=""twitter:image:alt"" content=""SS Sheets Supplier in India | SS 304, 316, 316L Sheets"" /> <!-- Google Analytics --> <script async src=""https://www.googletagmanager.com/gtag/js?id=G-JT5X5L5H07",,materials,yes,yes
materials/stainless-steel-supplier-mumbai.html,https://rubinoxmetal.com/materials/stainless-steel-supplier-mumbai.html,"Stainless Steel Supplier, Dealer &amp; Stockist in Mumbai",Stainless Steel Supplier Mumbai | SS 304 &amp; 316 | Rubinox,"Mumbai stainless steel stockist supplying SS 304, 316 and 316L pipes, sheets, plates, coils, bars, flanges and fittings across India."" /> <meta name=""robots"" content=""index,follow"" /> <link rel=""canonical"" href=""https://rubinoxmetal.com/materials/stainless-steel-supplier-mumbai.html"" /> <meta property=""og:locale"" content=""en_IN"" /> <meta property=""og:type"" content=""website"" /> <meta property=""og:site_name"" content=""Rubinox Metal and Alloys"" /> <meta property=""og:title"" content=""Stainless Steel Supplier Mumbai | SS 304 &amp; 316 | Rubinox"" /> <meta property=""og:description"" content=""Mumbai stainless steel stockist supplying SS 304, 316 and 316L pipes, sheets, plates, coils, bars, flanges and fittings across India."" /> <meta property=""og:url"" content=""https://rubinoxmetal.com/materials/stainless-steel-supplier-mumbai.html"" /> <meta property=""og:image"" content=""https://rubinoxmetal.com/assets/rubinox-social-preview-2026.jpg"" /> <meta property=""og:image:secure_url"" content=""https://rubinoxmetal.com/assets/rubinox-social-preview-2026.jpg"" /> <meta property=""og:image:type"" content=""image/jpeg"" /> <meta property=""og:image:width"" content=""1200"" /> <meta property=""og:image:height"" content=""630"" /> <meta property=""og:image:alt"" content=""Stainless Steel Supplier Mumbai | SS 304 &amp; 316 | Rubinox"" /> <meta name=""twitter:card"" content=""summary_large_image"" /> <meta name=""twitter:site"" content=""@rubinoxmetal"" /> <meta name=""twitter:title"" content=""Stainless Steel Supplier Mumbai | SS 304 &amp; 316 | Rubinox"" /> <meta name=""twitter:description"" content=""Mumbai stainless steel stockist supplying SS 304, 316 and 316L pipes, sheets, plates, coils, bars, flanges and fittings across India."" /> <meta name=""twitter:image"" content=""https://rubinoxmetal.com/assets/rubinox-social-preview-2026.jpg"" /> <meta name=""twitter:image:alt"" content=""Stainless Steel Supplier Mumbai | SS 304 &amp; 316 | Rubinox"" /> <!-- Google Analytics --> <script async src=""https://www.googletagmanager.com/gtag/js?id=G-JT5X5L5H07",,materials,yes,yes
materials/stainless-steel-tubes-supplier-india.html,https://rubinoxmetal.com/materials/stainless-steel-tubes-supplier-india.html,Stainless Steel Tubes Supplier in India,SS Tubes Supplier in India | SS Seamless &amp; Welded Tubes,"Rubinox supplies stainless steel seamless, welded, square, rectangular and instrumentation tubes in SS 304, 316, 316L and more across India."" /> <meta name=""robots"" content=""index,follow"" /> <link rel=""canonical"" href=""https://rubinoxmetal.com/materials/stainless-steel-tubes-supplier-india.html"" /> <meta property=""og:locale"" content=""en_IN"" /> <meta property=""og:type"" content=""website"" /> <meta property=""og:site_name"" content=""Rubinox Metal and Alloys"" /> <meta property=""og:title"" content=""SS Tubes Supplier in India | SS Seamless &amp; Welded Tubes"" /> <meta property=""og:description"" content=""Rubinox supplies stainless steel seamless, welded, square, rectangular and instrumentation tubes in SS 304, 316, 316L and more across India."" /> <meta property=""og:url"" content=""https://rubinoxmetal.com/materials/stainless-steel-tubes-supplier-india.html"" /> <meta property=""og:image"" content=""https://rubinoxmetal.com/assets/rubinox-social-preview-2026.jpg"" /> <meta property=""og:image:secure_url"" content=""https://rubinoxmetal.com/assets/rubinox-social-preview-2026.jpg"" /> <meta property=""og:image:type"" content=""image/jpeg"" /> <meta property=""og:image:width"" content=""1200"" /> <meta property=""og:image:height"" content=""630"" /> <meta property=""og:image:alt"" content=""SS Tubes Supplier in India | SS Seamless &amp; Welded Tubes"" /> <meta name=""twitter:card"" content=""summary_large_image"" /> <meta name=""twitter:site"" content=""@rubinoxmetal"" /> <meta name=""twitter:title"" content=""SS Tubes Supplier in India | SS Seamless &amp; Welded Tubes"" /> <meta name=""twitter:description"" content=""Rubinox supplies stainless steel seamless, welded, square, rectangular and instrumentation tubes in SS 304, 316, 316L and more across India."" /> <meta name=""twitter:image"" content=""https://rubinoxmetal.com/assets/rubinox-social-preview-2026.jpg"" /> <meta name=""twitter:image:alt"" content=""SS Tubes Supplier in India | SS Seamless &amp; Welded Tubes"" /> <!-- Google Analytics --> <script async src=""https://www.googletagmanager.com/gtag/js?id=G-JT5X5L5H07",,materials,yes,yes
materials/stainless-steel-wire-mesh-supplier-india.html,https://rubinoxmetal.com/materials/stainless-steel-wire-mesh-supplier-india.html,Stainless Steel Wire Mesh Supplier in India,"SS Wire Mesh Supplier in India | SS 304, 316 Wire Mesh","Rubinox supplies stainless steel wire mesh, woven mesh, welded mesh, filter mesh and screen mesh in SS 304, 316, 316L and other grades across India."" /> <meta name=""robots"" content=""index,follow"" /> <link rel=""canonical"" href=""https://rubinoxmetal.com/materials/stainless-steel-wire-mesh-supplier-india.html"" /> <meta property=""og:locale"" content=""en_IN"" /> <meta property=""og:type"" content=""website"" /> <meta property=""og:site_name"" content=""Rubinox Metal and Alloys"" /> <meta property=""og:title"" content=""SS Wire Mesh Supplier in India | SS 304, 316 Wire Mesh"" /> <meta property=""og:description"" content=""Rubinox supplies stainless steel wire mesh, woven mesh, welded mesh, filter mesh and screen mesh in SS 304, 316, 316L and other grades across India."" /> <meta property=""og:url"" content=""https://rubinoxmetal.com/materials/stainless-steel-wire-mesh-supplier-india.html"" /> <meta property=""og:image"" content=""https://rubinoxmetal.com/assets/rubinox-social-preview-2026.jpg"" /> <meta property=""og:image:secure_url"" content=""https://rubinoxmetal.com/assets/rubinox-social-preview-2026.jpg"" /> <meta property=""og:image:type"" content=""image/jpeg"" /> <meta property=""og:image:width"" content=""1200"" /> <meta property=""og:image:height"" content=""630"" /> <meta property=""og:image:alt"" content=""SS Wire Mesh Supplier in India | SS 304, 316 Wire Mesh"" /> <meta name=""twitter:card"" content=""summary_large_image"" /> <meta name=""twitter:site"" content=""@rubinoxmetal"" /> <meta name=""twitter:title"" content=""SS Wire Mesh Supplier in India | SS 304, 316 Wire Mesh"" /> <meta name=""twitter:description"" content=""Rubinox supplies stainless steel wire mesh, woven mesh, welded mesh, filter mesh and screen mesh in SS 304, 316, 316L and other grades across India."" /> <meta name=""twitter:image"" content=""https://rubinoxmetal.com/assets/rubinox-social-preview-2026.jpg"" /> <meta name=""twitter:image:alt"" content=""SS Wire Mesh Supplier in India | SS 304, 316 Wire Mesh"" /> <!-- Google Analytics --> <script async src=""https://www.googletagmanager.com/gtag/js?id=G-JT5X5L5H07",,materials,yes,yes
materials/stainless-steel.html,https://rubinoxmetal.com/materials/stainless-steel.html,Stainless Steel Supplier in India,Stainless Steel Supplier in India | Grades &amp; Forms | Rubinox,"Stainless steel supplier for 200, 300 and 400 series, duplex, PH and specialty grades in pipes, plates, sheets, coils, bars and fittings."" /> <meta name=""robots"" content=""index,follow"" /> <link rel=""canonical"" href=""https://rubinoxmetal.com/materials/stainless-steel.html"" /> <meta property=""og:locale"" content=""en_IN"" /> <meta property=""og:type"" content=""website"" /> <meta property=""og:site_name"" content=""Rubinox Metal and Alloys"" /> <meta property=""og:title"" content=""Stainless Steel Supplier in India | Grades &amp; Forms | Rubinox"" /> <meta property=""og:description"" content=""Stainless steel supplier for 200, 300 and 400 series, duplex, PH and specialty grades in pipes, plates, sheets, coils, bars and fittings."" /> <meta property=""og:url"" content=""https://rubinoxmetal.com/materials/stainless-steel.html"" /> <meta property=""og:image"" content=""https://rubinoxmetal.com/assets/rubinox-social-preview-2026.jpg"" /> <meta property=""og:image:secure_url"" content=""https://rubinoxmetal.com/assets/rubinox-social-preview-2026.jpg"" /> <meta property=""og:image:type"" content=""image/jpeg"" /> <meta property=""og:image:width"" content=""1200"" /> <meta property=""og:image:height"" content=""630"" /> <meta property=""og:image:alt"" content=""Stainless Steel Supplier in India | Grades &amp; Forms | Rubinox"" /> <meta name=""twitter:card"" content=""summary_large_image"" /> <meta name=""twitter:site"" content=""@rubinoxmetal"" /> <meta name=""twitter:title"" content=""Stainless Steel Supplier in India | Grades &amp; Forms | Rubinox"" /> <meta name=""twitter:description"" content=""Stainless steel supplier for 200, 300 and 400 series, duplex, PH and specialty grades in pipes, plates, sheets, coils, bars and fittings."" /> <meta name=""twitter:image"" content=""https://rubinoxmetal.com/assets/rubinox-social-preview-2026.jpg"" /> <meta name=""twitter:image:alt"" content=""Stainless Steel Supplier in India | Grades &amp; Forms | Rubinox"" /> <!-- Google Analytics --> <script async src=""https://www.googletagmanager.com/gtag/js?id=G-JT5X5L5H07",,materials,yes,yes
materials/super-duplex-2507-supplier-india.html,https://rubinoxmetal.com/materials/super-duplex-2507-supplier-india.html,Super Duplex 2507 Supplier in India,Super Duplex 2507 Supplier in India | Rubinox,"Rubinox supplies Super Duplex 2507 pipes, tubes, plates, sheets, coils, bars, rods across India, with export support, MTC documentation and fast quotations."" /> <meta name=""robots"" content=""index,follow"" /> <link rel=""canonical"" href=""https://rubinoxmetal.com/materials/super-duplex-2507-supplier-india.html"" /> <meta property=""og:locale"" content=""en_IN"" /> <meta property=""og:type"" content=""website"" /> <meta property=""og:site_name"" content=""Rubinox Metal and Alloys"" /> <meta property=""og:title"" content=""Super Duplex 2507 Supplier in India | Rubinox"" /> <meta property=""og:description"" content=""Rubinox supplies Super Duplex 2507 pipes, tubes, plates, sheets, coils, bars, rods across India, with export support, MTC documentation and fast quotations."" /> <meta property=""og:url"" content=""https://rubinoxmetal.com/materials/super-duplex-2507-supplier-india.html"" /> <meta property=""og:image"" content=""https://rubinoxmetal.com/assets/rubinox-social-preview-2026.jpg"" /> <meta property=""og:image:secure_url"" content=""https://rubinoxmetal.com/assets/rubinox-social-preview-2026.jpg"" /> <meta property=""og:image:type"" content=""image/jpeg"" /> <meta property=""og:image:width"" content=""1200"" /> <meta property=""og:image:height"" content=""630"" /> <meta property=""og:image:alt"" content=""Super Duplex 2507 Supplier in India | Rubinox"" /> <meta name=""twitter:card"" content=""summary_large_image"" /> <meta name=""twitter:site"" content=""@rubinoxmetal"" /> <meta name=""twitter:title"" content=""Super Duplex 2507 Supplier in India | Rubinox"" /> <meta name=""twitter:description"" content=""Rubinox supplies Super Duplex 2507 pipes, tubes, plates, sheets, coils, bars, rods across India, with export support, MTC documentation and fast quotations."" /> <meta name=""twitter:image"" content=""https://rubinoxmetal.com/assets/rubinox-social-preview-2026.jpg"" /> <meta name=""twitter:image:alt"" content=""Super Duplex 2507 Supplier in India | Rubinox"" /> <!-- Google Analytics --> <script async src=""https://www.googletagmanager.com/gtag/js?id=G-JT5X5L5H07",,materials,yes,yes
materials/titanium-grade-1-supplier-india.html,https://rubinoxmetal.com/materials/titanium-grade-1-supplier-india.html,Titanium Grade 1 Supplier in India,Titanium Grade 1 Supplier in India | Rubinox,"Rubinox supplies Titanium Grade 1 sheets, plates, strips, tubes, pipes, bars, rods across India, with export support, MTC documentation and fast quotations."" /> <meta name=""robots"" content=""index,follow"" /> <link rel=""canonical"" href=""https://rubinoxmetal.com/materials/titanium-grade-1-supplier-india.html"" /> <meta property=""og:locale"" content=""en_IN"" /> <meta property=""og:type"" content=""website"" /> <meta property=""og:site_name"" content=""Rubinox Metal and Alloys"" /> <meta property=""og:title"" content=""Titanium Grade 1 Supplier in India | Rubinox"" /> <meta property=""og:description"" content=""Rubinox supplies Titanium Grade 1 sheets, plates, strips, tubes, pipes, bars, rods across India, with export support, MTC documentation and fast quotations."" /> <meta property=""og:url"" content=""https://rubinoxmetal.com/materials/titanium-grade-1-supplier-india.html"" /> <meta property=""og:image"" content=""https://rubinoxmetal.com/assets/rubinox-social-preview-2026.jpg"" /> <meta property=""og:image:secure_url"" content=""https://rubinoxmetal.com/assets/rubinox-social-preview-2026.jpg"" /> <meta property=""og:image:type"" content=""image/jpeg"" /> <meta property=""og:image:width"" content=""1200"" /> <meta property=""og:image:height"" content=""630"" /> <meta property=""og:image:alt"" content=""Titanium Grade 1 Supplier in India | Rubinox"" /> <meta name=""twitter:card"" content=""summary_large_image"" /> <meta name=""twitter:site"" content=""@rubinoxmetal"" /> <meta name=""twitter:title"" content=""Titanium Grade 1 Supplier in India | Rubinox"" /> <meta name=""twitter:description"" content=""Rubinox supplies Titanium Grade 1 sheets, plates, strips, tubes, pipes, bars, rods across India, with export support, MTC documentation and fast quotations."" /> <meta name=""twitter:image"" content=""https://rubinoxmetal.com/assets/rubinox-social-preview-2026.jpg"" /> <meta name=""twitter:image:alt"" content=""Titanium Grade 1 Supplier in India | Rubinox"" /> <!-- Google Analytics --> <script async src=""https://www.googletagmanager.com/gtag/js?id=G-JT5X5L5H07",,materials,yes,yes
materials/titanium-grade-2-supplier-india.html,https://rubinoxmetal.com/materials/titanium-grade-2-supplier-india.html,Titanium Grade 2 Supplier in India,Titanium Grade 2 Supplier in India | Rubinox,"Rubinox supplies Titanium Grade 2 pipes, tubes, sheets, plates, round bars, rods across India, with export support, MTC documentation and fast quotations."" /> <meta name=""robots"" content=""index,follow"" /> <link rel=""canonical"" href=""https://rubinoxmetal.com/materials/titanium-grade-2-supplier-india.html"" /> <meta property=""og:locale"" content=""en_IN"" /> <meta property=""og:type"" content=""website"" /> <meta property=""og:site_name"" content=""Rubinox Metal and Alloys"" /> <meta property=""og:title"" content=""Titanium Grade 2 Supplier in India | Rubinox"" /> <meta property=""og:description"" content=""Rubinox supplies Titanium Grade 2 pipes, tubes, sheets, plates, round bars, rods across India, with export support, MTC documentation and fast quotations."" /> <meta property=""og:url"" content=""https://rubinoxmetal.com/materials/titanium-grade-2-supplier-india.html"" /> <meta property=""og:image"" content=""https://rubinoxmetal.com/assets/rubinox-social-preview-2026.jpg"" /> <meta property=""og:image:secure_url"" content=""https://rubinoxmetal.com/assets/rubinox-social-preview-2026.jpg"" /> <meta property=""og:image:type"" content=""image/jpeg"" /> <meta property=""og:image:width"" content=""1200"" /> <meta property=""og:image:height"" content=""630"" /> <meta property=""og:image:alt"" content=""Titanium Grade 2 Supplier in India | Rubinox"" /> <meta name=""twitter:card"" content=""summary_large_image"" /> <meta name=""twitter:site"" content=""@rubinoxmetal"" /> <meta name=""twitter:title"" content=""Titanium Grade 2 Supplier in India | Rubinox"" /> <meta name=""twitter:description"" content=""Rubinox supplies Titanium Grade 2 pipes, tubes, sheets, plates, round bars, rods across India, with export support, MTC documentation and fast quotations."" /> <meta name=""twitter:image"" content=""https://rubinoxmetal.com/assets/rubinox-social-preview-2026.jpg"" /> <meta name=""twitter:image:alt"" content=""Titanium Grade 2 Supplier in India | Rubinox"" /> <!-- Google Analytics --> <script async src=""https://www.googletagmanager.com/gtag/js?id=G-JT5X5L5H07",,materials,yes,yes
materials/titanium-grade-23-supplier-india.html,https://rubinoxmetal.com/materials/titanium-grade-23-supplier-india.html,Titanium Grade 23 Supplier in India,Titanium Grade 23 Supplier in India | Rubinox,"Rubinox supplies Titanium Grade 23 Ti-6Al-4V ELI bars, rods, sheets, plates, tubes across India, with export support, MTC documentation and fast quotations."" /> <meta name=""robots"" content=""index,follow"" /> <link rel=""canonical"" href=""https://rubinoxmetal.com/materials/titanium-grade-23-supplier-india.html"" /> <meta property=""og:locale"" content=""en_IN"" /> <meta property=""og:type"" content=""website"" /> <meta property=""og:site_name"" content=""Rubinox Metal and Alloys"" /> <meta property=""og:title"" content=""Titanium Grade 23 Supplier in India | Rubinox"" /> <meta property=""og:description"" content=""Rubinox supplies Titanium Grade 23 Ti-6Al-4V ELI bars, rods, sheets, plates, tubes across India, with export support, MTC documentation and fast quotations."" /> <meta property=""og:url"" content=""https://rubinoxmetal.com/materials/titanium-grade-23-supplier-india.html"" /> <meta property=""og:image"" content=""https://rubinoxmetal.com/assets/rubinox-social-preview-2026.jpg"" /> <meta property=""og:image:secure_url"" content=""https://rubinoxmetal.com/assets/rubinox-social-preview-2026.jpg"" /> <meta property=""og:image:type"" content=""image/jpeg"" /> <meta property=""og:image:width"" content=""1200"" /> <meta property=""og:image:height"" content=""630"" /> <meta property=""og:image:alt"" content=""Titanium Grade 23 Supplier in India | Rubinox"" /> <meta name=""twitter:card"" content=""summary_large_image"" /> <meta name=""twitter:site"" content=""@rubinoxmetal"" /> <meta name=""twitter:title"" content=""Titanium Grade 23 Supplier in India | Rubinox"" /> <meta name=""twitter:description"" content=""Rubinox supplies Titanium Grade 23 Ti-6Al-4V ELI bars, rods, sheets, plates, tubes across India, with export support, MTC documentation and fast quotations."" /> <meta name=""twitter:image"" content=""https://rubinoxmetal.com/assets/rubinox-social-preview-2026.jpg"" /> <meta name=""twitter:image:alt"" content=""Titanium Grade 23 Supplier in India | Rubinox"" /> <!-- Google Analytics --> <script async src=""https://www.googletagmanager.com/gtag/js?id=G-JT5X5L5H07",,materials,yes,yes
materials/titanium-grade-5-supplier-india.html,https://rubinoxmetal.com/materials/titanium-grade-5-supplier-india.html,Titanium Grade 5 Supplier in India,Titanium Grade 5 Supplier in India | Rubinox,"Rubinox supplies Titanium Grade 5 Ti-6Al-4V round bars, rods, sheets, plates, tubes across India, with export support, MTC documentation and fast quotations."" /> <meta name=""robots"" content=""index,follow"" /> <link rel=""canonical"" href=""https://rubinoxmetal.com/materials/titanium-grade-5-supplier-india.html"" /> <meta property=""og:locale"" content=""en_IN"" /> <meta property=""og:type"" content=""website"" /> <meta property=""og:site_name"" content=""Rubinox Metal and Alloys"" /> <meta property=""og:title"" content=""Titanium Grade 5 Supplier in India | Rubinox"" /> <meta property=""og:description"" content=""Rubinox supplies Titanium Grade 5 Ti-6Al-4V round bars, rods, sheets, plates, tubes across India, with export support, MTC documentation and fast quotations."" /> <meta property=""og:url"" content=""https://rubinoxmetal.com/materials/titanium-grade-5-supplier-india.html"" /> <meta property=""og:image"" content=""https://rubinoxmetal.com/assets/rubinox-social-preview-2026.jpg"" /> <meta property=""og:image:secure_url"" content=""https://rubinoxmetal.com/assets/rubinox-social-preview-2026.jpg"" /> <meta property=""og:image:type"" content=""image/jpeg"" /> <meta property=""og:image:width"" content=""1200"" /> <meta property=""og:image:height"" content=""630"" /> <meta property=""og:image:alt"" content=""Titanium Grade 5 Supplier in India | Rubinox"" /> <meta name=""twitter:card"" content=""summary_large_image"" /> <meta name=""twitter:site"" content=""@rubinoxmetal"" /> <meta name=""twitter:title"" content=""Titanium Grade 5 Supplier in India | Rubinox"" /> <meta name=""twitter:description"" content=""Rubinox supplies Titanium Grade 5 Ti-6Al-4V round bars, rods, sheets, plates, tubes across India, with export support, MTC documentation and fast quotations."" /> <meta name=""twitter:image"" content=""https://rubinoxmetal.com/assets/rubinox-social-preview-2026.jpg"" /> <meta name=""twitter:image:alt"" content=""Titanium Grade 5 Supplier in India | Rubinox"" /> <!-- Google Analytics --> <script async src=""https://www.googletagmanager.com/gtag/js?id=G-JT5X5L5H07",,materials,yes,yes
materials/titanium.html,https://rubinoxmetal.com/materials/titanium.html,"Titanium Grade 1, 2 &amp; Grade 5 Supplier in India","Titanium Supplier India | Grades 1, 2, 5 &amp; 23 | Rubinox","Titanium supplier for Grades 1, 2, 5 and 23 sheets, plates, pipes, tubes and bars with PAN India delivery and export support."" /> <meta name=""robots"" content=""index,follow"" /> <link rel=""canonical"" href=""https://rubinoxmetal.com/materials/titanium.html"" /> <meta property=""og:locale"" content=""en_IN"" /> <meta property=""og:type"" content=""website"" /> <meta property=""og:site_name"" content=""Rubinox Metal and Alloys"" /> <meta property=""og:title"" content=""Titanium Supplier India | Grades 1, 2, 5 &amp; 23 | Rubinox"" /> <meta property=""og:description"" content=""Titanium supplier for Grades 1, 2, 5 and 23 sheets, plates, pipes, tubes and bars with PAN India delivery and export support."" /> <meta property=""og:url"" content=""https://rubinoxmetal.com/materials/titanium.html"" /> <meta property=""og:image"" content=""https://rubinoxmetal.com/assets/rubinox-social-preview-2026.jpg"" /> <meta property=""og:image:secure_url"" content=""https://rubinoxmetal.com/assets/rubinox-social-preview-2026.jpg"" /> <meta property=""og:image:type"" content=""image/jpeg"" /> <meta property=""og:image:width"" content=""1200"" /> <meta property=""og:image:height"" content=""630"" /> <meta property=""og:image:alt"" content=""Titanium Supplier India | Grades 1, 2, 5 &amp; 23 | Rubinox"" /> <meta name=""twitter:card"" content=""summary_large_image"" /> <meta name=""twitter:site"" content=""@rubinoxmetal"" /> <meta name=""twitter:title"" content=""Titanium Supplier India | Grades 1, 2, 5 &amp; 23 | Rubinox"" /> <meta name=""twitter:description"" content=""Titanium supplier for Grades 1, 2, 5 and 23 sheets, plates, pipes, tubes and bars with PAN India delivery and export support."" /> <meta name=""twitter:image"" content=""https://rubinoxmetal.com/assets/rubinox-social-preview-2026.jpg"" /> <meta name=""twitter:image:alt"" content=""Titanium Supplier India | Grades 1, 2, 5 &amp; 23 | Rubinox"" /> <!-- Google Analytics --> <script async src=""https://www.googletagmanager.com/gtag/js?id=G-JT5X5L5H07",,materials,yes,yes
materials/welded-pipe-supplier-india.html,https://rubinoxmetal.com/materials/welded-pipe-supplier-india.html,Welded Pipe Supplier in India,Welded Pipe Supplier in India | Rubinox,"Welded Pipe Supplier in India for specification-led RFQs with grade, size, quantity, MTC, inspection, documentation and delivery details reviewed by Rubinox Metal and Alloys.",https://rubinoxmetal.com/materials/welded-pipe-supplier-india.html,materials,yes,yes
materials/zeron-100-supplier-india.html,https://rubinoxmetal.com/materials/zeron-100-supplier-india.html,Zeron 100 Supplier in India,Zeron 100 Supplier in India | UNS S32760 | Rubinox,"Zeron 100 / UNS S32760 supplier in India for project-specific super duplex pipes, plates, bars, flanges, fittings and components with RFQ and documentation support."" /> <meta name=""robots"" content=""index,follow"" /> <link rel=""canonical"" href=""https://rubinoxmetal.com/materials/zeron-100-supplier-india.html"" /> <meta property=""og:locale"" content=""en_IN"" /> <meta property=""og:type"" content=""website"" /> <meta property=""og:site_name"" content=""Rubinox Metal and Alloys"" /> <meta property=""og:title"" content=""Zeron 100 Supplier in India | UNS S32760 | Rubinox"" /> <meta property=""og:description"" content=""Zeron 100 / UNS S32760 supplier in India for project-specific super duplex pipes, plates, bars, flanges, fittings and components with RFQ and documentation support."" /> <meta property=""og:url"" content=""https://rubinoxmetal.com/materials/zeron-100-supplier-india.html"" /> <meta property=""og:image"" content=""https://rubinoxmetal.com/assets/rubinox-social-preview-2026.jpg"" /> <meta property=""og:image:secure_url"" content=""https://rubinoxmetal.com/assets/rubinox-social-preview-2026.jpg"" /> <meta property=""og:image:type"" content=""image/jpeg"" /> <meta property=""og:image:width"" content=""1200"" /> <meta property=""og:image:height"" content=""630"" /> <meta property=""og:image:alt"" content=""Zeron 100 Supplier in India | UNS S32760 | Rubinox"" /> <meta name=""twitter:card"" content=""summary_large_image"" /> <meta name=""twitter:site"" content=""@rubinoxmetal"" /> <meta name=""twitter:title"" content=""Zeron 100 Supplier in India | UNS S32760 | Rubinox"" /> <meta name=""twitter:description"" content=""Zeron 100 / UNS S32760 supplier in India for project-specific super duplex pipes, plates, bars, flanges, fittings and components with RFQ and documentation support."" /> <meta name=""twitter:image"" content=""https://rubinoxmetal.com/assets/rubinox-social-preview-2026.jpg"" /> <meta name=""twitter:image:alt"" content=""Zeron 100 Supplier in India | UNS S32760 | Rubinox"" /> <!-- Google Analytics --> <script async src=""https://www.googletagmanager.com/gtag/js?id=G-JT5X5L5H07",,materials,yes,yes
mission-vision.html,https://rubinoxmetal.com/mission-vision.html,Mission &amp; Vision,Mission &amp; Vision | Rubinox Metal and Alloys,"Read the mission, vision and values of Rubinox Metal and Alloys, a Mumbai-based stockist, supplier, importer, exporter and project supplier of stainless steel, alloys and industrial metals.",https://rubinoxmetal.com/mission-vision.html,root,yes,yes
privacy-policy.html,https://rubinoxmetal.com/privacy-policy.html,Privacy Policy,Privacy Policy | Rubinox Metal and Alloys,"Read the Privacy Policy for Rubinox Metal and Alloys, covering enquiry data, RFQ communication, website analytics, cookies, third-party links and contact information.",https://rubinoxmetal.com/privacy-policy.html,root,yes,yes
product-forms.html,https://rubinoxmetal.com/product-forms.html,Product Forms,"Product Forms | Pipes, Tubes, Plates and More | Rubinox","Browse industrial metal product forms from Rubinox Metal and Alloys, including pipes, tubes, sheets, plates, coils, flanges, fittings, fasteners, bars, rods, angles, channels, flats, circles, wire mesh and perforated sheets.",https://rubinoxmetal.com/product-forms.html,root,yes,yes
product-portfolio.html,https://rubinoxmetal.com/product-portfolio.html,Product Portfolio,"Product Portfolio | Industrial Metals, Grades and Forms | Rubinox","Explore the Rubinox Metal and Alloys product portfolio covering stainless steel, duplex, nickel alloys, titanium, SMO 254, aluminium, copper, brass, carbon steel, mild steel, high speed steel, grades and product forms.",https://rubinoxmetal.com/product-portfolio.html,root,yes,yes
quality-documentation-support.html,https://rubinoxmetal.com/quality-documentation-support.html,Quality &amp; Documentation Support,Quality &amp; Documentation Support | Rubinox Metal and Alloys,"Quality and documentation support for metal RFQs, including MTC, EN 10204 3.1/3.2, PMI, third-party inspection, packing and export documents.",https://rubinoxmetal.com/quality-documentation-support.html,root,yes,yes
quotation.html,https://rubinoxmetal.com/quotation.html,Request an Industrial Metal Quotation,Request Metal Quotation | Industrial Metals RFQ | Rubinox,"Send an RFQ to Rubinox for stainless steel, nickel alloys, duplex, titanium and industrial metals. Share grade, form, size, quantity, standard, documentation and delivery details."" /> <meta name=""robots"" content=""index,follow"" /> <link rel=""canonical"" href=""https://rubinoxmetal.com/quotation.html"" /> <link rel=""icon"" type=""image/png"" href=""/favicon.png"" /> <meta property=""og:title"" content=""Request Metal Quotation | Industrial Metals RFQ | Rubinox"" /> <meta property=""og:description"" content=""Send an RFQ to Rubinox for stainless steel, nickel alloys, duplex, titanium and industrial metals. Share grade, form, size, quantity, standard, documentation and delivery details."" /> <meta property=""og:type"" content=""website"" /> <meta property=""og:url"" content=""https://rubinoxmetal.com/quotation.html"" /> <meta property=""og:image"" content=""https://rubinoxmetal.com/assets/og-rubinox.jpg"" /> <meta name=""twitter:card"" content=""summary_large_image"" /> <meta name=""twitter:title"" content=""Request Metal Quotation | Industrial Metals RFQ | Rubinox"" /> <meta name=""twitter:description"" content=""Send an RFQ to Rubinox for stainless steel, nickel alloys, duplex, titanium and industrial metals. Share grade, form, size, quantity, standard, documentation and delivery details."" /> <meta name=""twitter:image"" content=""https://rubinoxmetal.com/assets/og-rubinox.jpg"" /> <!-- Google Analytics --> <script async src=""https://www.googletagmanager.com/gtag/js?id=G-JT5X5L5H07",,root,yes,yes
registrations-compliance.html,https://rubinoxmetal.com/registrations-compliance.html,Registrations &amp; Compliance,Registrations &amp; Compliance | Rubinox Metal and Alloys,"Rubinox Metal and Alloys can share relevant business registration and compliance details such as GST, IEC and MSME/Udyam information where required for buyer onboarding, vendor registration and export RFQs.",https://rubinoxmetal.com/registrations-compliance.html,root,yes,yes
ss-304-price-factors-india.html,https://rubinoxmetal.com/ss-304-price-factors-india.html,SS 304 Price Factors in India,SS 304 Price Factors in India | RFQ Guide | Rubinox,"SS 304 Price Factors in India explained for RFQ buyers without fixed public pricing, covering grade, form, size, quantity, documentation, testing, packing and logistics factors.",https://rubinoxmetal.com/ss-304-price-factors-india.html,root,yes,yes
ss-316l-price-factors-india.html,https://rubinoxmetal.com/ss-316l-price-factors-india.html,SS 316L Price Factors in India,SS 316L Price Factors in India | RFQ Guide | Rubinox,"SS 316L Price Factors in India explained for RFQ buyers without fixed public pricing, covering grade, form, size, quantity, documentation, testing, packing and logistics factors.",https://rubinoxmetal.com/ss-316l-price-factors-india.html,root,yes,yes
stainless-steel-pipe-price-factors-india.html,https://rubinoxmetal.com/stainless-steel-pipe-price-factors-india.html,Stainless Steel Pipe Price Factors in India,Stainless Steel Pipe Price Factors in India | RFQ Guide | Rubinox,"Stainless Steel Pipe Price Factors in India explained for RFQ buyers without fixed public pricing, covering grade, form, size, quantity, documentation, testing, packing and logistics factors.",https://rubinoxmetal.com/stainless-steel-pipe-price-factors-india.html,root,yes,yes
stainless-steel-price-factors-india.html,https://rubinoxmetal.com/stainless-steel-price-factors-india.html,Stainless Steel Price Factors in India,Stainless Steel Price Factors in India | RFQ Guide | Rubinox,"Stainless Steel Price Factors in India explained for RFQ buyers without fixed public pricing, covering grade, form, size, quantity, documentation, testing, packing and logistics factors.",https://rubinoxmetal.com/stainless-steel-price-factors-india.html,root,yes,yes
technical-resources.html,https://rubinoxmetal.com/technical-resources.html,Technical Resources &amp; Standards Charts,Technical Resources &amp; Standards Charts | Rubinox Metal and Alloys,"Technical resources for metal RFQs, including pipe schedule guidance, MTC notes, PMI testing, API 5L comparison and quotation checklist.",https://rubinoxmetal.com/technical-resources.html,root,yes,yes
terms-and-conditions.html,https://rubinoxmetal.com/terms-and-conditions.html,Terms &amp; Conditions,Terms &amp; Conditions | Rubinox Metal and Alloys,"Read the Terms &amp; Conditions for using the Rubinox Metal and Alloys website, including RFQ communication, technical content, quotation limitations, external links and buyer responsibility.",https://rubinoxmetal.com/terms-and-conditions.html,root,yes,yes
